{
 "objects": [
  {
   "obj_subpath": "bottle/bottle_056/bottle_056.blend",
   "obj_location": [
    0.3625606059967592,
    0.499559845691682
   ],
   "obj_pose": [
    [
     0.39807463362908657,
     -0.22087787478964374,
     -0.8903648295637702
    ],
    [
     0.7902404336755663,
     -0.41035951024874845,
     0.4551100448487833
    ],
    [
     -0.4658934473991394,
     -0.8847700357437134,
     0.011192911304533482
    ]
   ],
   "obj_scale": 0.641210974484713,
   "obj_color": {
    "type": "random-multi",
    "color": [
     [
      0.6492187589741139,
      0.16464859921031072,
      0.7206994430804913
     ],
     [
      0.23513259889697308,
      0.017763814404853084,
      0.8161310418971852
     ]
    ],
    "randomness": 1.1429883927536333,
    "scale": 0.8132659468615415,
    "specular": 0.6625372822712425,
    "roughness": 0.11130190002500939,
    "clever": true
   }
  },
  {
   "obj_subpath": "screwdriver/screwdriver_021/screwdriver_021.blend",
   "obj_location": [
    -0.4646406336606276,
    0.11767637356971195
   ],
   "obj_pose": [
    [
     -0.2864033574484679,
     0.9370668812833268,
     -0.19969672461792348
    ],
    [
     -0.8989437797277011,
     -0.334924243247497,
     -0.28235756991424943
    ],
    [
     -0.33147120475769043,
     0.09864797443151474,
     0.9382938742637634
    ]
   ],
   "obj_scale": 0.6410551391220023,
   "obj_color": {
    "type": "random-mono",
    "color": [
     [
      0.2525914263247363,
      0.16401450252320565,
      0.3057715873659885
     ],
     [
      0.608973506528913,
      0.41129221719346665,
      0.727658174617598
     ]
    ],
    "randomness": 0.3127760962755509,
    "scale": 2.178590258328036,
    "specular": 0.8370897305764513,
    "roughness": 0.13073142679020822,
    "clever": true
   }
  },
  {
   "obj_subpath": "Formation_Grid_Box_Cylinder/Formation_Grid_Box_Cylinder/Formation_Grid_Box_Cylinder.blend",
   "obj_location": [
    0.36231057340510553,
    -0.47069081239567356
   ],
   "obj_pose": [
    [
     0.8961170516299433,
     0.44381778893827317,
     0.0
    ],
    [
     -0.44381778893827317,
     0.8961170516299433,
     0.0
    ],
    [
     0.0,
     0.0,
     1.0
    ]
   ],
   "obj_scale": 0.6391786670151061,
   "obj_color": {
    "type": "random-mono",
    "color": [
     [
      0.8947178566130806,
      0.9360342879752072,
      0.9107546347591884
     ],
     [
      0.22785301150076165,
      0.734305782671515,
      0.4244302681752557
     ],
     [
      0.5710667600391691,
      0.746026839048113,
      0.6389766902773335
     ],
     [
      0.7129204040711532,
      0.8635987158954443,
      0.7714054807946777
     ]
    ],
    "randomness": 0.3443750546753963,
    "scale": 4.66174624398108,
    "specular": 0.8390594630299483,
    "roughness": 0.1328423758712092,
    "clever": true
   }
  }
 ],
 "camera": {
  "track_to_point": [
   [
    0.15295057244078336,
    -0.09573395482151942,
    0.0
   ],
   [
    -0.04160776123637604,
    0.1077092749736566,
    0.0
   ],
   [
    -0.012506823047260474,
    -0.0986570533229609,
    0.0
   ],
   [
    -0.03972406458172377,
    0.15117080674244393,
    0.0
   ],
   [
    0.10915546714971801,
    0.11674013713113959,
    0.0
   ],
   [
    0.04072209550150779,
    0.06023964827612489,
    0.0
   ],
   [
    0.03360996392618923,
    0.13412640120701286,
    0.0
   ],
   [
    0.13041161843722188,
    -0.053714124963773195,
    0.0
   ],
   [
    0.11593601636575666,
    -0.0009961717115095567,
    0.0
   ],
   [
    0.09425567068430062,
    0.0053870661742256645,
    0.0
   ],
   [
    0.11303483580176217,
    0.07276066258477934,
    0.0
   ],
   [
    0.12187974219174998,
    0.012288148049458401,
    0.0
   ],
   [
    0.06753888731187825,
    0.17155867661552227,
    0.0
   ],
   [
    0.09140791108747333,
    0.03699083773418086,
    0.0
   ],
   [
    0.06992486926417303,
    0.015108619959390758,
    0.0
   ],
   [
    -0.011272278175826475,
    0.18016855893971323,
    0.0
   ],
   [
    0.10013500998291418,
    0.09192459422650023,
    0.0
   ],
   [
    0.03480773983850184,
    -2.3320609972100892e-05,
    0.0
   ],
   [
    0.0992188174629975,
    -0.039197352775871684,
    0.0
   ],
   [
    -0.018979112538039092,
    0.1315256829870717,
    0.0
   ],
   [
    0.08345504550528048,
    -0.019384837665943754,
    0.0
   ],
   [
    -0.03488715817629809,
    -0.08689023041613828,
    0.0
   ],
   [
    -0.020311716543021982,
    0.1966266334006332,
    0.0
   ],
   [
    0.10938583419607296,
    0.013202685843836888,
    0.0
   ],
   [
    -0.052634705199270895,
    0.0163149502606627,
    0.0
   ]
  ],
  "positions": [
   [
    -0.2641982218023542,
    1.3087996901201076,
    0.524301565771722
   ],
   [
    -1.4707953443042672,
    0.07189339436126771,
    0.5513664049465011
   ],
   [
    -1.3722460810763157,
    0.10646565598434236,
    0.48482451398980825
   ],
   [
    -0.13062382145363577,
    -1.3540093462517124,
    0.6269611832685662
   ],
   [
    -0.1635871015738512,
    1.375351126443018,
    0.5932862435262259
   ],
   [
    1.3431179739802617,
    0.21271168150288725,
    0.5442140787939294
   ],
   [
    -1.3821857450992299,
    -0.14061112561173436,
    0.5075663618482178
   ],
   [
    -1.157079209540707,
    0.7216728801071954,
    0.5628470716577418
   ],
   [
    1.327927478457829,
    -0.04940489781847066,
    0.5722308839654928
   ],
   [
    -0.36327400943962657,
    -1.408966522788244,
    0.5939708060003195
   ],
   [
    0.5740644812139069,
    -1.3005277078650324,
    0.6335116436584165
   ],
   [
    -1.0503856926668498,
    0.8188881001477725,
    0.5543008928412614
   ],
   [
    1.4278456887544564,
    0.16289385063631637,
    0.535656085738171
   ],
   [
    0.4998098141667577,
    -1.2338749607849433,
    0.6066680682985972
   ],
   [
    -0.6137673176675704,
    -1.2193093004861102,
    0.6295252805990135
   ],
   [
    -1.2244118393084202,
    -0.581668850238902,
    0.5989836535720703
   ],
   [
    -1.2902166918832438,
    0.5097462929485947,
    0.6102710914832503
   ],
   [
    1.2641052436951095,
    -0.5063501149807254,
    0.6248497140850098
   ],
   [
    1.0756089776320494,
    0.7831330268583877,
    0.5815114395569416
   ],
   [
    -1.1585250803390703,
    -0.8115897662512259,
    0.5066774721351099
   ],
   [
    -0.03687145677254235,
    -1.480759000579345,
    0.47006959919439195
   ],
   [
    1.4403580369465874,
    -0.13918987813639228,
    0.5747930249805155
   ],
   [
    -1.0088938539435863,
    -1.0436102952232045,
    0.5643245188201583
   ],
   [
    -1.3262737799698305,
    0.5048485606189287,
    0.6200568538170235
   ],
   [
    1.3174531547048878,
    0.1365402797949309,
    0.46166566274840254
   ]
  ]
 },
 "appearance_assets": {
  "floor_pbr": "Planks014",
  "background_hdr": "aft_lounge_4k.hdr"
 },
 "environment_strength": 0.6829221895498578
}