{
 "objects": [
  {
   "obj_subpath": "horse/horse_020/horse_020.blend",
   "obj_location": [
    0.38667430516613166,
    -0.459777074688133
   ],
   "obj_pose": [
    [
     0.04097103668002851,
     0.9940821506951651,
     0.10060817713511627
    ],
    [
     0.13446787752839112,
     0.09429079490469554,
     -0.9864216545376877
    ],
    [
     -0.9900705814361572,
     0.05394328385591507,
     -0.1298089325428009
    ]
   ],
   "obj_scale": 0.6025933452734651,
   "obj_color": {
    "type": "random-multi",
    "color": [
     [
      0.2821568841321471,
      0.04108504293301962,
      0.8585671508888078
     ],
     [
      0.2653210527915648,
      0.821936289424992,
      0.8112792962874873
     ],
     [
      0.4939008418012552,
      0.6503132264931234,
      0.013148359736443349
     ]
    ],
    "randomness": 3.7280667112110146,
    "scale": 0.9366319335493647,
    "specular": 0.7729461300084365,
    "roughness": 0.250062616821277,
    "clever": true
   }
  },
  {
   "obj_subpath": "helicopter/helicopter_010/helicopter_010.blend",
   "obj_location": [
    -0.2831608384026997,
    0.07126988302709902
   ],
   "obj_pose": [
    [
     0.888811079304737,
     -0.41956970178260783,
     0.1843262397682701
    ],
    [
     0.3297408052924297,
     0.8648386217178412,
     0.37858312046861775
    ],
    [
     -0.3182544708251953,
     -0.27570897340774536,
     0.9070273637771606
    ]
   ],
   "obj_scale": 0.6976528090362636,
   "obj_color": {
    "type": "random-multi",
    "color": [
     [
      0.17628519939210807,
      0.6750181528129622,
      0.8330141488192081
     ],
     [
      0.7508360856605042,
      0.1488902235756513,
      0.7331392220383292
     ]
    ],
    "randomness": 3.473610346307061,
    "scale": 0.8867015966140942,
    "specular": 0.8942798525253706,
    "roughness": 0.27540106863275726,
    "clever": false
   }
  },
  {
   "obj_subpath": "Arch_Cube_v2_Array/Arch_Cube_v2_Array/Arch_Cube_v2_Array.blend",
   "obj_location": [
    0.3158288202984737,
    0.14813116986613029
   ],
   "obj_pose": [
    [
     -0.45239721286429874,
     -0.8918165516475989,
     0.0
    ],
    [
     0.8918165516475989,
     -0.45239721286429874,
     0.0
    ],
    [
     0.0,
     0.0,
     1.0
    ]
   ],
   "obj_scale": 0.662751706106405,
   "obj_color": {
    "type": "random-mono",
    "color": [
     [
      0.9785647364784117,
      0.9929233059404271,
      0.9820894009422917
     ],
     [
      0.8327483182772748,
      0.9316306866447397,
      0.8570214306378826
     ]
    ],
    "randomness": 0.8136501298940351,
    "scale": 2.606328916115407,
    "specular": 0.6786914493606462,
    "roughness": 0.16263637736705855,
    "clever": false
   }
  }
 ],
 "camera": {
  "track_to_point": [
   [
    0.24323099167124274,
    -0.21301106480979068,
    0.0
   ],
   [
    0.04354749807055455,
    -0.0021417745547459566,
    0.0
   ],
   [
    0.1003540365776709,
    0.02369869243814063,
    0.0
   ],
   [
    0.21981665088676905,
    0.054433578002824695,
    0.0
   ],
   [
    0.1781631186712044,
    -0.10512086428905656,
    0.0
   ],
   [
    0.2833342080170499,
    -0.19862203647236001,
    0.0
   ],
   [
    0.08308636548223443,
    0.055758163914688935,
    0.0
   ],
   [
    0.2405716909719901,
    0.03417123631570282,
    0.0
   ],
   [
    0.09893950555067478,
    0.03339964520190622,
    0.0
   ],
   [
    0.18994031848976933,
    -0.19717847679841413,
    0.0
   ],
   [
    0.19917421122440673,
    -0.15103138541424949,
    0.0
   ],
   [
    0.25055636242268337,
    -0.21761940537002378,
    0.0
   ],
   [
    0.21684563622903918,
    0.06510625707480452,
    0.0
   ],
   [
    0.10011825810348535,
    0.06533873547726674,
    0.0
   ],
   [
    0.060049920172590504,
    -0.12471798350752263,
    0.0
   ],
   [
    0.28253045332130927,
    -0.11788320820675563,
    0.0
   ],
   [
    0.03924705541646617,
    -0.206590704952617,
    0.0
   ],
   [
    0.2543801161242022,
    -0.03458297705035515,
    0.0
   ],
   [
    0.21572732483158966,
    0.014390962577344901,
    0.0
   ],
   [
    0.06635714389782289,
    -0.16401078168123334,
    0.0
   ],
   [
    0.18846197053084757,
    -0.16755000731093772,
    0.0
   ],
   [
    0.06396609643015373,
    -0.04449804249086098,
    0.0
   ],
   [
    0.008216448441617313,
    0.01910006950120574,
    0.0
   ],
   [
    0.259440693986224,
    -0.12107077048667401,
    0.0
   ],
   [
    0.2004604576905329,
    -0.07727853997311243,
    0.0
   ]
  ],
  "positions": [
   [
    1.2573960942785916,
    -0.44940566188734205,
    0.4544168101063411
   ],
   [
    -1.058468142250227,
    -0.9518849836334492,
    0.5585326632860435
   ],
   [
    -1.3577705951993957,
    -0.5364455021058869,
    0.5934053242000681
   ],
   [
    -1.0870325831360075,
    -0.7698511646981996,
    0.48206330263033553
   ],
   [
    1.4455663434581916,
    -0.2914788417674873,
    0.6138330649987238
   ],
   [
    1.2246343262482593,
    0.5788921327652304,
    0.6437319796080881
   ],
   [
    -0.78586417654691,
    -1.0861312799384355,
    0.5123965061532216
   ],
   [
    -1.1101796402534894,
    -0.8466539418842373,
    0.6039116116418091
   ],
   [
    1.2775830899416636,
    -0.5579826203594394,
    0.5803855337134051
   ],
   [
    -0.9343870519952558,
    -0.9838797134541021,
    0.49942386484099616
   ],
   [
    0.8378645502975076,
    1.191965431513182,
    0.5423421669342423
   ],
   [
    -0.5453054808337617,
    1.367285825112301,
    0.5462063071453972
   ],
   [
    0.8926877431302457,
    1.1328719183501437,
    0.49637332309914584
   ],
   [
    -0.6151418373320969,
    -1.2740026330782517,
    0.6481254582154024
   ],
   [
    -1.31637593867412,
    0.08427417238963737,
    0.5097582228954298
   ],
   [
    -1.2032521107349003,
    -0.7729168055251036,
    0.6232735426048794
   ],
   [
    0.3673983274533688,
    1.3390707998774356,
    0.5633189421848159
   ],
   [
    1.4307238440656,
    -0.07835237118618243,
    0.4918971828810068
   ],
   [
    -0.6798134709734489,
    1.3299417922615946,
    0.6158319170050036
   ],
   [
    -1.3794120744891918,
    0.45510549425879737,
    0.5290370605120673
   ],
   [
    0.8246200209997796,
    1.0342403364996209,
    0.4504345314054952
   ],
   [
    -0.09316285073566015,
    1.3622130658888016,
    0.4722958128126721
   ],
   [
    -0.37669159257506657,
    -1.413379453351363,
    0.4849406016013199
   ],
   [
    1.250707695618908,
    0.8040639242653898,
    0.5310408953567505
   ],
   [
    -1.0941863597447918,
    -0.9934356424615657,
    0.5451168082589419
   ]
  ]
 },
 "appearance_assets": {
  "floor_pbr": "WoodFloor028",
  "background_hdr": "music_hall_02_4k.hdr"
 },
 "environment_strength": 0.5381685222254179
}