{
 "objects": [
  {
   "obj_subpath": "bottle/bottle_087/bottle_087.blend",
   "obj_location": [
    0.18861809781012562,
    -0.3969271558365751
   ],
   "obj_pose": [
    [
     0.3147903176074724,
     0.5461548468474902,
     0.7762872698336544
    ],
    [
     -0.35349114258248837,
     -0.6915728849530054,
     0.6298975667221183
    ],
    [
     0.8808808326721191,
     -0.47269633412361145,
     -0.02463955245912075
    ]
   ],
   "obj_scale": 0.6092229919986791,
   "obj_color": {
    "type": "random-multi",
    "color": [
     [
      0.40138063941142155,
      0.9959752552258598,
      0.0036724321017118644
     ],
     [
      0.048872810818260226,
      0.7690098851640633,
      0.21557629637688314
     ],
     [
      0.07126045014680493,
      0.7406805107311,
      0.5929574930586253
     ],
     [
      0.33224977885549667,
      0.10732701730028726,
      0.6274545703957336
     ]
    ],
    "randomness": 2.0996545996803895,
    "scale": 1.4677666076426288,
    "specular": 0.7093751525786741,
    "roughness": 0.2183387954053384,
    "clever": false
   }
  },
  {
   "obj_subpath": "candy/candy_029/candy_029.blend",
   "obj_location": [
    -0.35312801714131403,
    0.1468949430805364
   ],
   "obj_pose": [
    [
     -0.1567669352316662,
     0.9875261027802316,
     -0.014708406632169865
    ],
    [
     -0.9876356174426775,
     -0.1567494837884041,
     0.0023392950638160665
    ],
    [
     4.579643700708402e-06,
     0.014893271028995514,
     0.999889075756073
    ]
   ],
   "obj_scale": 0.6224755805393265,
   "obj_color": {
    "type": "random-mono",
    "color": [
     [
      0.1829082682232357,
      0.6669672016423966,
      0.28849577094543083
     ],
     [
      0.19865204165149958,
      0.3977572493173294,
      0.24208274854481618
     ],
     [
      0.5250161589549467,
      0.802136962895343,
      0.585464363957076
     ],
     [
      0.4014037652747059,
      0.6078029118516989,
      0.4464254949577436
     ]
    ],
    "randomness": 0.7063013835641921,
    "scale": 3.20868685497439,
    "specular": 0.7034221545277646,
    "roughness": 0.22435359638631752,
    "clever": false
   }
  },
  {
   "obj_subpath": "Fragment_Icosphere/Fragment_Icosphere/Fragment_Icosphere.blend",
   "obj_location": [
    0.2919995814020617,
    0.38384649649323355
   ],
   "obj_pose": [
    [
     -0.04655336991718372,
     -0.9989158041343393,
     0.0
    ],
    [
     0.9989158041343393,
     -0.04655336991718372,
     0.0
    ],
    [
     0.0,
     0.0,
     1.0
    ]
   ],
   "obj_scale": 0.6575460475145276,
   "obj_color": {
    "type": "random-mono",
    "color": [
     [
      0.9757989458657679,
      0.9630336145176714,
      0.9387687767592896
     ],
     [
      0.8016931911195659,
      0.6237365320237477,
      0.2854696008149753
     ],
     [
      0.042010919651614895,
      0.03213822796085648,
      0.013371832041920786
     ],
     [
      0.328927934616108,
      0.2618969190597474,
      0.13448176054157762
     ]
    ],
    "randomness": 0.577461367814643,
    "scale": 2.8721026008854063,
    "specular": 0.8809768753530348,
    "roughness": 0.12808625584106287,
    "clever": false
   }
  }
 ],
 "camera": {
  "track_to_point": [
   [
    -0.0725105695269527,
    0.1001737611467515,
    0.0
   ],
   [
    0.043830837156710246,
    0.035125878158450384,
    0.0
   ],
   [
    0.03312046709376829,
    -0.011091981461109172,
    0.0
   ],
   [
    0.18828445547248596,
    0.02731156816138363,
    0.0
   ],
   [
    0.1538325603163611,
    -0.0963933110266863,
    0.0
   ],
   [
    0.10256935981490786,
    -0.059974822839514184,
    0.0
   ],
   [
    -0.026308076262252893,
    -0.07973791512757511,
    0.0
   ],
   [
    0.04532086580932427,
    -0.026418679523630077,
    0.0
   ],
   [
    -0.05717682151905502,
    0.017019005356365823,
    0.0
   ],
   [
    0.057685772442503815,
    0.02957290685320687,
    0.0
   ],
   [
    0.03540974626545288,
    0.07440226085709106,
    0.0
   ],
   [
    -0.04076919563615298,
    0.07888617519167027,
    0.0
   ],
   [
    0.17687065469770308,
    0.14521136233564452,
    0.0
   ],
   [
    -0.030020238161970463,
    0.030563548179897003,
    0.0
   ],
   [
    0.1180929753018983,
    -0.08800289681772738,
    0.0
   ],
   [
    0.19053656159486065,
    -0.048030889423491104,
    0.0
   ],
   [
    0.07643730422454553,
    0.17992500720605326,
    0.0
   ],
   [
    0.0844454822703195,
    0.12338611087658721,
    0.0
   ],
   [
    -0.10658671583549717,
    0.09339514339959606,
    0.0
   ],
   [
    0.09394360925497311,
    0.10091380703621691,
    0.0
   ],
   [
    -0.07074604381973881,
    -0.03348311455381318,
    0.0
   ],
   [
    -0.09983022228509605,
    0.008404847183517826,
    0.0
   ],
   [
    -0.0301990673830475,
    0.16334369413152655,
    0.0
   ],
   [
    0.031152748984041946,
    -0.05259339123292652,
    0.0
   ],
   [
    0.014826982783983263,
    0.024120822598701484,
    0.0
   ]
  ],
  "positions": [
   [
    0.48004138290561693,
    -1.2872925424932342,
    0.5229201691086787
   ],
   [
    0.39086010576069385,
    -1.253414285807669,
    0.45596438635882997
   ],
   [
    -0.2753224750378465,
    -1.3354719356707374,
    0.6063762860844902
   ],
   [
    1.1459753538979127,
    0.6598551343691416,
    0.5533468992935586
   ],
   [
    -0.481136167472023,
    -1.42024075943707,
    0.47131589589642137
   ],
   [
    -1.3597273316271472,
    0.371118890729612,
    0.6348788590193194
   ],
   [
    1.425101932657888,
    -0.4386953139687863,
    0.5068374764660902
   ],
   [
    -0.5710621396999959,
    1.202229446283306,
    0.491407624244103
   ],
   [
    1.4679760524402812,
    -0.2996881454031729,
    0.5362592104275388
   ],
   [
    -1.4129820620518354,
    -0.199414478981261,
    0.6008613473424418
   ],
   [
    0.248838356675694,
    -1.3192276063905768,
    0.46815009662344803
   ],
   [
    1.2456528637408013,
    -0.49866033878309624,
    0.6024376528950469
   ],
   [
    0.22245220813830527,
    1.3520006510142253,
    0.5230014250122723
   ],
   [
    0.1653578140402564,
    -1.3060059839912148,
    0.5075496319208274
   ],
   [
    1.1678266138934945,
    0.6460179901818031,
    0.611782887642713
   ],
   [
    -0.32312603107638405,
    1.2957006745696569,
    0.45854858401028176
   ],
   [
    -0.3352873101289868,
    -1.4145282848310423,
    0.6481769510867724
   ],
   [
    1.249171662798597,
    -0.8232534805013506,
    0.5697059659956545
   ],
   [
    1.0597471987805742,
    -0.8584416794859376,
    0.557318638782377
   ],
   [
    0.7912864945277908,
    1.2005490413765505,
    0.6069214869702365
   ],
   [
    0.9907152799035294,
    -0.9344242506383382,
    0.48556868681387516
   ],
   [
    0.11170738048023156,
    -1.335633631587667,
    0.4934090060773313
   ],
   [
    -0.8833050258627348,
    0.9946533099664323,
    0.5250401422690183
   ],
   [
    1.2394459515463554,
    -0.39496111744575874,
    0.5478825862114132
   ],
   [
    0.7481277402384617,
    -1.0805603985048644,
    0.5531942065297908
   ]
  ]
 },
 "appearance_assets": {
  "floor_pbr": "Fabric028",
  "background_hdr": "st_fagans_interior_4k.hdr"
 },
 "environment_strength": 0.5153941511644305
}