{
 "objects": [
  {
   "obj_subpath": "shoe/shoe_023/shoe_023.blend",
   "obj_location": [
    -0.015256109079720193,
    0.303591551576171
   ],
   "obj_pose": [
    [
     -0.03183663429100447,
     0.9994368251919924,
     -0.010607127835494931
    ],
    [
     -0.9994090703389957,
     -0.031694578895522345,
     0.013301891861957177
    ],
    [
     0.012958211824297905,
     0.011024347506463528,
     0.9998552799224854
    ]
   ],
   "obj_scale": 0.6867677274738836,
   "obj_color": {
    "type": "random-mono",
    "color": [
     [
      0.5756157893177166,
      0.567639248010025,
      0.7444421449192788
     ],
     [
      0.3132452306690179,
      0.29808856220964275,
      0.6340415508222152
     ],
     [
      0.6439367550203258,
      0.6359391460279167,
      0.8132090157196747
     ]
    ],
    "randomness": 0.5929451858010114,
    "scale": 4.464888188971849,
    "specular": 0.8684443000298971,
    "roughness": 0.2360388070402307,
    "clever": true
   }
  },
  {
   "obj_subpath": "bowl/bowl_013/bowl_013.blend",
   "obj_location": [
    -0.27298244485282197,
    -0.2937276476480978
   ],
   "obj_pose": [
    [
     0.958680120635762,
     -0.28305089434553976,
     0.02854082193990494
    ],
    [
     0.2820698755985959,
     0.9326939432116158,
     -0.22476350673237142
    ],
    [
     0.0369996577501297,
     0.22352682054042816,
     0.9739952683448792
    ]
   ],
   "obj_scale": 0.6537735938838606,
   "obj_color": {
    "type": "random-multi",
    "color": [
     [
      0.8127282840664333,
      0.018630555027328133,
      0.3337885947540063
     ],
     [
      0.5567905432802338,
      0.07116218132700236,
      0.07673593012824186
     ],
     [
      0.24626336788803008,
      0.6792193699434764,
      0.0439466522337707
     ]
    ],
    "randomness": 3.161390874365615,
    "scale": 0.7357824055377502,
    "specular": 0.7340926691643119,
    "roughness": 0.27743194911328695,
    "clever": true
   }
  },
  {
   "obj_subpath": "Cylinder_Hole_Stacked/Cylinder_Hole_Stacked/Cylinder_Hole_Stacked.blend",
   "obj_location": [
    0.4114859692656532,
    -0.34686172090810463
   ],
   "obj_pose": [
    [
     -0.27695211135424375,
     -0.9608837224224513,
     0.0
    ],
    [
     0.9608837224224513,
     -0.27695211135424375,
     0.0
    ],
    [
     0.0,
     0.0,
     1.0
    ]
   ],
   "obj_scale": 0.6481243917621787,
   "obj_color": {
    "type": "random-mono",
    "color": [
     [
      0.34362079447670446,
      0.3463990746996839,
      0.21096171456293433
     ],
     [
      0.8943214280473579,
      0.8993728054167179,
      0.6531250690285785
     ]
    ],
    "randomness": 0.6468605121196491,
    "scale": 3.1730753714997304,
    "specular": 0.6931094907512533,
    "roughness": 0.2592553538214556,
    "clever": false
   }
  }
 ],
 "camera": {
  "track_to_point": [
   [
    -0.017423807592615838,
    -0.12351233424521879,
    0.0
   ],
   [
    0.17902436438158292,
    -0.16752091722583562,
    0.0
   ],
   [
    0.18380765020511414,
    -0.1340494905145666,
    0.0
   ],
   [
    -0.09916120436262046,
    -0.16109738851957808,
    0.0
   ],
   [
    0.06653217886513627,
    -0.1158565433381469,
    0.0
   ],
   [
    0.05461144043524472,
    -0.10637433781467653,
    0.0
   ],
   [
    0.18715763482484776,
    -0.14250458804184443,
    0.0
   ],
   [
    0.15368447056517454,
    0.03481784725709866,
    0.0
   ],
   [
    0.12484350692843144,
    -0.1844599788093666,
    0.0
   ],
   [
    -0.08893017713495027,
    -0.16455509736776958,
    0.0
   ],
   [
    -0.07054919400528495,
    -0.23917852052102265,
    0.0
   ],
   [
    0.03157331557904439,
    -0.22725137337063245,
    0.0
   ],
   [
    0.1752059419408864,
    -0.1423844472444013,
    0.0
   ],
   [
    -0.10735947162364526,
    -0.0022808375988608576,
    0.0
   ],
   [
    0.08820373892054814,
    -0.12682392675966148,
    0.0
   ],
   [
    0.12815814495399197,
    -0.020622278213222017,
    0.0
   ],
   [
    -0.07458473765009424,
    -0.1824747386600895,
    0.0
   ],
   [
    0.026855527249779583,
    -0.2158804250322799,
    0.0
   ],
   [
    -0.05764126128248139,
    -0.057957197179850206,
    0.0
   ],
   [
    0.11104247500323164,
    -0.02388430031693417,
    0.0
   ],
   [
    -0.06309884393817339,
    -0.03412551116050308,
    0.0
   ],
   [
    -0.10017304077241279,
    -0.08585598412577153,
    0.0
   ],
   [
    0.11505451957516574,
    -0.1637956162189756,
    0.0
   ],
   [
    -0.06537102359924024,
    -0.14501528199831268,
    0.0
   ],
   [
    -0.008325883104544858,
    -0.19696755136739935,
    0.0
   ]
  ],
  "positions": [
   [
    1.0167742007196472,
    0.9848414725415663,
    0.6307115129133415
   ],
   [
    0.8414363263614834,
    1.16441097794924,
    0.5118958743862304
   ],
   [
    -0.963938523434196,
    0.8813052202773812,
    0.5375525751362868
   ],
   [
    -0.2931671811682479,
    1.42771763920187,
    0.4597668544664975
   ],
   [
    1.278320343205608,
    -0.6987518827747818,
    0.5721049625766352
   ],
   [
    1.4006667486368314,
    0.28570392014633456,
    0.6441224128333441
   ],
   [
    0.7231024552415615,
    -1.2798148205103406,
    0.528470513370096
   ],
   [
    0.5779567334334482,
    -1.3836121042752296,
    0.47831273923690426
   ],
   [
    0.7225055680598266,
    -1.3009705561635903,
    0.5888414693982246
   ],
   [
    1.356183897537095,
    -0.44062735334217157,
    0.45061746955609433
   ],
   [
    -1.1243531718270119,
    0.8944059046492007,
    0.5237579157707758
   ],
   [
    1.0793486993459303,
    -0.9895679717219532,
    0.5472198875893042
   ],
   [
    -1.100710994808656,
    -0.9588764073107123,
    0.5190361242707422
   ],
   [
    0.039514378822728305,
    1.4518701604302555,
    0.47626033455205047
   ],
   [
    0.3722548099976962,
    1.3552740296109396,
    0.4704745982373401
   ],
   [
    1.0268886661659578,
    -1.0314196534393945,
    0.6021233909235144
   ],
   [
    1.2413397888041087,
    -0.6385106592707009,
    0.5506073703575568
   ],
   [
    1.1716527703711428,
    0.7300523744668461,
    0.6474067982902176
   ],
   [
    0.7585093382155963,
    1.0901608656708743,
    0.549135510234368
   ],
   [
    0.43552142519876047,
    1.395101395336013,
    0.6251874812020869
   ],
   [
    1.1311137025039013,
    -0.8354948806609462,
    0.480337933920572
   ],
   [
    1.3665352748829669,
    0.48405462917580866,
    0.5618130211757404
   ],
   [
    0.7255972249582272,
    1.0968725699118849,
    0.4796723967959083
   ],
   [
    1.4459742466144054,
    0.33079199185897,
    0.6437212033834738
   ],
   [
    -1.2052121080264668,
    0.7978026856518634,
    0.5884245921400364
   ]
  ]
 },
 "appearance_assets": {
  "floor_pbr": "Carpet009",
  "background_hdr": "lebombo_4k.hdr"
 },
 "environment_strength": 0.5966163786302108
}