{
 "objects": [
  {
   "obj_subpath": "frog/frog_032/frog_032.blend",
   "obj_location": [
    0.2859978416431008,
    -0.08084063649588136
   ],
   "obj_pose": [
    [
     -0.006439831243242971,
     -0.9988327698876394,
     0.04787130146365893
    ],
    [
     0.999979275524883,
     -0.006432482858380367,
     0.0003075519021069735
    ],
    [
     7.384184073089273e-07,
     0.04787229001522064,
     0.9988534450531006
    ]
   ],
   "obj_scale": 0.6597894606088472,
   "obj_color": {
    "type": "random-multi",
    "color": [
     [
      0.6600479306829189,
      0.05425063960088716,
      0.07817398344618527
     ],
     [
      0.9782996906114355,
      0.07255768867729351,
      0.46064981166982527
     ],
     [
      0.6335336205028543,
      0.1198043785914451,
      0.9417073970881629
     ],
     [
      0.013165963715911722,
      0.27861553859453214,
      0.812152165339741
     ]
    ],
    "randomness": 3.3489186507898863,
    "scale": 1.1253377924733248,
    "specular": 0.8493004950040257,
    "roughness": 0.224733765972585,
    "clever": true
   }
  },
  {
   "obj_subpath": "candy/candy_026/candy_026.blend",
   "obj_location": [
    -0.18484594852788994,
    0.45670104141640344
   ],
   "obj_pose": [
    [
     -0.9001640331588979,
     0.36651384130870546,
     0.23531334918021643
    ],
    [
     0.17269381945466067,
     -0.19564564331476467,
     0.965349472103626
    ],
    [
     0.3998519778251648,
     0.9096100330352783,
     0.11281849443912506
    ]
   ],
   "obj_scale": 0.6509419346232632,
   "obj_color": {
    "type": "random-mono",
    "color": [
     [
      0.07001616501033942,
      0.20209446301719847,
      0.06572708211736977
     ],
     [
      0.2500139801338409,
      0.4690168309749144,
      0.2429021275794928
     ],
     [
      0.6213425947292104,
      0.8043832590208753,
      0.615398570663346
     ]
    ],
    "randomness": 0.30408816537470773,
    "scale": 4.964470912076365,
    "specular": 0.7802385799688777,
    "roughness": 0.17940694555961473,
    "clever": false
   }
  },
  {
   "obj_subpath": "Torus_Knot_Petier/Torus_Knot_Petier/Torus_Knot_Petier.blend",
   "obj_location": [
    -0.3404465401820729,
    -0.14099251613482877
   ],
   "obj_pose": [
    [
     0.8399979294188076,
     0.5425896041872863,
     0.0
    ],
    [
     -0.5425896041872863,
     0.8399979294188076,
     0.0
    ],
    [
     0.0,
     0.0,
     1.0
    ]
   ],
   "obj_scale": 0.6529628864121857,
   "obj_color": {
    "type": "random-mono",
    "color": [
     [
      0.19011020122817313,
      0.14161954211574712,
      0.2634752621510683
     ],
     [
      0.06636557723635117,
      0.03694941264214463,
      0.11087144181056247
     ],
     [
      0.3606503349764799,
      0.26306983254743876,
      0.5082870063814846
     ]
    ],
    "randomness": 0.43032601359979883,
    "scale": 4.135732948931086,
    "specular": 0.6762090778972586,
    "roughness": 0.1021994277810414,
    "clever": true
   }
  }
 ],
 "camera": {
  "track_to_point": [
   [
    -0.16157444926722514,
    0.045721472883691966,
    0.0
   ],
   [
    -0.05995029928073413,
    -0.028192257328050543,
    0.0
   ],
   [
    0.045475379916832356,
    0.18295765525289875,
    0.0
   ],
   [
    -0.07292188634711268,
    0.07292238008860978,
    0.0
   ],
   [
    -0.038240695534716665,
    0.05611842666942733,
    0.0
   ],
   [
    -0.1539863629186481,
    0.17958332450899772,
    0.0
   ],
   [
    0.04651022954639743,
    0.04109660270439147,
    0.0
   ],
   [
    -0.03973515352389108,
    0.21081695382588672,
    0.0
   ],
   [
    -0.025513003558216937,
    0.059982435651117036,
    0.0
   ],
   [
    -0.08675323674317921,
    0.18246726533851398,
    0.0
   ],
   [
    -0.20247310904953708,
    0.10409029912418195,
    0.0
   ],
   [
    0.03204281973177729,
    0.18889453327283195,
    0.0
   ],
   [
    -0.040030478834107194,
    0.2205230326659835,
    0.0
   ],
   [
    -0.15605624588053868,
    0.14322743082149053,
    0.0
   ],
   [
    -0.2218381782799973,
    0.1417420678300635,
    0.0
   ],
   [
    -0.06447215893653156,
    0.12131046246347794,
    0.0
   ],
   [
    0.035591759383093044,
    0.157749915925936,
    0.0
   ],
   [
    -0.17135834160443658,
    0.06022283681469286,
    0.0
   ],
   [
    0.044242852535018126,
    0.22273881289711156,
    0.0
   ],
   [
    0.025354367371411543,
    0.10922536266051112,
    0.0
   ],
   [
    -0.2028500396994737,
    0.1459210879207784,
    0.0
   ],
   [
    -0.21400717531167107,
    -0.0004451108361734901,
    0.0
   ],
   [
    -0.08642886185586036,
    -0.054135395964533,
    0.0
   ],
   [
    0.03788191529159905,
    0.05940660842905783,
    0.0
   ],
   [
    -0.01587495095463222,
    -0.06310305985397911,
    0.0
   ]
  ],
  "positions": [
   [
    0.013643787821012207,
    -1.3938832901925375,
    0.47611759609648696
   ],
   [
    -0.9262964354218551,
    -0.9493032932750844,
    0.6424105407491727
   ],
   [
    1.3752469719184337,
    -0.1828885396689131,
    0.6188414353636468
   ],
   [
    -0.2976011417359436,
    -1.2965209852133173,
    0.4875971228268865
   ],
   [
    -1.2315831366144696,
    0.5210795862850357,
    0.5750256319314657
   ],
   [
    0.7605008563708722,
    1.1052281839381746,
    0.45616755334605
   ],
   [
    1.26508929480643,
    -0.32611579565188115,
    0.5816263955739105
   ],
   [
    0.8623058232918883,
    -1.0079296946120317,
    0.6255859766806444
   ],
   [
    1.1467796849304959,
    -0.6574230074879247,
    0.5904273052057232
   ],
   [
    0.09571962343804731,
    1.3766053448488913,
    0.5192471264803062
   ],
   [
    -0.828333701890642,
    -1.0261058590962822,
    0.6198049967921362
   ],
   [
    -0.6928498188476173,
    -1.3079120603186105,
    0.4629322107467935
   ],
   [
    0.10176382680622394,
    1.3289988062062137,
    0.5680985836415531
   ],
   [
    -1.1990452031365477,
    -0.5652200382740392,
    0.5486531809259249
   ],
   [
    -0.1316370025944851,
    1.3188754452343843,
    0.6319246556917171
   ],
   [
    -0.7259425701044115,
    1.1542295550553239,
    0.627896859424331
   ],
   [
    -1.3261236930475293,
    0.12161389997876874,
    0.48919415328763594
   ],
   [
    -0.29157452881494333,
    1.4598701783951495,
    0.5641536953856544
   ],
   [
    -1.1924216058254355,
    -0.9076504556687552,
    0.5678816180462851
   ],
   [
    1.3013723363191552,
    -0.026231450613028163,
    0.5854936626855898
   ],
   [
    -0.43392224557626036,
    -1.4039533930518215,
    0.5666201940285034
   ],
   [
    0.51428548696667,
    1.3678656017082056,
    0.4947129250645892
   ],
   [
    -0.15907701439567756,
    -1.3697403229500593,
    0.5317504647024633
   ],
   [
    1.405928412617417,
    0.44718434948575986,
    0.6481445979934406
   ],
   [
    -0.32679919341798364,
    1.4214818133246823,
    0.5353778206592663
   ]
  ]
 },
 "appearance_assets": {
  "floor_pbr": "Carpet013",
  "background_hdr": "kiara_interior_4k.hdr"
 },
 "environment_strength": 0.7645648871418361
}