{
 "objects": [
  {
   "obj_subpath": "deer_moose/deer_moose_043/deer_moose_043.blend",
   "obj_location": [
    0.3914996373778863,
    0.36291935655842056
   ],
   "obj_pose": [
    [
     0.8417880919599565,
     0.539808107591469,
     -1.1630456152713609e-06
    ],
    [
     -0.539808107591469,
     0.8417880919599565,
     5.47839071341298e-07
    ],
    [
     1.2747659638989717e-06,
     1.6665703128637688e-07,
     1.0
    ]
   ],
   "obj_scale": 0.6404870964481889,
   "obj_color": {
    "type": "random-mono",
    "color": [
     [
      0.22512458654934708,
      0.4910154537859491,
      0.6158224553719523
     ],
     [
      0.8422617256218421,
      0.8927370971898884,
      0.9164298243783762
     ],
     [
      0.7222138843381103,
      0.8284875597399963,
      0.8783715550508655
     ]
    ],
    "randomness": 0.9307197035925542,
    "scale": 4.913031648506923,
    "specular": 0.6599959742715364,
    "roughness": 0.16035634453351677,
    "clever": false
   }
  },
  {
   "obj_subpath": "dragon/dragon_011/dragon_011.blend",
   "obj_location": [
    0.475562192278949,
    -0.24577285429335927
   ],
   "obj_pose": [
    [
     -0.10255391828969126,
     0.9929123103975488,
     -0.06006493118543921
    ],
    [
     0.1791627291567752,
     -0.04095826846102104,
     -0.9829665039353365
    ],
    [
     -0.9784597158432007,
     -0.11156845837831497,
     -0.17369244992733002
    ]
   ],
   "obj_scale": 0.6811653449422528,
   "obj_color": {
    "type": "random-multi",
    "color": [
     [
      0.01598558730630717,
      0.8138425283173698,
      0.3330842028491285
     ],
     [
      0.6386377606277771,
      0.172203441088337,
      0.028466978265107912
     ],
     [
      0.1399237628499428,
      0.8737472607599539,
      0.29550573887211895
     ],
     [
      0.10200006643502058,
      0.3154206146523641,
      0.6084868678976078
     ]
    ],
    "randomness": 3.6852667703113835,
    "scale": 1.395260046901115,
    "specular": 0.854255860104195,
    "roughness": 0.20744590006794605,
    "clever": false
   }
  },
  {
   "obj_subpath": "Wireframe_Icosphere/Wireframe_Icosphere/Wireframe_Icosphere.blend",
   "obj_location": [
    -0.42952956202209813,
    0.05292757846502549
   ],
   "obj_pose": [
    [
     -0.8308509532232643,
     0.5564950076397749,
     0.0
    ],
    [
     -0.5564950076397749,
     -0.8308509532232643,
     0.0
    ],
    [
     0.0,
     0.0,
     1.0
    ]
   ],
   "obj_scale": 0.6352752171650558,
   "obj_color": {
    "type": "random-mono",
    "color": [
     [
      0.21331491981073647,
      0.13826778667952838,
      0.3472607376669434
     ],
     [
      0.5432126232469454,
      0.43057110322041814,
      0.7442577517549293
     ],
     [
      0.9445444222253383,
      0.9288570962380835,
      0.9725435158838003
     ],
     [
      0.5261065713201549,
      0.4505702795471511,
      0.6609254505659583
     ]
    ],
    "randomness": 0.008885834135089365,
    "scale": 2.2158613162038208,
    "specular": 0.7429703844297231,
    "roughness": 0.29723792074227856,
    "clever": true
   }
  }
 ],
 "camera": {
  "track_to_point": [
   [
    0.23204343800506386,
    0.19878127054686817,
    0.0
   ],
   [
    0.0875542711240239,
    0.12600647465793566,
    0.0
   ],
   [
    0.1300633363936041,
    -0.06207562932526602,
    0.0
   ],
   [
    0.16484005636334878,
    0.0417174456913443,
    0.0
   ],
   [
    0.2621767466111493,
    0.008371527657553772,
    0.0
   ],
   [
    0.06689472666996801,
    0.04179186696819822,
    0.0
   ],
   [
    0.00320507476149387,
    0.011765662154352381,
    0.0
   ],
   [
    0.09854707880613553,
    -0.04899538943381739,
    0.0
   ],
   [
    -0.0007174526704952222,
    0.1246594828357668,
    0.0
   ],
   [
    0.2555867980620356,
    -0.03997876286901334,
    0.0
   ],
   [
    0.1096587878850433,
    -0.046441836837863425,
    0.0
   ],
   [
    0.14597568972201075,
    -0.07996394133417403,
    0.0
   ],
   [
    0.24166523945721424,
    0.0949178457398411,
    0.0
   ],
   [
    0.290996066450246,
    0.058486764809684476,
    0.0
   ],
   [
    0.22612506335476293,
    -0.05437682210001663,
    0.0
   ],
   [
    0.13256499284354076,
    0.11452834237872381,
    0.0
   ],
   [
    0.19743207871295834,
    -0.07793135902327844,
    0.0
   ],
   [
    0.1381829051542034,
    -0.061169203420487935,
    0.0
   ],
   [
    0.16574966079340245,
    -0.0035101311568938517,
    0.0
   ],
   [
    0.2746348849193579,
    0.08785920061412339,
    0.0
   ],
   [
    0.13811146049395218,
    0.046017529445455556,
    0.0
   ],
   [
    0.1265710011101854,
    -0.03661551479605931,
    0.0
   ],
   [
    0.016507889215952004,
    -0.05496956288503988,
    0.0
   ],
   [
    0.016235709720123254,
    0.10795876181444122,
    0.0
   ],
   [
    0.006795607709406903,
    -0.03526138003794186,
    0.0
   ]
  ],
  "positions": [
   [
    -0.5682022521558441,
    1.272358372120121,
    0.506454113478457
   ],
   [
    0.09176753806558974,
    -1.4000274591769561,
    0.49035517109570265
   ],
   [
    -0.7954396292853614,
    -1.1197991662847098,
    0.5318887048154876
   ],
   [
    -0.7231335352573776,
    -1.1397800035352528,
    0.45043896097369274
   ],
   [
    0.369066170025849,
    -1.3704138436237825,
    0.5325377205143573
   ],
   [
    -0.6030034919524913,
    -1.339616420321417,
    0.5601836599132253
   ],
   [
    0.6780534205933817,
    1.1954717579006666,
    0.5740001098670362
   ],
   [
    -1.3834041035217384,
    -0.3201240875637558,
    0.5623914499112772
   ],
   [
    0.6568585952434987,
    1.2789354008970362,
    0.5348138493760072
   ],
   [
    -0.8963650023788282,
    1.1373277419293446,
    0.6238501222844401
   ],
   [
    -0.7255223489957071,
    -1.2862581856182687,
    0.4834428203947144
   ],
   [
    -0.02395887500777874,
    -1.4653503118316094,
    0.5873795267031369
   ],
   [
    -0.6210901388694414,
    1.1451952559044618,
    0.484323002587808
   ],
   [
    1.1117901573252542,
    0.8609187569777661,
    0.6426379541552039
   ],
   [
    -1.033532468222728,
    1.0124857536006258,
    0.5976089456395244
   ],
   [
    0.216301600834021,
    1.389650446132154,
    0.5032518723825812
   ],
   [
    -0.49822788779926,
    1.4048470845952101,
    0.5118345464819452
   ],
   [
    1.0775546088086247,
    -0.9247034239224418,
    0.6047198373979243
   ],
   [
    -1.2688733224409814,
    0.49480455104951393,
    0.625639166202388
   ],
   [
    1.0302298394748635,
    0.8280440718765124,
    0.452539535509111
   ],
   [
    -0.34694197467228266,
    -1.437367464275356,
    0.5820566112484779
   ],
   [
    -0.7965458038229994,
    1.2654181063542786,
    0.6486380383494026
   ],
   [
    0.06264194887266882,
    -1.4398958700658493,
    0.49408745797524084
   ],
   [
    -0.42050484833495416,
    1.42623618248744,
    0.6045427252235583
   ],
   [
    -0.21889163556345126,
    -1.4126161028108928,
    0.630533260238539
   ]
  ]
 },
 "appearance_assets": {
  "floor_pbr": "Planks011",
  "background_hdr": "spiaggia_di_mondello_4k.hdr"
 },
 "environment_strength": 0.4476648010140761
}