{
 "objects": [
  {
   "obj_subpath": "chair/chair_110/chair_110.blend",
   "obj_location": [
    -0.004509223057914125,
    0.14456792824565878
   ],
   "obj_pose": [
    [
     0.0020347738774586406,
     -0.9999979363717294,
     -1.0084159871231676e-07
    ],
    [
     0.9999979363717294,
     0.0020347738774586467,
     2.003019129678083e-07
    ],
    [
     -2.000963092996244e-07,
     -1.0124895766239206e-07,
     1.0
    ]
   ],
   "obj_scale": 0.6702521188998296,
   "obj_color": {
    "type": "random-multi",
    "color": [
     [
      0.893606174679639,
      0.467822898060356,
      0.12861853713628235
     ],
     [
      0.25029802321444716,
      0.846468122008355,
      0.32293831096921466
     ]
    ],
    "randomness": 0.6988005229882605,
    "scale": 1.4964027771038633,
    "specular": 0.7014066781064363,
    "roughness": 0.18823171931297372,
    "clever": false
   }
  },
  {
   "obj_subpath": "keyboard/keyboard_004/keyboard_004.blend",
   "obj_location": [
    -0.49384986977851375,
    -0.2394715912550882
   ],
   "obj_pose": [
    [
     0.745416466770187,
     -0.6665990688206573,
     -9.642935650808161e-06
    ],
    [
     0.6665990688206572,
     0.745416466770187,
     1.078754479092625e-05
    ],
    [
     -2.9644007248919024e-09,
     -1.4469184861809481e-05,
     1.0
    ]
   ],
   "obj_scale": 0.6776161912967782,
   "obj_color": {
    "type": "random-mono",
    "color": [
     [
      0.4450617460908912,
      0.2072800073391068,
      0.40751356130264144
     ],
     [
      0.8381771199211558,
      0.6001130958976992,
      0.8005843593820541
     ],
     [
      0.9765453237420401,
      0.9301262395401932,
      0.9692152724081498
     ],
     [
      0.3532896529961768,
      0.2197658667484162,
      0.33220487236509877
     ]
    ],
    "randomness": 0.37935435940808215,
    "scale": 4.4864794664937415,
    "specular": 0.8005953065369301,
    "roughness": 0.18777303095001951,
    "clever": false
   }
  },
  {
   "obj_subpath": "Ringed_Cylinder/Ringed_Cylinder/Ringed_Cylinder.blend",
   "obj_location": [
    0.35181873107285144,
    -0.40587484269388596
   ],
   "obj_pose": [
    [
     0.2864020824273736,
     -0.9581095173210962,
     0.0
    ],
    [
     0.9581095173210962,
     0.2864020824273736,
     0.0
    ],
    [
     0.0,
     0.0,
     1.0
    ]
   ],
   "obj_scale": 0.6254453014526343,
   "obj_color": {
    "type": "random-mono",
    "color": [
     [
      0.4658965810736342,
      0.7168136233715446,
      0.7441211287150591
     ],
     [
      0.7434157872434026,
      0.8760027959197951,
      0.8904323476742451
     ]
    ],
    "randomness": 0.9152850671170136,
    "scale": 2.820821596484895,
    "specular": 0.7257558812041784,
    "roughness": 0.1842481149333901,
    "clever": false
   }
  }
 ],
 "camera": {
  "track_to_point": [
   [
    -0.13351950034484905,
    -0.2826548792468818,
    0.0
   ],
   [
    -0.18569025864724767,
    -0.11894241411724035,
    0.0
   ],
   [
    -0.1622334760153213,
    -0.13268785197254543,
    0.0
   ],
   [
    -0.15382671596865513,
    -0.1815280501619065,
    0.0
   ],
   [
    -0.09079279970807858,
    -0.28648776191803527,
    0.0
   ],
   [
    0.006344398022739679,
    -0.07609159910621388,
    0.0
   ],
   [
    -0.1074113643290188,
    -0.09003858504075268,
    0.0
   ],
   [
    0.04053378113095236,
    -0.0836827172030406,
    0.0
   ],
   [
    -0.014546184622491347,
    -0.032684506020304704,
    0.0
   ],
   [
    0.07639757103387229,
    -0.1036096817441812,
    0.0
   ],
   [
    -0.1088508956306018,
    -0.03275806235723405,
    0.0
   ],
   [
    -0.07202760480209494,
    -0.018239993969768442,
    0.0
   ],
   [
    0.061520650896898184,
    -0.08122622618940484,
    0.0
   ],
   [
    -0.0223395369006247,
    -0.08171997431550135,
    0.0
   ],
   [
    0.07736478166772975,
    -0.08077841441079131,
    0.0
   ],
   [
    -0.022692764317225465,
    -0.04336177726724988,
    0.0
   ],
   [
    -0.04758829262983041,
    -0.09655747588556188,
    0.0
   ],
   [
    -0.16455488266111964,
    -0.16804832079195653,
    0.0
   ],
   [
    -0.13206843411270383,
    -0.2592794940722532,
    0.0
   ],
   [
    -0.025830665172291926,
    -0.22999339049467754,
    0.0
   ],
   [
    -0.1400543025196948,
    -0.2693661993090426,
    0.0
   ],
   [
    -0.006753144613730493,
    -0.25536204474236474,
    0.0
   ],
   [
    -0.14958165699646067,
    -0.05458497450583766,
    0.0
   ],
   [
    -0.1938729535118344,
    -0.22108493341198648,
    0.0
   ],
   [
    0.0047959099311018286,
    -0.29899587666399685,
    0.0
   ]
  ],
  "positions": [
   [
    0.7965322262062973,
    1.0712699564251116,
    0.4872458739692815
   ],
   [
    1.1067481076788694,
    -0.9616148738526968,
    0.5085973958021247
   ],
   [
    -1.088131391523929,
    -0.806158235700129,
    0.5027521694356801
   ],
   [
    -0.6384807451022839,
    1.1886701052913868,
    0.5220566768460132
   ],
   [
    0.09001263045691203,
    -1.400807056920617,
    0.6181494660377527
   ],
   [
    -0.40440375926828115,
    -1.4140477910460865,
    0.572424577794734
   ],
   [
    -1.1842090126741223,
    -0.7220207092558606,
    0.5334360180042172
   ],
   [
    1.140438144503196,
    -0.8723437452278975,
    0.503376722719862
   ],
   [
    -1.3654536515778055,
    -0.044965646060013874,
    0.5671449691457258
   ],
   [
    0.9675416768545865,
    0.9961045888118485,
    0.5087222499287832
   ],
   [
    -1.4396310095486027,
    -0.08162473461317052,
    0.5430961184484928
   ],
   [
    -1.3263373697808396,
    0.6415895957739175,
    0.6218638719288765
   ],
   [
    1.2400500778788013,
    -0.5523827165981176,
    0.6469382560051933
   ],
   [
    1.2646340092158386,
    0.7090828936454714,
    0.614244416891035
   ],
   [
    -0.29417425049088675,
    1.4189215941216673,
    0.49221752085704995
   ],
   [
    -1.0745847267107262,
    -0.902364110565549,
    0.5533468007366321
   ],
   [
    1.2453408461876594,
    -0.6412812371213165,
    0.6195927249036981
   ],
   [
    -1.0845673397089328,
    -0.7391997111771974,
    0.6217523335031222
   ],
   [
    -1.0016460113395165,
    -1.0766989268010219,
    0.5417952346742564
   ],
   [
    1.278000932096467,
    -0.2976983694041644,
    0.4935238300671555
   ],
   [
    0.7694332087358947,
    1.1809788207628886,
    0.6084800946040232
   ],
   [
    -1.2157355202159186,
    0.4620988257700445,
    0.6265044096550784
   ],
   [
    1.0978039622335487,
    -0.7819635363583313,
    0.48970728630095106
   ],
   [
    1.2110384406753152,
    -0.528586225883215,
    0.5386559145575175
   ],
   [
    -0.8003607181639655,
    1.24287394333755,
    0.4712132145157453
   ]
  ]
 },
 "appearance_assets": {
  "floor_pbr": "Marble012",
  "background_hdr": "photo_studio_01_4k.hdr"
 },
 "environment_strength": 0.4230099528850382
}