{
 "objects": [
  {
   "obj_subpath": "train/train_021/train_021.blend",
   "obj_location": [
    -0.025821823208923678,
    -0.15612187295062274
   ],
   "obj_pose": [
    [
     -0.0032102756328538794,
     0.7990382762367395,
     0.6012715815513069
    ],
    [
     0.004263255693300598,
     0.6012801949215184,
     -0.7990269220086893
    ],
    [
     -0.9999857544898987,
     -1.721875264593109e-06,
     -0.00533677963539958
    ]
   ],
   "obj_scale": 0.6185424992863218,
   "obj_color": {
    "type": "random-mono",
    "color": [
     [
      0.8981708089102634,
      0.9573067854591866,
      0.9344786334953443
     ],
     [
      0.5250394144591686,
      0.8657015054813924,
      0.7341963467605934
     ],
     [
      0.2694463954054124,
      0.6896963218319908,
      0.5274680177923554
     ]
    ],
    "randomness": 0.36737769803988374,
    "scale": 4.316971520662838,
    "specular": 0.8129450658263393,
    "roughness": 0.2422509155569337,
    "clever": false
   }
  },
  {
   "obj_subpath": "chair/chair_096/chair_096.blend",
   "obj_location": [
    0.40130640998427836,
    0.3097906248791813
   ],
   "obj_pose": [
    [
     0.6433823927616042,
     0.7655074481056522,
     0.007577456425851468
    ],
    [
     -0.7655449182970541,
     0.6433482721821664,
     0.006627894578292264
    ],
    [
     0.00019875908037647605,
     -0.010065154172480106,
     0.9999493360519409
    ]
   ],
   "obj_scale": 0.690164839107905,
   "obj_color": {
    "type": "random-multi",
    "color": [
     [
      0.7572204087311574,
      0.1644770562584766,
      0.12155964579317302
     ],
     [
      0.08914842657046085,
      0.715043018018816,
      0.32608249316511384
     ],
     [
      0.7169739048744305,
      0.6372580370439055,
      0.1580499318756775
     ]
    ],
    "randomness": 4.19888233248484,
    "scale": 0.7144825524966119,
    "specular": 0.7947749938872871,
    "roughness": 0.17232533210760648,
    "clever": false
   }
  },
  {
   "obj_subpath": "Cone_Wave/Cone_Wave/Cone_Wave.blend",
   "obj_location": [
    -0.4154602717483047,
    0.3388643044165103
   ],
   "obj_pose": [
    [
     -0.408960201884711,
     -0.9125522194781055,
     0.0
    ],
    [
     0.9125522194781055,
     -0.408960201884711,
     0.0
    ],
    [
     0.0,
     0.0,
     1.0
    ]
   ],
   "obj_scale": 0.6979153157136359,
   "obj_color": {
    "type": "random-multi",
    "color": [
     [
      0.04618791872809935,
      0.16324035058866831,
      0.8461888926239356
     ],
     [
      0.12407028360157257,
      0.2190833428559925,
      0.5563633166590904
     ]
    ],
    "randomness": 3.011810404287666,
    "scale": 1.4098375231012368,
    "specular": 0.8462573956698122,
    "roughness": 0.1723548755496495,
    "clever": true
   }
  }
 ],
 "camera": {
  "track_to_point": [
   [
    -0.017149547966014082,
    0.31204502303023457,
    0.0
   ],
   [
    -0.16063460136468638,
    0.26252909845270817,
    0.0
   ],
   [
    -0.13573327934604024,
    0.12367999308730394,
    0.0
   ],
   [
    -0.0448553078079568,
    0.09246379187492959,
    0.0
   ],
   [
    -0.13781255451878893,
    0.26732294535029744,
    0.0
   ],
   [
    0.11945444491623765,
    0.21399153830694218,
    0.0
   ],
   [
    -0.03396218436345285,
    0.22320713296227357,
    0.0
   ],
   [
    -0.07840398609760456,
    0.2554578079046783,
    0.0
   ],
   [
    -0.05368183350998534,
    0.1516880371939309,
    0.0
   ],
   [
    0.0064356421026441155,
    0.09896349053733473,
    0.0
   ],
   [
    0.03329051320457311,
    0.0917816985856761,
    0.0
   ],
   [
    -0.13955538546667093,
    0.16290210356477672,
    0.0
   ],
   [
    0.12278191430714204,
    0.2368381929578799,
    0.0
   ],
   [
    0.09930853831312837,
    0.15328247128722097,
    0.0
   ],
   [
    0.0007468008951892289,
    0.05414926200058488,
    0.0
   ],
   [
    -0.04081021717625224,
    0.2398928344520646,
    0.0
   ],
   [
    0.03193779791409022,
    0.22823110428008767,
    0.0
   ],
   [
    -0.04899577287286546,
    0.2210733446552641,
    0.0
   ],
   [
    -0.10514338070860225,
    0.13686181204035203,
    0.0
   ],
   [
    0.10880501054132487,
    0.18431670396160427,
    0.0
   ],
   [
    0.11445762864594085,
    0.2020065402085923,
    0.0
   ],
   [
    0.10132265271883774,
    0.20960966312338186,
    0.0
   ],
   [
    0.1322877402008319,
    0.227272393511022,
    0.0
   ],
   [
    -0.16018413785636484,
    0.22411708543157555,
    0.0
   ],
   [
    -0.03302756509776746,
    0.20204443329816776,
    0.0
   ]
  ],
  "positions": [
   [
    -0.8993062506146935,
    1.072276256542453,
    0.5379800065779567
   ],
   [
    0.3581956040104111,
    -1.3245548072910511,
    0.5107239598515105
   ],
   [
    -1.2668792611859392,
    -0.36053197310892443,
    0.5269329856043194
   ],
   [
    1.3146877097667078,
    0.23470809197965464,
    0.46637494538708746
   ],
   [
    -0.9922535168924774,
    1.0137019432464203,
    0.6128728746265366
   ],
   [
    1.0942626318024906,
    0.8058429692634653,
    0.48147681947175275
   ],
   [
    -0.05408176357941724,
    -1.3634053136105089,
    0.4670683214531229
   ],
   [
    1.1651804297083777,
    -0.7738608084833034,
    0.4881384605371189
   ],
   [
    1.328963405143754,
    0.4696819711421134,
    0.522935648100316
   ],
   [
    -1.1307432163959346,
    0.9613736738035309,
    0.6022193452091487
   ],
   [
    -0.7509418478328346,
    1.163198063958646,
    0.4830795853932776
   ],
   [
    1.4561101315201583,
    0.07785035754987273,
    0.5323289536261211
   ],
   [
    -1.03821719867243,
    0.8043911909593041,
    0.5511407554657499
   ],
   [
    0.1900155759497028,
    -1.4208856239101741,
    0.5256062747386561
   ],
   [
    -1.0074101864132856,
    0.8984916285486777,
    0.5297360958446662
   ],
   [
    -0.30571651979730285,
    -1.2791719664540153,
    0.5848388651647378
   ],
   [
    -0.5540630441194471,
    -1.2194363278910088,
    0.6384273521028769
   ],
   [
    -0.8582214802342767,
    1.120940523081978,
    0.5721939064555516
   ],
   [
    -1.189583580309207,
    0.531374336124664,
    0.5291722172662671
   ],
   [
    -0.5517134629868352,
    -1.2507362372902269,
    0.5942522194925842
   ],
   [
    -0.21136260436144766,
    -1.4365441725749917,
    0.6418403262793856
   ],
   [
    -1.385138028471406,
    0.07128686477305816,
    0.5970327181750462
   ],
   [
    -0.17949950532390985,
    -1.4090615974335132,
    0.5687446440708884
   ],
   [
    0.5665798058563946,
    1.2459827352874397,
    0.5377794268420278
   ],
   [
    -0.47405051427054357,
    1.2193875549391069,
    0.5213505405870851
   ]
  ]
 },
 "appearance_assets": {
  "floor_pbr": "WoodFloor005",
  "background_hdr": "umhlanga_sunrise_4k.hdr"
 },
 "environment_strength": 0.6256875577489077
}