{
 "objects": [
  {
   "obj_subpath": "elephant/elephant_010/elephant_010.blend",
   "obj_location": [
    0.33127361992233106,
    0.15266143964371792
   ],
   "obj_pose": [
    [
     0.38910707881211853,
     -0.7584680651060525,
     0.5228018958539855
    ],
    [
     -0.7447485759493119,
     -0.5930270330253533,
     -0.30605304822318385
    ],
    [
     0.5421671271324158,
     -0.2702685594558716,
     -0.7956190705299377
    ]
   ],
   "obj_scale": 0.6772478793087678,
   "obj_color": {
    "type": "random-multi",
    "color": [
     [
      0.6861052316512632,
      0.11375430093271133,
      0.2967531719435958
     ],
     [
      0.10792184955622863,
      0.9004778684158847,
      0.10965785262353596
     ]
    ],
    "randomness": 2.494639171705879,
    "scale": 1.3762132132655913,
    "specular": 0.739607130313571,
    "roughness": 0.2819884745560343,
    "clever": true
   }
  },
  {
   "obj_subpath": "chair/chair_144/chair_144.blend",
   "obj_location": [
    -0.22669188470997292,
    0.40968691314665784
   ],
   "obj_pose": [
    [
     0.9872104598174226,
     0.1594224281437462,
     5.137378489286791e-07
    ],
    [
     -0.15942242814374621,
     0.9872104598174226,
     3.9285629908440356e-07
    ],
    [
     -4.445372496775235e-07,
     -4.6973318035270495e-07,
     1.0
    ]
   ],
   "obj_scale": 0.653036363427744,
   "obj_color": {
    "type": "random-multi",
    "color": [
     [
      0.008657049589382848,
      0.7404897041478063,
      0.9562543810120768
     ],
     [
      0.6690338451863748,
      0.8533271201021896,
      0.06133323498062293
     ]
    ],
    "randomness": 3.7090507742119483,
    "scale": 1.080130302979462,
    "specular": 0.6313273318292373,
    "roughness": 0.1773406949268772,
    "clever": false
   }
  },
  {
   "obj_subpath": "Geo_Instance_Cone_Cube/Geo_Instance_Cone_Cube/Geo_Instance_Cone_Cube.blend",
   "obj_location": [
    -0.39995690020829955,
    -0.23127618895105373
   ],
   "obj_pose": [
    [
     0.3709514395589401,
     -0.9286522651074244,
     0.0
    ],
    [
     0.9286522651074244,
     0.3709514395589401,
     0.0
    ],
    [
     0.0,
     0.0,
     1.0
    ]
   ],
   "obj_scale": 0.6146532431970764,
   "obj_color": {
    "type": "random-multi",
    "color": [
     [
      0.4491484125906757,
      0.6778775738898137,
      0.08923802474523845
     ],
     [
      0.7815843614061074,
      0.2264975517531182,
      0.12628013887921352
     ],
     [
      0.8411694572392221,
      0.45666539842805154,
      0.17614561559469477
     ],
     [
      0.06983237256378294,
      0.25496478034560954,
      0.9650935632210119
     ]
    ],
    "randomness": 0.05432428256978428,
    "scale": 0.7910550438712559,
    "specular": 0.6237775405002893,
    "roughness": 0.11699058024268834,
    "clever": true
   }
  }
 ],
 "camera": {
  "track_to_point": [
   [
    -0.03534606939605918,
    0.13128370719389518,
    0.0
   ],
   [
    -0.10311493762729391,
    0.19896664918006293,
    0.0
   ],
   [
    -0.07948482754082549,
    0.057010411816760406,
    0.0
   ],
   [
    -0.22676893352938143,
    0.2186841659819969,
    0.0
   ],
   [
    -0.09079992659883519,
    0.15104509211467854,
    0.0
   ],
   [
    -0.16123644518530356,
    0.1423941531807033,
    0.0
   ],
   [
    -0.03492441981693371,
    0.12074774161472696,
    0.0
   ],
   [
    0.03687336716229024,
    0.21553406826926583,
    0.0
   ],
   [
    -0.017259643739551092,
    0.16778754302403304,
    0.0
   ],
   [
    -0.22908710446269293,
    0.0870589866508899,
    0.0
   ],
   [
    -0.16232420761029354,
    0.00866606949382051,
    0.0
   ],
   [
    0.002923317190897237,
    0.1999362155160168,
    0.0
   ],
   [
    -0.021408720410682106,
    0.2305588536607556,
    0.0
   ],
   [
    -0.0882385747807319,
    0.20971950178890972,
    0.0
   ],
   [
    -0.21278285033574978,
    0.20476784491699965,
    0.0
   ],
   [
    -0.10163357337009908,
    -0.004384519922970204,
    0.0
   ],
   [
    -0.051608264730905976,
    0.13863276998484014,
    0.0
   ],
   [
    -0.1529937294302333,
    0.22555337776913434,
    0.0
   ],
   [
    -0.06343249611867376,
    0.09950158334357889,
    0.0
   ],
   [
    0.026035057892510385,
    0.19194913223357027,
    0.0
   ],
   [
    -0.20496320744091734,
    0.22392636871039165,
    0.0
   ],
   [
    -0.10740067931138554,
    -0.03642474302349005,
    0.0
   ],
   [
    -0.02121288130371539,
    0.14413423499247102,
    0.0
   ],
   [
    -0.0625463251636995,
    0.18707873871026628,
    0.0
   ],
   [
    -0.23752582198901434,
    0.12657472907793804,
    0.0
   ]
  ],
  "positions": [
   [
    0.32796086766504756,
    1.359003059530075,
    0.5902169675757971
   ],
   [
    0.6750488183512199,
    -1.279218289192246,
    0.6040890644649224
   ],
   [
    -1.3295260401745024,
    0.5019406565980449,
    0.49749351719700435
   ],
   [
    -0.5226958575018315,
    -1.2632107129359726,
    0.5901393804754466
   ],
   [
    0.26449310401010506,
    -1.3763086638124302,
    0.5246631623908347
   ],
   [
    -1.0821348766697128,
    -1.026019356276326,
    0.4545606302242626
   ],
   [
    -0.801159105237813,
    1.124021869940785,
    0.6123047806625277
   ],
   [
    0.824726505587033,
    -1.102957356431619,
    0.45675814680480753
   ],
   [
    -1.3185784142680952,
    -0.43287720031231997,
    0.6405942060840575
   ],
   [
    1.188193091271184,
    0.6192397675925824,
    0.6452167449282938
   ],
   [
    -1.187797493329564,
    -0.8504394885538124,
    0.5406547146294824
   ],
   [
    -1.4347250140664376,
    -0.17289830471128187,
    0.5797085674534546
   ],
   [
    -0.8363863304675184,
    1.0590605948701222,
    0.6201658149172525
   ],
   [
    0.9953433587203455,
    -1.0622563175179227,
    0.4900504889576627
   ],
   [
    1.1994970212984386,
    -0.6126864828652673,
    0.5760835826051716
   ],
   [
    -0.8562095477444347,
    1.0569028802412255,
    0.4541803960504213
   ],
   [
    -0.22254741290518512,
    1.358378173236875,
    0.46388088781691317
   ],
   [
    1.3780426714415284,
    -0.4378916207171996,
    0.5308599651631156
   ],
   [
    -1.0733138973369514,
    1.0248650070491503,
    0.5982895108591192
   ],
   [
    -1.164153614373302,
    0.8553513077191911,
    0.5930911733294639
   ],
   [
    0.09709418553175324,
    1.455763895943988,
    0.4801514664759701
   ],
   [
    -0.3961890638362897,
    1.3612042735306404,
    0.6022220305258408
   ],
   [
    0.16394667386689418,
    1.350188238428024,
    0.6300377704245093
   ],
   [
    0.34254574493886075,
    1.4454011397058946,
    0.5305472291901332
   ],
   [
    -0.4511665395907581,
    -1.3949792483886865,
    0.48132208694681977
   ]
  ]
 },
 "appearance_assets": {
  "floor_pbr": "Carpet014",
  "background_hdr": "lythwood_lounge_4k.hdr"
 },
 "environment_strength": 0.41248541419731954
}