{
 "objects": [
  {
   "obj_subpath": "bread/bread_020/bread_020.blend",
   "obj_location": [
    -0.11087044777346045,
    -0.2608737525288395
   ],
   "obj_pose": [
    [
     0.8757745685646037,
     -0.48272032859033825,
     7.047310002297299e-09
    ],
    [
     0.48272032859033825,
     0.8757745685646037,
     -1.1598244403951193e-09
    ],
    [
     -5.6119842106738815e-09,
     4.417624488439742e-09,
     1.0
    ]
   ],
   "obj_scale": 0.6344224343521143,
   "obj_color": {
    "type": "random-mono",
    "color": [
     [
      0.05659114793567194,
      0.08622381588950061,
      0.14768048754271051
     ],
     [
      0.7990445183363386,
      0.8357944001153399,
      0.9120118173693454
     ],
     [
      0.10779224936415915,
      0.17489568705830483,
      0.3140648615516837
     ],
     [
      0.3800705448795375,
      0.5178302709775374,
      0.8035370546877444
     ]
    ],
    "randomness": 0.4472100245503108,
    "scale": 3.0996460884780217,
    "specular": 0.6706534980101995,
    "roughness": 0.1344595318364325,
    "clever": false
   }
  },
  {
   "obj_subpath": "cow/cow_022/cow_022.blend",
   "obj_location": [
    0.44869379608995585,
    0.45609312806111735
   ],
   "obj_pose": [
    [
     -0.13624983664789378,
     -0.6649961389511826,
     -0.7343133699844574
    ],
    [
     0.07134450442171815,
     -0.74588751883364,
     0.6622399850802926
    ],
    [
     -0.9881021976470947,
     0.037840865552425385,
     0.1490708738565445
    ]
   ],
   "obj_scale": 0.6491810346782304,
   "obj_color": {
    "type": "random-multi",
    "color": [
     [
      0.9805761905163534,
      0.3545255182907117,
      0.08672171505257709
     ],
     [
      0.08063871207781792,
      0.2596678594474975,
      0.7524507416451804
     ]
    ],
    "randomness": 1.7953024353831544,
    "scale": 1.355527493645086,
    "specular": 0.8099565795192589,
    "roughness": 0.1749332232063827,
    "clever": false
   }
  },
  {
   "obj_subpath": "Arch_Cube_v2_Array/Arch_Cube_v2_Array/Arch_Cube_v2_Array.blend",
   "obj_location": [
    -0.2493546609808499,
    0.42659230732743636
   ],
   "obj_pose": [
    [
     -0.6596724785949235,
     0.7515532056910077,
     0.0
    ],
    [
     -0.7515532056910077,
     -0.6596724785949235,
     0.0
    ],
    [
     0.0,
     0.0,
     1.0
    ]
   ],
   "obj_scale": 0.6184079051168286,
   "obj_color": {
    "type": "random-multi",
    "color": [
     [
      0.2400112526693014,
      0.6049494976441396,
      0.09729520341161035
     ],
     [
      0.48716360494323735,
      0.15975898189219495,
      0.8563237396858192
     ]
    ],
    "randomness": 1.1896864737429773,
    "scale": 1.0855900905398406,
    "specular": 0.6117969334569192,
    "roughness": 0.26183398462197727,
    "clever": true
   }
  }
 ],
 "camera": {
  "track_to_point": [
   [
    0.06055121245794562,
    0.18253823241703054,
    0.0
   ],
   [
    -0.10695440213728416,
    0.13725327582553445,
    0.0
   ],
   [
    0.12465416681799399,
    0.16716949779210033,
    0.0
   ],
   [
    0.09002757831257494,
    0.05900966734206836,
    0.0
   ],
   [
    0.02205259595615064,
    0.251460453503071,
    0.0
   ],
   [
    0.008134400261254393,
    0.20318181341803324,
    0.0
   ],
   [
    -0.11575951739669285,
    0.08039840119137415,
    0.0
   ],
   [
    0.026346792180585,
    0.28347410388404093,
    0.0
   ],
   [
    0.17876640318598028,
    0.09764742960634563,
    0.0
   ],
   [
    0.09115135690012113,
    0.3558272896457989,
    0.0
   ],
   [
    0.03416163628361926,
    0.08310192304946933,
    0.0
   ],
   [
    0.053252040914061965,
    0.2372471690115245,
    0.0
   ],
   [
    -0.03694577000777255,
    0.2771790858342268,
    0.0
   ],
   [
    -0.05368404934955813,
    0.213851279106379,
    0.0
   ],
   [
    0.04385825494517448,
    0.1568889500946156,
    0.0
   ],
   [
    0.09682877740162202,
    0.32750843496822163,
    0.0
   ],
   [
    -0.003581713386806712,
    0.26884502254672915,
    0.0
   ],
   [
    0.1595471004180897,
    0.18771525358039357,
    0.0
   ],
   [
    0.16811700861316062,
    0.18385836130911296,
    0.0
   ],
   [
    0.17291573895965914,
    0.2899779666984529,
    0.0
   ],
   [
    -0.05077591467809754,
    0.23766764567206394,
    0.0
   ],
   [
    -0.018785494003275824,
    0.14609837985617655,
    0.0
   ],
   [
    0.17576917084244678,
    0.20532792948925876,
    0.0
   ],
   [
    -0.056929781784757494,
    0.20281253397747817,
    0.0
   ],
   [
    -0.0351317748085023,
    0.27786958064507,
    0.0
   ]
  ],
  "positions": [
   [
    -0.5527047750385629,
    -1.2684552921047982,
    0.5257072994750844
   ],
   [
    -0.8007664872876583,
    1.1126079596201939,
    0.557186361523232
   ],
   [
    -0.7893106276921785,
    -1.1533355886346228,
    0.5228645157287127
   ],
   [
    0.7048943809026831,
    1.2982720364933993,
    0.5704004599358403
   ],
   [
    1.3007209233224277,
    -0.27492541799875375,
    0.6092586307657986
   ],
   [
    -0.8155579547018281,
    1.0151072114875883,
    0.5067402011918682
   ],
   [
    -0.8473017026673691,
    1.1008572872990297,
    0.612143485372387
   ],
   [
    0.34661033597553925,
    1.2693120346444042,
    0.5447160350534862
   ],
   [
    1.3173021269816174,
    -0.18160112383627453,
    0.5694726245728355
   ],
   [
    0.9774190126313334,
    1.1202981916350683,
    0.497264995014729
   ],
   [
    1.3110504023698883,
    0.7177614978187216,
    0.5727915126611327
   ],
   [
    0.7363074354291405,
    1.138804082566266,
    0.580665484065471
   ],
   [
    1.0678292984593392,
    -0.9307026061307654,
    0.6396703103911485
   ],
   [
    -1.137752683801934,
    -0.8206816500780607,
    0.602652002700357
   ],
   [
    -1.3767216982834802,
    0.20369007196168934,
    0.4977293514287148
   ],
   [
    -0.43016361144474363,
    -1.409922683461437,
    0.553747280025343
   ],
   [
    0.09065692499407746,
    -1.3646533627807937,
    0.48591691612649907
   ],
   [
    -0.03724236674130051,
    1.4959904318011323,
    0.6087361385074975
   ],
   [
    -0.846439668678551,
    1.2164103283482757,
    0.6294827207155815
   ],
   [
    1.2323391900468539,
    0.788644961644243,
    0.6492075455685236
   ],
   [
    1.3606094061810976,
    -0.545658975885235,
    0.5160964489444163
   ],
   [
    -0.43871152031030286,
    -1.2784203331524957,
    0.6363515775519042
   ],
   [
    0.957093309003309,
    1.0741665798329096,
    0.5070029291747775
   ],
   [
    -1.4656405011655131,
    -0.11780702037108749,
    0.6117733159275328
   ],
   [
    1.217926422633669,
    -0.8302211367524324,
    0.5032864965704715
   ]
  ]
 },
 "appearance_assets": {
  "floor_pbr": "Marble012",
  "background_hdr": "fireplace_4k.hdr"
 },
 "environment_strength": 0.7464411475519764
}