{
 "objects": [
  {
   "obj_subpath": "key/key_046/key_046.blend",
   "obj_location": [
    0.05588996797665957,
    0.21212720290023723
   ],
   "obj_pose": [
    [
     -0.07627247441761091,
     -0.6817174260285465,
     0.7276289080472503
    ],
    [
     -0.05020341053413866,
     -0.7262034385797941,
     -0.6856443539929225
    ],
    [
     0.9958223104476929,
     -0.08882524818181992,
     0.0211647879332304
    ]
   ],
   "obj_scale": 0.6756527583669337,
   "obj_color": {
    "type": "random-mono",
    "color": [
     [
      0.7918813056794491,
      0.805581487074961,
      0.8668103006908956
     ],
     [
      0.2521642697912996,
      0.3472633897364264,
      0.7722801192278417
     ],
     [
      0.9668537464160023,
      0.9710842167672379,
      0.9899910234120313
     ]
    ],
    "randomness": 0.019352757105326468,
    "scale": 2.8667065186707688,
    "specular": 0.8269107857916392,
    "roughness": 0.27999318149789554,
    "clever": false
   }
  },
  {
   "obj_subpath": "airplane/airplane_012/airplane_012.blend",
   "obj_location": [
    -0.45010719369345864,
    -0.3614904116645873
   ],
   "obj_pose": [
    [
     -0.87253468321928,
     0.46975693441576516,
     -0.13420749864265874
    ],
    [
     -0.39661129483754715,
     -0.841487558198013,
     -0.36687616989324157
    ],
    [
     -0.2852765917778015,
     -0.2668839693069458,
     0.9205380082130432
    ]
   ],
   "obj_scale": 0.6467457291010799,
   "obj_color": {
    "type": "random-multi",
    "color": [
     [
      0.20853960307458203,
      0.7656429066279339,
      0.024025389367489436
     ],
     [
      0.26835806425275954,
      0.7038779190538109,
      0.14695474289959987
     ],
     [
      0.10041180352528323,
      0.678777056112229,
      0.13035211405785446
     ],
     [
      0.7407044634021087,
      0.12588160645137814,
      0.6003851051049642
     ]
    ],
    "randomness": 2.2092359190374733,
    "scale": 0.6359573141692799,
    "specular": 0.7607033428522351,
    "roughness": 0.15512009728769843,
    "clever": true
   }
  },
  {
   "obj_subpath": "Ringed_Cylinder/Ringed_Cylinder/Ringed_Cylinder.blend",
   "obj_location": [
    0.37497690330095657,
    -0.4053023549118595
   ],
   "obj_pose": [
    [
     0.7695208681248064,
     -0.638621666967575,
     0.0
    ],
    [
     0.638621666967575,
     0.7695208681248064,
     0.0
    ],
    [
     0.0,
     0.0,
     1.0
    ]
   ],
   "obj_scale": 0.636066492490925,
   "obj_color": {
    "type": "random-multi",
    "color": [
     [
      0.30017309357334004,
      0.14364293941577366,
      0.6062679309893299
     ],
     [
      0.1121596866127128,
      0.010929755887230774,
      0.6784520460572283
     ],
     [
      0.6750842454444781,
      0.011991331111754877,
      0.9436731400006649
     ]
    ],
    "randomness": 1.826575961843967,
    "scale": 0.8860707845383784,
    "specular": 0.7950749715311887,
    "roughness": 0.1737256080609762,
    "clever": false
   }
  }
 ],
 "camera": {
  "track_to_point": [
   [
    -0.1263247220735497,
    -0.24196481026066036,
    0.0
   ],
   [
    0.034609254131040906,
    -0.24645756515379758,
    0.0
   ],
   [
    -0.0172289872781608,
    -0.3163337126125342,
    0.0
   ],
   [
    0.10636994091552196,
    -0.07645110490625823,
    0.0
   ],
   [
    -0.08035329817141547,
    -0.1523418498774033,
    0.0
   ],
   [
    -0.10754200315771612,
    -0.04352831816390618,
    0.0
   ],
   [
    -0.05690411889740449,
    -0.2241008359959069,
    0.0
   ],
   [
    -0.009731458998440412,
    -0.28220867308553205,
    0.0
   ],
   [
    -0.024755525603073647,
    -0.3009510784277173,
    0.0
   ],
   [
    -0.07673075661156342,
    -0.11195632625668153,
    0.0
   ],
   [
    0.025002960470077246,
    -0.2641644875027597,
    0.0
   ],
   [
    0.01244335821308229,
    -0.0959389577569617,
    0.0
   ],
   [
    -0.14752572672435513,
    -0.3267565339181596,
    0.0
   ],
   [
    0.036651316635701814,
    -0.22118761518529279,
    0.0
   ],
   [
    -0.006589557083227088,
    -0.09267727335187304,
    0.0
   ],
   [
    -0.018005294006973926,
    -0.20913483689852316,
    0.0
   ],
   [
    0.13357234898071665,
    -0.09124819422723535,
    0.0
   ],
   [
    0.09118925938241715,
    -0.2370935358375189,
    0.0
   ],
   [
    -0.13361264613866872,
    -0.28047877332795995,
    0.0
   ],
   [
    0.030267329451011543,
    -0.1224327883071889,
    0.0
   ],
   [
    -0.0034266745197912007,
    -0.06097451598095732,
    0.0
   ],
   [
    0.11193235855202391,
    -0.19097502483633866,
    0.0
   ],
   [
    0.0916290294652076,
    -0.318351001987899,
    0.0
   ],
   [
    -0.030352336414855186,
    -0.08994268540253919,
    0.0
   ],
   [
    0.0009753159947380463,
    -0.1865452349212095,
    0.0
   ]
  ],
  "positions": [
   [
    1.1409997872642428,
    -0.6610575914077608,
    0.5165035542080674
   ],
   [
    0.6192883882330322,
    1.1576030199226592,
    0.4622396951670064
   ],
   [
    -1.2296923289717552,
    -0.7311821584890081,
    0.4506687779958076
   ],
   [
    0.985662911120879,
    1.033573355105393,
    0.4765852788686607
   ],
   [
    -1.2272296544469505,
    0.48482418414346684,
    0.4630111448716334
   ],
   [
    -1.4153992376056503,
    -0.31532487498731704,
    0.5833869042555987
   ],
   [
    1.2451231847480637,
    -0.6042138906825588,
    0.5903571324486785
   ],
   [
    -1.1625481415919245,
    -0.693928238934999,
    0.6244028832085252
   ],
   [
    0.8144619444450273,
    1.0757368985128901,
    0.6289277582262627
   ],
   [
    -1.3146129766862804,
    -0.04159875594355762,
    0.49678105104538983
   ],
   [
    0.946373061955967,
    -1.0853602434868903,
    0.6402385809690676
   ],
   [
    0.9670629250493197,
    -0.9429267386056354,
    0.5636431252335197
   ],
   [
    -1.4112286155933158,
    0.3175946870533599,
    0.6012439917671258
   ],
   [
    -0.7802430070472237,
    1.1118935402816508,
    0.46120752031066486
   ],
   [
    1.2483789275428412,
    -0.41243119700182757,
    0.6338617223458568
   ],
   [
    1.245123864971737,
    -0.5467850471186834,
    0.620724971998937
   ],
   [
    -1.352465703760814,
    0.41685926881471624,
    0.48037114963020255
   ],
   [
    -1.2589532162606998,
    -0.47625361515288883,
    0.5347594369862162
   ],
   [
    0.6595558453125631,
    -1.2323090648604396,
    0.5869296618615247
   ],
   [
    1.3689659015769233,
    -0.09951473259296079,
    0.6488276663278474
   ],
   [
    1.1468614090175493,
    -0.9460553005542504,
    0.4539794163520255
   ],
   [
    0.1743028944222101,
    -1.307405731702697,
    0.5466291589851109
   ],
   [
    -1.2631176122421148,
    -0.6082057852216625,
    0.4535817687757711
   ],
   [
    1.254201836977258,
    -0.5738897095784448,
    0.5533999320769122
   ],
   [
    1.4498920340182948,
    0.045145053205002915,
    0.5522171001584776
   ]
  ]
 },
 "appearance_assets": {
  "floor_pbr": "Marble012",
  "background_hdr": "entrance_hall_4k.hdr"
 },
 "environment_strength": 0.5319376147668469
}