{
 "objects": [
  {
   "obj_subpath": "spade/spade_017/spade_017.blend",
   "obj_location": [
    0.2498936037777736,
    0.409043146608457
   ],
   "obj_pose": [
    [
     -0.9636777334285376,
     0.09593535569173757,
     -0.2492420300473109
    ],
    [
     0.24863798802458512,
     -0.018392814633159255,
     -0.9684218345774664
    ],
    [
     -0.09749016165733337,
     -0.9952176213264465,
     -0.006128428038209677
    ]
   ],
   "obj_scale": 0.6631494033717246,
   "obj_color": {
    "type": "random-multi",
    "color": [
     [
      0.05319169932316874,
      0.020495256131776718,
      0.8393653833587719
     ],
     [
      0.21753387413659248,
      0.8353177296173052,
      0.12104640205838024
     ],
     [
      0.006924573426129621,
      0.6313039279862511,
      0.43165310345975955
     ],
     [
      0.11950590585940075,
      0.5562216696152837,
      0.10654672313500102
     ]
    ],
    "randomness": 2.940337503792867,
    "scale": 0.7133051119902986,
    "specular": 0.8734148787553067,
    "roughness": 0.29131375927354675,
    "clever": true
   }
  },
  {
   "obj_subpath": "elephant/elephant_003/elephant_003.blend",
   "obj_location": [
    -0.25068565857428915,
    -0.4059867307026662
   ],
   "obj_pose": [
    [
     0.7867519382017918,
     0.6171691682160404,
     -0.011115925237910518
    ],
    [
     -0.617154373809231,
     0.786825377614409,
     0.00512411585432647
    ],
    [
     0.011908738873898983,
     0.002828833879902959,
     0.9999250769615173
    ]
   ],
   "obj_scale": 0.6134985650224626,
   "obj_color": {
    "type": "random-mono",
    "color": [
     [
      0.9761488296558132,
      0.9624202832173016,
      0.9465993956041465
     ],
     [
      0.41550653722297054,
      0.31850367728452145,
      0.20671679932810977
     ],
     [
      0.9337557254346671,
      0.8807333261709323,
      0.8196298857237925
     ]
    ],
    "randomness": 0.45696387433111674,
    "scale": 4.596343957607337,
    "specular": 0.7082973632445028,
    "roughness": 0.18913303509632806,
    "clever": false
   }
  },
  {
   "obj_subpath": "Multi_Holed_Cylinder/Multi_Holed_Cylinder/Multi_Holed_Cylinder.blend",
   "obj_location": [
    -0.3694163995882861,
    0.43721926417933066
   ],
   "obj_pose": [
    [
     0.7435082637375632,
     -0.6687267467014866,
     0.0
    ],
    [
     0.6687267467014866,
     0.7435082637375632,
     0.0
    ],
    [
     0.0,
     0.0,
     1.0
    ]
   ],
   "obj_scale": 0.6611426933723099,
   "obj_color": {
    "type": "random-multi",
    "color": [
     [
      0.8743994769097934,
      0.8444948203001398,
      0.15742029330713758
     ],
     [
      0.8137625702681994,
      0.25222253221870417,
      0.7737908531397264
     ]
    ],
    "randomness": 3.8235963363826215,
    "scale": 1.285401027012757,
    "specular": 0.8655517247475306,
    "roughness": 0.19618397925948594,
    "clever": false
   }
  }
 ],
 "camera": {
  "track_to_point": [
   [
    -0.15849308488002556,
    0.13357435484733018,
    0.0
   ],
   [
    -0.0936257932987906,
    0.2371274247235697,
    0.0
   ],
   [
    -0.0753414012878801,
    0.05127637978303018,
    0.0
   ],
   [
    -0.05404160322115069,
    0.0758263109837925,
    0.0
   ],
   [
    -0.18209989557178066,
    0.19612812810057,
    0.0
   ],
   [
    -0.117686686192305,
    -0.0010374794215992633,
    0.0
   ],
   [
    -0.07039410729973923,
    0.22175335643239394,
    0.0
   ],
   [
    -0.20659308282255578,
    0.07243241756232065,
    0.0
   ],
   [
    -0.07916139843059959,
    0.007916767158147403,
    0.0
   ],
   [
    -0.13017611525182116,
    0.0784470137850602,
    0.0
   ],
   [
    -0.19313133720781378,
    0.11855928890551733,
    0.0
   ],
   [
    -0.043417492846280034,
    0.17650125874778613,
    0.0
   ],
   [
    -0.2577049972286687,
    0.24702112139983612,
    0.0
   ],
   [
    -0.24162799024458853,
    0.07038791423011687,
    0.0
   ],
   [
    -0.22606310199127655,
    0.025568111937367008,
    0.0
   ],
   [
    -0.11366189789830673,
    0.1686227151321921,
    0.0
   ],
   [
    -0.24334898387068216,
    0.24380162680788156,
    0.0
   ],
   [
    -0.12850715574756477,
    0.2548500553923881,
    0.0
   ],
   [
    -0.07179974807801821,
    0.19739559458625874,
    0.0
   ],
   [
    -0.21232057721211128,
    0.1985871024317414,
    0.0
   ],
   [
    -0.08923895002239392,
    0.19236078578602445,
    0.0
   ],
   [
    -0.17500574071801436,
    0.2444499141810036,
    0.0
   ],
   [
    -0.16145057924780382,
    0.15947410692686748,
    0.0
   ],
   [
    -0.04723459959826286,
    0.00020240780560551452,
    0.0
   ],
   [
    -0.17758637271860356,
    0.1669130032091884,
    0.0
   ]
  ],
  "positions": [
   [
    -0.687649610898845,
    -1.2059991339008287,
    0.5423717019126444
   ],
   [
    -1.3758522406957954,
    0.199914110605157,
    0.6473853137174487
   ],
   [
    0.16730468976953344,
    -1.3350937444087319,
    0.5378929380690376
   ],
   [
    -1.3269722781105708,
    -0.6632243275909416,
    0.5237895475184812
   ],
   [
    -1.337609227821746,
    0.3468334744757564,
    0.6211140215488427
   ],
   [
    -1.4064403480322192,
    0.007125540192755726,
    0.45132731153844424
   ],
   [
    1.2730828033424426,
    0.7704610364994492,
    0.5562967598252747
   ],
   [
    -1.4097858465974307,
    -0.10585251773151186,
    0.4807892530874568
   ],
   [
    -0.37404666128186986,
    -1.3747070179402145,
    0.5304392370457851
   ],
   [
    0.37748675274680527,
    -1.42344178331601,
    0.5602078670304483
   ],
   [
    1.3654752984263843,
    0.20956423946222996,
    0.6407135699509643
   ],
   [
    -0.13143947806597328,
    -1.417661404297417,
    0.5679478914231857
   ],
   [
    -0.49208872887306804,
    -1.3632067262857432,
    0.5237459502614046
   ],
   [
    0.6388488811597742,
    1.2658693168405035,
    0.5981619483971812
   ],
   [
    -0.7063373026702063,
    1.211790837000851,
    0.6370629144318976
   ],
   [
    0.37639510959204237,
    -1.3637301251405884,
    0.49622752969330497
   ],
   [
    -1.182585173440466,
    -0.6497285528911747,
    0.5399349396456338
   ],
   [
    -0.9029385246964107,
    1.1352575890591374,
    0.5313936054605055
   ],
   [
    1.3662251185398586,
    -0.16696522672964342,
    0.5828159506221102
   ],
   [
    -1.1835631381227865,
    0.6485692912664952,
    0.5831729359406482
   ],
   [
    -1.0072596587159377,
    1.0225860613120368,
    0.5138610047279082
   ],
   [
    -1.195382993823996,
    -0.8766607169968248,
    0.5954278576346153
   ],
   [
    1.4350449666336125,
    0.20922546386595092,
    0.5319262401944126
   ],
   [
    1.100381138139655,
    0.9070285103050651,
    0.4584483149047814
   ],
   [
    -0.8004930897549332,
    1.2145797227897785,
    0.5250907180200721
   ]
  ]
 },
 "appearance_assets": {
  "floor_pbr": "Carpet006",
  "background_hdr": "kiara_interior_4k.hdr"
 },
 "environment_strength": 0.5170424632235646
}