{
 "objects": [
  {
   "obj_subpath": "mug/mug_058/mug_058.blend",
   "obj_location": [
    0.1404074078590608,
    -0.1521114693470731
   ],
   "obj_pose": [
    [
     -0.9765744946618411,
     -0.0053912638715902335,
     -0.21511209758207187
    ],
    [
     0.06289040655776947,
     -0.9631870637526911,
     -0.2613723045952271
    ],
    [
     -0.20578405261039734,
     -0.2687780261039734,
     0.9409629702568054
    ]
   ],
   "obj_scale": 0.6815156628534916,
   "obj_color": {
    "type": "random-multi",
    "color": [
     [
      0.15235926767370733,
      0.7584862935443554,
      0.8894565610516199
     ],
     [
      0.511686845739231,
      0.6031431783255314,
      0.0828408346558337
     ]
    ],
    "randomness": 2.6941539146535547,
    "scale": 0.5209382761760998,
    "specular": 0.7973869160145969,
    "roughness": 0.1996180229432407,
    "clever": false
   }
  },
  {
   "obj_subpath": "mug/mug_091/mug_091.blend",
   "obj_location": [
    -0.43423166626263265,
    -0.4662079641492295
   ],
   "obj_pose": [
    [
     -0.7007360371334325,
     -0.5369493269130043,
     -0.4697386827809896
    ],
    [
     0.40067701250919735,
     -0.8409835452683514,
     0.36359945657852066
    ],
    [
     -0.5902770161628723,
     0.06657374650239944,
     0.8044507503509521
    ]
   ],
   "obj_scale": 0.6555716234137782,
   "obj_color": {
    "type": "random-mono",
    "color": [
     [
      0.12933928309685522,
      0.05665930889452353,
      0.15930289746923587
     ],
     [
      0.7215280240476278,
      0.5026428955594239,
      0.8117673183491264
     ],
     [
      0.851304753254335,
      0.8021328835811385,
      0.8715767326685675
     ]
    ],
    "randomness": 0.1954226038974579,
    "scale": 4.686069039953833,
    "specular": 0.6182783020983316,
    "roughness": 0.25716639465561664,
    "clever": false
   }
  },
  {
   "obj_subpath": "Sphere_Mask_Abstract/Sphere_Mask_Abstract/Sphere_Mask_Abstract.blend",
   "obj_location": [
    -0.3646306326079315,
    0.2103370889644387
   ],
   "obj_pose": [
    [
     -0.8030682808932234,
     0.5958870163237348,
     0.0
    ],
    [
     -0.5958870163237348,
     -0.8030682808932234,
     0.0
    ],
    [
     0.0,
     0.0,
     1.0
    ]
   ],
   "obj_scale": 0.6988516487559042,
   "obj_color": {
    "type": "random-multi",
    "color": [
     [
      0.04572934070886281,
      0.6815280266120571,
      0.7660894150877422
     ],
     [
      0.354239020963855,
      0.1561057221224792,
      0.7689309259903419
     ],
     [
      0.9395967475995155,
      0.6625942028340438,
      0.1439825933826666
     ]
    ],
    "randomness": 4.8343775215480695,
    "scale": 1.0908733143666314,
    "specular": 0.867695074870266,
    "roughness": 0.17297654912235774,
    "clever": false
   }
  }
 ],
 "camera": {
  "track_to_point": [
   [
    -0.36254560979693967,
    -0.030543208560901564,
    0.0
   ],
   [
    -0.3121858390979969,
    -0.26441021361853434,
    0.0
   ],
   [
    -0.09242370346713369,
    -0.15229650094472846,
    0.0
   ],
   [
    -0.1348693415534271,
    -0.21848516265677476,
    0.0
   ],
   [
    -0.10038437480750223,
    -0.12251594455117915,
    0.0
   ],
   [
    -0.12825709936396051,
    -0.004076810157523897,
    0.0
   ],
   [
    -0.11126142485179658,
    -0.11957721177357661,
    0.0
   ],
   [
    -0.3285225474114092,
    -0.04536664199325935,
    0.0
   ],
   [
    -0.3153948691933772,
    -0.26251930997301254,
    0.0
   ],
   [
    -0.3565369010023907,
    -0.04674027146108711,
    0.0
   ],
   [
    -0.2211035904023021,
    -0.23603625501140793,
    0.0
   ],
   [
    -0.0867781165392803,
    -0.032174445926288014,
    0.0
   ],
   [
    -0.15859747150735642,
    -0.02656875065946493,
    0.0
   ],
   [
    -0.3443102691935437,
    -0.13356830862051525,
    0.0
   ],
   [
    -0.334561343440777,
    -0.17080798808292177,
    0.0
   ],
   [
    -0.07455672014632675,
    -0.1710580543872014,
    0.0
   ],
   [
    -0.11124916203646967,
    -0.07219119601721441,
    0.0
   ],
   [
    -0.3084245164893703,
    -0.28201289779164523,
    0.0
   ],
   [
    -0.07074761646306543,
    -0.10384829199467926,
    0.0
   ],
   [
    -0.13029367634696232,
    -0.23806711950192255,
    0.0
   ],
   [
    -0.2423258350253355,
    -0.19338993982217953,
    0.0
   ],
   [
    -0.2434178996117838,
    -0.15833550344440736,
    0.0
   ],
   [
    -0.2502500795177772,
    -0.15457926733871943,
    0.0
   ],
   [
    -0.08611039247383889,
    -0.2221796140253044,
    0.0
   ],
   [
    -0.2882701454341646,
    -0.09620339300593461,
    0.0
   ]
  ],
  "positions": [
   [
    0.3549774879437236,
    -1.2600536743163309,
    0.6126927653709237
   ],
   [
    1.3845684263060734,
    0.5730788566802073,
    0.6365691659329624
   ],
   [
    0.9629291389427718,
    -1.0564632527947349,
    0.6410692445973036
   ],
   [
    0.16901661076918614,
    1.3368637582783942,
    0.5904639967621546
   ],
   [
    0.9958801781884932,
    0.8527047223938193,
    0.6069368357547626
   ],
   [
    -0.05259478972838845,
    1.424171518401418,
    0.537870881845643
   ],
   [
    -0.5957138151374591,
    1.2834773676995122,
    0.6289986890109023
   ],
   [
    -0.3582891011965576,
    -1.4540592850382321,
    0.4816682626076585
   ],
   [
    -0.6504657977612954,
    -1.3236583039466816,
    0.6414197454029565
   ],
   [
    0.9372499489075259,
    -1.1184668383825258,
    0.5400984155383999
   ],
   [
    0.7536246867864805,
    1.219226607814656,
    0.5204459664443983
   ],
   [
    0.13710674208195484,
    -1.4560352694288228,
    0.5082125604698291
   ],
   [
    1.366759006777065,
    0.17141739709426057,
    0.5376923596261532
   ],
   [
    1.4610392465711464,
    0.044758741061597086,
    0.5312050747746206
   ],
   [
    -1.1566862761424423,
    -0.8537054755191383,
    0.5596656506195683
   ],
   [
    -1.006846407379101,
    -0.9308235054621065,
    0.6196676495139863
   ],
   [
    0.32751621946425036,
    -1.3203484505668701,
    0.4869450539265334
   ],
   [
    -0.25087207398885475,
    1.2850863910737853,
    0.4568539698192164
   ],
   [
    1.388963413453255,
    -0.3764879498564254,
    0.5937469116751934
   ],
   [
    -0.5755878733819764,
    1.2033019647612688,
    0.6174148444084664
   ],
   [
    -1.0079743855299994,
    0.9454748764248716,
    0.46260643760330816
   ],
   [
    1.4217345114411348,
    0.03118746103705005,
    0.562119729436735
   ],
   [
    -1.2541578337187103,
    -0.5403981052632499,
    0.6111843052225818
   ],
   [
    1.1246279766780283,
    -0.9451059818685947,
    0.4827149211234353
   ],
   [
    -0.5645266064449945,
    -1.3549252848985496,
    0.5532374569574422
   ]
  ]
 },
 "appearance_assets": {
  "floor_pbr": "Carpet001",
  "background_hdr": "childrens_hospital_4k.hdr"
 },
 "environment_strength": 0.48977426012509084
}