{
 "objects": [
  {
   "obj_subpath": "deer_moose/deer_moose_014/deer_moose_014.blend",
   "obj_location": [
    -0.055769332053248855,
    -0.3236268665534423
   ],
   "obj_pose": [
    [
     0.03188866624778515,
     -0.3757725433989124,
     -0.9261630851923125
    ],
    [
     0.0200794147167063,
     0.9266882426908931,
     -0.37529424597382033
    ],
    [
     0.9992896914482117,
     -0.006629179697483778,
     0.03709614649415016
    ]
   ],
   "obj_scale": 0.6142798458379582,
   "obj_color": {
    "type": "random-multi",
    "color": [
     [
      0.1802024154663351,
      0.8277442633324488,
      0.3352584764873838
     ],
     [
      0.7040869093361853,
      0.006398050913029141,
      0.4513691489414342
     ]
    ],
    "randomness": 0.5001194416052346,
    "scale": 1.4385026769487785,
    "specular": 0.6485818566045658,
    "roughness": 0.12340478343312118,
    "clever": true
   }
  },
  {
   "obj_subpath": "elephant/elephant_035/elephant_035.blend",
   "obj_location": [
    0.443939464717116,
    0.4609894491352624
   ],
   "obj_pose": [
    [
     0.2053487390127066,
     -0.9712244874728365,
     0.12064375424007542
    ],
    [
     0.1559753177706646,
     0.15417241077467084,
     0.9756549336019823
    ],
    [
     -0.9661799073219299,
     -0.18153207004070282,
     0.1831461638212204
    ]
   ],
   "obj_scale": 0.6885313696247725,
   "obj_color": {
    "type": "random-mono",
    "color": [
     [
      0.7511682203133656,
      0.4469528958627944,
      0.7040416748667931
     ],
     [
      0.7064749814307425,
      0.39096864993245317,
      0.657599325686282
     ]
    ],
    "randomness": 0.5973648317417152,
    "scale": 3.673531747957088,
    "specular": 0.631040070538411,
    "roughness": 0.19761626037677343,
    "clever": true
   }
  },
  {
   "obj_subpath": "Formation_Grid_Box_Cylinder/Formation_Grid_Box_Cylinder/Formation_Grid_Box_Cylinder.blend",
   "obj_location": [
    -0.38276365233754983,
    0.47168705967837643
   ],
   "obj_pose": [
    [
     -0.10253026639161905,
     0.994729885181733,
     0.0
    ],
    [
     -0.994729885181733,
     -0.10253026639161905,
     0.0
    ],
    [
     0.0,
     0.0,
     1.0
    ]
   ],
   "obj_scale": 0.6139954177804638,
   "obj_color": {
    "type": "random-mono",
    "color": [
     [
      0.7350158746668914,
      0.8138942384536095,
      0.6310612358754256
     ],
     [
      0.09606101233300197,
      0.11966391898646381,
      0.06495448935511958
     ],
     [
      0.48154236594384364,
      0.5932409182103567,
      0.33433364992899317
     ],
     [
      0.9554693292227373,
      0.9674481472075808,
      0.9396823169549601
     ]
    ],
    "randomness": 0.16628292446091342,
    "scale": 4.087383196031462,
    "specular": 0.6051849701077417,
    "roughness": 0.1628372200295063,
    "clever": false
   }
  }
 ],
 "camera": {
  "track_to_point": [
   [
    0.049855135403195305,
    0.2405871049287079,
    0.0
   ],
   [
    0.13984846710031154,
    0.195695650334785,
    0.0
   ],
   [
    -0.11710987332013911,
    0.11390358468157322,
    0.0
   ],
   [
    0.04389160023194788,
    0.14464589680955517,
    0.0
   ],
   [
    -0.13325573981750416,
    0.21751935017337334,
    0.0
   ],
   [
    -0.14014277636754843,
    0.2360071812759399,
    0.0
   ],
   [
    0.09739579547181099,
    0.3024929821315697,
    0.0
   ],
   [
    0.12848410418544978,
    0.33929775607987517,
    0.0
   ],
   [
    0.08671031416334854,
    0.08031954958050398,
    0.0
   ],
   [
    0.03451598839395181,
    0.3146700688275371,
    0.0
   ],
   [
    -0.10399656648166525,
    0.24658617434115535,
    0.0
   ],
   [
    -0.1477188133613639,
    0.055722983984786284,
    0.0
   ],
   [
    -0.02299628168373996,
    0.11271115769021353,
    0.0
   ],
   [
    0.01636913464479059,
    0.06806649754254107,
    0.0
   ],
   [
    0.09746076392920233,
    0.25660177846796883,
    0.0
   ],
   [
    0.14431248114921227,
    0.1426251231783341,
    0.0
   ],
   [
    -0.1050266807536776,
    0.15431768058499984,
    0.0
   ],
   [
    0.04227721037325202,
    0.26377114497182924,
    0.0
   ],
   [
    -0.10163497802836101,
    0.24170881906232358,
    0.0
   ],
   [
    -0.10468185894527562,
    0.06728114028923055,
    0.0
   ],
   [
    -0.00873392927958802,
    0.23223422365756066,
    0.0
   ],
   [
    -0.05362396232286659,
    0.32249032319229426,
    0.0
   ],
   [
    0.06371406360406137,
    0.277281162856387,
    0.0
   ],
   [
    -0.09833546757405806,
    0.1894388132927585,
    0.0
   ],
   [
    0.044015283951231526,
    0.07558288428544063,
    0.0
   ]
  ],
  "positions": [
   [
    1.3677040180816773,
    0.4115487908063524,
    0.5822440400404161
   ],
   [
    -1.3850926055045625,
    -0.5211159768793211,
    0.5144898332259171
   ],
   [
    0.4288750767525086,
    1.318090253536503,
    0.6403160692639989
   ],
   [
    -1.3371236812783431,
    -0.2902813642192231,
    0.497116775484806
   ],
   [
    -0.5857503297006357,
    1.2352797903006183,
    0.63533227181505
   ],
   [
    1.307301267999694,
    0.1209174403629054,
    0.5153556158109376
   ],
   [
    1.1424871811785404,
    0.8065302411790419,
    0.6165629897778866
   ],
   [
    -1.4141194350057473,
    0.36039093824065394,
    0.5864034715786479
   ],
   [
    1.4139647695997994,
    0.34031025201945997,
    0.6323808079518922
   ],
   [
    -1.2759694325092872,
    0.6858111281472707,
    0.48520922363771973
   ],
   [
    -1.2903532043624517,
    0.6170014350223884,
    0.5005559480613405
   ],
   [
    -0.9469966323897872,
    -0.915500577077632,
    0.49097701592923637
   ],
   [
    1.3531851984466414,
    0.30430122824248684,
    0.4531599398630357
   ],
   [
    -1.409237659854106,
    -0.005995529950781034,
    0.5951236308660554
   ],
   [
    0.8712735728262122,
    0.975742328521818,
    0.5566504697456123
   ],
   [
    0.16082643140224112,
    1.4481294335682642,
    0.5883544340722877
   ],
   [
    -0.6519667664204714,
    -1.3275848497295044,
    0.4787478951651518
   ],
   [
    1.4167059193818998,
    -0.006635245791854234,
    0.45131351466298464
   ],
   [
    1.2664838760488093,
    0.40705459959881224,
    0.5594188760708385
   ],
   [
    -0.4371660864420196,
    -1.2497662487022585,
    0.5148976504164453
   ],
   [
    -1.3719565954360144,
    0.512962161032999,
    0.5837878557857283
   ],
   [
    0.6535491066435799,
    1.1868647647524253,
    0.5106998489672456
   ],
   [
    1.340263407188333,
    -0.5319257658000829,
    0.6182740620005109
   ],
   [
    0.8374952837069182,
    1.1553239013687928,
    0.4868905187086172
   ],
   [
    -0.7241566782519332,
    1.1563188926505192,
    0.5941430028895471
   ]
  ]
 },
 "appearance_assets": {
  "floor_pbr": "Planks011",
  "background_hdr": "reading_room_4k.hdr"
 },
 "environment_strength": 0.5179291493339027
}