{
 "objects": [
  {
   "obj_subpath": "monitor/monitor_029/monitor_029.blend",
   "obj_location": [
    0.22461589258952308,
    0.4792079490153165
   ],
   "obj_pose": [
    [
     0.17561809938546225,
     -0.9844583629916733,
     -2.100020025945768e-06
    ],
    [
     0.9844583629916733,
     0.17561809938546225,
     2.397542356421671e-07
    ],
    [
     1.3277347932216799e-07,
     -2.1094874682603404e-06,
     1.0
    ]
   ],
   "obj_scale": 0.6439317207505185,
   "obj_color": {
    "type": "random-mono",
    "color": [
     [
      0.8029252527414428,
      0.6143606173445133,
      0.641951301664413
     ],
     [
      0.5980388329996231,
      0.3960196514264125,
      0.42557899829767487
     ]
    ],
    "randomness": 0.5020163421649901,
    "scale": 3.0898351940513784,
    "specular": 0.6245207291831485,
    "roughness": 0.2863835824788985,
    "clever": true
   }
  },
  {
   "obj_subpath": "light_bulb/light_bulb_002/light_bulb_002.blend",
   "obj_location": [
    0.3893698372901605,
    -0.22813333215042486
   ],
   "obj_pose": [
    [
     0.5672495793716347,
     0.8234846438882587,
     0.010047100339635578
    ],
    [
     -0.8234906104517145,
     0.5670278602795717,
     0.018509955756974502
    ],
    [
     0.009545679204165936,
     -0.018773458898067474,
     0.9997782111167908
    ]
   ],
   "obj_scale": 0.6205106298678118,
   "obj_color": {
    "type": "random-mono",
    "color": [
     [
      0.7810975713708275,
      0.6248631652696848,
      0.4651515849702097
     ],
     [
      0.8702139662770284,
      0.8087748039839016,
      0.745968243335802
     ],
     [
      0.6803166135736897,
      0.4701492632466165,
      0.25530439977678465
     ],
     [
      0.8079482835737996,
      0.5306609472786645,
      0.24720226630119646
     ]
    ],
    "randomness": 0.8943587584030093,
    "scale": 3.287220257735435,
    "specular": 0.770602781655551,
    "roughness": 0.2701223607699803,
    "clever": false
   }
  },
  {
   "obj_subpath": "Cylinder_Hole_Stacked/Cylinder_Hole_Stacked/Cylinder_Hole_Stacked.blend",
   "obj_location": [
    -0.3013968214898489,
    -0.13556420391700952
   ],
   "obj_pose": [
    [
     -0.9904419527276977,
     0.13793019349274113,
     0.0
    ],
    [
     -0.13793019349274113,
     -0.9904419527276977,
     0.0
    ],
    [
     0.0,
     0.0,
     1.0
    ]
   ],
   "obj_scale": 0.6074548839274494,
   "obj_color": {
    "type": "random-multi",
    "color": [
     [
      0.14517853971162653,
      0.6095112183224711,
      0.4318240215867938
     ],
     [
      0.14661172095346667,
      0.06406482886143505,
      0.5571997710396918
     ]
    ],
    "randomness": 0.3949750442942429,
    "scale": 1.1085166022117536,
    "specular": 0.8014932927976351,
    "roughness": 0.13065069599755205,
    "clever": true
   }
  }
 ],
 "camera": {
  "track_to_point": [
   [
    0.21445805486899838,
    -0.10575226784231354,
    0.0
   ],
   [
    0.18966698780158692,
    0.1413081251924589,
    0.0
   ],
   [
    0.24793523825644775,
    0.06071840289729815,
    0.0
   ],
   [
    0.24983331907958112,
    -0.033633750139323966,
    0.0
   ],
   [
    -0.015911550788768394,
    0.1399136878765863,
    0.0
   ],
   [
    0.07406410988955867,
    -0.07496320432410544,
    0.0
   ],
   [
    0.1579471630369882,
    0.12025165575525212,
    0.0
   ],
   [
    0.12459854391183885,
    -0.020898103909063166,
    0.0
   ],
   [
    0.17116955188956468,
    0.13233566282482973,
    0.0
   ],
   [
    0.1206247444537027,
    -0.00846700057987946,
    0.0
   ],
   [
    0.2059686763911413,
    -0.0113574211081224,
    0.0
   ],
   [
    0.03314390293879402,
    0.11317591092395787,
    0.0
   ],
   [
    0.02627687277366654,
    -0.04618787212504304,
    0.0
   ],
   [
    0.008996337703467486,
    0.05800348847650102,
    0.0
   ],
   [
    0.11499045582231966,
    0.01373437337970037,
    0.0
   ],
   [
    0.150648636327199,
    -0.09372511695113836,
    0.0
   ],
   [
    0.08562214269238706,
    0.07572239831115912,
    0.0
   ],
   [
    0.06181929479617673,
    -0.10888199056771902,
    0.0
   ],
   [
    0.19618120970865072,
    -0.04668514178699006,
    0.0
   ],
   [
    0.2252160084635419,
    -0.010182463439175997,
    0.0
   ],
   [
    0.14366946832282068,
    -0.05838845324121091,
    0.0
   ],
   [
    0.23088256864319978,
    -0.10643341019038166,
    0.0
   ],
   [
    0.22588839495516638,
    -0.024264013913712003,
    0.0
   ],
   [
    0.030218327917568913,
    0.012321950257291873,
    0.0
   ],
   [
    0.05159587653263288,
    0.1486508456897192,
    0.0
   ]
  ],
  "positions": [
   [
    0.3195028469236441,
    1.3472966121639067,
    0.4979580096248257
   ],
   [
    1.424845960110924,
    -0.37531988501952834,
    0.5010208026453248
   ],
   [
    -0.36558364268466076,
    1.423911081951703,
    0.6102292268557605
   ],
   [
    0.868979178951279,
    -1.0010344691025654,
    0.5934218793202899
   ],
   [
    0.2659647712823521,
    1.2911479433388353,
    0.6358700441325469
   ],
   [
    -0.6553288368076359,
    -1.2552755417436356,
    0.4877396702015289
   ],
   [
    1.2986694087666864,
    0.07710146689153091,
    0.620021370655018
   ],
   [
    -1.2788743724217295,
    0.4840639230046334,
    0.528782497395432
   ],
   [
    1.3834820444768223,
    -0.21178287030504614,
    0.5130626079235998
   ],
   [
    -1.177388200817406,
    -0.6501008197954026,
    0.5094156910322613
   ],
   [
    0.4664891740761312,
    1.3617151885823604,
    0.4623221421787865
   ],
   [
    -1.3046106640384292,
    0.5769398913088818,
    0.5417678533812202
   ],
   [
    -0.6216471570272197,
    1.2823675546561437,
    0.5748174457858632
   ],
   [
    -1.4244246055956775,
    0.21100483418992075,
    0.505477316003555
   ],
   [
    1.283742846186305,
    0.2753410891126711,
    0.5333374248942464
   ],
   [
    -0.6917656945596007,
    -1.3163172026942078,
    0.6005177212205367
   ],
   [
    1.3706335337254365,
    -0.36040023567825946,
    0.5192134201890763
   ],
   [
    -0.2997941128810342,
    1.4378939072672803,
    0.6220052690733646
   ],
   [
    1.2432281213310767,
    0.47566888473889396,
    0.589970941337981
   ],
   [
    -0.49164621522195756,
    1.3360388800124723,
    0.4604781352747294
   ],
   [
    -1.0711239694392038,
    -0.9501397452635895,
    0.5869713459004411
   ],
   [
    1.280167366404467,
    -0.4249245323088427,
    0.5448213610349262
   ],
   [
    -0.6054748177128321,
    -1.238297754432413,
    0.5072943209760946
   ],
   [
    -1.2222591674107552,
    0.7806814774414321,
    0.6212292821853185
   ],
   [
    1.0802849511414234,
    -1.0342609571606622,
    0.45449683219431913
   ]
  ]
 },
 "appearance_assets": {
  "floor_pbr": "Carpet008",
  "background_hdr": "wooden_lounge_4k.hdr"
 },
 "environment_strength": 0.510697794510018
}