{
 "objects": [
  {
   "obj_subpath": "pencil/pencil_032/pencil_032.blend",
   "obj_location": [
    -0.18281701109065251,
    0.366165310099419
   ],
   "obj_pose": [
    [
     -0.7266427188081043,
     0.6752756829352557,
     -0.12646411674011374
    ],
    [
     -0.09442410468169132,
     0.08416671609633307,
     0.991967744873583
    ],
    [
     0.6804957389831543,
     0.7327473759651184,
     0.002603169297799468
    ]
   ],
   "obj_scale": 0.6749222046598593,
   "obj_color": {
    "type": "random-multi",
    "color": [
     [
      0.0827410083856717,
      0.7373274344459131,
      0.004418059190840706
     ],
     [
      0.24482341209251318,
      0.09749260596213949,
      0.6849610352857756
     ]
    ],
    "randomness": 3.176749035905337,
    "scale": 0.7936450378329383,
    "specular": 0.8244314549297567,
    "roughness": 0.21205146270926017,
    "clever": false
   }
  },
  {
   "obj_subpath": "robot/robot_001/robot_001.blend",
   "obj_location": [
    -0.4771430608870023,
    -0.3860213078799355
   ],
   "obj_pose": [
    [
     0.46141344854202965,
     0.12796979092133534,
     -0.8779073606246197
    ],
    [
     -0.8871852205585823,
     0.06656295275718879,
     -0.456587052199284
    ],
    [
     6.756188668077812e-06,
     0.9895418882369995,
     0.1442459523677826
    ]
   ],
   "obj_scale": 0.6418290600104166,
   "obj_color": {
    "type": "random-mono",
    "color": [
     [
      0.48682596651044596,
      0.6783331924590518,
      0.42654056278769115
     ],
     [
      0.9677114018495294,
      0.9807709813268717,
      0.9636003192658766
     ]
    ],
    "randomness": 0.44901243951001135,
    "scale": 3.045310801279774,
    "specular": 0.6280390231465174,
    "roughness": 0.2554130381793751,
    "clever": false
   }
  },
  {
   "obj_subpath": "Classic_Set_Cylinder/Classic_Set_Cylinder/Classic_Set_Cylinder.blend",
   "obj_location": [
    0.48792807539866656,
    0.4963291986307605
   ],
   "obj_pose": [
    [
     0.6723051380559697,
     -0.7402741393183633,
     0.0
    ],
    [
     0.7402741393183633,
     0.6723051380559697,
     0.0
    ],
    [
     0.0,
     0.0,
     1.0
    ]
   ],
   "obj_scale": 0.6946548422428402,
   "obj_color": {
    "type": "random-multi",
    "color": [
     [
      0.977251470076031,
      0.06863666245676947,
      0.46363523019489633
     ],
     [
      0.767750056689123,
      0.2365305674950855,
      0.04359027248710612
     ]
    ],
    "randomness": 3.7533624718960596,
    "scale": 0.6125513094844726,
    "specular": 0.853151978539615,
    "roughness": 0.29456811698916463,
    "clever": true
   }
  }
 ],
 "camera": {
  "track_to_point": [
   [
    0.022905945252217015,
    0.045938678156724894,
    0.0
   ],
   [
    0.08596505150426442,
    0.10391681797744132,
    0.0
   ],
   [
    -0.05263706271792317,
    0.20226601783376416,
    0.0
   ],
   [
    -0.1635260287458859,
    0.03929889991527888,
    0.0
   ],
   [
    0.06318066161197378,
    0.1783263840597331,
    0.0
   ],
   [
    -0.15463958124934557,
    0.255117361935236,
    0.0
   ],
   [
    -0.06037676177166148,
    0.07370404049292427,
    0.0
   ],
   [
    -0.027283262978862265,
    0.08044468201470147,
    0.0
   ],
   [
    -0.17148902323476356,
    0.164933113403386,
    0.0
   ],
   [
    0.03261377853557349,
    0.0686816509861568,
    0.0
   ],
   [
    0.020833687822739345,
    0.11443002165837357,
    0.0
   ],
   [
    -0.043145936458145955,
    0.030068980087758823,
    0.0
   ],
   [
    -0.1932432665794021,
    0.2621983497254075,
    0.0
   ],
   [
    0.04256565266010396,
    0.1431865556845541,
    0.0
   ],
   [
    -0.08371562810503566,
    0.022361123300923658,
    0.0
   ],
   [
    -0.1672223541165812,
    0.09709916627562938,
    0.0
   ],
   [
    -0.023091019043369958,
    0.20089250211091464,
    0.0
   ],
   [
    -0.051237771992116536,
    0.07703683384855638,
    0.0
   ],
   [
    -0.13375568466034995,
    0.05001623824252788,
    0.0
   ],
   [
    -0.17849979276777939,
    0.02234760690646545,
    0.0
   ],
   [
    -0.05857163768718018,
    0.2853965181401442,
    0.0
   ],
   [
    -0.07775043843602034,
    0.1663433181871006,
    0.0
   ],
   [
    -0.1717519579156026,
    0.1995182947132981,
    0.0
   ],
   [
    0.032103678861588804,
    0.14930803581490965,
    0.0
   ],
   [
    0.0018794845082265102,
    0.17717423887132286,
    0.0
   ]
  ],
  "positions": [
   [
    1.14913735430923,
    0.8003980482301803,
    0.5638817535259095
   ],
   [
    1.058846484212068,
    0.83826270244721,
    0.6124624828040356
   ],
   [
    0.3489808070340169,
    1.4268858745031558,
    0.584105358968435
   ],
   [
    1.3098700205630864,
    0.44561861616382586,
    0.631537535016404
   ],
   [
    0.8799802162737957,
    1.0113697038820488,
    0.6347580309794352
   ],
   [
    -1.3278946593463679,
    -0.6203608850000157,
    0.5222191768470144
   ],
   [
    0.9777506794154537,
    -0.9447230556488935,
    0.4563240728368847
   ],
   [
    -0.16689211692153788,
    -1.2918920839777097,
    0.5177972295837777
   ],
   [
    0.3242281833048263,
    -1.3560480223396874,
    0.5144730133640888
   ],
   [
    -1.3952840772372515,
    0.04437782013561589,
    0.6285702471250616
   ],
   [
    1.07595608902598,
    -0.8861779071359958,
    0.5123395734447986
   ],
   [
    -1.049208200568571,
    0.888519779991871,
    0.5734525163839657
   ],
   [
    -1.0961569430855318,
    0.7029364090959427,
    0.4695838776163274
   ],
   [
    0.2371429627217732,
    1.2789912340338865,
    0.5050454976858922
   ],
   [
    -0.7778276858414622,
    -1.096834701023938,
    0.6100775964224443
   ],
   [
    -0.8012584825914293,
    1.187709324731691,
    0.48316066184890083
   ],
   [
    1.319223294330379,
    0.23000017397073663,
    0.6228081763817124
   ],
   [
    -0.045584441032064715,
    -1.459081976627543,
    0.5087154171341206
   ],
   [
    1.3165082592449446,
    -0.3143105320816787,
    0.5586030423292012
   ],
   [
    -1.11787375530478,
    0.6993102345665094,
    0.5590379745444467
   ],
   [
    0.6173688226738322,
    1.1488871095940945,
    0.5639666676026632
   ],
   [
    0.17365324461968215,
    1.3806426566660575,
    0.49785671288499356
   ],
   [
    0.3312230373472249,
    -1.2994820425960927,
    0.6082834784577165
   ],
   [
    0.8121427543277625,
    -1.0211746581501582,
    0.553492647044159
   ],
   [
    1.0162050325309004,
    0.83713171455457,
    0.5241183809914679
   ]
  ]
 },
 "appearance_assets": {
  "floor_pbr": "Fabric024",
  "background_hdr": "lebombo_4k.hdr"
 },
 "environment_strength": 0.7172896603993917
}