{
 "objects": [
  {
   "obj_subpath": "dinosaur/dinosaur_063/dinosaur_063.blend",
   "obj_location": [
    -0.4606545735833908,
    -0.316209974194845
   ],
   "obj_pose": [
    [
     0.20893292087558638,
     0.06362398247262221,
     0.9758581151177083
    ],
    [
     -0.0993766462939483,
     -0.991334378281476,
     0.08590971834148534
    ],
    [
     0.9728675484657288,
     -0.11492686718702316,
     -0.20079964399337769
    ]
   ],
   "obj_scale": 0.6416607550365225,
   "obj_color": {
    "type": "random-mono",
    "color": [
     [
      0.0739825884693403,
      0.2829063435154147,
      0.07682732054136929
     ],
     [
      0.19582848191154584,
      0.43897777143960065,
      0.19913923315694146
     ],
     [
      0.3024652596534163,
      0.6351280049327677,
      0.3069948373477129
     ],
     [
      0.26568706460843206,
      0.5233207383116024,
      0.2691950370467813
     ]
    ],
    "randomness": 0.6108577479216623,
    "scale": 4.937473030493945,
    "specular": 0.6563345147918715,
    "roughness": 0.22305786469249084,
    "clever": false
   }
  },
  {
   "obj_subpath": "bottle/bottle_057/bottle_057.blend",
   "obj_location": [
    0.32276646663444586,
    0.18916474591044563
   ],
   "obj_pose": [
    [
     -0.9334509138203823,
     -0.00015930729172960399,
     0.3587050749104349
    ],
    [
     0.35870508960701747,
     -0.0004140645024708986,
     0.9334508541649655
    ],
    [
     -1.7849241373824043e-07,
     0.9999998807907104,
     0.0004436532617546618
    ]
   ],
   "obj_scale": 0.6517931163697428,
   "obj_color": {
    "type": "random-multi",
    "color": [
     [
      0.4776048719680758,
      0.11092930018625224,
      0.536822182954246
     ],
     [
      0.25708656775876343,
      0.8501850132749804,
      0.11467473163989872
     ],
     [
      0.5532925948119163,
      0.09105227513680814,
      0.4803620469998233
     ]
    ],
    "randomness": 2.1343090439713874,
    "scale": 1.2601584998860678,
    "specular": 0.8822446726813635,
    "roughness": 0.21139550875234153,
    "clever": true
   }
  },
  {
   "obj_subpath": "Multi_Holed_Cylinder/Multi_Holed_Cylinder/Multi_Holed_Cylinder.blend",
   "obj_location": [
    -0.4341305558937647,
    0.30167834973153873
   ],
   "obj_pose": [
    [
     0.993178908174033,
     -0.11660041319924937,
     0.0
    ],
    [
     0.11660041319924937,
     0.993178908174033,
     0.0
    ],
    [
     0.0,
     0.0,
     1.0
    ]
   ],
   "obj_scale": 0.6890143284464028,
   "obj_color": {
    "type": "random-multi",
    "color": [
     [
      0.7342126649363333,
      0.5437722068466336,
      0.07245314501298028
     ],
     [
      0.1653315316466581,
      0.08772912937690669,
      0.6055866992114877
     ],
     [
      0.8057329733349569,
      0.8711108237126288,
      0.17274236796402875
     ],
     [
      0.7097815404045474,
      0.5859144863934567,
      0.1710064269925029
     ]
    ],
    "randomness": 1.8733596857724344,
    "scale": 1.1056697697199214,
    "specular": 0.812478143627966,
    "roughness": 0.28274080610104346,
    "clever": false
   }
  }
 ],
 "camera": {
  "track_to_point": [
   [
    -0.11535802389977187,
    -0.05934795744807367,
    0.0
   ],
   [
    -0.2359468930184742,
    0.155869945050188,
    0.0
   ],
   [
    -0.2276017060753554,
    0.026477374908067106,
    0.0
   ],
   [
    -0.205265389267219,
    0.1302749130689801,
    0.0
   ],
   [
    -0.3367370344287901,
    0.11984228330451585,
    0.0
   ],
   [
    -0.3075591747422014,
    -0.07612012527635248,
    0.0
   ],
   [
    -0.11788690682838299,
    0.12174556439536358,
    0.0
   ],
   [
    -0.16587287032948195,
    -0.045893074191938554,
    0.0
   ],
   [
    -0.1293725414515027,
    0.06133655582235911,
    0.0
   ],
   [
    -0.2979011580153554,
    0.008880698535481305,
    0.0
   ],
   [
    -0.09253391501269023,
    0.18124661625115304,
    0.0
   ],
   [
    -0.3120357004948384,
    -0.07990374333449393,
    0.0
   ],
   [
    -0.19738239444110606,
    -0.06939521833927526,
    0.0
   ],
   [
    -0.23831963987649118,
    0.055401373547582455,
    0.0
   ],
   [
    -0.05928845494982832,
    -0.08237971658121993,
    0.0
   ],
   [
    -0.15956029378051537,
    -0.027235644867224823,
    0.0
   ],
   [
    -0.2301103212038209,
    0.023568751476670508,
    0.0
   ],
   [
    -0.2701852930398001,
    -0.006914513923838128,
    0.0
   ],
   [
    -0.17797154264137485,
    -0.03741029073515606,
    0.0
   ],
   [
    -0.05382409281165079,
    0.15220810647739436,
    0.0
   ],
   [
    -0.06045737311302635,
    0.031666299859485186,
    0.0
   ],
   [
    -0.2412494810322824,
    0.15627306375801744,
    0.0
   ],
   [
    -0.278414012958058,
    0.10066343737921035,
    0.0
   ],
   [
    -0.07904653586883509,
    0.15083940075590152,
    0.0
   ],
   [
    -0.33675203819206345,
    0.03748850301328491,
    0.0
   ]
  ],
  "positions": [
   [
    -1.3131665318139571,
    0.3123791559662357,
    0.5535970563249433
   ],
   [
    1.2050665925981336,
    0.7331458323494345,
    0.635184324355712
   ],
   [
    1.0023744732135833,
    -0.9243992468108324,
    0.6348678662264615
   ],
   [
    0.335674272800114,
    -1.3378930115089513,
    0.5089540173985017
   ],
   [
    -1.3600870053219614,
    0.19401326819018055,
    0.5988940669117393
   ],
   [
    -0.6696757509423367,
    -1.3083018353373888,
    0.630260669665826
   ],
   [
    -0.4913067972361493,
    -1.2130657302528214,
    0.5096130987941285
   ],
   [
    -0.9074318575179738,
    -1.0972283182399847,
    0.6380595749886477
   ],
   [
    0.7673616992180456,
    -1.1431761125148392,
    0.5689134559357456
   ],
   [
    0.567988635913703,
    -1.216709167049214,
    0.45696524555791657
   ],
   [
    0.3940820351197967,
    -1.3581453569022128,
    0.6313205461037933
   ],
   [
    1.3647959787017345,
    0.5248548054772141,
    0.605519351203861
   ],
   [
    -1.3524789062218536,
    -0.1240146733473902,
    0.4703148407900876
   ],
   [
    1.3280209263145226,
    -0.5448234450843285,
    0.5833358514697944
   ],
   [
    0.2561426590911827,
    1.4319320751469644,
    0.6019132088372121
   ],
   [
    -0.07879936247404465,
    -1.4157946658848002,
    0.5203585594331297
   ],
   [
    0.5217941428309353,
    1.3975499481577243,
    0.5827944052977597
   ],
   [
    0.5526593984207631,
    1.1841951859325734,
    0.56700431203601
   ],
   [
    -1.0360343387262334,
    0.8586511166124522,
    0.626444753522304
   ],
   [
    -0.8042417073294529,
    1.0855208711608417,
    0.5881873217872078
   ],
   [
    -1.2880358100372953,
    0.6809316411927027,
    0.49270585094283403
   ],
   [
    -0.75687381323388,
    1.191524103532304,
    0.494819702489997
   ],
   [
    0.007725708445337214,
    1.4472991933632366,
    0.4708372602190731
   ],
   [
    -1.3675052106428751,
    -0.4236364332571369,
    0.5102731907147866
   ],
   [
    -0.41348812227278386,
    -1.3529821516645357,
    0.4500518904653896
   ]
  ]
 },
 "appearance_assets": {
  "floor_pbr": "Carpet007",
  "background_hdr": "lebombo_4k.hdr"
 },
 "environment_strength": 0.7665516704887738
}