{
 "objects": [
  {
   "obj_subpath": "chair/chair_190/chair_190.blend",
   "obj_location": [
    -0.22068986589979467,
    0.06502498121737588
   ],
   "obj_pose": [
    [
     0.8365650657542698,
     0.5478675567636359,
     -2.1500518910930598e-07
    ],
    [
     -0.547867556763636,
     0.8365650657542699,
     -4.1420771469728534e-08
    ],
    [
     1.571727352711605e-07,
     1.524455370827127e-07,
     1.0
    ]
   ],
   "obj_scale": 0.6890629102871509,
   "obj_color": {
    "type": "random-multi",
    "color": [
     [
      0.37985071153171107,
      0.09825539673066053,
      0.5499388661409559
     ],
     [
      0.4171497956185461,
      0.0986655242722756,
      0.8910851370408264
     ]
    ],
    "randomness": 0.6266484020360896,
    "scale": 1.0090463414817812,
    "specular": 0.6507312550312853,
    "roughness": 0.1551901986015261,
    "clever": false
   }
  },
  {
   "obj_subpath": "chess_piece/chess_piece_016/chess_piece_016.blend",
   "obj_location": [
    0.3240699939551823,
    0.4667464954080167
   ],
   "obj_pose": [
    [
     -0.8446754349904695,
     -0.535278793902149,
     3.272443314228149e-06
    ],
    [
     0.535278793902149,
     -0.8446754349904696,
     -2.6463073451243214e-06
    ],
    [
     4.180664745945251e-06,
     -4.836013545173046e-07,
     1.0
    ]
   ],
   "obj_scale": 0.6754531682010518,
   "obj_color": {
    "type": "random-multi",
    "color": [
     [
      0.1265056164611927,
      0.04898444153613035,
      0.7752966640112925
     ],
     [
      0.5618170156501514,
      0.4136798687468504,
      0.040731253165062986
     ]
    ],
    "randomness": 3.530018683402829,
    "scale": 1.022819356577414,
    "specular": 0.7694920108700207,
    "roughness": 0.22467523927979394,
    "clever": false
   }
  },
  {
   "obj_subpath": "Cylinder_Stack/Cylinder_Stack/Cylinder_Stack.blend",
   "obj_location": [
    0.2757182263582999,
    -0.40319325722334964
   ],
   "obj_pose": [
    [
     0.63657913570467,
     0.7712113873546573,
     0.0
    ],
    [
     -0.7712113873546573,
     0.63657913570467,
     0.0
    ],
    [
     0.0,
     0.0,
     1.0
    ]
   ],
   "obj_scale": 0.6897137542767363,
   "obj_color": {
    "type": "random-mono",
    "color": [
     [
      0.21669050399391043,
      0.5341431803878949,
      0.26736356414171425
     ],
     [
      0.639838481101866,
      0.7957681091237883,
      0.6647285891624868
     ],
     [
      0.15610941130305758,
      0.23617692171440505,
      0.16889010610470961
     ],
     [
      0.1433884719182622,
      0.4991153939883538,
      0.20017101955027344
     ]
    ],
    "randomness": 0.7099645120264737,
    "scale": 3.3404493475831822,
    "specular": 0.8406782520656533,
    "roughness": 0.29903915264203584,
    "clever": false
   }
  }
 ],
 "camera": {
  "track_to_point": [
   [
    0.056712673229819405,
    0.02185625327141827,
    0.0
   ],
   [
    0.1112639955553073,
    -0.07953618620151044,
    0.0
   ],
   [
    0.04652246915985897,
    0.10504784177131893,
    0.0
   ],
   [
    0.12917001926013247,
    0.16016861431357352,
    0.0
   ],
   [
    0.00214976310506515,
    -0.006080856083905031,
    0.0
   ],
   [
    0.0585056279563379,
    -0.041641805542403834,
    0.0
   ],
   [
    0.06039105751690871,
    0.028424067342195714,
    0.0
   ],
   [
    0.06040137422877953,
    0.10461078168579527,
    0.0
   ],
   [
    -0.01421183393658823,
    0.07602792921241075,
    0.0
   ],
   [
    -0.012075129426185383,
    -0.0312793153116529,
    0.0
   ],
   [
    -0.013564808319254551,
    -0.024545054530731053,
    0.0
   ],
   [
    0.009694329988963662,
    0.015718880390721474,
    0.0
   ],
   [
    0.2178287861772858,
    0.036855463557528695,
    0.0
   ],
   [
    0.09528182778154226,
    -0.06045310322122455,
    0.0
   ],
   [
    0.2600888219256749,
    0.1229845928203501,
    0.0
   ],
   [
    0.03592084394261785,
    -0.01817012722443588,
    0.0
   ],
   [
    0.23745159493847057,
    0.042739737420895124,
    0.0
   ],
   [
    0.05936830507380994,
    0.1407127408123279,
    0.0
   ],
   [
    0.23544889455119872,
    0.053205433820364995,
    0.0
   ],
   [
    0.06791954985815833,
    0.11057869517564334,
    0.0
   ],
   [
    0.13614937746721287,
    0.15744839729784696,
    0.0
   ],
   [
    0.1881652224514134,
    -0.06128187850664944,
    0.0
   ],
   [
    0.22456029582331222,
    0.10147334962855731,
    0.0
   ],
   [
    0.010069769862377675,
    0.11636728538842611,
    0.0
   ],
   [
    0.1957738538154846,
    0.08680221695690493,
    0.0
   ]
  ],
  "positions": [
   [
    -1.3473804446375188,
    -0.30456964195218844,
    0.48480268400937526
   ],
   [
    -1.2567988918157578,
    -0.4819917776222148,
    0.640592447424211
   ],
   [
    -0.11125883795529377,
    -1.3438597265516576,
    0.5782959113951237
   ],
   [
    -0.6000758127228247,
    -1.2011625000512194,
    0.4573399694799928
   ],
   [
    1.1424128265365046,
    -0.887399766587852,
    0.6319269664831833
   ],
   [
    -1.0521489657001073,
    0.9181035035276018,
    0.5065586335735208
   ],
   [
    1.4936161397839445,
    0.08326002258831468,
    0.6154248462058496
   ],
   [
    0.9767492645275848,
    -1.1293676758461069,
    0.48912252348193874
   ],
   [
    -0.3706739401243406,
    -1.3090157528230304,
    0.522083080949658
   ],
   [
    0.9475277232700748,
    -1.0311695694575638,
    0.6448050923862287
   ],
   [
    -1.199995895957722,
    0.5137542019667163,
    0.6347577443260459
   ],
   [
    -1.362020490656216,
    0.26325096706121753,
    0.5192055862021223
   ],
   [
    1.1041322737109305,
    -0.963846077054857,
    0.5202303096800858
   ],
   [
    -0.27475782133106064,
    -1.3347843353904603,
    0.5457462254716009
   ],
   [
    -1.418138115912603,
    0.2682374194086633,
    0.5795865086968907
   ],
   [
    1.2573587166412448,
    -0.4594240786250789,
    0.5473447677718373
   ],
   [
    1.1519864327914158,
    0.704570751109758,
    0.5994037121115645
   ],
   [
    -1.1876724972710784,
    -0.7168014851669329,
    0.4945117256215287
   ],
   [
    -0.6344014750311768,
    1.191730652867153,
    0.5511391592223236
   ],
   [
    -1.316407136707351,
    -0.23980168205150676,
    0.6413541945321757
   ],
   [
    -0.895123488405114,
    1.1535237682991741,
    0.5585705707611607
   ],
   [
    0.6467630726479981,
    1.1482627659595515,
    0.6120712397298431
   ],
   [
    -0.6108278492528141,
    -1.2909077665845283,
    0.5286355108033559
   ],
   [
    0.15815113270639802,
    1.347756836191468,
    0.5135922024413448
   ],
   [
    -0.42465880549738433,
    1.4336323324048041,
    0.6294533138212731
   ]
  ]
 },
 "appearance_assets": {
  "floor_pbr": "Carpet005",
  "background_hdr": "entrance_hall_4k.hdr"
 },
 "environment_strength": 0.6400453916935871
}