{
 "objects": [
  {
   "obj_subpath": "cupcake/cupcake_015/cupcake_015.blend",
   "obj_location": [
    0.35258196882909776,
    -0.18319159563460263
   ],
   "obj_pose": [
    [
     -0.9468850309071538,
     0.32157226496315455,
     9.509566887098339e-05
    ],
    [
     -0.3215722649631546,
     -0.9468850309071538,
     -0.00018048641850076228
    ],
    [
     3.200523860868998e-05,
     -0.00020148002658970654,
     1.0
    ]
   ],
   "obj_scale": 0.6461836578544891,
   "obj_color": {
    "type": "random-multi",
    "color": [
     [
      0.7793701663377163,
      0.746001612899542,
      0.14187644622650997
     ],
     [
      0.5301902009134336,
      0.075245357700503,
      0.37028691595377794
     ],
     [
      0.393422263213003,
      0.15341972567895334,
      0.8180032688683601
     ]
    ],
    "randomness": 1.1604547682998518,
    "scale": 1.3337811577927874,
    "specular": 0.7231286889240415,
    "roughness": 0.24023382673155821,
    "clever": false
   }
  },
  {
   "obj_subpath": "dog/dog_005/dog_005.blend",
   "obj_location": [
    -0.3167909792607281,
    0.12594164709992828
   ],
   "obj_pose": [
    [
     0.06869445903551101,
     -0.7591306880633265,
     -0.6473033921693018
    ],
    [
     -0.022731237453175967,
     -0.6498586979788219,
     0.759715044509486
    ],
    [
     -0.9973787665367126,
     -0.03747420758008957,
     -0.06189767271280289
    ]
   ],
   "obj_scale": 0.6909420853662823,
   "obj_color": {
    "type": "random-mono",
    "color": [
     [
      0.16588923795935773,
      0.6526633660062455,
      0.45377076376083625
     ],
     [
      0.16303336653692857,
      0.2524377562111104,
      0.21590772988081247
     ],
     [
      0.7405156275031746,
      0.8443764840484418,
      0.8019396435519897
     ],
     [
      0.4616762855673502,
      0.8442274271149379,
      0.6879196292053853
     ]
    ],
    "randomness": 0.027866423282865593,
    "scale": 2.1838368602210734,
    "specular": 0.6023090572806057,
    "roughness": 0.13066367749224642,
    "clever": false
   }
  },
  {
   "obj_subpath": "Geo_Instance_Crystal_Cube/Geo_Instance_Crystal_Cube/Geo_Instance_Crystal_Cube.blend",
   "obj_location": [
    0.4928171238230259,
    0.41479032917167
   ],
   "obj_pose": [
    [
     0.8504154858745725,
     -0.5261116814752498,
     0.0
    ],
    [
     0.5261116814752498,
     0.8504154858745725,
     0.0
    ],
    [
     0.0,
     0.0,
     1.0
    ]
   ],
   "obj_scale": 0.6778280466088379,
   "obj_color": {
    "type": "random-multi",
    "color": [
     [
      0.6043169641117204,
      0.06003326800048747,
      0.5091440580280846
     ],
     [
      0.591480991903403,
      0.04594258475849644,
      0.29418204190202407
     ],
     [
      0.20114842593539795,
      0.028700345912977654,
      0.835365777489742
     ],
     [
      0.7354119097858196,
      0.03411516062671893,
      0.44525461961968055
     ]
    ],
    "randomness": 2.830662121850458,
    "scale": 0.9300622058690151,
    "specular": 0.6639429436696417,
    "roughness": 0.1332334017566929,
    "clever": false
   }
  }
 ],
 "camera": {
  "track_to_point": [
   [
    0.06748916030544774,
    0.10437600744820032,
    0.0
   ],
   [
    0.06103534192104329,
    0.01209438820091932,
    0.0
   ],
   [
    0.16841435906012037,
    0.18972730130524262,
    0.0
   ],
   [
    0.10719108563938654,
    0.05568438762435346,
    0.0
   ],
   [
    0.1943599539210216,
    0.18516283195766986,
    0.0
   ],
   [
    0.309519121231912,
    0.10410950427032924,
    0.0
   ],
   [
    0.05352615287574966,
    0.059747958751483615,
    0.0
   ],
   [
    0.09239402903747952,
    0.13834410644270667,
    0.0
   ],
   [
    0.19836906934945628,
    0.0631428507730326,
    0.0
   ],
   [
    0.21431018501947424,
    0.1457154320013203,
    0.0
   ],
   [
    0.20984317641770123,
    0.24852856084033526,
    0.0
   ],
   [
    0.26403037169297927,
    0.2634649987555977,
    0.0
   ],
   [
    0.06273981229321816,
    0.019186849502933936,
    0.0
   ],
   [
    0.05034888845164523,
    0.0851630517651225,
    0.0
   ],
   [
    0.043110677200765724,
    0.0887503535797559,
    0.0
   ],
   [
    0.2371608655371859,
    0.050235314246002596,
    0.0
   ],
   [
    0.32206570240502824,
    0.10252476333959638,
    0.0
   ],
   [
    0.28199186091707307,
    0.11559105472951804,
    0.0
   ],
   [
    0.12309993818136974,
    0.01162374226451808,
    0.0
   ],
   [
    0.12036329746064624,
    0.26771371442559666,
    0.0
   ],
   [
    0.03283745648826955,
    0.12411884805458663,
    0.0
   ],
   [
    0.06980273357608185,
    0.06839675331348355,
    0.0
   ],
   [
    0.21078198471078977,
    0.15259443561850883,
    0.0
   ],
   [
    0.06139891605747336,
    -0.01215347920157904,
    0.0
   ],
   [
    0.14176407923799123,
    0.017397562226750943,
    0.0
   ]
  ],
  "positions": [
   [
    -1.2372190363805804,
    -0.6067323863253993,
    0.5177802880758915
   ],
   [
    -0.6485238333229651,
    1.1976519168152766,
    0.5039740606322906
   ],
   [
    1.0821418601487618,
    0.8137363208578051,
    0.616283691536617
   ],
   [
    0.9779149653083938,
    0.8690979960033156,
    0.6476209824848365
   ],
   [
    0.8271437026907931,
    -1.031380035578547,
    0.6323639761974139
   ],
   [
    1.4860795755136467,
    0.10541878016334437,
    0.5758052462784935
   ],
   [
    -0.8551999655187031,
    1.0451384559368406,
    0.5527648932811695
   ],
   [
    -1.2875008926771767,
    0.45822109504932174,
    0.6180661967916888
   ],
   [
    -1.2841388528972137,
    -0.28154571589950234,
    0.5443076721314467
   ],
   [
    0.20007136528087663,
    1.4592188269527546,
    0.559148044725335
   ],
   [
    -0.06050602561271495,
    1.4176297097368669,
    0.5436015465783737
   ],
   [
    -1.1357613827634048,
    -0.7923881208955532,
    0.5304216896313698
   ],
   [
    -1.0282577621384725,
    -0.8052565103155214,
    0.45315584961372
   ],
   [
    1.4096211445110016,
    -0.4618050865052648,
    0.5150029173173252
   ],
   [
    0.5132458205435488,
    1.2236887513606596,
    0.5172306856214157
   ],
   [
    -1.414549425032987,
    0.08394903318093754,
    0.5595806037633321
   ],
   [
    -1.3867712688231504,
    -0.22654824582454341,
    0.6129157046699628
   ],
   [
    -0.4993095842640351,
    -1.3482718400034,
    0.6070062453402868
   ],
   [
    1.3008186089156208,
    -0.35488613397918073,
    0.6145746624594063
   ],
   [
    0.7733952581397804,
    1.266331105019283,
    0.5986977642258432
   ],
   [
    -0.7885103749352784,
    1.2054195057038148,
    0.5052383688116056
   ],
   [
    -0.6011456766056752,
    -1.2071906358901554,
    0.47950174912585436
   ],
   [
    0.9405906204937754,
    1.1353280078060246,
    0.6299985104526178
   ],
   [
    0.946167099807003,
    0.9846158841485749,
    0.6136141915433759
   ],
   [
    1.3342485545239073,
    -0.04938545104971256,
    0.6141319693209081
   ]
  ]
 },
 "appearance_assets": {
  "floor_pbr": "Planks013",
  "background_hdr": "entrance_hall_4k.hdr"
 },
 "environment_strength": 0.6163177222685912
}