{
 "objects": [
  {
   "obj_subpath": "fan/fan_008/fan_008.blend",
   "obj_location": [
    0.10003898251335919,
    0.19942505677517797
   ],
   "obj_pose": [
    [
     0.527009323417103,
     -0.8498594824880469,
     -6.718969785966395e-06
    ],
    [
     0.8498594824880469,
     0.527009323417103,
     2.3743822205324616e-05
    ],
    [
     -1.663795228523668e-05,
     -1.8223396182293072e-05,
     1.0
    ]
   ],
   "obj_scale": 0.6062979774543577,
   "obj_color": {
    "type": "random-multi",
    "color": [
     [
      0.4485556736490772,
      0.7634466529175078,
      0.08523320451593597
     ],
     [
      0.9875597321613606,
      0.44410441331002104,
      0.059488874003314485
     ]
    ],
    "randomness": 3.7985301257791813,
    "scale": 1.2409887414639265,
    "specular": 0.6869674367702288,
    "roughness": 0.12491755521253073,
    "clever": false
   }
  },
  {
   "obj_subpath": "fox/fox_024/fox_024.blend",
   "obj_location": [
    0.35870404408445544,
    -0.4809774084816758
   ],
   "obj_pose": [
    [
     -0.0656113588846124,
     0.06362120383629621,
     -0.9958149693673992
    ],
    [
     0.09828943133314608,
     -0.9927000628308531,
     -0.06989820034141857
    ],
    [
     -0.992992639541626,
     -0.1024642065167427,
     0.05887911096215248
    ]
   ],
   "obj_scale": 0.6567329454528118,
   "obj_color": {
    "type": "random-mono",
    "color": [
     [
      0.08472096011018229,
      0.0602477776911276,
      0.2288295058733641
     ],
     [
      0.7796340965377135,
      0.7613879830704,
      0.8870750019574072
     ],
     [
      0.9071052102381059,
      0.9009408170115619,
      0.943403789155166
     ],
     [
      0.37705145316897837,
      0.3457715256883208,
      0.5612410196760983
     ]
    ],
    "randomness": 0.2742416471177951,
    "scale": 3.088516911622547,
    "specular": 0.7642159484509018,
    "roughness": 0.2150315529733799,
    "clever": false
   }
  },
  {
   "obj_subpath": "Geo_Instance_Crystal_Cube/Geo_Instance_Crystal_Cube/Geo_Instance_Crystal_Cube.blend",
   "obj_location": [
    -0.4257415188870892,
    -0.34120531333820037
   ],
   "obj_pose": [
    [
     -0.1937965627568336,
     0.9810417382882528,
     0.0
    ],
    [
     -0.9810417382882528,
     -0.1937965627568336,
     0.0
    ],
    [
     0.0,
     0.0,
     1.0
    ]
   ],
   "obj_scale": 0.6300299091854225,
   "obj_color": {
    "type": "random-multi",
    "color": [
     [
      0.6565868789617829,
      0.10641375390889929,
      0.5535057546861546
     ],
     [
      0.6649607729917624,
      0.10358197114561407,
      0.2018666264308218
     ]
    ],
    "randomness": 3.2283394413208173,
    "scale": 0.6592906649748121,
    "specular": 0.6006482907770588,
    "roughness": 0.23539095235787294,
    "clever": true
   }
  }
 ],
 "camera": {
  "track_to_point": [
   [
    0.06121480135861843,
    -0.22821661623992795,
    0.0
   ],
   [
    -0.12531956522242885,
    -0.32547353363771797,
    0.0
   ],
   [
    0.026762316607401894,
    -0.1336365872797672,
    0.0
   ],
   [
    -0.07792428569923195,
    -0.07265167069626055,
    0.0
   ],
   [
    0.15264377526354272,
    -0.09550359477225778,
    0.0
   ],
   [
    0.0065838134232449694,
    -0.24466725045091917,
    0.0
   ],
   [
    0.0014832499700111,
    -0.29537768769239514,
    0.0
   ],
   [
    -0.007121752707069403,
    -0.3275855930870447,
    0.0
   ],
   [
    -0.07948300843645723,
    -0.08817285695424021,
    0.0
   ],
   [
    -0.0007657566448131727,
    -0.18279712336096524,
    0.0
   ],
   [
    0.13196828793166282,
    -0.06442420212871963,
    0.0
   ],
   [
    -0.128433457705323,
    -0.26551792749445247,
    0.0
   ],
   [
    -0.09685074351437202,
    -0.16541218136222474,
    0.0
   ],
   [
    0.04649493671968891,
    -0.06308385881802447,
    0.0
   ],
   [
    -0.037961886399938576,
    -0.31083077420887695,
    0.0
   ],
   [
    -0.11445013378530793,
    -0.2605500056739638,
    0.0
   ],
   [
    0.07463418819615246,
    -0.11166945925443339,
    0.0
   ],
   [
    -0.011228506237920701,
    -0.08902566608470935,
    0.0
   ],
   [
    0.034910234353296966,
    -0.3236675168126655,
    0.0
   ],
   [
    0.03582267351687988,
    -0.31065210047781777,
    0.0
   ],
   [
    0.14790455307702327,
    -0.15154621098227453,
    0.0
   ],
   [
    -0.003547906869830161,
    -0.34388890704463426,
    0.0
   ],
   [
    0.15597134145192815,
    -0.14985859354588735,
    0.0
   ],
   [
    -0.024288617053452123,
    -0.27638458625017237,
    0.0
   ],
   [
    -0.058917324076505385,
    -0.3165158609837704,
    0.0
   ]
  ],
  "positions": [
   [
    -0.7456971095282988,
    1.108399602476568,
    0.615229183588668
   ],
   [
    -1.2397985082425673,
    -0.6832931517154959,
    0.6241844376977679
   ],
   [
    0.5269591799115372,
    -1.3631825697607418,
    0.47362155075565066
   ],
   [
    -1.0347783988130066,
    0.7985381238057185,
    0.4772724522527548
   ],
   [
    0.4028626825351292,
    -1.2529804130356261,
    0.5138399431872915
   ],
   [
    -1.3171251812367193,
    -0.4293878910594116,
    0.6438638404669492
   ],
   [
    -1.3670739939182037,
    -0.6125019964693873,
    0.600463799288141
   ],
   [
    0.9968122827290895,
    -0.8731464381528223,
    0.5663354490380298
   ],
   [
    -0.7649136958499333,
    -1.2566367399343605,
    0.5095673289245292
   ],
   [
    -1.3244347615579708,
    -0.5626900475250336,
    0.6448400658450806
   ],
   [
    -0.7948416468308149,
    -1.127130452937077,
    0.5087347762278736
   ],
   [
    -1.298306922893132,
    -0.5663549403201514,
    0.4961256054922115
   ],
   [
    1.3842174916733017,
    0.2143347974825098,
    0.5305973726867684
   ],
   [
    1.47418585979985,
    0.11783012419258788,
    0.47102017768445475
   ],
   [
    0.875252571151383,
    1.1124990076702241,
    0.5385436493895256
   ],
   [
    0.5847780638323351,
    1.3099860071205478,
    0.5069990402895754
   ],
   [
    -1.2706034648138513,
    0.5812496473171965,
    0.5756558576356573
   ],
   [
    -0.8807066247411653,
    0.9567092940465156,
    0.45805960948873115
   ],
   [
    -0.2917441699428108,
    -1.3863193753068976,
    0.6187747937642587
   ],
   [
    1.0310175313114607,
    -0.9120559723770368,
    0.6389049969996383
   ],
   [
    -0.7392550123224078,
    1.1046343999438786,
    0.5065107750979565
   ],
   [
    -0.7111453523726191,
    1.128761286226219,
    0.5312792719354064
   ],
   [
    1.409769021703671,
    0.34649384983440823,
    0.6193331749439062
   ],
   [
    -1.0443414246486045,
    -0.8971233095286884,
    0.5680652072224006
   ],
   [
    -1.4215086693866223,
    0.2592822752784092,
    0.6295157023508007
   ]
  ]
 },
 "appearance_assets": {
  "floor_pbr": "Marble012",
  "background_hdr": "anniversary_lounge_4k.hdr"
 },
 "environment_strength": 0.6503312848447814
}