{
 "objects": [
  {
   "obj_subpath": "plate/plate_044/plate_044.blend",
   "obj_location": [
    0.02691840423225389,
    -0.48458913899805334
   ],
   "obj_pose": [
    [
     0.5878501531814003,
     0.8089698532086032,
     -8.935387882137136e-05
    ],
    [
     -0.8089697779136737,
     0.5878501910773233,
     0.0001155405424172398
    ],
    [
     0.0001459955092286691,
     4.364062533568358e-06,
     1.0
    ]
   ],
   "obj_scale": 0.6921956310503758,
   "obj_color": {
    "type": "random-multi",
    "color": [
     [
      0.2600075639489053,
      0.8227521734426394,
      0.21393433157649422
     ],
     [
      0.4418518819069072,
      0.13010193999639041,
      0.7524437783086955
     ],
     [
      0.11823207670411551,
      0.5032464422472605,
      0.18603258069589224
     ],
     [
      0.8429042829129534,
      0.5594638713736352,
      0.23320017289265915
     ]
    ],
    "randomness": 4.311588975102037,
    "scale": 0.6398137644250397,
    "specular": 0.6821714714011948,
    "roughness": 0.22610649092199936,
    "clever": false
   }
  },
  {
   "obj_subpath": "frog/frog_032/frog_032.blend",
   "obj_location": [
    0.19935327437341588,
    0.17860465935606062
   ],
   "obj_pose": [
    [
     -0.0009027704621969975,
     -0.9988528225373252,
     0.04787733684632639
    ],
    [
     0.9999995749970715,
     -0.0009017058906949759,
     4.332747801637823e-05
    ],
    [
     -1.063928323219443e-07,
     0.04787735641002655,
     0.9988532066345215
    ]
   ],
   "obj_scale": 0.6863210492173663,
   "obj_color": {
    "type": "random-multi",
    "color": [
     [
      0.7723820131425011,
      0.7832235905911534,
      0.11935171713999615
     ],
     [
      0.15601732216467823,
      0.7843543467950623,
      0.6740752425537417
     ],
     [
      0.9862771135933712,
      0.021381541023932193,
      0.7491555904730653
     ]
    ],
    "randomness": 4.874520485925257,
    "scale": 1.1525677458070094,
    "specular": 0.7899466989697218,
    "roughness": 0.22383932322175712,
    "clever": false
   }
  },
  {
   "obj_subpath": "Cube_Wave/Cube_Wave/Cube_Wave.blend",
   "obj_location": [
    -0.49950545326016926,
    0.20139759430814497
   ],
   "obj_pose": [
    [
     -0.5808616388923088,
     0.8140023074066443,
     0.0
    ],
    [
     -0.8140023074066443,
     -0.5808616388923088,
     0.0
    ],
    [
     0.0,
     0.0,
     1.0
    ]
   ],
   "obj_scale": 0.6748159272505642,
   "obj_color": {
    "type": "random-mono",
    "color": [
     [
      0.670720290443193,
      0.37942319654839585,
      0.5406985399453639
     ],
     [
      0.8233910262706843,
      0.3106325343590808,
      0.5945189980277534
     ],
     [
      0.7426460164615444,
      0.2620221896259932,
      0.5281174385736616
     ],
     [
      0.8736788182153745,
      0.6413225405001881,
      0.7699655625706092
     ]
    ],
    "randomness": 0.3056623360505416,
    "scale": 2.7381956609621088,
    "specular": 0.6938655361241496,
    "roughness": 0.15645605321381012,
    "clever": false
   }
  }
 ],
 "camera": {
  "track_to_point": [
   [
    -0.06767347581412426,
    0.084900880352518,
    0.0
   ],
   [
    -0.12438518912461943,
    -0.0737029916675901,
    0.0
   ],
   [
    0.05274614380934055,
    -0.061583433211737815,
    0.0
   ],
   [
    -0.21956068692580444,
    -0.1629408408085508,
    0.0
   ],
   [
    0.055178279607317735,
    0.04289111393510622,
    0.0
   ],
   [
    -0.010555693059952534,
    -0.14116814042834477,
    0.0
   ],
   [
    0.04325205265401087,
    -0.16861161077079745,
    0.0
   ],
   [
    -0.05418782904392126,
    -0.0839200139888845,
    0.0
   ],
   [
    0.03157750955072462,
    -0.011499469463468581,
    0.0
   ],
   [
    0.02178328397477995,
    -0.14293316911837817,
    0.0
   ],
   [
    -0.011210103948166752,
    -0.16478425702405666,
    0.0
   ],
   [
    -0.006217357919918912,
    -0.14793528908559359,
    0.0
   ],
   [
    -0.02387302634490275,
    0.02714047213577586,
    0.0
   ],
   [
    -0.01558757145491109,
    0.11064015061881119,
    0.0
   ],
   [
    -0.0012743819435240972,
    0.015049935674332049,
    0.0
   ],
   [
    -0.18360614331145994,
    0.0034667772327238167,
    0.0
   ],
   [
    0.054487845580218894,
    -0.07737161375462893,
    0.0
   ],
   [
    -0.10340381920091728,
    0.019894751341029387,
    0.0
   ],
   [
    -0.17311965746606064,
    -0.05150255328348732,
    0.0
   ],
   [
    -0.061838032854370714,
    -0.1430534431096238,
    0.0
   ],
   [
    0.04397718489049522,
    -0.14105901807130983,
    0.0
   ],
   [
    -0.009096318797941608,
    0.11162800722148028,
    0.0
   ],
   [
    -0.1282897492781525,
    0.03390152577640962,
    0.0
   ],
   [
    0.03229716218797078,
    -0.04714997785875932,
    0.0
   ],
   [
    -0.06907854758556671,
    0.11067193794009914,
    0.0
   ]
  ],
  "positions": [
   [
    0.5684572382671985,
    1.218093947362659,
    0.6475873782521652
   ],
   [
    -0.904953253712321,
    -0.9718114568383963,
    0.4929198072875062
   ],
   [
    -1.421705414019035,
    0.3854795839330976,
    0.5286893409243212
   ],
   [
    -0.05555335846438758,
    -1.3740790824321585,
    0.592304197132087
   ],
   [
    -0.5848375023671759,
    1.1914647505938551,
    0.5803734424133771
   ],
   [
    -1.4046304282985949,
    -0.3683699892893446,
    0.5635244703368338
   ],
   [
    -1.4033511647420058,
    -0.41903499976769476,
    0.6038827145832705
   ],
   [
    1.4017582171501781,
    -0.4194769062578056,
    0.6353780554209413
   ],
   [
    -0.6151116513500371,
    -1.2640259653693098,
    0.6101514374833616
   ],
   [
    1.1607820614525184,
    0.6774598203910338,
    0.48266028883748485
   ],
   [
    -1.3956643106553797,
    -0.18659432513248445,
    0.5210200688643493
   ],
   [
    0.37873710307336095,
    -1.4311424183713792,
    0.4603746130152566
   ],
   [
    1.4701594764375492,
    -0.14103642733585275,
    0.6318265543761769
   ],
   [
    1.3839984396761056,
    -0.13513015841228257,
    0.6029686814214174
   ],
   [
    -0.4969414212804277,
    -1.2913395520755724,
    0.5921971961264229
   ],
   [
    -1.2235557020458583,
    0.5816719564222917,
    0.49783017436861166
   ],
   [
    1.1864709933359001,
    0.8440589776196683,
    0.46589546151577915
   ],
   [
    -1.2791010418231128,
    -0.29327872748037115,
    0.6223982391411367
   ],
   [
    -1.4358106967962427,
    0.309249799086533,
    0.5876068690961195
   ],
   [
    -0.13884126293980067,
    -1.3493213746042858,
    0.5665597456548737
   ],
   [
    0.20557904383689793,
    1.408233297263143,
    0.457618145709754
   ],
   [
    1.012725051842062,
    -0.8448140936044578,
    0.501645694199992
   ],
   [
    0.21636741967084566,
    -1.307342401576087,
    0.5341899956609841
   ],
   [
    1.2644740151575058,
    -0.5394101586763909,
    0.5766956733973638
   ],
   [
    0.856764865156435,
    1.1219033231974491,
    0.5438893157113454
   ]
  ]
 },
 "appearance_assets": {
  "floor_pbr": "Marble012",
  "background_hdr": "balcony_4k.hdr"
 },
 "environment_strength": 0.5309871224052143
}