{
 "objects": [
  {
   "obj_subpath": "dinosaur/dinosaur_006/dinosaur_006.blend",
   "obj_location": [
    -0.0977943601102711,
    -0.20092964484620846
   ],
   "obj_pose": [
    [
     0.8746736455939581,
     -0.4843253982882321,
     0.019362733604909255
    ],
    [
     0.4845084789240593,
     0.874766305306638,
     -0.005951373956356412
    ],
    [
     -0.014055466279387474,
     0.014586918987333775,
     0.9997948408126831
    ]
   ],
   "obj_scale": 0.6814648988911634,
   "obj_color": {
    "type": "random-mono",
    "color": [
     [
      0.2922247417771029,
      0.6552851952848551,
      0.31231802235301537
     ],
     [
      0.24653195107715453,
      0.6845684293525777,
      0.27077471774434464
     ]
    ],
    "randomness": 0.8821330505969,
    "scale": 2.451734463332815,
    "specular": 0.894017973234162,
    "roughness": 0.2774346625480138,
    "clever": false
   }
  },
  {
   "obj_subpath": "flower/flower_002/flower_002.blend",
   "obj_location": [
    -0.20936962391508496,
    0.4838599438856923
   ],
   "obj_pose": [
    [
     0.9069068987619837,
     0.41293823420079956,
     -0.0836774306415021
    ],
    [
     -0.254277275460047,
     0.694781035025412,
     0.6727721442262314
    ],
    [
     0.3359508514404297,
     -0.5888644456863403,
     0.7351025342941284
    ]
   ],
   "obj_scale": 0.6846510639198625,
   "obj_color": {
    "type": "random-multi",
    "color": [
     [
      0.8400894120849572,
      0.1188930561819011,
      0.03079338117782282
     ],
     [
      0.044801317895739046,
      0.07966224635957325,
      0.6937558311850958
     ]
    ],
    "randomness": 2.9260746305782295,
    "scale": 1.3345430828531006,
    "specular": 0.7773856020651986,
    "roughness": 0.18450443128106592,
    "clever": false
   }
  },
  {
   "obj_subpath": "Geo_Instance_Crystal_Cube/Geo_Instance_Crystal_Cube/Geo_Instance_Crystal_Cube.blend",
   "obj_location": [
    0.39058904175185594,
    0.2613225316282316
   ],
   "obj_pose": [
    [
     0.9598512647071067,
     -0.28050944661484734,
     0.0
    ],
    [
     0.28050944661484734,
     0.9598512647071067,
     0.0
    ],
    [
     0.0,
     0.0,
     1.0
    ]
   ],
   "obj_scale": 0.6132232552368824,
   "obj_color": {
    "type": "random-mono",
    "color": [
     [
      0.7560140578852113,
      0.4960566156897175,
      0.8113247961325913
     ],
     [
      0.8077776059084103,
      0.5804615135557911,
      0.8561432952202701
     ]
    ],
    "randomness": 0.6365524187783118,
    "scale": 2.895727515366464,
    "specular": 0.8398607507747262,
    "roughness": 0.23191146593619633,
    "clever": false
   }
  }
 ],
 "camera": {
  "track_to_point": [
   [
    0.06556337741667073,
    0.22935249901441773,
    0.0
   ],
   [
    -0.11985858083239337,
    0.15294115082141146,
    0.0
   ],
   [
    -0.018342249876730957,
    0.06697102348327647,
    0.0
   ],
   [
    0.0691999377487667,
    0.10307465795634162,
    0.0
   ],
   [
    0.1022146537853805,
    0.23337886383959258,
    0.0
   ],
   [
    0.07224182882651808,
    0.2648271488043957,
    0.0
   ],
   [
    0.12573393933852625,
    0.13431647631656274,
    0.0
   ],
   [
    -0.1167919216824218,
    0.11916095508366643,
    0.0
   ],
   [
    0.048768202736322264,
    0.1755102224660017,
    0.0
   ],
   [
    -0.06660398613341426,
    0.14118834583582296,
    0.0
   ],
   [
    0.1341591453651886,
    0.3030913698282808,
    0.0
   ],
   [
    -0.06618392120076502,
    0.23490112040757682,
    0.0
   ],
   [
    -0.08528039019500026,
    0.07811981140896884,
    0.0
   ],
   [
    -0.10341143809834155,
    0.2674537284738142,
    0.0
   ],
   [
    -0.058873224711366134,
    0.2237159914562107,
    0.0
   ],
   [
    0.019241767035662494,
    0.08440458718338725,
    0.0
   ],
   [
    0.0445668686095092,
    0.28599690407662004,
    0.0
   ],
   [
    -0.10503191679437282,
    0.21855674755350799,
    0.0
   ],
   [
    -0.07256504782927584,
    0.09980840439884317,
    0.0
   ],
   [
    0.17099698721447384,
    0.15693066741686262,
    0.0
   ],
   [
    -0.058924870278233635,
    0.13654616723626722,
    0.0
   ],
   [
    -0.06741398025710665,
    0.25288541481624516,
    0.0
   ],
   [
    0.024747763888534224,
    0.045503895311467174,
    0.0
   ],
   [
    -0.04646893139475501,
    0.29563072691965964,
    0.0
   ],
   [
    0.044851272132318515,
    0.03485264987817713,
    0.0
   ]
  ],
  "positions": [
   [
    -1.319448381203617,
    -0.6127086683348393,
    0.4950659593954632
   ],
   [
    -1.4675629771917191,
    -0.03680493690198836,
    0.5757222540382103
   ],
   [
    -1.3783847407562677,
    0.4908315884780114,
    0.5999286908633941
   ],
   [
    -0.7879682817343217,
    1.14810899773978,
    0.45768150033810034
   ],
   [
    -0.33343518200970595,
    1.4173089453131058,
    0.6054472114404976
   ],
   [
    -1.2350569107642835,
    0.8461048860935703,
    0.6231801276084066
   ],
   [
    -0.24537875117116023,
    -1.3225800079452545,
    0.5658867927078622
   ],
   [
    -1.4113267498016178,
    0.4559845050949619,
    0.4773034609715892
   ],
   [
    -0.795080318711729,
    -1.128177142334231,
    0.5427179415844321
   ],
   [
    -1.4398522657297115,
    0.31782990563394475,
    0.5506870742916209
   ],
   [
    -1.3903053734745456,
    -0.20999087356645602,
    0.49286647290272634
   ],
   [
    -0.5945321782311948,
    1.3596162838762358,
    0.5004905142090758
   ],
   [
    -1.3290040523903908,
    -0.3757509663467593,
    0.5368815489161006
   ],
   [
    0.8430874026578541,
    -1.2058743999537276,
    0.639264602154487
   ],
   [
    -1.307085172278527,
    -0.4095526030005937,
    0.5071787805200467
   ],
   [
    0.25896637370453096,
    1.2751907029231864,
    0.6345406877709385
   ],
   [
    -0.38632284699138947,
    -1.284872501496835,
    0.47550173304484616
   ],
   [
    1.1181025024179156,
    0.9582821177112545,
    0.6179674402047003
   ],
   [
    -1.0621813385675716,
    1.0134825746043643,
    0.5264894113763721
   ],
   [
    0.511423263951301,
    1.2907780065053696,
    0.600847083297574
   ],
   [
    -1.182597379221719,
    -0.8571776989285452,
    0.45458276465788255
   ],
   [
    0.6443568786059101,
    1.2779056843221461,
    0.6179612915833482
   ],
   [
    -0.3650918737567612,
    -1.4265789422635793,
    0.4699519765607043
   ],
   [
    0.3224252995009498,
    1.2653048971766347,
    0.496452026753102
   ],
   [
    0.31875151204873226,
    -1.3655206013664498,
    0.6091777699299745
   ]
  ]
 },
 "appearance_assets": {
  "floor_pbr": "Carpet005",
  "background_hdr": "photo_studio_01_4k.hdr"
 },
 "environment_strength": 0.5198273714960872
}