{
 "objects": [
  {
   "obj_subpath": "shoe/shoe_030/shoe_030.blend",
   "obj_location": [
    -0.06468816530008437,
    -0.31146177500868355
   ],
   "obj_pose": [
    [
     0.19096834430502288,
     -0.9674409265642027,
     0.16609988632905603
    ],
    [
     -0.022046542277808168,
     0.16494410087169306,
     0.9860565116229643
    ],
    [
     -0.9813485741615295,
     -0.19196750223636627,
     0.010170375928282738
    ]
   ],
   "obj_scale": 0.6232482680782488,
   "obj_color": {
    "type": "random-multi",
    "color": [
     [
      0.10115132244535896,
      0.6068200059703451,
      0.6807018563310309
     ],
     [
      0.07304994911941354,
      0.5194481801287545,
      0.6508610115083883
     ],
     [
      0.1936275167439384,
      0.8510092250822908,
      0.5331312640800889
     ],
     [
      0.6654697125175335,
      0.15402036057684615,
      0.09604476887802216
     ]
    ],
    "randomness": 1.762017924477946,
    "scale": 1.05206221914868,
    "specular": 0.7876783852208388,
    "roughness": 0.28310906680218145,
    "clever": false
   }
  },
  {
   "obj_subpath": "chair/chair_023/chair_023.blend",
   "obj_location": [
    -0.3303446090114657,
    0.4593994949111557
   ],
   "obj_pose": [
    [
     0.0005105504123244489,
     0.999999867452953,
     -0.00015437736558785752
    ],
    [
     -0.999999867452953,
     0.0005105504123244568,
     2.041039520835037e-07
    ],
    [
     2.8292143383623625e-07,
     0.00015437723777722567,
     1.0
    ]
   ],
   "obj_scale": 0.667359389099107,
   "obj_color": {
    "type": "random-multi",
    "color": [
     [
      0.34803908469419403,
      0.7293541081032362,
      0.1648555343275847
     ],
     [
      0.9535129907157838,
      0.005550587164387277,
      0.85743804033204
     ],
     [
      0.933141523399344,
      0.05487756641237941,
      0.025729512766421547
     ],
     [
      0.7339194726666616,
      0.812354306569607,
      0.24011210295874852
     ]
    ],
    "randomness": 3.155516010870038,
    "scale": 1.4305563970727346,
    "specular": 0.8894200837116146,
    "roughness": 0.23472758054639017,
    "clever": false
   }
  },
  {
   "obj_subpath": "Extrudy_Cone_Rings/Extrudy_Cone_Rings/Extrudy_Cone_Rings.blend",
   "obj_location": [
    0.27186903060266565,
    0.29189679452211703
   ],
   "obj_pose": [
    [
     0.8561222293470686,
     -0.5167733820716827,
     0.0
    ],
    [
     0.5167733820716827,
     0.8561222293470686,
     0.0
    ],
    [
     0.0,
     0.0,
     1.0
    ]
   ],
   "obj_scale": 0.6488732740361522,
   "obj_color": {
    "type": "random-mono",
    "color": [
     [
      0.44854973919075686,
      0.29138867858848216,
      0.28921840710783747
     ],
     [
      0.04434672999756134,
      0.0234147057174984,
      0.023125650813229537
     ]
    ],
    "randomness": 0.5083457786601822,
    "scale": 4.495535939879274,
    "specular": 0.8747479594226795,
    "roughness": 0.23004078280851076,
    "clever": false
   }
  }
 ],
 "camera": {
  "track_to_point": [
   [
    0.030331003393333916,
    0.26197112676473644,
    0.0
   ],
   [
    0.1065365484127759,
    0.1567758726248279,
    0.0
   ],
   [
    -0.16894505438455326,
    0.08071490124119451,
    0.0
   ],
   [
    0.09508344200763905,
    0.2217702561850175,
    0.0
   ],
   [
    -0.10180879811528369,
    0.07770329119362215,
    0.0
   ],
   [
    0.03166633205423458,
    0.03951008698991973,
    0.0
   ],
   [
    -0.11484004062372485,
    0.26816748859429695,
    0.0
   ],
   [
    -0.07173313383306798,
    0.2839749791144459,
    0.0
   ],
   [
    -0.11450259200339563,
    0.02152288897057797,
    0.0
   ],
   [
    -0.035120597024777406,
    0.2672950336034223,
    0.0
   ],
   [
    0.07556653459800669,
    0.1446340687837176,
    0.0
   ],
   [
    0.002839845768466881,
    0.1805613989891453,
    0.0
   ],
   [
    0.04092815107637171,
    0.1514653509717817,
    0.0
   ],
   [
    -0.14941709512301282,
    0.0804218287168898,
    0.0
   ],
   [
    -0.08040172041935002,
    0.27615501645638973,
    0.0
   ],
   [
    0.07425940135801387,
    0.1327201383490468,
    0.0
   ],
   [
    0.049878745123633605,
    0.21437625513261982,
    0.0
   ],
   [
    -0.0719771035192405,
    0.09885869469227201,
    0.0
   ],
   [
    0.0024682133742893186,
    0.1431022413583178,
    0.0
   ],
   [
    0.06358514769418969,
    0.2412503377644645,
    0.0
   ],
   [
    -0.07603915186996715,
    0.226086661676804,
    0.0
   ],
   [
    0.019384466438886777,
    0.2349974821245053,
    0.0
   ],
   [
    -0.17951247932902542,
    0.045717010213334325,
    0.0
   ],
   [
    -0.17345789949599905,
    0.09847058972170612,
    0.0
   ],
   [
    -0.04100766714426224,
    0.12685765174051716,
    0.0
   ]
  ],
  "positions": [
   [
    1.3353676958914313,
    -0.2562846333519199,
    0.6070407190917098
   ],
   [
    0.04712240179112265,
    -1.3811446834541024,
    0.479245114275344
   ],
   [
    0.1679084997746698,
    -1.48271427328249,
    0.4717349397439114
   ],
   [
    1.2282242373902466,
    -0.6935898297704685,
    0.5937240349021868
   ],
   [
    -1.3683777720198622,
    -0.11033825881404746,
    0.5215572371868359
   ],
   [
    1.3172504201378001,
    0.41346212967361073,
    0.5037092655580152
   ],
   [
    1.037273220880297,
    -0.8063743532166479,
    0.45720796820658227
   ],
   [
    -1.387563831152908,
    0.41232345031934187,
    0.6133304678118369
   ],
   [
    1.3110150860119838,
    0.5133244166049067,
    0.543011991836925
   ],
   [
    1.4173824576022553,
    0.1080719207910594,
    0.4547983190274514
   ],
   [
    -1.2746210059256204,
    0.7906472783480087,
    0.5863952201719788
   ],
   [
    1.246705201200746,
    0.7990566201199045,
    0.5334455781750046
   ],
   [
    -0.5398012608141065,
    -1.19098669018186,
    0.5119791344842775
   ],
   [
    1.378956318939623,
    -0.33349100553824534,
    0.4591731622070333
   ],
   [
    -0.25812283773449074,
    1.4406303444850215,
    0.45440824508704813
   ],
   [
    1.4580232732709488,
    0.34083722223986435,
    0.5782015425643843
   ],
   [
    1.3870004605837845,
    -0.032532016443753566,
    0.4979710818191795
   ],
   [
    0.5648066255610064,
    -1.280452627971354,
    0.54722603688879
   ],
   [
    -1.2864658387169243,
    0.4251420956131747,
    0.6466432697414817
   ],
   [
    1.4049344240242099,
    -0.284221952443817,
    0.588833866055013
   ],
   [
    -0.30811737108788484,
    1.4077358334774757,
    0.5519254732521633
   ],
   [
    1.462717010560671,
    0.018507081355724136,
    0.5412236698435786
   ],
   [
    0.8368736679300087,
    -1.0120097988523598,
    0.5637742034472101
   ],
   [
    0.05262643640382659,
    1.4293244669572267,
    0.594741210655513
   ],
   [
    -0.698237864841193,
    1.21606914542818,
    0.4691033057423442
   ]
  ]
 },
 "appearance_assets": {
  "floor_pbr": "Tiles001",
  "background_hdr": "colorful_studio_4k.hdr"
 },
 "environment_strength": 0.5166616006952643
}