{
 "objects": [
  {
   "obj_subpath": "chair/chair_138/chair_138.blend",
   "obj_location": [
    0.3328993172796748,
    -0.2333354035455104
   ],
   "obj_pose": [
    [
     -0.4243931012392417,
     0.9054659270491441,
     -0.004680963655835585
    ],
    [
     -0.905478015292633,
     -0.4243873734401912,
     0.0022032508835988897
    ],
    [
     8.426794920524117e-06,
     0.005173554178327322,
     0.9999865889549255
    ]
   ],
   "obj_scale": 0.624051887431945,
   "obj_color": {
    "type": "random-mono",
    "color": [
     [
      0.11052003238980118,
      0.25168377070274944,
      0.28172403700988685
     ],
     [
      0.843852396956746,
      0.8982761964187355,
      0.9098578210542347
     ],
     [
      0.9027529881616562,
      0.961575582795538,
      0.9740932904504686
     ],
     [
      0.9669831433053411,
      0.9797203835455801,
      0.9824309244635778
     ]
    ],
    "randomness": 0.7991026180239866,
    "scale": 4.419102692050084,
    "specular": 0.6002488382252192,
    "roughness": 0.23049605422615876,
    "clever": true
   }
  },
  {
   "obj_subpath": "robot/robot_006/robot_006.blend",
   "obj_location": [
    -0.02164304239697834,
    0.26059494775845116
   ],
   "obj_pose": [
    [
     0.5265742306054714,
     0.37289247087165084,
     -0.7639834895426056
    ],
    [
     0.5831995395984827,
     0.4954116430533587,
     0.6437745070081166
    ],
    [
     0.6185449957847595,
     -0.7845498919487,
     0.043400298804044724
    ]
   ],
   "obj_scale": 0.6633359617201096,
   "obj_color": {
    "type": "random-multi",
    "color": [
     [
      0.5593522840089517,
      0.5195450064515577,
      0.08697991607218813
     ],
     [
      0.574476787302092,
      0.9693839957188221,
      0.12275871023386797
     ],
     [
      0.7888549978590609,
      0.12992724056744873,
      0.11468908580990378
     ]
    ],
    "randomness": 1.6823968328889038,
    "scale": 0.9055571266050191,
    "specular": 0.6015352889685365,
    "roughness": 0.12727371551361616,
    "clever": false
   }
  },
  {
   "obj_subpath": "Torus_Knot_Yufoil/Torus_Knot_Yufoil/Torus_Knot_Yufoil.blend",
   "obj_location": [
    -0.4254617284332316,
    -0.22956980528712023
   ],
   "obj_pose": [
    [
     0.9758140304305608,
     -0.2186023284753951,
     0.0
    ],
    [
     0.2186023284753951,
     0.9758140304305608,
     0.0
    ],
    [
     0.0,
     0.0,
     1.0
    ]
   ],
   "obj_scale": 0.6356375181190831,
   "obj_color": {
    "type": "random-multi",
    "color": [
     [
      0.4215469473077047,
      0.6368301195535601,
      0.08064332710659994
     ],
     [
      0.4949461053603279,
      0.006068547620547982,
      0.9860983542990898
     ],
     [
      0.15537453017919278,
      0.6438766665679773,
      0.42166918635067707
     ],
     [
      0.12311794389980424,
      0.7393043326769313,
      0.6842793368536422
     ]
    ],
    "randomness": 4.085036866229699,
    "scale": 0.627391708560707,
    "specular": 0.6941890410376375,
    "roughness": 0.19312790079669662,
    "clever": false
   }
  }
 ],
 "camera": {
  "track_to_point": [
   [
    0.06383575920398887,
    0.025054914071927267,
    0.0
   ],
   [
    -0.16487927393750684,
    -0.07528337538417416,
    0.0
   ],
   [
    -0.17859946733902948,
    -0.03498279562387131,
    0.0
   ],
   [
    0.09090181911964873,
    -0.08228485673278667,
    0.0
   ],
   [
    -0.12119605159538832,
    -0.19096675004926167,
    0.0
   ],
   [
    -0.12135659800513912,
    -0.04208287075323057,
    0.0
   ],
   [
    -0.05075734561515773,
    -0.1194513236643675,
    0.0
   ],
   [
    -0.15807550064165204,
    -0.01458201387485393,
    0.0
   ],
   [
    0.08251523934966898,
    -0.019452333241547257,
    0.0
   ],
   [
    0.1055573643727667,
    -0.15375098731472658,
    0.0
   ],
   [
    -0.10404808159529913,
    -0.15967291258074096,
    0.0
   ],
   [
    -0.0698065454391085,
    -0.05522440215456982,
    0.0
   ],
   [
    -0.1799744717445812,
    0.04178726356743183,
    0.0
   ],
   [
    -0.03441506150383219,
    -0.08105012242424871,
    0.0
   ],
   [
    -0.085685730253897,
    0.019433924913062214,
    0.0
   ],
   [
    0.007590128478057519,
    -0.139346873903475,
    0.0
   ],
   [
    -0.16055654431278626,
    -0.21335465044188723,
    0.0
   ],
   [
    0.055023799387826595,
    -0.1416762482830271,
    0.0
   ],
   [
    -0.16506030336719854,
    0.07558478877768558,
    0.0
   ],
   [
    -0.05503555878778723,
    0.08139942679633748,
    0.0
   ],
   [
    -0.17969922457297421,
    0.008358223802586093,
    0.0
   ],
   [
    -0.11612766448768053,
    -0.13598943795675644,
    0.0
   ],
   [
    -0.12400632768830214,
    -0.13330013132783552,
    0.0
   ],
   [
    0.01861882715424646,
    -0.05387368499997726,
    0.0
   ],
   [
    0.02725118033667915,
    0.0011585509328172067,
    0.0
   ]
  ],
  "positions": [
   [
    1.0671186226299951,
    -0.779382426089401,
    0.5296979569890816
   ],
   [
    -0.37673164293870554,
    -1.2599269096761019,
    0.5489013904557182
   ],
   [
    -0.8683614034006916,
    1.0324883601961976,
    0.5326615461612046
   ],
   [
    1.2948076263095838,
    0.2514615285337046,
    0.63707208624992
   ],
   [
    0.736961035815215,
    1.1107555237912554,
    0.48378609334728606
   ],
   [
    -0.06858281062936167,
    -1.4798158547407392,
    0.5651722037406381
   ],
   [
    1.0425417406969404,
    1.0328896737969038,
    0.5280929125122888
   ],
   [
    -0.5844863216819968,
    -1.3752787437355602,
    0.495220073434468
   ],
   [
    1.3880007765725055,
    -0.43921233051723557,
    0.5153318923256163
   ],
   [
    0.9876492154058002,
    1.0351560349677218,
    0.454887072642935
   ],
   [
    1.308235254725478,
    0.5416949413239993,
    0.4883996088634317
   ],
   [
    -0.7595706566163251,
    -1.2257578569761118,
    0.49122860469918594
   ],
   [
    1.315222256802745,
    -0.3114285705461539,
    0.6418053667469978
   ],
   [
    1.3492289977900151,
    0.5263787442268902,
    0.5423602353140096
   ],
   [
    -0.3196181563259843,
    -1.3566759400537305,
    0.4977844265812437
   ],
   [
    -1.3191607043044329,
    -0.049109883766580965,
    0.545853865367387
   ],
   [
    -1.4261068412542572,
    -0.43414517703231054,
    0.47695690889440967
   ],
   [
    -1.1421448138575212,
    0.9636328920170218,
    0.542857877413143
   ],
   [
    -1.1837551903979822,
    0.5941588027686714,
    0.5812899974852191
   ],
   [
    0.16814003611507297,
    -1.3138318084178973,
    0.5073106032935797
   ],
   [
    -0.07306692900247293,
    -1.379169095896375,
    0.5612536625962902
   ],
   [
    1.233418482152726,
    -0.7911821266669367,
    0.4811268699004169
   ],
   [
    -1.1975594908086853,
    -0.615784463492685,
    0.5339779918521178
   ],
   [
    -1.3619968361753816,
    0.1937821128545391,
    0.5750422623095167
   ],
   [
    -0.22244517512212958,
    -1.3353024012906478,
    0.5631479550381838
   ]
  ]
 },
 "appearance_assets": {
  "floor_pbr": "Carpet008",
  "background_hdr": "balcony_4k.hdr"
 },
 "environment_strength": 0.5881205782099226
}