{
 "objects": [
  {
   "obj_subpath": "horse/horse_007/horse_007.blend",
   "obj_location": [
    -0.07797421022407092,
    -0.38886338914859264
   ],
   "obj_pose": [
    [
     -0.01899137016848327,
     0.8479471554405024,
     -0.5297404117938698
    ],
    [
     -0.2346993293508431,
     -0.518812068051319,
     -0.8220403192702692
    ],
    [
     -0.9718824625015259,
     0.10871805250644684,
     0.20886558294296265
    ]
   ],
   "obj_scale": 0.6665705050967757,
   "obj_color": {
    "type": "random-multi",
    "color": [
     [
      0.25810656942679266,
      0.7025890194771125,
      0.16535235534421688
     ],
     [
      0.704892146701398,
      0.11118905172465898,
      0.13938235634359256
     ],
     [
      0.03508338765635699,
      0.6234574076288049,
      0.12211349623868671
     ],
     [
      0.9047238033960914,
      0.15877467247047994,
      0.5814136498472358
     ]
    ],
    "randomness": 4.618821842172613,
    "scale": 0.688548527056116,
    "specular": 0.894296626352979,
    "roughness": 0.12874928183231454,
    "clever": false
   }
  },
  {
   "obj_subpath": "chair/chair_057/chair_057.blend",
   "obj_location": [
    -0.3201382272582214,
    0.3502313206962959
   ],
   "obj_pose": [
    [
     -0.6984789593392585,
     0.7156306017870758,
     -5.600035216241598e-07
    ],
    [
     -0.7156306017870757,
     -0.6984789593392584,
     -1.442975437531592e-06
    ],
    [
     -1.4237880350265186e-06,
     -6.071323355172353e-07,
     1.0
    ]
   ],
   "obj_scale": 0.6489569957835624,
   "obj_color": {
    "type": "random-mono",
    "color": [
     [
      0.5949313461880357,
      0.37010183897618365,
      0.7341451358593942
     ],
     [
      0.40279668574882155,
      0.2717373177369514,
      0.48394827265184104
     ],
     [
      0.8798134725004284,
      0.8049211856663567,
      0.9261865629217905
     ],
     [
      0.6637540943640163,
      0.4853702836725331,
      0.7742088412090535
     ]
    ],
    "randomness": 0.7249750127994479,
    "scale": 4.101092605635848,
    "specular": 0.8497421357604843,
    "roughness": 0.22416917313881074,
    "clever": false
   }
  },
  {
   "obj_subpath": "Infinity_Icosphere/Infinity_Icosphere/Infinity_Icosphere.blend",
   "obj_location": [
    0.4752200464606534,
    0.06853518045944118
   ],
   "obj_pose": [
    [
     0.12007835732690911,
     -0.9927644172217652,
     0.0
    ],
    [
     0.9927644172217652,
     0.12007835732690911,
     0.0
    ],
    [
     0.0,
     0.0,
     1.0
    ]
   ],
   "obj_scale": 0.6932152616495358,
   "obj_color": {
    "type": "random-mono",
    "color": [
     [
      0.44288890408300796,
      0.8089026079099801,
      0.44876371211260624
     ],
     [
      0.17826674107920382,
      0.6604452129566394,
      0.18600608506732977
     ],
     [
      0.34558256905820106,
      0.611194531381082,
      0.3498458501121517
     ],
     [
      0.44544774356699,
      0.7352673276622382,
      0.45009957600379547
     ]
    ],
    "randomness": 0.485448259402421,
    "scale": 2.373991877615989,
    "specular": 0.7742680666719419,
    "roughness": 0.14549809209164205,
    "clever": false
   }
  }
 ],
 "camera": {
  "track_to_point": [
   [
    -0.10992555331355579,
    0.12913039779301838,
    0.0
   ],
   [
    -0.024273576564645623,
    0.1136034320268944,
    0.0
   ],
   [
    0.0981492642982189,
    -0.08363569339965372,
    0.0
   ],
   [
    -0.017474949101856593,
    0.026601157641341973,
    0.0
   ],
   [
    0.1206566481908924,
    -0.07836693679213165,
    0.0
   ],
   [
    -0.008676139583583275,
    -0.11179113793615456,
    0.0
   ],
   [
    0.12696031908753458,
    -0.10545847147573656,
    0.0
   ],
   [
    -0.030701485483535084,
    -0.011866331829496387,
    0.0
   ],
   [
    -0.0069727083896369245,
    0.019555919986051502,
    0.0
   ],
   [
    0.0488034585780769,
    0.10886532310296036,
    0.0
   ],
   [
    0.034715846714348506,
    0.06893542146773037,
    0.0
   ],
   [
    0.024329567944919906,
    0.1404180469188897,
    0.0
   ],
   [
    -0.01639881647683777,
    0.05472938707190151,
    0.0
   ],
   [
    0.08472559633412043,
    -0.10557025563158205,
    0.0
   ],
   [
    0.16756345523490945,
    0.09351914343122882,
    0.0
   ],
   [
    0.026558537350047585,
    0.06184411766076562,
    0.0
   ],
   [
    0.0010925096381286421,
    0.15083599380800328,
    0.0
   ],
   [
    0.04020581608075181,
    0.041987364487943636,
    0.0
   ],
   [
    0.0711896447591689,
    -0.08857518993301695,
    0.0
   ],
   [
    0.01843407214509975,
    0.09796903443758152,
    0.0
   ],
   [
    0.05761740062618888,
    -0.08330006909447311,
    0.0
   ],
   [
    0.16763968328829548,
    -0.018247655556093194,
    0.0
   ],
   [
    -0.10786210364507011,
    0.06624502321085586,
    0.0
   ],
   [
    0.11430402177811867,
    0.08060987701450835,
    0.0
   ],
   [
    -0.0801147319588106,
    0.058467638737712165,
    0.0
   ]
  ],
  "positions": [
   [
    1.4688289379748505,
    0.10187917839052074,
    0.503001790930551
   ],
   [
    0.1749280693269326,
    1.32635485358379,
    0.4840406255449781
   ],
   [
    1.239419866957291,
    0.6708053134279537,
    0.610240160977261
   ],
   [
    1.413727326876144,
    0.1575163995131289,
    0.5390633774543958
   ],
   [
    1.1804119245648736,
    0.7429409545140326,
    0.6092298021518608
   ],
   [
    -1.2912557572704224,
    -0.6430875544670673,
    0.5918300390314333
   ],
   [
    -1.4825852188760211,
    0.031495886402562734,
    0.46939095268065906
   ],
   [
    1.08649567890598,
    -0.8382569384390863,
    0.5032636865638935
   ],
   [
    -0.5351976304570104,
    1.3162379854424417,
    0.5759296271055454
   ],
   [
    0.8999836672100512,
    1.0084176355918983,
    0.4828489217931001
   ],
   [
    -0.5861482383826259,
    -1.3014355923640624,
    0.6421093712700747
   ],
   [
    -1.247148675425937,
    -0.6319536731249955,
    0.6082583949664956
   ],
   [
    1.422670586077251,
    0.30654965112847604,
    0.6386863524318565
   ],
   [
    -1.3074940597977844,
    0.28757975455124407,
    0.6422728128730378
   ],
   [
    -0.3501004214488005,
    -1.4439894356222682,
    0.5116550537615123
   ],
   [
    1.0800712069015295,
    -0.8591072661227165,
    0.5969897038333417
   ],
   [
    -0.20430668389289855,
    1.4455897657243395,
    0.597762820157812
   ],
   [
    1.3196407846564735,
    0.5158701160955145,
    0.5824487487454831
   ],
   [
    0.9005957045865102,
    0.9910106426673154,
    0.5564009832095844
   ],
   [
    0.2872339010441377,
    -1.4094286473110578,
    0.46795310147900304
   ],
   [
    1.0942271805469443,
    -0.9959706580954102,
    0.5316775528229809
   ],
   [
    0.08980771477049522,
    1.3711903959306515,
    0.5354034205123395
   ],
   [
    0.5545434428900055,
    1.2656259083615642,
    0.4682526226217485
   ],
   [
    -1.176665126624826,
    -0.6274479733025741,
    0.5371156809964104
   ],
   [
    0.5744827288445594,
    -1.2212367085193734,
    0.5224915382367908
   ]
  ]
 },
 "appearance_assets": {
  "floor_pbr": "Planks018",
  "background_hdr": "small_empty_house_4k.hdr"
 },
 "environment_strength": 0.6905093224128126
}