{
 "objects": [
  {
   "obj_subpath": "dinosaur/dinosaur_005/dinosaur_005.blend",
   "obj_location": [
    -0.20417316168381283,
    0.15574195280219083
   ],
   "obj_pose": [
    [
     -0.8886639346699746,
     0.45801150550665576,
     -0.022402360817779892
    ],
    [
     -0.45735853893220707,
     -0.8888118133856691,
     -0.02892641626903365
    ],
    [
     -0.03316011652350426,
     -0.015459952875971794,
     0.999330461025238
    ]
   ],
   "obj_scale": 0.6154529285426732,
   "obj_color": {
    "type": "random-mono",
    "color": [
     [
      0.8153704821815421,
      0.5594356602860521,
      0.559883582021172
     ],
     [
      0.9199867337141701,
      0.6988703769670372,
      0.6992573615181978
     ],
     [
      0.9779175821371537,
      0.9200455120640709,
      0.9201467962810842
     ]
    ],
    "randomness": 0.016930540593546706,
    "scale": 4.29006658934563,
    "specular": 0.6969583459148486,
    "roughness": 0.23898491905640237,
    "clever": true
   }
  },
  {
   "obj_subpath": "cells_battery/cells_battery_026/cells_battery_026.blend",
   "obj_location": [
    0.453926159945677,
    0.4968172857892924
   ],
   "obj_pose": [
    [
     0.9638453062186602,
     -0.2664623626779595,
     -7.95348196226367e-05
    ],
    [
     0.2664623920343049,
     0.9638453010821825,
     0.00029003837135095227
    ],
    [
     -6.250476189961773e-07,
     -0.00030074515962041914,
     0.9999999403953552
    ]
   ],
   "obj_scale": 0.6982501378906323,
   "obj_color": {
    "type": "random-mono",
    "color": [
     [
      0.275500220182622,
      0.15617160246662076,
      0.5445915778514853
     ],
     [
      0.7091477984694674,
      0.6668499568391402,
      0.8045313187735081
     ],
     [
      0.3293478750518326,
      0.19927233202191252,
      0.6226740288562795
     ]
    ],
    "randomness": 0.15588656709147153,
    "scale": 2.4803330553625855,
    "specular": 0.7407637921512127,
    "roughness": 0.20234776125436746,
    "clever": false
   }
  },
  {
   "obj_subpath": "Arch_Rounded/Arch_Rounded/Arch_Rounded.blend",
   "obj_location": [
    0.39175214978220607,
    -0.3809411261604265
   ],
   "obj_pose": [
    [
     0.7662619645443638,
     0.642528288632191,
     0.0
    ],
    [
     -0.642528288632191,
     0.7662619645443638,
     0.0
    ],
    [
     0.0,
     0.0,
     1.0
    ]
   ],
   "obj_scale": 0.654783405047295,
   "obj_color": {
    "type": "random-multi",
    "color": [
     [
      0.04553127145337088,
      0.8784138603566933,
      0.00927406916172635
     ],
     [
      0.11753174468642502,
      0.6743922527757757,
      0.527523394170674
     ]
    ],
    "randomness": 1.0419480593935937,
    "scale": 0.9623835135092107,
    "specular": 0.6300449994466084,
    "roughness": 0.14991474139631192,
    "clever": true
   }
  }
 ],
 "camera": {
  "track_to_point": [
   [
    0.18992320812684035,
    -0.053639379414216426,
    0.0
   ],
   [
    0.24809062189120942,
    -0.016051662425946966,
    0.0
   ],
   [
    0.0639356391432905,
    0.08328428200662619,
    0.0
   ],
   [
    0.32735849785908416,
    0.06941299691159697,
    0.0
   ],
   [
    0.2878867564115798,
    0.1674888392528811,
    0.0
   ],
   [
    0.06485632501410418,
    -0.027239042837210098,
    0.0
   ],
   [
    0.2091190939578871,
    0.19562253924765752,
    0.0
   ],
   [
    0.07299121796732264,
    0.14943802538781023,
    0.0
   ],
   [
    0.20444639083504568,
    -0.024715863548602224,
    0.0
   ],
   [
    0.21247603692792255,
    0.14189953308423292,
    0.0
   ],
   [
    0.08840287818056075,
    0.05578834317437485,
    0.0
   ],
   [
    0.09238968289991455,
    -0.047556433053902725,
    0.0
   ],
   [
    0.10535267285209962,
    0.06349404365664789,
    0.0
   ],
   [
    0.2964470632982002,
    -0.05832876294376571,
    0.0
   ],
   [
    0.3003870903108275,
    0.23062221045922968,
    0.0
   ],
   [
    0.22796162392037703,
    -0.049359553407236856,
    0.0
   ],
   [
    0.12209932960653039,
    0.2206103948479259,
    0.0
   ],
   [
    0.230451286836078,
    0.19063571636989704,
    0.0
   ],
   [
    0.17134406410268976,
    0.21497196157545698,
    0.0
   ],
   [
    0.23724933134714188,
    0.1665546350223761,
    0.0
   ],
   [
    0.1753047382940095,
    0.23000776412007526,
    0.0
   ],
   [
    0.09494705609384621,
    0.049947307021718956,
    0.0
   ],
   [
    0.27868918724479375,
    0.009338726420753146,
    0.0
   ],
   [
    0.3334062349013658,
    0.23967105917392859,
    0.0
   ],
   [
    0.08203712899445811,
    0.029596252706298898,
    0.0
   ]
  ],
  "positions": [
   [
    -0.11542709148180627,
    1.3453296586666341,
    0.48668406358243316
   ],
   [
    0.5763880149200532,
    1.2845346444787988,
    0.5676574199749208
   ],
   [
    -1.4696283771144447,
    0.10191778106590892,
    0.5519901643922756
   ],
   [
    1.4228719436651225,
    -0.25129154488584515,
    0.563738223297394
   ],
   [
    0.8680513937396729,
    -1.0775093010819068,
    0.45341982729652347
   ],
   [
    1.122739373189815,
    0.9702959354565027,
    0.6462085275263867
   ],
   [
    -0.044158369639679826,
    -1.37104954306428,
    0.6262668041154852
   ],
   [
    -1.1004901364739934,
    -0.8331844105473235,
    0.591134188000533
   ],
   [
    0.27270798918678896,
    1.4358284655292448,
    0.5976741262771621
   ],
   [
    -0.5216451640081001,
    -1.2613382984072918,
    0.4601374802046047
   ],
   [
    1.285068115535052,
    -0.7510652374453931,
    0.5373571549789862
   ],
   [
    0.9565773770076026,
    1.1181461031485969,
    0.6110616312545556
   ],
   [
    -1.0045292691141436,
    -0.9032079233562977,
    0.6224160057031425
   ],
   [
    -0.1328332671237386,
    -1.4081333600921535,
    0.5625813912174166
   ],
   [
    -0.9259499893440898,
    -1.0632652412454437,
    0.506016154110519
   ],
   [
    -1.2218738169719665,
    -0.7192462936865678,
    0.5780138340771057
   ],
   [
    0.8418079968394244,
    1.1210902607913975,
    0.604219234571429
   ],
   [
    -0.8113382873650837,
    1.1214994339439404,
    0.6332619294365308
   ],
   [
    0.2849412648082615,
    -1.3165457199421222,
    0.5187816398870997
   ],
   [
    -0.34768405518269546,
    1.4078967215616096,
    0.5156730896350881
   ],
   [
    -1.104740999831518,
    0.8794613285568454,
    0.5106897978688889
   ],
   [
    1.3630468304732668,
    0.08204547553157726,
    0.4726970065095943
   ],
   [
    -0.019899134994984774,
    1.4507530827979884,
    0.6474493245787377
   ],
   [
    0.2897545370933886,
    1.3805705207033698,
    0.5536023324857109
   ],
   [
    -0.7284083244125614,
    1.2472606645909325,
    0.6174067176180804
   ]
  ]
 },
 "appearance_assets": {
  "floor_pbr": "WoodFloor028",
  "background_hdr": "cabin_4k.hdr"
 },
 "environment_strength": 0.513087425290948
}