{
 "objects": [
  {
   "obj_subpath": "penguin/penguin_009/penguin_009.blend",
   "obj_location": [
    0.02627930150514246,
    -0.32687315005448636
   ],
   "obj_pose": [
    [
     0.3806348712804856,
     0.2668830536165696,
     -0.885375924084343
    ],
    [
     0.803484740852884,
     0.37849009238938364,
     0.45951882147217626
    ],
    [
     0.4577438235282898,
     -0.8862949013710022,
     -0.07036993652582169
    ]
   ],
   "obj_scale": 0.6264212882229039,
   "obj_color": {
    "type": "random-mono",
    "color": [
     [
      0.22269322119860563,
      0.40113618521752464,
      0.28438132228154056
     ],
     [
      0.14656381866458246,
      0.5618052727580093,
      0.29011364667138684
     ],
     [
      0.26565033426502926,
      0.48237199915277496,
      0.34057146127029336
     ],
     [
      0.11286467413236506,
      0.4453013069796526,
      0.22778870447171623
     ]
    ],
    "randomness": 0.7372766498734105,
    "scale": 3.3256852800803895,
    "specular": 0.6357983389584141,
    "roughness": 0.19627944512875434,
    "clever": false
   }
  },
  {
   "obj_subpath": "fridge/fridge_017/fridge_017.blend",
   "obj_location": [
    0.3935734987625118,
    0.3960577759810091
   ],
   "obj_pose": [
    [
     -0.960969216554886,
     0.2766554120456467,
     -8.812580961518227e-08
    ],
    [
     -0.27665541204564675,
     -0.960969216554886,
     1.1972962448620473e-07
    ],
    [
     -5.156234195169418e-08,
     1.3943696330898092e-07,
     1.0
    ]
   ],
   "obj_scale": 0.6725675236201587,
   "obj_color": {
    "type": "random-mono",
    "color": [
     [
      0.7358661694471006,
      0.5345639839568892,
      0.5087843154071955
     ],
     [
      0.813033668734414,
      0.5562451712835942,
      0.5233596746083586
     ],
     [
      0.6150048515867145,
      0.21279093947955183,
      0.16128160630988042
     ]
    ],
    "randomness": 0.21775577144634495,
    "scale": 2.057858307309134,
    "specular": 0.6658687983291519,
    "roughness": 0.27423876504265143,
    "clever": false
   }
  },
  {
   "obj_subpath": "Torus_Knot_Petier/Torus_Knot_Petier/Torus_Knot_Petier.blend",
   "obj_location": [
    -0.387437170267525,
    0.466049757391933
   ],
   "obj_pose": [
    [
     -0.37865206074902064,
     -0.9255390952793512,
     0.0
    ],
    [
     0.9255390952793512,
     -0.37865206074902064,
     0.0
    ],
    [
     0.0,
     0.0,
     1.0
    ]
   ],
   "obj_scale": 0.6592132922878696,
   "obj_color": {
    "type": "random-multi",
    "color": [
     [
      0.35126797205810356,
      0.23246676904070185,
      0.8571894512351819
     ],
     [
      0.016696609937796536,
      0.958426459201801,
      0.9305881377024069
     ],
     [
      0.580232163725264,
      0.10034225255285933,
      0.2395473617668371
     ]
    ],
    "randomness": 2.322871705442598,
    "scale": 0.7852381942347713,
    "specular": 0.7693504711418502,
    "roughness": 0.1573076749971411,
    "clever": true
   }
  }
 ],
 "camera": {
  "track_to_point": [
   [
    0.13526877820356112,
    0.25435263005097253,
    0.0
   ],
   [
    0.11470710889942262,
    0.22649234450782918,
    0.0
   ],
   [
    0.035249644868751234,
    0.1411665160353557,
    0.0
   ],
   [
    -0.0281051693807126,
    0.20553057140520967,
    0.0
   ],
   [
    -0.07905255935593941,
    0.14302101076475524,
    0.0
   ],
   [
    -0.06741550203306183,
    0.25130553734913075,
    0.0
   ],
   [
    0.07343029685443822,
    0.17807235362256832,
    0.0
   ],
   [
    0.15034161102217466,
    0.13760692039887157,
    0.0
   ],
   [
    -0.0334178346105623,
    0.20536543339463187,
    0.0
   ],
   [
    -0.002894688095896103,
    0.1649889531108757,
    0.0
   ],
   [
    -0.08821994973510937,
    0.3028488149019599,
    0.0
   ],
   [
    0.04224391001189082,
    0.09964271823002856,
    0.0
   ],
   [
    -0.06597927634088731,
    0.30662311545654874,
    0.0
   ],
   [
    -0.07279575341044615,
    0.16120308087289575,
    0.0
   ],
   [
    -0.08923458242117896,
    0.3103858116326985,
    0.0
   ],
   [
    -0.06147401197554361,
    0.3278733051548389,
    0.0
   ],
   [
    0.10838052526307368,
    0.041872742965533866,
    0.0
   ],
   [
    -0.01919067156090798,
    0.08817927025778705,
    0.0
   ],
   [
    -0.13033532989108007,
    0.19252497299209215,
    0.0
   ],
   [
    0.0736807742673847,
    0.08334682198976498,
    0.0
   ],
   [
    -0.06808509055599483,
    0.19827187326328882,
    0.0
   ],
   [
    -0.034197641541070425,
    0.23832850138125644,
    0.0
   ],
   [
    0.045736903125962736,
    0.10204645175304974,
    0.0
   ],
   [
    0.028814262535539037,
    0.23573766806065707,
    0.0
   ],
   [
    -0.1373206075875073,
    0.24691790571460187,
    0.0
   ]
  ],
  "positions": [
   [
    0.16136798458386645,
    -1.355159728534263,
    0.5253456819933541
   ],
   [
    0.29220198940804626,
    -1.367630709845008,
    0.48272704014488793
   ],
   [
    1.2653196084364604,
    0.6453415605751363,
    0.5821781339855303
   ],
   [
    -0.5892452903693681,
    1.3645582727284884,
    0.6021704586416006
   ],
   [
    0.8644784318536592,
    -1.0125867011876422,
    0.6488743696438118
   ],
   [
    -0.9096647703015927,
    1.033487283274169,
    0.5150260576212832
   ],
   [
    1.2534393755025888,
    -0.5734906737986653,
    0.6026312520945591
   ],
   [
    0.46727704779636836,
    -1.300890463219762,
    0.47408971018881507
   ],
   [
    -0.12448962085394949,
    1.3113925260924764,
    0.5146495677743442
   ],
   [
    -0.4458469850410954,
    1.3978437292234238,
    0.4795661008615766
   ],
   [
    -0.4396563217101341,
    1.3453171768150485,
    0.5454680039149984
   ],
   [
    1.184606384388665,
    0.7150470110859769,
    0.5287752326882056
   ],
   [
    1.48925611253612,
    0.1280588848393049,
    0.485682974752414
   ],
   [
    1.2121531164753396,
    -0.8101684023829699,
    0.5985175743015431
   ],
   [
    -1.3876394725455972,
    0.34846809924179845,
    0.6304366083254349
   ],
   [
    1.4405999572734702,
    0.019446726360447125,
    0.5058977067379017
   ],
   [
    0.3781385808729849,
    -1.2839965121053463,
    0.6221189718395961
   ],
   [
    1.0865117330558518,
    0.853545725815845,
    0.5412673840251812
   ],
   [
    -1.0892803043493642,
    -1.0269936202006167,
    0.6458639101242287
   ],
   [
    -1.475020344966616,
    0.04813731293416542,
    0.5122602369547702
   ],
   [
    -1.1572967403679162,
    -0.8865770341601568,
    0.6374706305489659
   ],
   [
    -1.2761303125490773,
    0.6011684621961795,
    0.5858700974889594
   ],
   [
    0.47679115573193137,
    1.258585397022497,
    0.5865763955099231
   ],
   [
    1.2751504706158945,
    0.7548193437745884,
    0.5056551975950441
   ],
   [
    0.6882836929029728,
    1.2484973000051964,
    0.49568593019506524
   ]
  ]
 },
 "appearance_assets": {
  "floor_pbr": "WoodFloor005",
  "background_hdr": "music_hall_02_4k.hdr"
 },
 "environment_strength": 0.4057852442009217
}