{
 "objects": [
  {
   "obj_subpath": "hamburger/hamburger_007/hamburger_007.blend",
   "obj_location": [
    0.19154385138439955,
    -0.4839615371114572
   ],
   "obj_pose": [
    [
     -0.999213683427404,
     -0.03962337280398244,
     0.001395813550894767
    ],
    [
     0.039624541394431306,
     -0.9992143250635095,
     0.000819112926002989
    ],
    [
     0.0013622607802972198,
     0.0008737773168832064,
     0.9999986886978149
    ]
   ],
   "obj_scale": 0.6372106420963819,
   "obj_color": {
    "type": "random-mono",
    "color": [
     [
      0.5143775867866801,
      0.41937898011350655,
      0.20191364697414727
     ],
     [
      0.8892874645604845,
      0.8033341214836007,
      0.6065746842535125
     ],
     [
      0.5572537346245808,
      0.49799431165279406,
      0.36234105725780197
     ]
    ],
    "randomness": 0.31794015426827593,
    "scale": 2.0430938741897022,
    "specular": 0.6182124009835926,
    "roughness": 0.14843112927804494,
    "clever": true
   }
  },
  {
   "obj_subpath": "glass/glass_053/glass_053.blend",
   "obj_location": [
    0.1487155388018383,
    0.2831451917179001
   ],
   "obj_pose": [
    [
     0.26069121749937374,
     0.31810500186490626,
     0.9115093771388275
    ],
    [
     0.5407851375652237,
     0.7340123832921159,
     -0.4108251346727693
    ],
    [
     -0.7997446656227112,
     0.6000292301177979,
     0.019324125722050667
    ]
   ],
   "obj_scale": 0.6576833561884496,
   "obj_color": {
    "type": "random-multi",
    "color": [
     [
      0.45867830661375764,
      0.7227390036435252,
      0.028521733615786915
     ],
     [
      0.040489924383589115,
      0.586377861371442,
      0.1882511254811203
     ]
    ],
    "randomness": 2.593050152608247,
    "scale": 0.9192501748926603,
    "specular": 0.7087132164527271,
    "roughness": 0.21197484041271625,
    "clever": false
   }
  },
  {
   "obj_subpath": "Fragment_Icosphere/Fragment_Icosphere/Fragment_Icosphere.blend",
   "obj_location": [
    -0.47690822483697437,
    0.11736289002099987
   ],
   "obj_pose": [
    [
     0.7570294040831789,
     0.653380808834685,
     0.0
    ],
    [
     -0.653380808834685,
     0.7570294040831789,
     0.0
    ],
    [
     0.0,
     0.0,
     1.0
    ]
   ],
   "obj_scale": 0.6812991315591317,
   "obj_color": {
    "type": "random-mono",
    "color": [
     [
      0.23703501867955118,
      0.19011377322420026,
      0.31455489717825097
     ],
     [
      0.2658399839197244,
      0.13179701541079286,
      0.48729605422598316
     ],
     [
      0.25075668289505243,
      0.13566607439820333,
      0.44090103862207475
     ]
    ],
    "randomness": 0.6802383974961397,
    "scale": 4.623039645835195,
    "specular": 0.6992349346731764,
    "roughness": 0.26062197965736744,
    "clever": false
   }
  }
 ],
 "camera": {
  "track_to_point": [
   [
    -0.04360670539482353,
    -0.08259891935486305,
    0.0
   ],
   [
    0.023378896431758583,
    0.058949832300837834,
    0.0
   ],
   [
    -0.10623338164535648,
    0.10682554693326932,
    0.0
   ],
   [
    0.054586703719755186,
    -0.16613934831801447,
    0.0
   ],
   [
    -0.1150625562724741,
    -0.1096736333709424,
    0.0
   ],
   [
    -0.05554256357146914,
    0.08624804654587012,
    0.0
   ],
   [
    -0.1936249546332542,
    -0.06621494354430355,
    0.0
   ],
   [
    -0.02145685542112996,
    0.059405603568525506,
    0.0
   ],
   [
    -0.01954032579167095,
    0.07062833271784424,
    0.0
   ],
   [
    -0.0020171479733309683,
    0.00776197138186846,
    0.0
   ],
   [
    0.0419696918244013,
    -0.03279012539504603,
    0.0
   ],
   [
    -0.12626871578938909,
    -0.06745643290594776,
    0.0
   ],
   [
    0.013367927088000164,
    0.07944332446159272,
    0.0
   ],
   [
    0.04009410611611708,
    0.09594853244407239,
    0.0
   ],
   [
    0.08052532162193679,
    0.009618627336476587,
    0.0
   ],
   [
    -0.07604489069438618,
    -0.11380296421297253,
    0.0
   ],
   [
    -0.14966893481787097,
    0.051376352619843385,
    0.0
   ],
   [
    -0.16712781666259,
    -0.06627516276531321,
    0.0
   ],
   [
    0.007917371318011929,
    -0.009115298329441607,
    0.0
   ],
   [
    -0.021850612676527936,
    0.008193703299137184,
    0.0
   ],
   [
    0.0806778892895891,
    -0.03103761907794539,
    0.0
   ],
   [
    0.023787100918566173,
    0.05700017770840571,
    0.0
   ],
   [
    0.022984931779366363,
    -0.00605472059666326,
    0.0
   ],
   [
    -0.08706082692906315,
    -0.08597113398389047,
    0.0
   ],
   [
    0.01644186265874492,
    0.107149077370462,
    0.0
   ]
  ],
  "positions": [
   [
    0.36791099579023767,
    -1.3126268738433735,
    0.5921453610633345
   ],
   [
    -0.6769638253350266,
    -1.3296627631475153,
    0.49630633054820206
   ],
   [
    0.33930839624127795,
    1.4271442330885868,
    0.5416086101078815
   ],
   [
    0.7882022997530573,
    -1.1202474621225895,
    0.5316261190392273
   ],
   [
    -0.5275804216615398,
    1.2223686035070638,
    0.5589401945315561
   ],
   [
    -0.04702058182102959,
    -1.3603456221279107,
    0.45604322205052644
   ],
   [
    -0.7429013956176842,
    -1.2359342036518772,
    0.4629380886090631
   ],
   [
    1.1705401937965907,
    0.5808906361743429,
    0.5858071888083504
   ],
   [
    1.4501918860775884,
    0.3221542830822284,
    0.5736402463628862
   ],
   [
    -0.802009731272991,
    1.084682326027161,
    0.5397687170155108
   ],
   [
    0.996370388311301,
    -1.089939389841108,
    0.5850045997950395
   ],
   [
    0.9674559145037739,
    1.0517328347863113,
    0.5364680341356982
   ],
   [
    -1.0776034830307035,
    0.8552186400782095,
    0.604267404074236
   ],
   [
    -1.1402592589793215,
    -0.8157764642221687,
    0.5020461315809447
   ],
   [
    -1.2216850190767137,
    -0.707932305342482,
    0.6184241446065651
   ],
   [
    0.9010307559634151,
    -1.0627079106882489,
    0.505073421089495
   ],
   [
    -1.325840329076577,
    -0.10326766169690497,
    0.6406829400902379
   ],
   [
    1.3868429911140618,
    0.3562127600110766,
    0.6203343488373684
   ],
   [
    1.386049535785971,
    0.08608154414114054,
    0.5474013689477204
   ],
   [
    -1.2333122096140878,
    0.7816456059171798,
    0.45531179992162546
   ],
   [
    1.332911865103658,
    -0.4417278689166814,
    0.4868590676008369
   ],
   [
    -1.1109513447499282,
    0.7841095259993518,
    0.6185997375595607
   ],
   [
    1.306604548201385,
    -0.3456624563733336,
    0.508407244563034
   ],
   [
    0.7933095127015002,
    1.1692579778652799,
    0.5299094834492797
   ],
   [
    -0.5409182692878929,
    1.2024757910372603,
    0.5207635274697217
   ]
  ]
 },
 "appearance_assets": {
  "floor_pbr": "Carpet009",
  "background_hdr": "fireplace_4k.hdr"
 },
 "environment_strength": 0.40715749871305024
}