{
 "objects": [
  {
   "obj_subpath": "donut/donut_031/donut_031.blend",
   "obj_location": [
    0.1064537894907025,
    0.4246136020060528
   ],
   "obj_pose": [
    [
     -0.006559913525634178,
     -0.9999784861465586,
     -6.661758199483534e-05
    ],
    [
     0.9999784861465586,
     -0.006559913525634195,
     -9.629020477258993e-06
    ],
    [
     9.1918082034681e-06,
     -6.667931302217767e-05,
     1.0
    ]
   ],
   "obj_scale": 0.6109362355642941,
   "obj_color": {
    "type": "random-multi",
    "color": [
     [
      0.8553493562055619,
      0.21002260394906547,
      0.14709532956755833
     ],
     [
      0.17597473878710512,
      0.5615457556627915,
      0.09038028970963208
     ],
     [
      0.33109114256776345,
      0.7825900171526238,
      0.003111665269947328
     ]
    ],
    "randomness": 0.40937711131871113,
    "scale": 0.5055371744229052,
    "specular": 0.8963862190629266,
    "roughness": 0.2605411359823487,
    "clever": false
   }
  },
  {
   "obj_subpath": "keyboard/keyboard_040/keyboard_040.blend",
   "obj_location": [
    0.0007169040357259959,
    -0.2798699176082431
   ],
   "obj_pose": [
    [
     -0.038249891390645,
     -0.9992567690465933,
     0.004772743646119804
    ],
    [
     0.9992682247184741,
     -0.03824945599867504,
     0.00018269223242628458
    ],
    [
     -1.616742295595941e-09,
     0.004776238929480314,
     0.9999886155128479
    ]
   ],
   "obj_scale": 0.6328039402625704,
   "obj_color": {
    "type": "random-mono",
    "color": [
     [
      0.7329730875273568,
      0.9000583059683986,
      0.8905792939831167
     ],
     [
      0.8280190658912786,
      0.9005455405982575,
      0.8964309975560179
     ],
     [
      0.01611799512926918,
      0.04251811620043485,
      0.041020395059203116
     ]
    ],
    "randomness": 0.2547116954664528,
    "scale": 4.629503077259974,
    "specular": 0.8945443282053835,
    "roughness": 0.2333776447351536,
    "clever": false
   }
  },
  {
   "obj_subpath": "Wireframe_Icosphere/Wireframe_Icosphere/Wireframe_Icosphere.blend",
   "obj_location": [
    -0.49925825043915706,
    0.4411312328999869
   ],
   "obj_pose": [
    [
     -0.5356735756936717,
     -0.8444251419181905,
     0.0
    ],
    [
     0.8444251419181905,
     -0.5356735756936717,
     0.0
    ],
    [
     0.0,
     0.0,
     1.0
    ]
   ],
   "obj_scale": 0.6984435456993248,
   "obj_color": {
    "type": "random-multi",
    "color": [
     [
      0.08683516145343828,
      0.8013950262980335,
      0.8088833081939603
     ],
     [
      0.5064161589025833,
      0.700848878056726,
      0.16477099416194785
     ],
     [
      0.22223586483815214,
      0.6951240864108433,
      0.08896269064879514
     ]
    ],
    "randomness": 4.8469881842335365,
    "scale": 1.356213841827951,
    "specular": 0.7842241902662459,
    "roughness": 0.28877915959604045,
    "clever": true
   }
  }
 ],
 "camera": {
  "track_to_point": [
   [
    -0.18900577981909938,
    0.08153490601908524,
    0.0
   ],
   [
    -0.22238552805043715,
    0.06703113366608748,
    0.0
   ],
   [
    -0.13495350832547526,
    0.10831528483750245,
    0.0
   ],
   [
    -0.1879295769012846,
    0.31649569020654433,
    0.0
   ],
   [
    -0.07402054303518729,
    0.16624411653894866,
    0.0
   ],
   [
    -0.05164518364722573,
    0.3377031864835789,
    0.0
   ],
   [
    -0.06314644385036061,
    0.23535241998655296,
    0.0
   ],
   [
    -0.18347702493477336,
    0.3063534633481314,
    0.0
   ],
   [
    -0.21960652673390324,
    0.27890806456709466,
    0.0
   ],
   [
    0.005099766893929464,
    0.14923237099896008,
    0.0
   ],
   [
    0.011234047191346047,
    0.21996669595928697,
    0.0
   ],
   [
    -0.05156597704394436,
    0.30455179214301487,
    0.0
   ],
   [
    -0.09999962340339474,
    0.3097647958464839,
    0.0
   ],
   [
    -0.1937656519523293,
    0.1062396397959762,
    0.0
   ],
   [
    -0.1861249176304154,
    0.139240652439591,
    0.0
   ],
   [
    -0.263076641901959,
    0.3241940852950449,
    0.0
   ],
   [
    -0.13021909130671525,
    0.2735455889259827,
    0.0
   ],
   [
    -0.11922780312012668,
    0.08628843700727476,
    0.0
   ],
   [
    -0.1889180548958131,
    0.3232766921964031,
    0.0
   ],
   [
    -0.178600540712788,
    0.16636307245878423,
    0.0
   ],
   [
    -0.057803439328472955,
    0.2275753671879652,
    0.0
   ],
   [
    -0.09135603182993479,
    0.30827285527690884,
    0.0
   ],
   [
    -0.1679412073510059,
    0.21908480314717468,
    0.0
   ],
   [
    -0.023845107293271578,
    0.2495239289757291,
    0.0
   ],
   [
    -0.2388758275459693,
    0.05622144348757424,
    0.0
   ]
  ],
  "positions": [
   [
    -0.6310931338970339,
    -1.1882247267099337,
    0.47396249603346624
   ],
   [
    -0.8501268116400983,
    1.1029488325446701,
    0.5105506374831348
   ],
   [
    0.0531248555278254,
    1.341177663820031,
    0.5974554417576297
   ],
   [
    -1.3546193391332968,
    -0.04640414922526462,
    0.5579256697305953
   ],
   [
    -0.03410523169111965,
    1.3292384931344634,
    0.4848864472860186
   ],
   [
    -1.271668605654576,
    0.787420703253809,
    0.5998265785734995
   ],
   [
    -1.0452386307640311,
    0.9617060374895485,
    0.5180903385694222
   ],
   [
    1.4266746167946833,
    -0.387453646513763,
    0.47966555389259147
   ],
   [
    -0.16625487538087902,
    -1.3028114725777176,
    0.4673711841746586
   ],
   [
    -0.8623039785253797,
    -1.053012810884078,
    0.4729529068305445
   ],
   [
    1.3236823233550186,
    -0.05164269272788674,
    0.630455774786934
   ],
   [
    -1.4236778208019223,
    -0.1068650292147853,
    0.5374094682989229
   ],
   [
    -1.2930119605488346,
    -0.3140061360833598,
    0.5012195837410318
   ],
   [
    0.5809468051037651,
    -1.2528408934893023,
    0.47435467894904065
   ],
   [
    -1.2689553841555303,
    -0.45633551827413943,
    0.5302378936263134
   ],
   [
    -1.4431329603794711,
    -0.3228092250031329,
    0.5643783280328858
   ],
   [
    1.4063513142947128,
    0.19039522764118305,
    0.6146776527780193
   ],
   [
    0.11378077468719246,
    1.472275708198893,
    0.4609305221629147
   ],
   [
    -1.3602979122109347,
    0.21760876181937402,
    0.6167746853593984
   ],
   [
    -0.5573457362107754,
    1.3208009679145984,
    0.4918240506471539
   ],
   [
    0.22550462274279456,
    -1.3992749951338022,
    0.5257205390465838
   ],
   [
    -1.3955371244626151,
    -0.21737849776286505,
    0.5196118942196226
   ],
   [
    1.3473596579331668,
    -0.2961052428480274,
    0.5395276150796702
   ],
   [
    0.7238738208477671,
    1.1321326076876999,
    0.5747620179325353
   ],
   [
    -0.7367523145923068,
    -1.288366069679376,
    0.5402329774136357
   ]
  ]
 },
 "appearance_assets": {
  "floor_pbr": "WoodFloor005",
  "background_hdr": "photo_studio_01_4k.hdr"
 },
 "environment_strength": 0.7570267950201819
}