{
 "objects": [
  {
   "obj_subpath": "cake/cake_028/cake_028.blend",
   "obj_location": [
    -0.07997438704466142,
    -0.22573282731859468
   ],
   "obj_pose": [
    [
     -0.9258616574924079,
     -0.3778314039145665,
     -0.0048573180712202044
    ],
    [
     0.37779202865244527,
     -0.9258607379090261,
     0.007423863440610543
    ],
    [
     -0.007302168756723404,
     0.005038414616137743,
     0.9999606609344482
    ]
   ],
   "obj_scale": 0.6644387912600233,
   "obj_color": {
    "type": "random-multi",
    "color": [
     [
      0.3211343728335356,
      0.7648983929848207,
      0.12905682473004598
     ],
     [
      0.4880134046026576,
      0.02488288794923954,
      0.6824080359283091
     ],
     [
      0.19057633317649514,
      0.4923984534079162,
      0.8220968486950775
     ],
     [
      0.211535274358359,
      0.6756454236222084,
      0.08426296392935606
     ]
    ],
    "randomness": 3.9343662798228625,
    "scale": 0.956750615717584,
    "specular": 0.6157575749460529,
    "roughness": 0.13086369303478926,
    "clever": false
   }
  },
  {
   "obj_subpath": "sink/sink_020/sink_020.blend",
   "obj_location": [
    0.3084654244979972,
    0.29165161176532806
   ],
   "obj_pose": [
    [
     -0.135587002715872,
     -0.989540306474355,
     0.049255811212421154
    ],
    [
     0.9854601633442964,
     -0.12955626677394508,
     0.10992475341813747
    ],
    [
     -0.10239357501268387,
     0.06344401091337204,
     0.9927186965942383
    ]
   ],
   "obj_scale": 0.6268495275267905,
   "obj_color": {
    "type": "random-multi",
    "color": [
     [
      0.08949684127778812,
      0.303279007303138,
      0.9936140794380854
     ],
     [
      0.696793414279713,
      0.1340093349642386,
      0.6249703044550398
     ],
     [
      0.05542407387173187,
      0.5650210413940656,
      0.40121010673338897
     ],
     [
      0.047575359802829675,
      0.5817405182006766,
      0.22958209619541556
     ]
    ],
    "randomness": 2.970469527184635,
    "scale": 0.6484203137041773,
    "specular": 0.8362943795226747,
    "roughness": 0.25877812354778973,
    "clever": false
   }
  },
  {
   "obj_subpath": "Bee_Hive/Bee_Hive/Bee_Hive.blend",
   "obj_location": [
    -0.46423891298189823,
    0.33743008265571617
   ],
   "obj_pose": [
    [
     0.8376311197037187,
     0.5462363108617867,
     0.0
    ],
    [
     -0.5462363108617867,
     0.8376311197037187,
     0.0
    ],
    [
     0.0,
     0.0,
     1.0
    ]
   ],
   "obj_scale": 0.6078403950477091,
   "obj_color": {
    "type": "random-mono",
    "color": [
     [
      0.6492641215543482,
      0.8806575086699312,
      0.889734859047802
     ],
     [
      0.038078543881009966,
      0.061170942367660644,
      0.06207683598347101
     ]
    ],
    "randomness": 0.08935452198082738,
    "scale": 3.3523802125514424,
    "specular": 0.8270040025150356,
    "roughness": 0.24057771788091828,
    "clever": false
   }
  }
 ],
 "camera": {
  "track_to_point": [
   [
    -0.04941728144619818,
    0.14780282615901771,
    0.0
   ],
   [
    -0.20464041102198627,
    0.1890737529073274,
    0.0
   ],
   [
    -0.09919665804624457,
    0.15942925154403786,
    0.0
   ],
   [
    -0.05344608338013822,
    0.10427603836039112,
    0.0
   ],
   [
    -0.06891720047402237,
    0.03395066153032743,
    0.0
   ],
   [
    0.0436047504832804,
    0.11125728293410134,
    0.0
   ],
   [
    -0.1630811303421604,
    0.28427677498363846,
    0.0
   ],
   [
    -0.004413972813665776,
    0.17138146145575142,
    0.0
   ],
   [
    -0.09601467996208547,
    0.0011949721333635033,
    0.0
   ],
   [
    -0.010511028003891462,
    0.1580696091463835,
    0.0
   ],
   [
    -0.03169121766088341,
    0.08687314672532362,
    0.0
   ],
   [
    -0.14767324583909028,
    0.1703278638166501,
    0.0
   ],
   [
    0.044778383128518964,
    0.1923104392545952,
    0.0
   ],
   [
    -0.14826668617484998,
    0.1244430170556195,
    0.0
   ],
   [
    0.052432467193840995,
    0.10014145287753033,
    0.0
   ],
   [
    -0.057869302714919094,
    0.10384758110141123,
    0.0
   ],
   [
    0.015291605364869246,
    0.21298585706976503,
    0.0
   ],
   [
    0.05133085400300093,
    0.1098609772710443,
    0.0
   ],
   [
    -0.030294422131212376,
    0.2645016713488046,
    0.0
   ],
   [
    -0.1619617348529475,
    0.22668120881286624,
    0.0
   ],
   [
    -0.07018057355400538,
    0.21917529033013275,
    0.0
   ],
   [
    -0.014674790663753892,
    0.10731056325685978,
    0.0
   ],
   [
    -0.17466612508149432,
    0.16193366227450406,
    0.0
   ],
   [
    -0.11706415274825328,
    0.17001376213611233,
    0.0
   ],
   [
    0.055537752360228856,
    -0.01075320025601792,
    0.0
   ]
  ],
  "positions": [
   [
    1.096286567063807,
    -0.9341998622863132,
    0.5918217634245263
   ],
   [
    -1.4421026592885873,
    -0.21580534322433595,
    0.48310454315214096
   ],
   [
    -0.8839930695725342,
    -1.0742121824543385,
    0.5953506318695002
   ],
   [
    0.2837848008828481,
    1.356913154658907,
    0.5408488570990924
   ],
   [
    -0.02576988449231129,
    -1.3666680232715862,
    0.5080835133626815
   ],
   [
    -1.24372038597606,
    0.43762860910392976,
    0.4671368294570672
   ],
   [
    1.3191852235168637,
    0.6688472936837887,
    0.6266642417148662
   ],
   [
    1.091431790690365,
    -0.8202535429640287,
    0.5147859041571184
   ],
   [
    -0.45427512010207816,
    1.369654193491268,
    0.5130553530893274
   ],
   [
    -0.8766335865583975,
    -1.0369895625962453,
    0.5810574806059046
   ],
   [
    -0.8356259547776326,
    1.1206568848335865,
    0.5193549920193513
   ],
   [
    -0.8513249121924771,
    -1.0403091989564082,
    0.5003239040620129
   ],
   [
    -0.057856522917730566,
    1.4105531528977857,
    0.498939363958659
   ],
   [
    -0.8399290121180034,
    -1.0244315724136215,
    0.46180603870993847
   ],
   [
    -0.7441456424520165,
    1.1851766998066275,
    0.48344110714316657
   ],
   [
    1.3020599468029443,
    -0.3266471262206934,
    0.5108319791768183
   ],
   [
    -1.3275260208953032,
    -0.6429347611286809,
    0.5738722709777044
   ],
   [
    0.7755710550993984,
    -1.166954764615175,
    0.5242302795420776
   ],
   [
    -0.24526510653858435,
    1.369104378727529,
    0.6225324063718081
   ],
   [
    -0.04665119415558891,
    -1.4474795789030008,
    0.611356197041679
   ],
   [
    1.355988482840215,
    -0.04523181046039388,
    0.6338082141494388
   ],
   [
    -1.4484418064853974,
    -0.11838801799825673,
    0.5687222065146252
   ],
   [
    -0.8429267947622512,
    -1.0642309449547513,
    0.603768851331293
   ],
   [
    0.2818117397973579,
    1.3220638768645185,
    0.4811002152164627
   ],
   [
    -1.495772855593471,
    -0.10262822083973624,
    0.4863707048412628
   ]
  ]
 },
 "appearance_assets": {
  "floor_pbr": "Planks001",
  "background_hdr": "umhlanga_sunrise_4k.hdr"
 },
 "environment_strength": 0.5356783711335458
}