{
 "objects": [
  {
   "obj_subpath": "cup/cup_049/cup_049.blend",
   "obj_location": [
    0.1345162969665118,
    0.49029166995182616
   ],
   "obj_pose": [
    [
     -0.35270937660995105,
     -0.9337575538456047,
     0.06076944421694843
    ],
    [
     0.9345618958946947,
     -0.35477232748572674,
     -0.02702978560582446
    ],
    [
     0.04679858312010765,
     0.04725915193557739,
     0.9977858066558838
    ]
   ],
   "obj_scale": 0.6699654702160072,
   "obj_color": {
    "type": "random-multi",
    "color": [
     [
      0.3629360816660959,
      0.0988462764503013,
      0.6580322413666968
     ],
     [
      0.09385217203577656,
      0.8706245844286924,
      0.7804504469680847
     ],
     [
      0.11170656970448367,
      0.5753992947130571,
      0.1287183184572512
     ]
    ],
    "randomness": 2.624887251553209,
    "scale": 0.6760161004872622,
    "specular": 0.8327692584418322,
    "roughness": 0.15388299969314717,
    "clever": false
   }
  },
  {
   "obj_subpath": "mouse/mouse_005/mouse_005.blend",
   "obj_location": [
    -0.17292042479888314,
    -0.038207564779132897
   ],
   "obj_pose": [
    [
     0.22341462111454222,
     0.6413565563453181,
     0.7339943075809141
    ],
    [
     -0.26452900783309474,
     -0.6848716537462065,
     0.6789515275383792
    ],
    [
     0.938141942024231,
     -0.34585049748420715,
     0.01664707623422146
    ]
   ],
   "obj_scale": 0.6550904868025486,
   "obj_color": {
    "type": "random-multi",
    "color": [
     [
      0.5500783470141561,
      0.05777542082483378,
      0.6794433276666803
     ],
     [
      0.5204454444015115,
      0.47633742509077953,
      0.10994023994780155
     ]
    ],
    "randomness": 0.5483811686646817,
    "scale": 1.1611084329327674,
    "specular": 0.6016102144081055,
    "roughness": 0.19944735256665014,
    "clever": false
   }
  },
  {
   "obj_subpath": "Ringed_Cylinder/Ringed_Cylinder/Ringed_Cylinder.blend",
   "obj_location": [
    0.42071483823336175,
    -0.48731461218768
   ],
   "obj_pose": [
    [
     -0.9782530033802351,
     0.20741519080710952,
     0.0
    ],
    [
     -0.20741519080710952,
     -0.9782530033802351,
     0.0
    ],
    [
     0.0,
     0.0,
     1.0
    ]
   ],
   "obj_scale": 0.6868861851629045,
   "obj_color": {
    "type": "random-mono",
    "color": [
     [
      0.5137230147243386,
      0.7356377587773806,
      0.65420996528494
     ],
     [
      0.005479079474069105,
      0.01690487215115045,
      0.012712374304434861
     ],
     [
      0.15157087532443203,
      0.5740486915015637,
      0.41902773281039113
     ]
    ],
    "randomness": 0.09574905443328419,
    "scale": 2.7782589421217083,
    "specular": 0.6644912218447439,
    "roughness": 0.14830278267651328,
    "clever": false
   }
  }
 ],
 "camera": {
  "track_to_point": [
   [
    0.03126554989249908,
    0.03499160454305352,
    0.0
   ],
   [
    0.23498298113770083,
    0.002907223425044533,
    0.0
   ],
   [
    0.2191778826263407,
    0.01555025869452469,
    0.0
   ],
   [
    -0.016632311140324235,
    0.1049196432324284,
    0.0
   ],
   [
    0.16329115040490624,
    0.12054366422563277,
    0.0
   ],
   [
    0.1505921779132422,
    0.0032504972248064336,
    0.0
   ],
   [
    0.07225596814354412,
    -0.0923700724953563,
    0.0
   ],
   [
    0.2029447469633135,
    0.10707347471820132,
    0.0
   ],
   [
    0.08583360293612168,
    -0.13936108876462222,
    0.0
   ],
   [
    0.21387399378249985,
    0.08603802949493562,
    0.0
   ],
   [
    0.26014027782687416,
    0.06049030555556036,
    0.0
   ],
   [
    0.11354645020632834,
    0.08671219627935493,
    0.0
   ],
   [
    0.1192517647798031,
    0.08702356793271247,
    0.0
   ],
   [
    0.1752145790482613,
    -0.06557405140482296,
    0.0
   ],
   [
    0.010681287386419436,
    0.05845108934790432,
    0.0
   ],
   [
    -0.0192609994208629,
    0.015422524899131559,
    0.0
   ],
   [
    0.2439696165003823,
    -0.026333605472917056,
    0.0
   ],
   [
    0.07531424524106733,
    0.06246092270447511,
    0.0
   ],
   [
    0.08214363550006669,
    -0.09998377277990393,
    0.0
   ],
   [
    0.27710797617305344,
    -0.08677539199451384,
    0.0
   ],
   [
    0.07850129278335206,
    0.11876400300150812,
    0.0
   ],
   [
    0.0332891939931827,
    0.11319411670251282,
    0.0
   ],
   [
    0.18220635888895328,
    -0.053013603484031176,
    0.0
   ],
   [
    0.061000241502296285,
    0.12545070513901524,
    0.0
   ],
   [
    0.042634359750882325,
    -0.14144414074998538,
    0.0
   ]
  ],
  "positions": [
   [
    -1.431960237369497,
    -0.010540610621798575,
    0.524397071186596
   ],
   [
    1.404094923803091,
    0.3981624629697982,
    0.5126152112912825
   ],
   [
    -0.3312092361171431,
    1.3228172693444147,
    0.610610306288087
   ],
   [
    -0.2908906045654807,
    1.3505688705583594,
    0.6447345512494516
   ],
   [
    -1.319031263693432,
    -0.6150569185549714,
    0.47177421577480755
   ],
   [
    -0.6910600240041562,
    -1.1473389753007326,
    0.5433570100995511
   ],
   [
    0.6245405256317624,
    -1.1645735485740576,
    0.5026534251695365
   ],
   [
    0.7590731243311175,
    1.070178843497401,
    0.608562958385116
   ],
   [
    -0.5352328651445316,
    1.2200047758251091,
    0.49736817181145543
   ],
   [
    -1.0719320081241857,
    0.9402332086183001,
    0.5419742253571879
   ],
   [
    1.2612760339687108,
    -0.7304131771922343,
    0.5952934844781433
   ],
   [
    0.9871546299353933,
    -0.9701643411533105,
    0.4670801095025455
   ],
   [
    0.32499692216300585,
    1.4042915164966345,
    0.5867041118595857
   ],
   [
    0.765040106018852,
    1.2747417178717917,
    0.48103338818197555
   ],
   [
    -0.3227790011755952,
    -1.3028040891402497,
    0.49321900942661734
   ],
   [
    1.1906668004835002,
    -0.7749713531104051,
    0.586998423405104
   ],
   [
    -0.5753361370938571,
    -1.2159267669304443,
    0.45191475923240926
   ],
   [
    -0.442041145645792,
    1.2961353659109693,
    0.5770758966121666
   ],
   [
    1.278154944414886,
    -0.2930646432781617,
    0.5559612585659753
   ],
   [
    1.3355382188879517,
    0.38754541029853534,
    0.5023218545446736
   ],
   [
    -0.9222367941674039,
    0.9329833147598073,
    0.49054032250970825
   ],
   [
    -1.1867949370224684,
    -0.706522861900606,
    0.5500986882240096
   ],
   [
    1.1989516024465716,
    0.5152072223177897,
    0.6164497298898602
   ],
   [
    -0.660546732286159,
    -1.3422427955942127,
    0.5680763967516947
   ],
   [
    -1.2543979061341666,
    -0.6854564515750131,
    0.5053635067067892
   ]
  ]
 },
 "appearance_assets": {
  "floor_pbr": "Carpet013",
  "background_hdr": "umhlanga_sunrise_4k.hdr"
 },
 "environment_strength": 0.6849419488219135
}