{
 "objects": [
  {
   "obj_subpath": "fox/fox_013/fox_013.blend",
   "obj_location": [
    0.30566020893972046,
    0.13993629792710582
   ],
   "obj_pose": [
    [
     0.016377456547338604,
     -0.7626469709683888,
     -0.6466075718484121
    ],
    [
     0.4259160023864801,
     -0.5797663176696778,
     0.6945981789366881
    ],
    [
     -0.9046144485473633,
     -0.28677627444267273,
     0.315328449010849
    ]
   ],
   "obj_scale": 0.6455403404889486,
   "obj_color": {
    "type": "random-mono",
    "color": [
     [
      0.16933569699061812,
      0.30624773056594984,
      0.45372420329257146
     ],
     [
      0.3082829255777192,
      0.4105346782764465,
      0.5206764052257139
     ],
     [
      0.005362319661796315,
      0.00887493410349887,
      0.012658589742693323
     ],
     [
      0.3249326411062826,
      0.5204554870058955,
      0.7310653136058348
     ]
    ],
    "randomness": 0.31027200055105153,
    "scale": 2.364365544049222,
    "specular": 0.8262054755590834,
    "roughness": 0.17002164307760337,
    "clever": true
   }
  },
  {
   "obj_subpath": "fridge/fridge_013/fridge_013.blend",
   "obj_location": [
    -0.22168060444464976,
    -0.4967042646535966
   ],
   "obj_pose": [
    [
     -0.05460796275798038,
     0.9985078484067841,
     1.2238570350853616e-06
    ],
    [
     -0.9985078484067841,
     -0.05460796275798038,
     -2.2180205536143434e-06
    ],
    [
     -2.1478786038642284e-06,
     -1.3431524621410063e-06,
     1.0
    ]
   ],
   "obj_scale": 0.6640665924756884,
   "obj_color": {
    "type": "random-multi",
    "color": [
     [
      0.003262528335125192,
      0.7015338649269968,
      0.1323742385635062
     ],
     [
      0.06087662744196054,
      0.8579934526980528,
      0.1521994272221453
     ],
     [
      0.2185030291858941,
      0.5810636854519293,
      0.12824879820907376
     ]
    ],
    "randomness": 1.6820908145969204,
    "scale": 1.3994567428047895,
    "specular": 0.7195710511956972,
    "roughness": 0.174065684530394,
    "clever": false
   }
  },
  {
   "obj_subpath": "Atom_Duo_Ring.001/Atom_Duo_Ring.001/Atom_Duo_Ring.001.blend",
   "obj_location": [
    -0.2016028233810805,
    0.476866771586562
   ],
   "obj_pose": [
    [
     -0.9951122287175682,
     -0.09875045446353213,
     0.0
    ],
    [
     0.09875045446353213,
     -0.9951122287175682,
     0.0
    ],
    [
     0.0,
     0.0,
     1.0
    ]
   ],
   "obj_scale": 0.6609309409746821,
   "obj_color": {
    "type": "random-mono",
    "color": [
     [
      0.4554509090312486,
      0.21438888840657588,
      0.6533409881502048
     ],
     [
      0.013184639824402957,
      0.006157637960925499,
      0.018953171719759854
     ],
     [
      0.6852596699430278,
      0.5582408603439521,
      0.7895306049332078
     ]
    ],
    "randomness": 0.17528064885948647,
    "scale": 4.185966008587952,
    "specular": 0.8752784330272376,
    "roughness": 0.2353957985641833,
    "clever": false
   }
  }
 ],
 "camera": {
  "track_to_point": [
   [
    -0.12047468448634804,
    0.11407142868379291,
    0.0
   ],
   [
    -0.06973320868791161,
    0.15698684422764536,
    0.0
   ],
   [
    0.03200998470926906,
    0.026827545808828436,
    0.0
   ],
   [
    0.004863644335653124,
    0.04547167133714073,
    0.0
   ],
   [
    0.10689332869982449,
    -0.051073728822654325,
    0.0
   ],
   [
    -0.13167077028512983,
    0.03371105806884226,
    0.0
   ],
   [
    0.08599636398341581,
    -0.08690597553525092,
    0.0
   ],
   [
    -0.17001943538345718,
    -0.07261974575927743,
    0.0
   ],
   [
    -0.08410654229547482,
    0.14565182599818716,
    0.0
   ],
   [
    -0.07274248562131308,
    0.13491374137555287,
    0.0
   ],
   [
    0.05804237806072244,
    0.18860563229718985,
    0.0
   ],
   [
    0.009741718937362899,
    0.12701472392888793,
    0.0
   ],
   [
    -0.03935657567638869,
    0.14620046654624635,
    0.0
   ],
   [
    -0.09912248009517052,
    0.06569463834860464,
    0.0
   ],
   [
    -0.000709812541439668,
    0.11291663349444506,
    0.0
   ],
   [
    -0.1804799688545376,
    0.1265620497645951,
    0.0
   ],
   [
    0.05947881674078032,
    -0.05120618969228918,
    0.0
   ],
   [
    0.011871135711692661,
    0.16921986049851612,
    0.0
   ],
   [
    -0.08876440076131023,
    0.12315275835692224,
    0.0
   ],
   [
    0.040914023029958675,
    -0.009804262708184859,
    0.0
   ],
   [
    -0.04503271852056042,
    0.026330729161007295,
    0.0
   ],
   [
    -0.061113801216964546,
    0.17047905357334703,
    0.0
   ],
   [
    -0.03172913790103359,
    -0.044828297885978634,
    0.0
   ],
   [
    -0.06338445101917864,
    0.001360855015276656,
    0.0
   ],
   [
    0.0778211523762824,
    0.12219189277715028,
    0.0
   ]
  ],
  "positions": [
   [
    -0.4192078559035964,
    1.3158681471948155,
    0.5430357254027955
   ],
   [
    1.378748402912483,
    0.5043816114857332,
    0.4548201412192607
   ],
   [
    -0.2242123451369341,
    1.440556150358594,
    0.4575140009167705
   ],
   [
    1.1797367206234906,
    0.5664587283756215,
    0.48795395001981146
   ],
   [
    1.3795271825948394,
    -0.16405056180234512,
    0.5069276386225109
   ],
   [
    -0.006442149214520574,
    -1.4218265385849802,
    0.5745293465870575
   ],
   [
    0.5435343015141118,
    1.304734258623103,
    0.5093792763662511
   ],
   [
    0.3190814156639471,
    1.3790074981820324,
    0.5601497652244797
   ],
   [
    0.025100719340493526,
    1.3977338676327362,
    0.5337145865387459
   ],
   [
    -0.7138835884277486,
    -1.2239303393094543,
    0.5645058529777185
   ],
   [
    1.371623122009587,
    0.18596013227220784,
    0.5820162691394702
   ],
   [
    1.3070152208225445,
    0.5281198775648986,
    0.6410098202067089
   ],
   [
    1.439826669498426,
    -0.11906500049693083,
    0.4508869104111388
   ],
   [
    1.4231441738421198,
    -0.3568619006394061,
    0.5628402392532802
   ],
   [
    1.4115890331740852,
    -0.3406497089835556,
    0.512813966979336
   ],
   [
    -0.22277348448384054,
    1.4434774007893671,
    0.47025034352884426
   ],
   [
    -1.3611031560483418,
    -0.49397300035663855,
    0.5311924290836011
   ],
   [
    1.1629302910171166,
    0.8814925273321532,
    0.5003371826422695
   ],
   [
    0.8853612833779386,
    1.0781734716191596,
    0.4537217902156181
   ],
   [
    0.6314679812591839,
    1.162268500355806,
    0.5876554795722537
   ],
   [
    -0.6053991698158014,
    1.2062493109150383,
    0.5982565586703554
   ],
   [
    1.3614309098693897,
    -0.1808497061188482,
    0.5288254413802813
   ],
   [
    -1.2894124232344226,
    0.40511312455160314,
    0.5841905814427841
   ],
   [
    1.1843383052312197,
    0.6058030316457139,
    0.5625485118214575
   ],
   [
    1.2888993415759218,
    -0.35379471563396375,
    0.6113736877492364
   ]
  ]
 },
 "appearance_assets": {
  "floor_pbr": "Carpet008",
  "background_hdr": "lythwood_lounge_4k.hdr"
 },
 "environment_strength": 0.47825428031080297
}