{
 "objects": [
  {
   "obj_subpath": "tree/tree_022/tree_022.blend",
   "obj_location": [
    0.15809516537076262,
    -0.18419989395194458
   ],
   "obj_pose": [
    [
     -0.9383502182039052,
     0.022606911511758535,
     -0.3449460295470767
    ],
    [
     0.29291069254542623,
     -0.4779304134055117,
     -0.8281218572613878
    ],
    [
     -0.18358147144317627,
     -0.8781067132949829,
     0.44184431433677673
    ]
   ],
   "obj_scale": 0.6890876248231949,
   "obj_color": {
    "type": "random-mono",
    "color": [
     [
      0.07988621175747355,
      0.05058435255251971,
      0.05619809070191604
     ],
     [
      0.838120400017274,
      0.6687024940803115,
      0.7011600850849251
     ]
    ],
    "randomness": 0.9530907911768465,
    "scale": 3.37049343953027,
    "specular": 0.6013842213309598,
    "roughness": 0.13799534648490527,
    "clever": false
   }
  },
  {
   "obj_subpath": "dinosaur/dinosaur_054/dinosaur_054.blend",
   "obj_location": [
    -0.24029241367469956,
    0.46696430612358975
   ],
   "obj_pose": [
    [
     -0.01339728113430957,
     0.4224354632194604,
     -0.9062939884986793
    ],
    [
     -0.13030566207886812,
     0.8979084860369367,
     0.4204530854254852
    ],
    [
     0.9913833737373352,
     0.12372817099094391,
     0.04301619902253151
    ]
   ],
   "obj_scale": 0.6353894086975862,
   "obj_color": {
    "type": "random-mono",
    "color": [
     [
      0.9811550624495141,
      0.9690250493316565,
      0.98061987029169
     ],
     [
      0.8512092523212249,
      0.6437617724130036,
      0.8420563962337222
     ]
    ],
    "randomness": 0.521147195880128,
    "scale": 2.856830825537521,
    "specular": 0.736986301046443,
    "roughness": 0.14128607893033623,
    "clever": true
   }
  },
  {
   "obj_subpath": "Torus_Knot_Petier/Torus_Knot_Petier/Torus_Knot_Petier.blend",
   "obj_location": [
    -0.46591192116572755,
    -0.3259221728154794
   ],
   "obj_pose": [
    [
     -0.8708484157958671,
     -0.4915516622958655,
     0.0
    ],
    [
     0.4915516622958655,
     -0.8708484157958671,
     0.0
    ],
    [
     0.0,
     0.0,
     1.0
    ]
   ],
   "obj_scale": 0.6854166788410437,
   "obj_color": {
    "type": "random-multi",
    "color": [
     [
      0.8846521330482336,
      0.0441035338049951,
      0.2858766257870445
     ],
     [
      0.719531042027802,
      0.22837446316305987,
      0.08986187471906482
     ],
     [
      0.2836388350535449,
      0.18413449554491046,
      0.8218228156686957
     ],
     [
      0.7063928471784867,
      0.17359668245591042,
      0.21417338535196476
     ]
    ],
    "randomness": 0.7438949926528216,
    "scale": 1.3012205647915622,
    "specular": 0.6300072834684957,
    "roughness": 0.2001383846962109,
    "clever": true
   }
  }
 ],
 "camera": {
  "track_to_point": [
   [
    -0.15504771977826048,
    0.05325931556137888,
    0.0
   ],
   [
    -0.14343991445538629,
    0.019831821012907667,
    0.0
   ],
   [
    -0.19278240061331173,
    -0.12762707796105358,
    0.0
   ],
   [
    -0.04700887470015211,
    0.1170406979384737,
    0.0
   ],
   [
    -0.05527656432041331,
    -0.11419170843796404,
    0.0
   ],
   [
    -0.32710197570451605,
    -0.055148441241526576,
    0.0
   ],
   [
    -0.1735207377189854,
    0.08527235558005618,
    0.0
   ],
   [
    -0.2797509235297768,
    -0.011784726744888516,
    0.0
   ],
   [
    -0.30910101702509496,
    -0.04382702529344081,
    0.0
   ],
   [
    -0.09240656825686258,
    0.0013254450789574792,
    0.0
   ],
   [
    -0.21976785094927553,
    0.12461545648837428,
    0.0
   ],
   [
    -0.03338654214031919,
    -0.05555037421467455,
    0.0
   ],
   [
    -0.10183770229434383,
    -0.026083843187713958,
    0.0
   ],
   [
    -0.034764048608158765,
    0.12516118115335267,
    0.0
   ],
   [
    -0.12778157884163843,
    0.03793332848116426,
    0.0
   ],
   [
    -0.2092939914337998,
    0.012271004783110958,
    0.0
   ],
   [
    -0.05785978901100372,
    -0.09688141540327373,
    0.0
   ],
   [
    -0.11344769025725526,
    -0.03902509145130132,
    0.0
   ],
   [
    -0.12555308783109492,
    -0.1278204152104282,
    0.0
   ],
   [
    -0.1688287577138073,
    -0.15744858135781073,
    0.0
   ],
   [
    -0.3193813716603455,
    -0.014305559826261563,
    0.0
   ],
   [
    -0.1782314375117152,
    0.009269094984359258,
    0.0
   ],
   [
    -0.3195350757230798,
    -0.12540718586357855,
    0.0
   ],
   [
    -0.23133131925224626,
    0.025363208113987117,
    0.0
   ],
   [
    -0.193642126263383,
    0.09595531819628537,
    0.0
   ]
  ],
  "positions": [
   [
    1.2417662080139344,
    -0.6401390521325049,
    0.5616867743988618
   ],
   [
    -0.9705651756246271,
    0.8943653319528352,
    0.4716733494769622
   ],
   [
    -0.8082074459617934,
    1.124654836555358,
    0.4951482049626533
   ],
   [
    1.0032084050704182,
    -0.8885000696366275,
    0.5396961110990893
   ],
   [
    1.1909322923485435,
    -0.8775064612522786,
    0.6044916610832871
   ],
   [
    0.37145694386326966,
    1.320406887685087,
    0.5110411858647881
   ],
   [
    -1.4009475132832399,
    -0.46642507289738255,
    0.46473574058607797
   ],
   [
    1.2337666840045312,
    -0.46622160933663065,
    0.5562833093402874
   ],
   [
    0.5133768841481389,
    1.3979444574717104,
    0.47118532708829297
   ],
   [
    1.3808318475625403,
    -0.49287034553965325,
    0.6088062236381571
   ],
   [
    -0.14752517389981215,
    1.4906097437380514,
    0.48562755550227993
   ],
   [
    0.30292109733062017,
    -1.4529000005437038,
    0.5728155744243439
   ],
   [
    -0.9951112943487398,
    1.0110324008582614,
    0.5198908886209666
   ],
   [
    0.6638212864910995,
    1.164901584075909,
    0.5567688646427047
   ],
   [
    -1.1812243663505244,
    -0.555789393789689,
    0.5257913005819166
   ],
   [
    -1.2956217987107446,
    -0.30283836056635677,
    0.5931677323798743
   ],
   [
    1.1684241177789476,
    0.6967523093227598,
    0.5130845395074385
   ],
   [
    -1.3988058242769492,
    -0.21560041645136932,
    0.6053884434867046
   ],
   [
    0.9483264679037787,
    -1.1090152102470268,
    0.510027810062343
   ],
   [
    -0.18678008031131463,
    -1.322278139584153,
    0.5844269272270476
   ],
   [
    -0.427890742370045,
    1.3464931032614618,
    0.6099136777670315
   ],
   [
    1.1177097640128817,
    -0.7373762918076516,
    0.5278385326800575
   ],
   [
    -1.4017271000452007,
    0.13990869906231282,
    0.6101574223525911
   ],
   [
    0.5087618554484181,
    1.2254528682809616,
    0.5287158242220233
   ],
   [
    0.6668245922648173,
    1.3124020415725792,
    0.6369623134644126
   ]
  ]
 },
 "appearance_assets": {
  "floor_pbr": "Carpet013",
  "background_hdr": "fireplace_4k.hdr"
 },
 "environment_strength": 0.5303216693239956
}