{
 "objects": [
  {
   "obj_subpath": "shoe/shoe_034/shoe_034.blend",
   "obj_location": [
    -0.46097695911720094,
    0.4008713741881391
   ],
   "obj_pose": [
    [
     0.9265169705374621,
     0.3725810951517566,
     0.05243725933000554
    ],
    [
     -0.37377754570742244,
     0.9273991799354155,
     0.014871670566318702
    ],
    [
     -0.0430893674492836,
     -0.0333787240087986,
     0.9985134601593018
    ]
   ],
   "obj_scale": 0.604607182322227,
   "obj_color": {
    "type": "random-multi",
    "color": [
     [
      0.05267487813851435,
      0.704290335597065,
      0.23435179862610422
     ],
     [
      0.759620540562611,
      0.587996109835992,
      0.12537088550933762
     ],
     [
      0.39619476250601027,
      0.1037479905903902,
      0.6321520042118067
     ],
     [
      0.1781538808509312,
      0.7274880320690921,
      0.13492198678456135
     ]
    ],
    "randomness": 4.555168509028585,
    "scale": 1.0169832325060089,
    "specular": 0.7219899271210428,
    "roughness": 0.28984952047455037,
    "clever": false
   }
  },
  {
   "obj_subpath": "hammer/hammer_060/hammer_060.blend",
   "obj_location": [
    0.3035017501871873,
    0.44811669880565996
   ],
   "obj_pose": [
    [
     -0.019029572827365417,
     -0.7771136002018838,
     -0.6290725813459336
    ],
    [
     0.024638219001670653,
     -0.6293599580773553,
     0.7767232538772155
    ],
    [
     -0.9995152950286865,
     -0.0007185153663158417,
     0.031123144552111626
    ]
   ],
   "obj_scale": 0.6552200702342279,
   "obj_color": {
    "type": "random-mono",
    "color": [
     [
      0.12697101265960645,
      0.15268024196800797,
      0.21349616647829592
     ],
     [
      0.6239433584934981,
      0.6984642524410077,
      0.8747455795234143
     ],
     [
      0.41332612525112133,
      0.49041587632850725,
      0.6727739091500942
     ]
    ],
    "randomness": 0.19670921284497622,
    "scale": 4.091330400742031,
    "specular": 0.8345889740458434,
    "roughness": 0.11362263699066999,
    "clever": false
   }
  },
  {
   "obj_subpath": "Geo_Instance_Crystal_Cube/Geo_Instance_Crystal_Cube/Geo_Instance_Crystal_Cube.blend",
   "obj_location": [
    0.2503373996970737,
    -0.2647261947638736
   ],
   "obj_pose": [
    [
     -0.9374866436326758,
     -0.3480212536761804,
     0.0
    ],
    [
     0.3480212536761804,
     -0.9374866436326758,
     0.0
    ],
    [
     0.0,
     0.0,
     1.0
    ]
   ],
   "obj_scale": 0.6145875619798442,
   "obj_color": {
    "type": "random-multi",
    "color": [
     [
      0.20954056869054993,
      0.7540697300331287,
      0.13331761361468786
     ],
     [
      0.6214307549875866,
      0.6851651027593509,
      0.018279629370395734
     ],
     [
      0.07631127971997953,
      0.6540791736838739,
      0.9797030384643041
     ],
     [
      0.19765557505236564,
      0.4378128404127193,
      0.8459379398525222
     ]
    ],
    "randomness": 2.180013710029753,
    "scale": 1.1688862702713894,
    "specular": 0.8025249531415417,
    "roughness": 0.1016472845434161,
    "clever": false
   }
  }
 ],
 "camera": {
  "track_to_point": [
   [
    0.0560527313825092,
    0.3296244304400627,
    0.0
   ],
   [
    -0.09185186067230851,
    0.26583651122632423,
    0.0
   ],
   [
    0.04046445097426597,
    0.26955899056962096,
    0.0
   ],
   [
    0.007588157439847153,
    0.1561321923988298,
    0.0
   ],
   [
    -0.028413001884537662,
    0.26154201498558605,
    0.0
   ],
   [
    -0.03901716398044458,
    0.21671238162072423,
    0.0
   ],
   [
    0.11279895297180108,
    0.18783923428406155,
    0.0
   ],
   [
    0.0735253503504082,
    0.18166745896953218,
    0.0
   ],
   [
    -0.03617335020210066,
    0.3043498679917268,
    0.0
   ],
   [
    0.11820956658926053,
    0.1564157751897921,
    0.0
   ],
   [
    0.049399936425921734,
    0.3356954191082665,
    0.0
   ],
   [
    -0.032894713874074,
    0.18599158205351685,
    0.0
   ],
   [
    0.07804675653485761,
    0.07645412981272107,
    0.0
   ],
   [
    -0.11266197575473828,
    0.3280921593914382,
    0.0
   ],
   [
    0.0482637447787853,
    0.13350756751401588,
    0.0
   ],
   [
    -0.03876202426627691,
    0.14979056390458204,
    0.0
   ],
   [
    0.12309363457441184,
    0.21577889991098873,
    0.0
   ],
   [
    -0.04304441741644603,
    0.24301332219373634,
    0.0
   ],
   [
    0.15733486797188517,
    0.1714502440183457,
    0.0
   ],
   [
    -0.05386092043368282,
    0.052176844374822284,
    0.0
   ],
   [
    0.054050639628592814,
    0.05859143466043645,
    0.0
   ],
   [
    -0.09186212908720436,
    0.08059578496320434,
    0.0
   ],
   [
    -0.07946222708657182,
    0.12107277465804443,
    0.0
   ],
   [
    0.1805229797186465,
    0.24259267113855656,
    0.0
   ],
   [
    0.11236227270457676,
    0.12895575211950872,
    0.0
   ]
  ],
  "positions": [
   [
    0.9415955083989336,
    1.0328894723323028,
    0.5171469429265022
   ],
   [
    1.4700100817090296,
    -0.06929420507961634,
    0.46510186226783334
   ],
   [
    0.1726489465904944,
    -1.3339903145519474,
    0.5892122159366051
   ],
   [
    -0.27253635394322584,
    -1.2773047765155257,
    0.4696165409484162
   ],
   [
    -0.7425653743511373,
    -1.2255903929134373,
    0.5143520395353223
   ],
   [
    -0.6772934432630269,
    -1.2989230785902808,
    0.568738789772129
   ],
   [
    -1.430558649965715,
    -0.16355203621420034,
    0.5208747302798744
   ],
   [
    -1.438883077920563,
    0.22822777722899193,
    0.539525001918785
   ],
   [
    -1.3526371709283158,
    -0.28700347065534854,
    0.5303646560513333
   ],
   [
    0.3643678184966824,
    1.4261115048274047,
    0.5119632266322505
   ],
   [
    0.5718530287670578,
    1.1795304668431126,
    0.6463590324650601
   ],
   [
    -1.0717157526139849,
    -0.8055953732775724,
    0.547926067024063
   ],
   [
    -0.07387622216361808,
    -1.302254659092507,
    0.5737568335257169
   ],
   [
    0.5360624476376468,
    -1.2756796918248494,
    0.5287266769188119
   ],
   [
    1.3438463987761136,
    0.3127597383989846,
    0.5583105384147145
   ],
   [
    -1.2230215759697614,
    -0.6205608467288217,
    0.5613178960821962
   ],
   [
    1.238040253037892,
    0.7595280761712512,
    0.5488145510789355
   ],
   [
    0.7812601686910913,
    1.2790953205207956,
    0.596042134556699
   ],
   [
    0.45857555952855766,
    -1.4224645792074415,
    0.5124412141799968
   ],
   [
    0.14188893604991176,
    -1.406272615239004,
    0.5606158509826649
   ],
   [
    -1.1429926469135343,
    -0.706561837026813,
    0.4847635069969909
   ],
   [
    -0.3894311368163878,
    1.399190986807074,
    0.5977007394750045
   ],
   [
    1.4873517997792023,
    -0.057015799335752224,
    0.570040307518108
   ],
   [
    -1.273765418918057,
    -0.5164498113765538,
    0.5644155134398268
   ],
   [
    -0.0051090677222486005,
    -1.3559009794371488,
    0.5031979231790998
   ]
  ]
 },
 "appearance_assets": {
  "floor_pbr": "Carpet006",
  "background_hdr": "entrance_hall_4k.hdr"
 },
 "environment_strength": 0.7482886766636895
}