{
 "objects": [
  {
   "obj_subpath": "piano/piano_000/piano_000.blend",
   "obj_location": [
    0.17043649514407522,
    -0.3436955519801943
   ],
   "obj_pose": [
    [
     0.41633448181551636,
     0.9092115391256518,
     -1.0479666456963424e-06
    ],
    [
     -0.9092115391256519,
     0.4163344818155164,
     -5.629806383952931e-07
    ],
    [
     -7.556381831363979e-08,
     1.1872116374433972e-06,
     1.0
    ]
   ],
   "obj_scale": 0.6002493015724563,
   "obj_color": {
    "type": "random-mono",
    "color": [
     [
      0.9043198168501262,
      0.9255605272159523,
      0.9651526344357794
     ],
     [
      0.5440431803936976,
      0.6565043394399819,
      0.8661288854339895
     ],
     [
      0.5678857514476989,
      0.6569717816310194,
      0.8230257222977819
     ]
    ],
    "randomness": 0.815933369077244,
    "scale": 4.618198222479157,
    "specular": 0.865919472906691,
    "roughness": 0.10337756462168142,
    "clever": false
   }
  },
  {
   "obj_subpath": "bread/bread_002/bread_002.blend",
   "obj_location": [
    -0.478688569787559,
    -0.08276708841286495
   ],
   "obj_pose": [
    [
     0.5923001798859374,
     -0.8057043431401734,
     -0.004585540177563726
    ],
    [
     0.8056793809412547,
     0.5923178982115463,
     -0.006343463664991404
    ],
    [
     0.007827053777873516,
     6.275960186030716e-05,
     0.9999693632125854
    ]
   ],
   "obj_scale": 0.6810880038656603,
   "obj_color": {
    "type": "random-multi",
    "color": [
     [
      0.12066953194482133,
      0.825346636493653,
      0.1698768273593612
     ],
     [
      0.8678944565454396,
      0.144230638156168,
      0.8141720761753498
     ]
    ],
    "randomness": 4.025443151326097,
    "scale": 0.8922911356952493,
    "specular": 0.6272354191204326,
    "roughness": 0.20778425872257605,
    "clever": false
   }
  },
  {
   "obj_subpath": "Extrudy_Cone_Rings/Extrudy_Cone_Rings/Extrudy_Cone_Rings.blend",
   "obj_location": [
    0.13809155955550778,
    0.2645918716705933
   ],
   "obj_pose": [
    [
     0.998636797443646,
     -0.0521971914138909,
     0.0
    ],
    [
     0.0521971914138909,
     0.998636797443646,
     0.0
    ],
    [
     0.0,
     0.0,
     1.0
    ]
   ],
   "obj_scale": 0.6812313096248178,
   "obj_color": {
    "type": "random-mono",
    "color": [
     [
      0.3452834240136006,
      0.7492547398905146,
      0.1929196358574211
     ],
     [
      0.058995423657873663,
      0.104503847924087,
      0.04183124481223617
     ]
    ],
    "randomness": 0.7906595945599985,
    "scale": 2.9020220189710035,
    "specular": 0.7322787267347013,
    "roughness": 0.2100707380052623,
    "clever": true
   }
  }
 ],
 "camera": {
  "track_to_point": [
   [
    -0.07042386847687102,
    0.01934641021993977,
    0.0
   ],
   [
    0.0560398811782371,
    -0.13906178998284363,
    0.0
   ],
   [
    0.08264927728103982,
    -0.12625005318406776,
    0.0
   ],
   [
    0.04904480065889188,
    -0.0420501593461218,
    0.0
   ],
   [
    -0.01834777065941271,
    -0.17073431615007667,
    0.0
   ],
   [
    -0.20102468711400315,
    -0.11993448597921298,
    0.0
   ],
   [
    0.058104527930198206,
    -0.19437872419569774,
    0.0
   ],
   [
    -0.062379624032051696,
    -0.08506250391338516,
    0.0
   ],
   [
    -0.044592186352106246,
    -0.06447974362582085,
    0.0
   ],
   [
    0.0896975547436471,
    -0.17009645580219232,
    0.0
   ],
   [
    0.058181160543748715,
    -0.09601183492803057,
    0.0
   ],
   [
    -0.13942750679411278,
    0.02908337756271237,
    0.0
   ],
   [
    0.04466666897048526,
    -0.1745000537985959,
    0.0
   ],
   [
    -0.08406760256483828,
    -0.07451692365411183,
    0.0
   ],
   [
    0.024910852923448544,
    -0.1325834343469795,
    0.0
   ],
   [
    -0.10477545544009775,
    -0.033233991717370376,
    0.0
   ],
   [
    -0.13655033638760972,
    -0.11523298531195134,
    0.0
   ],
   [
    -0.0023713324229562086,
    -0.027420691075540793,
    0.0
   ],
   [
    -0.07117704207579836,
    -0.06377357113947657,
    0.0
   ],
   [
    0.003223804065158646,
    -0.07080339224069004,
    0.0
   ],
   [
    -0.17300914818466823,
    -0.1315370950536126,
    0.0
   ],
   [
    -0.078549861517172,
    -0.07251698721684019,
    0.0
   ],
   [
    -0.13209752704685362,
    -0.019864395178609384,
    0.0
   ],
   [
    -0.1915977672623373,
    -0.08596216268141502,
    0.0
   ],
   [
    0.07123023536761747,
    -0.1714222132691961,
    0.0
   ]
  ],
  "positions": [
   [
    -1.476507046941713,
    0.15166598551896265,
    0.45631084104848774
   ],
   [
    0.348546551988433,
    1.3078698468637695,
    0.619430253028988
   ],
   [
    -1.071308121980829,
    -0.9474784170303772,
    0.5752260073129636
   ],
   [
    1.3666244677887884,
    0.2578479598452533,
    0.5516381607367564
   ],
   [
    -0.06131605575705633,
    -1.4912952869483427,
    0.5042992997117886
   ],
   [
    0.22076803960733404,
    -1.3753044057045167,
    0.5511791885930164
   ],
   [
    -1.27608908954071,
    -0.257395907215217,
    0.6280733959454703
   ],
   [
    1.2458424297290465,
    0.8072106046734253,
    0.4765110539412716
   ],
   [
    -0.5555091549443885,
    -1.1804112085074057,
    0.6206691868597123
   ],
   [
    -0.32310455437964475,
    1.4356617541698633,
    0.485179827101654
   ],
   [
    -1.208649553799217,
    0.5555816918558752,
    0.5777462938474964
   ],
   [
    1.3860849264621198,
    -0.3564999394892411,
    0.5248209501495295
   ],
   [
    1.1211097004014219,
    -0.978862186156787,
    0.5239625718709118
   ],
   [
    -0.881615675084526,
    -1.0351769463129834,
    0.5220674631803728
   ],
   [
    1.3817413803555232,
    -0.12297170531747433,
    0.5755115374303406
   ],
   [
    0.05978346130619277,
    1.4231496660841603,
    0.6260927715725798
   ],
   [
    -0.687360017244402,
    -1.1678465164928384,
    0.6337757702907652
   ],
   [
    -1.154804949938692,
    -0.6932629435656424,
    0.5104155832980273
   ],
   [
    -1.1828617052851749,
    -0.5927420141013092,
    0.6347471491966433
   ],
   [
    -0.38662792349020253,
    1.3915862965579089,
    0.45584623192778284
   ],
   [
    -1.3288740941822492,
    0.17470310826530713,
    0.6403770331336536
   ],
   [
    -1.348843301561017,
    0.009556555038926183,
    0.5195474548028841
   ],
   [
    -0.5286274523291821,
    1.2555022325243617,
    0.576116890056348
   ],
   [
    0.16051890318512432,
    1.4388394195542227,
    0.5421605361286882
   ],
   [
    -0.26789252650005624,
    1.43980038036541,
    0.48811320317626283
   ]
  ]
 },
 "appearance_assets": {
  "floor_pbr": "Carpet014",
  "background_hdr": "small_empty_house_4k.hdr"
 },
 "environment_strength": 0.791231014814317
}