{
 "objects": [
  {
   "obj_subpath": "ladder/ladder_045/ladder_045.blend",
   "obj_location": [
    0.2252649900681717,
    0.22728674729724463
   ],
   "obj_pose": [
    [
     0.531371012017145,
     0.8471190527655381,
     -0.005847404844174734
    ],
    [
     -0.8465698007585857,
     0.5307481680089117,
     -0.0403233057894854
    ],
    [
     -0.031055139377713203,
     0.026376873254776,
     0.9991695880889893
    ]
   ],
   "obj_scale": 0.6200980346294727,
   "obj_color": {
    "type": "random-mono",
    "color": [
     [
      0.18720968178018133,
      0.14591995303138172,
      0.39681881498157234
     ],
     [
      0.6280495242088242,
      0.5833882053760693,
      0.8547746835121988
     ],
     [
      0.19340186511436425,
      0.13870106012552463,
      0.47109291968353106
     ],
     [
      0.7974600209688457,
      0.7786865387877477,
      0.8927644331409921
     ]
    ],
    "randomness": 0.1817323761771753,
    "scale": 3.559591338165218,
    "specular": 0.7243024889898899,
    "roughness": 0.2997721814336869,
    "clever": false
   }
  },
  {
   "obj_subpath": "bicycle/bicycle_011/bicycle_011.blend",
   "obj_location": [
    -0.3857587139292802,
    0.01606501453716902
   ],
   "obj_pose": [
    [
     0.25600169771490405,
     -0.31215883494479896,
     -0.9148879713476837
    ],
    [
     -0.04720462348911417,
     0.9412604623408339,
     -0.33436578207747114
    ],
    [
     0.9655231237411499,
     0.1287851482629776,
     0.22622893750667572
    ]
   ],
   "obj_scale": 0.6741327423006896,
   "obj_color": {
    "type": "random-mono",
    "color": [
     [
      0.596827056357579,
      0.29374758588414185,
      0.36869487584990035
     ],
     [
      0.15109981271710374,
      0.06743976746881739,
      0.08812771990577178
     ],
     [
      0.10239541168641862,
      0.049134910616202135,
      0.06230548337454722
     ]
    ],
    "randomness": 0.563517370888785,
    "scale": 3.57129619616423,
    "specular": 0.7220423978478389,
    "roughness": 0.22785291639709898,
    "clever": false
   }
  },
  {
   "obj_subpath": "Ringed_Cylinder/Ringed_Cylinder/Ringed_Cylinder.blend",
   "obj_location": [
    0.29253688548654644,
    -0.38877943258972447
   ],
   "obj_pose": [
    [
     -0.8764268667989539,
     0.48153499058009136,
     0.0
    ],
    [
     -0.48153499058009136,
     -0.8764268667989539,
     0.0
    ],
    [
     0.0,
     0.0,
     1.0
    ]
   ],
   "obj_scale": 0.6038611263206699,
   "obj_color": {
    "type": "random-mono",
    "color": [
     [
      0.06231045403651922,
      0.15794744292225063,
      0.14870017003286062
     ],
     [
      0.8110725560391027,
      0.8951894644439325,
      0.8870560840887577
     ],
     [
      0.8484778506041761,
      0.9118173881811309,
      0.9056930005829213
     ]
    ],
    "randomness": 0.5344215568393683,
    "scale": 3.6905744741259245,
    "specular": 0.6086349286221407,
    "roughness": 0.12233253529735244,
    "clever": false
   }
  }
 ],
 "camera": {
  "track_to_point": [
   [
    0.04237988631894835,
    0.055718881475597885,
    0.0
   ],
   [
    0.0376433492495755,
    0.06963786428903451,
    0.0
   ],
   [
    -0.09629374606900465,
    -0.04300604746784301,
    0.0
   ],
   [
    0.05766806934152933,
    -0.008226454182197952,
    0.0
   ],
   [
    0.008736578934029383,
    -0.07097123075029635,
    0.0
   ],
   [
    -0.08545728365057256,
    -0.18023990239133914,
    0.0
   ],
   [
    -0.0572380842388129,
    0.019042628982813607,
    0.0
   ],
   [
    -0.017164013301860827,
    -0.17256822742349862,
    0.0
   ],
   [
    -0.002534052851711495,
    -0.1729429210242848,
    0.0
   ],
   [
    0.19079604833469732,
    -0.17718225026084986,
    0.0
   ],
   [
    0.1290489935764755,
    -0.16707807799029825,
    0.0
   ],
   [
    -0.1041430089997964,
    -0.17435068553699823,
    0.0
   ],
   [
    0.07106302069939405,
    -0.04504001210404782,
    0.0
   ],
   [
    0.07203755940836948,
    -0.005759902370334587,
    0.0
   ],
   [
    0.006068248788973461,
    -0.03546075197838323,
    0.0
   ],
   [
    0.000324369514585178,
    -0.11356461315432176,
    0.0
   ],
   [
    -0.08025082258044705,
    -0.07122736988565412,
    0.0
   ],
   [
    -0.028749656040639705,
    -0.1125987061523748,
    0.0
   ],
   [
    0.1301018778240637,
    -0.11460240660088322,
    0.0
   ],
   [
    -0.028498758263247943,
    -0.019313898168514927,
    0.0
   ],
   [
    0.1346502896801361,
    -0.17539585969173332,
    0.0
   ],
   [
    0.08880443622052456,
    -0.06209327529653156,
    0.0
   ],
   [
    -0.10377878044500541,
    -0.038713523423321246,
    0.0
   ],
   [
    0.022501295184587024,
    -0.07720179312438641,
    0.0
   ],
   [
    0.07974659512635743,
    -0.017019606896357377,
    0.0
   ]
  ],
  "positions": [
   [
    0.4729391028056931,
    -1.2924675904989553,
    0.49472597171802596
   ],
   [
    -0.09194625595562918,
    1.4161233210475563,
    0.5479694731153922
   ],
   [
    -0.014013982120178037,
    1.3493803862992475,
    0.5506758022086271
   ],
   [
    0.908710374830756,
    -1.1188834913725758,
    0.6188553809567197
   ],
   [
    -1.323547007960748,
    0.5172279825352308,
    0.5302105295785696
   ],
   [
    -0.41104664960918363,
    -1.2645424750597611,
    0.5216773228750982
   ],
   [
    -1.06394818982832,
    -0.8274390509303692,
    0.6041243664238654
   ],
   [
    -0.787949097397449,
    -1.2478474070962138,
    0.49663787051039043
   ],
   [
    1.2675456936252143,
    0.31182608176423127,
    0.5609208602069762
   ],
   [
    -1.1806114750341685,
    -0.8544673213842682,
    0.4796834018100267
   ],
   [
    -1.019959359562982,
    -1.0505077731341173,
    0.45169774909072696
   ],
   [
    -0.4757554860844272,
    -1.3164604911015276,
    0.5764236029718232
   ],
   [
    0.8681716112643633,
    -1.0676959928330385,
    0.4698068834670894
   ],
   [
    1.2910250799495502,
    -0.3744614845344173,
    0.5935981436396705
   ],
   [
    0.9890168752995444,
    0.9175030926373374,
    0.50891399151107
   ],
   [
    1.2835893270544618,
    -0.5270727640487698,
    0.5783926559249373
   ],
   [
    1.4376218523624191,
    0.14010922687319444,
    0.5191114177292375
   ],
   [
    0.059112194691883044,
    -1.4495181744963364,
    0.516919687866902
   ],
   [
    0.25188930587069885,
    -1.3795840489512907,
    0.6409839340965438
   ],
   [
    -0.5751370391493613,
    -1.2748224053294706,
    0.4894383955839203
   ],
   [
    -0.4632050659774981,
    1.3755318200959499,
    0.5289579737458144
   ],
   [
    -0.43075155863816134,
    1.4040526200194832,
    0.5491547551517335
   ],
   [
    1.198911201823778,
    -0.6270093443618631,
    0.49838096114357927
   ],
   [
    -1.2962240010905608,
    0.7379424735683593,
    0.5256031977100752
   ],
   [
    0.5297365962674864,
    -1.2080396048070865,
    0.6456908821691268
   ]
  ]
 },
 "appearance_assets": {
  "floor_pbr": "Planks009",
  "background_hdr": "entrance_hall_4k.hdr"
 },
 "environment_strength": 0.6040064988830128
}