{
 "objects": [
  {
   "obj_subpath": "key/key_005/key_005.blend",
   "obj_location": [
    0.4875736335013331,
    0.32683911793357634
   ],
   "obj_pose": [
    [
     -0.24482236469423413,
     -0.8983249024232958,
     -0.36479363870350295
    ],
    [
     -0.055992853759212396,
     -0.3625159337696411,
     0.9302940419360923
    ],
    [
     -0.9679498076438904,
     0.24818262457847595,
     0.03845222666859627
    ]
   ],
   "obj_scale": 0.6017290192038797,
   "obj_color": {
    "type": "random-mono",
    "color": [
     [
      0.939403571899081,
      0.8251466914714185,
      0.8599953184229934
     ],
     [
      0.9360281445236512,
      0.8107212345180123,
      0.8489401474175793
     ]
    ],
    "randomness": 0.5805385885591243,
    "scale": 3.9133970705718033,
    "specular": 0.8273609635358485,
    "roughness": 0.2969423693789306,
    "clever": false
   }
  },
  {
   "obj_subpath": "fan/fan_017/fan_017.blend",
   "obj_location": [
    0.4820930870473529,
    -0.35047940775727415
   ],
   "obj_pose": [
    [
     0.22432719939341456,
     0.9743750362078226,
     0.016452002566774086
    ],
    [
     -0.9740497768814297,
     0.22366746261378326,
     0.03463955452761202
    ],
    [
     0.03007213957607746,
     -0.023795664310455322,
     0.9992644190788269
    ]
   ],
   "obj_scale": 0.642525438339022,
   "obj_color": {
    "type": "random-multi",
    "color": [
     [
      0.7350611576446938,
      0.01958297282599908,
      0.394156618732155
     ],
     [
      0.5162619679479961,
      0.11225066179428045,
      0.2705454374223827
     ],
     [
      0.030289937932686195,
      0.14210959469850784,
      0.9380760113971542
     ],
     [
      0.08876458865361991,
      0.5668429353765495,
      0.529553308261288
     ]
    ],
    "randomness": 3.5775461506720694,
    "scale": 0.758053176272263,
    "specular": 0.890964242645073,
    "roughness": 0.163693483108756,
    "clever": false
   }
  },
  {
   "obj_subpath": "Fragment_Icosphere/Fragment_Icosphere/Fragment_Icosphere.blend",
   "obj_location": [
    -0.1047935113510231,
    0.18077945888814184
   ],
   "obj_pose": [
    [
     -0.9914445729298226,
     -0.13052838315095203,
     0.0
    ],
    [
     0.13052838315095203,
     -0.9914445729298226,
     0.0
    ],
    [
     0.0,
     0.0,
     1.0
    ]
   ],
   "obj_scale": 0.6742064263111021,
   "obj_color": {
    "type": "random-multi",
    "color": [
     [
      0.12405066289862143,
      0.7170273009348446,
      0.3179849405838083
     ],
     [
      0.6222230137615019,
      0.5330584495286189,
      0.09459971576861448
     ]
    ],
    "randomness": 2.735879074851659,
    "scale": 1.2814099440999362,
    "specular": 0.6579943034191242,
    "roughness": 0.10713784805767357,
    "clever": false
   }
  }
 ],
 "camera": {
  "track_to_point": [
   [
    0.351516457851783,
    0.024397186506257933,
    0.0
   ],
   [
    0.1489153706761619,
    0.010593015387572145,
    0.0
   ],
   [
    0.3793894764018023,
    0.13265977973389897,
    0.0
   ],
   [
    0.32265570989263925,
    0.09735649036586994,
    0.0
   ],
   [
    0.30748544921701015,
    0.1682413628561888,
    0.0
   ],
   [
    0.4244608208109023,
    0.014405311809411035,
    0.0
   ],
   [
    0.21079247244193133,
    0.12986679105340304,
    0.0
   ],
   [
    0.16900750921850427,
    0.0025436870980710888,
    0.0
   ],
   [
    0.24335928958039593,
    0.1972102158151366,
    0.0
   ],
   [
    0.41800722220627473,
    -0.020456183418825775,
    0.0
   ],
   [
    0.17925044628615877,
    0.06447968746780139,
    0.0
   ],
   [
    0.3955456666692849,
    0.18284799312656014,
    0.0
   ],
   [
    0.22582408599927767,
    0.12484093565631679,
    0.0
   ],
   [
    0.3160883043908409,
    0.1879339400093345,
    0.0
   ],
   [
    0.16912978915251817,
    0.16704340670337697,
    0.0
   ],
   [
    0.3751355007592919,
    0.014168158404709412,
    0.0
   ],
   [
    0.1486692950868711,
    -0.007551071934365973,
    0.0
   ],
   [
    0.367243241017641,
    0.19149918311454173,
    0.0
   ],
   [
    0.3810734227813153,
    0.1754662632542235,
    0.0
   ],
   [
    0.3363942861714002,
    0.15377017827501127,
    0.0
   ],
   [
    0.29709173815650824,
    -0.07006340158435151,
    0.0
   ],
   [
    0.138340424373387,
    0.12145963762753173,
    0.0
   ],
   [
    0.16905803676244313,
    0.0213239360168963,
    0.0
   ],
   [
    0.21317109553569497,
    0.04934225686010683,
    0.0
   ],
   [
    0.2700775348682737,
    -0.006942014104066828,
    0.0
   ]
  ],
  "positions": [
   [
    -0.029657308726548853,
    -1.3155779972635873,
    0.5001551221462568
   ],
   [
    -1.3671337229993303,
    -0.4867140953418809,
    0.4538676549093292
   ],
   [
    -0.9831494988840794,
    -1.0079893594204705,
    0.45543234453969655
   ],
   [
    0.8845263505113391,
    1.0963993946026886,
    0.5686070561361856
   ],
   [
    1.260921648430648,
    0.7500247520160644,
    0.6306359871896929
   ],
   [
    1.2083697884867757,
    0.501573029220244,
    0.5302130465740978
   ],
   [
    1.2785633445134794,
    -0.6819689430451741,
    0.4888377923034175
   ],
   [
    0.7296409233142563,
    -1.3008665626344842,
    0.6217940773953048
   ],
   [
    1.35146640391539,
    -0.5448085535369792,
    0.455552601605094
   ],
   [
    0.4302656129166319,
    1.2326024608738118,
    0.5225605672400969
   ],
   [
    -1.2245071197615756,
    -0.569997326428269,
    0.46461198881841076
   ],
   [
    0.8793292860897873,
    0.9946914460705663,
    0.5976465079615617
   ],
   [
    1.3186732299388848,
    0.37826826785537226,
    0.4839597809067018
   ],
   [
    -0.9297274202442657,
    -1.117171860389887,
    0.48320590673682523
   ],
   [
    0.20540095614465276,
    -1.428342848936515,
    0.48967804242991436
   ],
   [
    -1.2383715557625188,
    -0.6955554383472525,
    0.4822866073191092
   ],
   [
    -1.0683868883680017,
    -0.755211541425407,
    0.47685116336042027
   ],
   [
    -1.0482332054084764,
    -0.8974659556904435,
    0.6492040408148575
   ],
   [
    1.121099522431475,
    -0.7997505766591008,
    0.4586538358130502
   ],
   [
    -0.46222303593817515,
    1.3871813738597587,
    0.5795747703435403
   ],
   [
    -0.2672961475940903,
    -1.4311291360859821,
    0.4803563688229566
   ],
   [
    -1.198855355141104,
    -0.8661778294986481,
    0.5255695552477615
   ],
   [
    -1.002629687152743,
    -1.074835678583919,
    0.4874233088034057
   ],
   [
    0.7468451609974479,
    1.186541933842767,
    0.5681362219844945
   ],
   [
    0.5612713456689434,
    -1.3786373003495365,
    0.5413562863040288
   ]
  ]
 },
 "appearance_assets": {
  "floor_pbr": "Carpet005",
  "background_hdr": "wooden_lounge_4k.hdr"
 },
 "environment_strength": 0.5132078172027474
}