{
 "objects": [
  {
   "obj_subpath": "ladder/ladder_024/ladder_024.blend",
   "obj_location": [
    0.15547282113432848,
    -0.11524050775238326
   ],
   "obj_pose": [
    [
     -0.6519352102470443,
     0.004345681949560396,
     -0.7582622090317985
    ],
    [
     0.7582747095368949,
     0.003736228043383357,
     -0.6519244903586383
    ],
    [
     -1.5842958944745078e-08,
     -0.999983549118042,
     -0.005730998702347279
    ]
   ],
   "obj_scale": 0.6664801725411598,
   "obj_color": {
    "type": "random-multi",
    "color": [
     [
      0.8757295293382313,
      0.47565790516243245,
      0.14143916184702598
     ],
     [
      0.11686282475875664,
      0.05944582238767426,
      0.6170990700753752
     ],
     [
      0.3783311022479795,
      0.056261342781764756,
      0.5464479442487268
     ]
    ],
    "randomness": 0.10134109480174958,
    "scale": 0.850205743059335,
    "specular": 0.7551764771097226,
    "roughness": 0.2782472851053389,
    "clever": false
   }
  },
  {
   "obj_subpath": "coin/coin_007/coin_007.blend",
   "obj_location": [
    -0.2900072623811749,
    0.31921494078740786
   ],
   "obj_pose": [
    [
     -0.6687572130793746,
     0.5815804375897109,
     -0.46317167271681
    ],
    [
     0.4644902839116353,
     0.8132607499194062,
     0.35050786511785775
    ],
    [
     0.5805278420448303,
     0.019265921786427498,
     -0.8140124082565308
    ]
   ],
   "obj_scale": 0.6320559318643938,
   "obj_color": {
    "type": "random-mono",
    "color": [
     [
      0.8891856372062384,
      0.871050243095681,
      0.9222716538815465
     ],
     [
      0.23589874231578267,
      0.1872716741585863,
      0.32461343900846445
     ]
    ],
    "randomness": 0.42813242599224843,
    "scale": 4.511961946917689,
    "specular": 0.8422391490434116,
    "roughness": 0.10204091068263182,
    "clever": false
   }
  },
  {
   "obj_subpath": "Geo_Instance_Crystal_Cube/Geo_Instance_Crystal_Cube/Geo_Instance_Crystal_Cube.blend",
   "obj_location": [
    -0.4688652507160377,
    -0.3889880433429811
   ],
   "obj_pose": [
    [
     0.7984215622665624,
     -0.6020988364943266,
     0.0
    ],
    [
     0.6020988364943266,
     0.7984215622665624,
     0.0
    ],
    [
     0.0,
     0.0,
     1.0
    ]
   ],
   "obj_scale": 0.655735157999399,
   "obj_color": {
    "type": "random-mono",
    "color": [
     [
      0.19606143116589259,
      0.14723067667220968,
      0.10615611215555276
     ],
     [
      0.9034162262547087,
      0.7562450172585323,
      0.6324502206884759
     ],
     [
      0.8327546550170492,
      0.7459589982472199,
      0.672949808839361
     ]
    ],
    "randomness": 0.12454166275498724,
    "scale": 3.1273594645730074,
    "specular": 0.8175184956854035,
    "roughness": 0.19294945118785597,
    "clever": true
   }
  }
 ],
 "camera": {
  "track_to_point": [
   [
    -0.10962974124348057,
    -0.11251442361247349,
    0.0
   ],
   [
    -0.07535895294060901,
    -0.0020711042532674737,
    0.0
   ],
   [
    -0.09078950476687214,
    -0.16427078415418025,
    0.0
   ],
   [
    -0.23162050778559778,
    -0.19005427552521256,
    0.0
   ],
   [
    -0.16546572180815824,
    0.0007120813056257572,
    0.0
   ],
   [
    -0.2902505484079527,
    -0.1279100466326157,
    0.0
   ],
   [
    -0.11438287752828746,
    -0.13251722016752734,
    0.0
   ],
   [
    -0.3152398411021837,
    0.08605086224717695,
    0.0
   ],
   [
    -0.18081992942272723,
    -0.1151478713867532,
    0.0
   ],
   [
    -0.0977821364785067,
    -0.08335338003068016,
    0.0
   ],
   [
    -0.24012563140104864,
    -0.20512447781266036,
    0.0
   ],
   [
    -0.31038611035218505,
    -0.1466765470208724,
    0.0
   ],
   [
    -0.2010124760513076,
    -0.0005259092742681479,
    0.0
   ],
   [
    -0.18967834073191264,
    0.02002285445873265,
    0.0
   ],
   [
    -0.16307978319215294,
    -0.19097370175880996,
    0.0
   ],
   [
    -0.1691638087605809,
    -0.13675229583744916,
    0.0
   ],
   [
    -0.1402918438893709,
    -0.12524239927396846,
    0.0
   ],
   [
    -0.1389554858384932,
    -0.07511973038078273,
    0.0
   ],
   [
    -0.2668165275079297,
    -0.09100534841075586,
    0.0
   ],
   [
    -0.29289731206608083,
    0.06527389361693059,
    0.0
   ],
   [
    -0.286936569534709,
    -0.16157638769057753,
    0.0
   ],
   [
    -0.22810588899243922,
    -0.16131790061895213,
    0.0
   ],
   [
    -0.2411776877996432,
    -0.029812858905097044,
    0.0
   ],
   [
    -0.2681252783194899,
    -0.09326631967987692,
    0.0
   ],
   [
    -0.12745861059001554,
    -0.1417474505181761,
    0.0
   ]
  ],
  "positions": [
   [
    -1.4760626163444448,
    0.17729274053251431,
    0.4823002520874062
   ],
   [
    -1.480829134786335,
    -0.024005449713929435,
    0.5991549319182158
   ],
   [
    -0.994746475831594,
    1.04710090181146,
    0.5782378008717226
   ],
   [
    1.2674185929952868,
    0.7697789871705979,
    0.5255535305742737
   ],
   [
    1.4270503394644072,
    0.13443873290557837,
    0.6241052691066844
   ],
   [
    -0.4122804694191172,
    1.2675607579702282,
    0.6071055504884337
   ],
   [
    0.44798086278510624,
    1.3236533020298458,
    0.5748707770020091
   ],
   [
    0.27897914666884027,
    1.4677453599364636,
    0.59378157716019
   ],
   [
    0.5480971626288549,
    1.2688015035001683,
    0.45151437737205175
   ],
   [
    0.634834067993269,
    1.2013697787238664,
    0.6088708989466658
   ],
   [
    1.1104834883434431,
    -0.7483308213831463,
    0.573245106697478
   ],
   [
    -0.4364271384124222,
    -1.2615092037609625,
    0.5456413925416216
   ],
   [
    1.3615879014648957,
    -0.17177066633998517,
    0.4783474919722668
   ],
   [
    -0.10212007109160487,
    1.3849711937167235,
    0.6183008924306688
   ],
   [
    -0.2884972242869239,
    -1.278420174454789,
    0.6333458405673266
   ],
   [
    1.2356863165662326,
    -0.5356122532192761,
    0.5114350317593347
   ],
   [
    -0.374756276664249,
    -1.380345539708265,
    0.5556009048368462
   ],
   [
    0.8692212543307211,
    1.0727612584902544,
    0.59736226426879
   ],
   [
    -0.662805380180865,
    1.2202207435736618,
    0.6444533092894151
   ],
   [
    -0.8451628340894226,
    -1.2357081878757015,
    0.4540187445474981
   ],
   [
    0.02096903089363693,
    1.4769515409199878,
    0.6214383549381476
   ],
   [
    1.143876977933037,
    -0.8722346303905432,
    0.5353499279057752
   ],
   [
    0.9832069291298106,
    1.0883826488340942,
    0.6138344790578156
   ],
   [
    1.3376604382955624,
    0.05123107398423878,
    0.5132600792407246
   ],
   [
    -0.4573409227891124,
    -1.2347501056158117,
    0.4541772670131537
   ]
  ]
 },
 "appearance_assets": {
  "floor_pbr": "Planks009",
  "background_hdr": "anniversary_lounge_4k.hdr"
 },
 "environment_strength": 0.6100370752770737
}