{
 "objects": [
  {
   "obj_subpath": "whale/whale_016/whale_016.blend",
   "obj_location": [
    0.2538445787901932,
    0.3527242276044237
   ],
   "obj_pose": [
    [
     0.24666990253062032,
     -0.9518469964381765,
     -0.18204724691032795
    ],
    [
     -0.4974402605120115,
     -0.28557802709922575,
     0.8191449294309877
    ],
    [
     -0.8316893577575684,
     -0.11150076985359192,
     -0.5439305305480957
    ]
   ],
   "obj_scale": 0.6039198391720788,
   "obj_color": {
    "type": "random-multi",
    "color": [
     [
      0.11052919802113603,
      0.6832919334798171,
      0.17467041313118675
     ],
     [
      0.5787294533914366,
      0.6218264790159066,
      0.13559753945613218
     ],
     [
      0.8909442351482024,
      0.20616436022006335,
      0.4528701353961175
     ],
     [
      0.43510683693318536,
      0.712956833972196,
      0.013533375717626361
     ]
    ],
    "randomness": 2.8730753453585605,
    "scale": 1.147698963855661,
    "specular": 0.7773938568630142,
    "roughness": 0.29754602846140554,
    "clever": false
   }
  },
  {
   "obj_subpath": "pig/pig_030/pig_030.blend",
   "obj_location": [
    -0.4021446413537627,
    0.07552692058118804
   ],
   "obj_pose": [
    [
     0.7321159636869199,
     -0.5114545656730599,
     0.4499116169397478
    ],
    [
     0.6809522804694589,
     0.5665943671609014,
     -0.46397719057595527
    ],
    [
     -0.017614135518670082,
     0.6460534334182739,
     0.7630888819694519
    ]
   ],
   "obj_scale": 0.6223123464346065,
   "obj_color": {
    "type": "random-multi",
    "color": [
     [
      0.9747697580512644,
      0.8430964488975443,
      0.09271419741847375
     ],
     [
      0.020033750113542803,
      0.326408007045086,
      0.7343617523259862
     ],
     [
      0.5313211909154053,
      0.22758555082896081,
      0.8540048348076692
     ]
    ],
    "randomness": 0.14774430257910864,
    "scale": 0.9563738796814432,
    "specular": 0.8026557487169211,
    "roughness": 0.29752189735941736,
    "clever": true
   }
  },
  {
   "obj_subpath": "Formation_Grid_Box_Cylinder/Formation_Grid_Box_Cylinder/Formation_Grid_Box_Cylinder.blend",
   "obj_location": [
    0.2606765871496599,
    -0.44809863563291485
   ],
   "obj_pose": [
    [
     0.6118146594218945,
     0.7910011520323288,
     0.0
    ],
    [
     -0.7910011520323288,
     0.6118146594218945,
     0.0
    ],
    [
     0.0,
     0.0,
     1.0
    ]
   ],
   "obj_scale": 0.6579220767453233,
   "obj_color": {
    "type": "random-multi",
    "color": [
     [
      0.18057832070298854,
      0.5957782237193302,
      0.028595777122967236
     ],
     [
      0.4592601369347232,
      0.08975934331693369,
      0.8854224323965352
     ],
     [
      0.5763042065509785,
      0.8238260764621339,
      0.19782828984481093
     ],
     [
      0.23782643295142197,
      0.7134266415588231,
      0.1470127832448953
     ]
    ],
    "randomness": 3.5690059179655464,
    "scale": 1.4925831927195843,
    "specular": 0.6220505536267913,
    "roughness": 0.19077300889546608,
    "clever": false
   }
  }
 ],
 "camera": {
  "track_to_point": [
   [
    0.09180252144849263,
    0.010837729628653297,
    0.0
   ],
   [
    0.026051883991035717,
    0.13911850565410427,
    0.0
   ],
   [
    0.1271338793895561,
    -0.14765824589583618,
    0.0
   ],
   [
    0.15335149953622645,
    -0.14334797024891782,
    0.0
   ],
   [
    0.020617777095729477,
    0.11521251615446483,
    0.0
   ],
   [
    0.020520881591145727,
    -0.08670349102973732,
    0.0
   ],
   [
    0.03762205059462267,
    -0.06858285337891637,
    0.0
   ],
   [
    0.12301638562441117,
    0.09375912086728778,
    0.0
   ],
   [
    0.11463034870625075,
    -0.15387463942733484,
    0.0
   ],
   [
    0.03780225831260036,
    0.12902660707796149,
    0.0
   ],
   [
    -0.03790683202874042,
    -0.054277508766385076,
    0.0
   ],
   [
    0.1497672602058281,
    0.12940017535777737,
    0.0
   ],
   [
    -0.021923844981158798,
    0.02063894114022864,
    0.0
   ],
   [
    0.11652951903313533,
    -0.08379716219455795,
    0.0
   ],
   [
    0.1325079493596026,
    -0.1280643240101068,
    0.0
   ],
   [
    -0.04955515289323833,
    -0.024642047656312522,
    0.0
   ],
   [
    0.061144425922033584,
    -0.046646990614713314,
    0.0
   ],
   [
    -0.022334755543168876,
    -0.11945234697876496,
    0.0
   ],
   [
    -0.000909268469355122,
    0.07482057302497115,
    0.0
   ],
   [
    -0.07801369783330594,
    0.12116967103408162,
    0.0
   ],
   [
    -0.03192430044103838,
    -0.002189025299295784,
    0.0
   ],
   [
    0.10947343631431031,
    0.059547521012480044,
    0.0
   ],
   [
    -0.051951029134965,
    0.08964921250766124,
    0.0
   ],
   [
    0.013215975371198889,
    0.06894172874083067,
    0.0
   ],
   [
    0.1331264010097149,
    0.10407828793653102,
    0.0
   ]
  ],
  "positions": [
   [
    -1.2007736296754234,
    -0.6651259900069266,
    0.5464838239289319
   ],
   [
    1.2042971049048596,
    0.8345119723713595,
    0.6422903279500107
   ],
   [
    -1.2622646024023556,
    -0.31864349340441084,
    0.47433926352082484
   ],
   [
    -0.7942479252857332,
    1.031621507436215,
    0.5758750301806144
   ],
   [
    -0.7283938613807781,
    1.098693751516774,
    0.47538974121378524
   ],
   [
    -0.8368604583578859,
    1.005053936133175,
    0.5275974914601771
   ],
   [
    1.3558675917718912,
    0.6285459798224968,
    0.5987002419129374
   ],
   [
    -1.375737633044687,
    0.22731069765499196,
    0.6207102113494103
   ],
   [
    1.09089391040917,
    -0.8068620761105703,
    0.5090341307772246
   ],
   [
    1.1978230554260874,
    -0.7034135556948947,
    0.4822906816701002
   ],
   [
    -0.2419521638563227,
    -1.3987936068102802,
    0.5733465413896786
   ],
   [
    -1.304622874502582,
    0.3090446066053386,
    0.6201484420357308
   ],
   [
    -0.4640845218983144,
    1.248518327490036,
    0.5835326732613636
   ],
   [
    -0.33512804876215513,
    1.3792378447844151,
    0.5649307680389476
   ],
   [
    -1.301804307898499,
    0.01093088803179245,
    0.5683239132021365
   ],
   [
    1.099761777686846,
    0.7989706274262,
    0.5228845278532678
   ],
   [
    1.059973179169557,
    1.0555482414619646,
    0.6185734971482637
   ],
   [
    -1.131661423288809,
    -0.6998983853007773,
    0.5601223972828469
   ],
   [
    -1.0575657861712586,
    -0.8728785759067275,
    0.5257137762659073
   ],
   [
    -0.5092325723746071,
    -1.2778835917700848,
    0.6335500091417772
   ],
   [
    -1.2232400140804425,
    0.5726408194678325,
    0.6104431505778289
   ],
   [
    -0.7055950297243943,
    1.170248636327301,
    0.6084539492456509
   ],
   [
    -0.7137376535190023,
    -1.2628857014574333,
    0.5902431604066367
   ],
   [
    1.3646352116059304,
    0.3910669590995293,
    0.5521521230537842
   ],
   [
    1.4701995643214076,
    -0.14380570289308225,
    0.6293944252057259
   ]
  ]
 },
 "appearance_assets": {
  "floor_pbr": "Carpet014",
  "background_hdr": "wooden_lounge_4k.hdr"
 },
 "environment_strength": 0.7951941671055588
}