{
 "objects": [
  {
   "obj_subpath": "drum/drum_008/drum_008.blend",
   "obj_location": [
    -0.26395297802839945,
    -0.28352943474504877
   ],
   "obj_pose": [
    [
     -0.5447375628226492,
     0.838596775460895,
     0.004052764485962502
    ],
    [
     -0.8386065793537761,
     -0.5447311435761044,
     -0.0026404223706872915
    ],
    [
     -6.582639343832852e-06,
     -0.00483701191842556,
     0.999988317489624
    ]
   ],
   "obj_scale": 0.6804181475049268,
   "obj_color": {
    "type": "random-multi",
    "color": [
     [
      0.2754117162001497,
      0.5800073039295981,
      0.12163271113683694
     ],
     [
      0.18115631326670778,
      0.6065122042248379,
      0.8684853990623238
     ]
    ],
    "randomness": 0.34853151931536097,
    "scale": 1.499232938337193,
    "specular": 0.7480365521456255,
    "roughness": 0.24711028142989447,
    "clever": false
   }
  },
  {
   "obj_subpath": "plate/plate_030/plate_030.blend",
   "obj_location": [
    0.4947259368885467,
    0.4297674987071265
   ],
   "obj_pose": [
    [
     0.918712314684116,
     -0.39492720106139495,
     0.00039251168999418506
    ],
    [
     0.39492252371049963,
     0.9187054630620218,
     0.004053792995251932
    ],
    [
     -0.0019615557976067066,
     -0.0035692579112946987,
     0.9999917149543762
    ]
   ],
   "obj_scale": 0.6384605744858495,
   "obj_color": {
    "type": "random-mono",
    "color": [
     [
      0.7733741629276779,
      0.6004833928857386,
      0.6577212992062365
     ],
     [
      0.8257962611593622,
      0.6761289953803723,
      0.7256784359654586
     ],
     [
      0.8926267361176525,
      0.6032278182614466,
      0.6990373756223676
     ]
    ],
    "randomness": 0.5578401799575309,
    "scale": 3.4109967979805744,
    "specular": 0.6175786231624268,
    "roughness": 0.1587072855337201,
    "clever": false
   }
  },
  {
   "obj_subpath": "Infinity_Icosphere/Infinity_Icosphere/Infinity_Icosphere.blend",
   "obj_location": [
    0.38907142511937964,
    -0.19328296947476709
   ],
   "obj_pose": [
    [
     -0.42646415665694815,
     -0.9045044627235832,
     0.0
    ],
    [
     0.9045044627235832,
     -0.42646415665694815,
     0.0
    ],
    [
     0.0,
     0.0,
     1.0
    ]
   ],
   "obj_scale": 0.6344513413024624,
   "obj_color": {
    "type": "random-multi",
    "color": [
     [
      0.7409875333076485,
      0.2787104420664223,
      0.09490778628651875
     ],
     [
      0.40784944140643675,
      0.6694085699690006,
      0.007726782383508657
     ],
     [
      0.6048231615130504,
      0.14851765082787016,
      0.7742659270624629
     ]
    ],
    "randomness": 1.6457377575363124,
    "scale": 0.5945219253858646,
    "specular": 0.817598115714623,
    "roughness": 0.27279389722256686,
    "clever": false
   }
  }
 ],
 "camera": {
  "track_to_point": [
   [
    0.16351494239005487,
    -0.00945788826491591,
    0.0
   ],
   [
    0.1092243782028764,
    0.11914537865551074,
    0.0
   ],
   [
    0.19574819701200008,
    -0.01857754897817711,
    0.0
   ],
   [
    0.34283777814593686,
    0.12470691916649009,
    0.0
   ],
   [
    0.31871202548511707,
    0.052508821646254436,
    0.0
   ],
   [
    0.07237353414207828,
    -0.05420116630305462,
    0.0
   ],
   [
    0.1870123432943286,
    0.03261434484879473,
    0.0
   ],
   [
    0.3106804013275931,
    0.01684264488172153,
    0.0
   ],
   [
    0.1503411457545314,
    0.058879357628635706,
    0.0
   ],
   [
    0.17350407267593754,
    0.13361413137943667,
    0.0
   ],
   [
    0.29559953693233676,
    -0.05121560882335184,
    0.0
   ],
   [
    0.23526178648864624,
    -0.06569514482528485,
    0.0
   ],
   [
    0.19075322622573954,
    0.08027452986730645,
    0.0
   ],
   [
    0.11297810852030474,
    0.07327702415018157,
    0.0
   ],
   [
    0.2267077528501759,
    0.018312882421009768,
    0.0
   ],
   [
    0.08281525904840922,
    0.11413054862346524,
    0.0
   ],
   [
    0.24887416139818178,
    0.0995902333370119,
    0.0
   ],
   [
    0.26954269715236034,
    -0.11836653575817445,
    0.0
   ],
   [
    0.3041241138551162,
    -0.16379943346297485,
    0.0
   ],
   [
    0.31336443369976874,
    0.07533494531756808,
    0.0
   ],
   [
    0.3452055260075019,
    -0.006337577089663721,
    0.0
   ],
   [
    0.2079085098832294,
    -0.11234078222384197,
    0.0
   ],
   [
    0.3084791274245251,
    -0.07553300369463621,
    0.0
   ],
   [
    0.06307651659509722,
    0.1227660696778189,
    0.0
   ],
   [
    0.3145358319242138,
    0.09532475243015283,
    0.0
   ]
  ],
  "positions": [
   [
    -0.6683412953289277,
    1.1644584793302768,
    0.5211062046714208
   ],
   [
    -0.9336984716084931,
    -0.9960598162231477,
    0.6251001940520362
   ],
   [
    0.6039930565920185,
    1.1561970268744757,
    0.5714615994909136
   ],
   [
    -0.061066996905369396,
    1.3356752153179834,
    0.5198215549005456
   ],
   [
    -1.0564867971782537,
    -0.7728439505802026,
    0.5288127041922777
   ],
   [
    -1.335702996893676,
    -0.22583758661167405,
    0.5714762114487092
   ],
   [
    0.737739322100607,
    1.2565622581607494,
    0.5958516003503094
   ],
   [
    -0.7172931154161455,
    -1.1465018294745901,
    0.4779240562110024
   ],
   [
    -0.4059659227740417,
    1.290374792658018,
    0.5175663206417329
   ],
   [
    1.1432442499760311,
    0.6602787336328382,
    0.503099977362735
   ],
   [
    -1.3777123518577945,
    0.03804191584161253,
    0.45431200968902063
   ],
   [
    -0.7310263233226728,
    -1.0956072149029141,
    0.6431134277358621
   ],
   [
    1.247608493503624,
    0.7932326201108805,
    0.5417024921256016
   ],
   [
    -0.8192403773023232,
    1.2128643219657136,
    0.49376533939123385
   ],
   [
    -0.2624428681209399,
    -1.3592132323865038,
    0.6060298071061592
   ],
   [
    1.2922633255368967,
    -0.4610094074335286,
    0.6209754941768695
   ],
   [
    -0.6395937287090621,
    -1.1842100207723814,
    0.62934896736242
   ],
   [
    1.3202949333907503,
    0.663650205716593,
    0.6213913201149469
   ],
   [
    1.3227916650085503,
    -0.37911622155168306,
    0.4521487443620159
   ],
   [
    0.010898009604247258,
    -1.3970967270123256,
    0.6176344225905299
   ],
   [
    0.36416976744312735,
    -1.3031958587738126,
    0.6080498159949127
   ],
   [
    0.7401742872546125,
    1.2838877366639843,
    0.5272752452058707
   ],
   [
    -0.1580824090535632,
    1.3429207814552548,
    0.6035116968515907
   ],
   [
    -0.7186950586234246,
    -1.1789632163763757,
    0.6042800145909376
   ],
   [
    -0.32763392320728824,
    -1.30143984460918,
    0.5694508726693963
   ]
  ]
 },
 "appearance_assets": {
  "floor_pbr": "Fabric025",
  "background_hdr": "small_empty_house_4k.hdr"
 },
 "environment_strength": 0.508045821669208
}