{
 "objects": [
  {
   "obj_subpath": "cat/cat_058/cat_058.blend",
   "obj_location": [
    -0.21037358063951672,
    0.09342125147442071
   ],
   "obj_pose": [
    [
     -0.2653849513237967,
     0.9468635583365647,
     0.18171468379566597
    ],
    [
     -0.18303950869327132,
     0.13556563386160653,
     -0.9737137359726795
    ],
    [
     -0.9466083645820618,
     -0.29166993498802185,
     0.1373363584280014
    ]
   ],
   "obj_scale": 0.600890226854673,
   "obj_color": {
    "type": "random-multi",
    "color": [
     [
      0.1116204309707216,
      0.5547888277718211,
      0.3566832297050711
     ],
     [
      0.5628120083594568,
      0.05386429489091982,
      0.4772073930841977
     ],
     [
      0.09138849747433075,
      0.7633041255370995,
      0.20743952549444486
     ]
    ],
    "randomness": 2.2809654434466875,
    "scale": 0.7847884969175289,
    "specular": 0.790776509633591,
    "roughness": 0.15533757867479964,
    "clever": true
   }
  },
  {
   "obj_subpath": "frog/frog_006/frog_006.blend",
   "obj_location": [
    0.4003379271104357,
    -0.24472587585697414
   ],
   "obj_pose": [
    [
     0.5317207548951107,
     -0.5339535042050467,
     0.6573938802740982
    ],
    [
     -0.842520875157363,
     -0.2544800198128693,
     0.4747615414264394
    ],
    [
     -0.08620698004961014,
     -0.8063086271286011,
     -0.5851792693138123
    ]
   ],
   "obj_scale": 0.6971342774814153,
   "obj_color": {
    "type": "random-mono",
    "color": [
     [
      0.11746479944941637,
      0.0742120437585849,
      0.21326687014224913
     ],
     [
      0.30212978076965663,
      0.2534792543874739,
      0.40988756621631606
     ],
     [
      0.20147659825674186,
      0.16845236692071897,
      0.2746231456731594
     ],
     [
      0.37351821319149364,
      0.30465862236232755,
      0.5260377760061627
     ]
    ],
    "randomness": 0.2782670844663129,
    "scale": 2.3642860493257456,
    "specular": 0.80746968050256,
    "roughness": 0.28504188310052797,
    "clever": true
   }
  },
  {
   "obj_subpath": "Infinity_Icosphere/Infinity_Icosphere/Infinity_Icosphere.blend",
   "obj_location": [
    -0.4395602152567295,
    -0.4853193651454085
   ],
   "obj_pose": [
    [
     -0.9231313604277558,
     0.3844847089219556,
     0.0
    ],
    [
     -0.3844847089219556,
     -0.9231313604277558,
     0.0
    ],
    [
     0.0,
     0.0,
     1.0
    ]
   ],
   "obj_scale": 0.6145803731071975,
   "obj_color": {
    "type": "random-multi",
    "color": [
     [
      0.4555723964665306,
      0.5319538637987228,
      0.08478993393929102
     ],
     [
      0.8807827161440493,
      0.14220989451903776,
      0.2571690770874151
     ],
     [
      0.8120991483073272,
      0.23146040857140981,
      0.5487146458297638
     ]
    ],
    "randomness": 2.8159136197908854,
    "scale": 1.2743144378054685,
    "specular": 0.830778939438718,
    "roughness": 0.2839044503640695,
    "clever": false
   }
  }
 ],
 "camera": {
  "track_to_point": [
   [
    -0.11168359706862421,
    -0.295187655922687,
    0.0
   ],
   [
    -0.20649092727610419,
    -0.06635467108593487,
    0.0
   ],
   [
    0.04899456200821849,
    -0.35863846750440603,
    0.0
   ],
   [
    -0.18291628340236082,
    -0.1671224329437716,
    0.0
   ],
   [
    -0.07738971167420759,
    -0.15094678801159317,
    0.0
   ],
   [
    -0.019480134571531874,
    -0.285595476554108,
    0.0
   ],
   [
    -0.17462150015770372,
    -0.2737588107154961,
    0.0
   ],
   [
    -0.08868826896734873,
    -0.1266954649100216,
    0.0
   ],
   [
    0.0011524090533646253,
    -0.2046931867541798,
    0.0
   ],
   [
    0.01696532149216827,
    -0.19120729281901508,
    0.0
   ],
   [
    -0.16971037584407966,
    -0.16833190354997465,
    0.0
   ],
   [
    -0.006040607049469418,
    -0.10291017205919226,
    0.0
   ],
   [
    -0.08868966979131081,
    -0.26523464411681524,
    0.0
   ],
   [
    -0.12355646764813057,
    -0.2044958476779007,
    0.0
   ],
   [
    -0.09767193954360932,
    -0.12785211298537608,
    0.0
   ],
   [
    0.010640649823009371,
    -0.310177757139305,
    0.0
   ],
   [
    -0.2171004314269534,
    -0.33286067678755105,
    0.0
   ],
   [
    -0.062187131768434115,
    -0.20562132446486803,
    0.0
   ],
   [
    0.005259934943900438,
    -0.172474713276832,
    0.0
   ],
   [
    0.03485623862454,
    -0.3350549301375011,
    0.0
   ],
   [
    0.056184684600935494,
    -0.25925075754385163,
    0.0
   ],
   [
    -0.005004521866239495,
    -0.2412375016965043,
    0.0
   ],
   [
    -0.19288858053818736,
    -0.21724645670423898,
    0.0
   ],
   [
    -0.08388068771720385,
    -0.3173761723213995,
    0.0
   ],
   [
    -0.04558645404713489,
    -0.1721742914213657,
    0.0
   ]
  ],
  "positions": [
   [
    0.12744033146526418,
    -1.4292465918144348,
    0.5999672300535651
   ],
   [
    1.2394233893786089,
    -0.6268572588824222,
    0.5805650403263865
   ],
   [
    -0.9799215983242872,
    0.9663303948065396,
    0.5098461144531642
   ],
   [
    -1.2399950568046036,
    -0.5360119378448012,
    0.5911874716401321
   ],
   [
    -1.0166563902729802,
    0.8686264097038835,
    0.5436787874227933
   ],
   [
    0.6253542200583136,
    -1.3356878815293936,
    0.6352153154586688
   ],
   [
    0.2019129764145175,
    -1.485303807101403,
    0.6070209869769827
   ],
   [
    -0.11952884786791357,
    1.371383977171828,
    0.6487202032308337
   ],
   [
    1.0648957701282518,
    -0.8838278704820872,
    0.4746002799702267
   ],
   [
    -0.909886842850787,
    -0.9748541952873878,
    0.5405795411634052
   ],
   [
    1.3015722541019656,
    -0.41267947549493983,
    0.6219280663808864
   ],
   [
    1.0228107121840342,
    1.0498281527712188,
    0.5539044540056595
   ],
   [
    0.25048293413116013,
    1.3680413974968872,
    0.5673951623769424
   ],
   [
    -1.1056482176423128,
    0.7375102782175207,
    0.6027047879208078
   ],
   [
    1.406007337913486,
    0.12951629706786413,
    0.6414998625934349
   ],
   [
    0.9204789978669253,
    -1.0134510343989362,
    0.6411103649092957
   ],
   [
    1.285679562720766,
    0.24210035132015115,
    0.503291941694879
   ],
   [
    0.2853260145111657,
    1.3153118508638513,
    0.6408781392372592
   ],
   [
    -1.293224884396336,
    -0.5806434127132156,
    0.5497244032689061
   ],
   [
    -0.8560640917027981,
    1.0666775046603059,
    0.5092770115956657
   ],
   [
    -1.3317486211353309,
    -0.5807445161431375,
    0.5183357495493419
   ],
   [
    -1.2950785753161724,
    -0.6039614292971138,
    0.549052158634508
   ],
   [
    -1.2012865514388253,
    0.7336379135767636,
    0.5325628866512713
   ],
   [
    0.626003545508521,
    1.1704498618632544,
    0.4672832336991133
   ],
   [
    0.8548133821698063,
    -1.0957682018117083,
    0.5276902960630145
   ]
  ]
 },
 "appearance_assets": {
  "floor_pbr": "Carpet009",
  "background_hdr": "fireplace_4k.hdr"
 },
 "environment_strength": 0.5158928046354663
}