{
 "objects": [
  {
   "obj_subpath": "chair/chair_117/chair_117.blend",
   "obj_location": [
    0.38648311970564875,
    -0.2778418848662466
   ],
   "obj_pose": [
    [
     -0.8344360704641786,
     0.5511047387332331,
     -5.7926958592900316e-05
    ],
    [
     -0.5511046800838323,
     -0.8344360810925123,
     -0.00027069342758271264
    ],
    [
     -0.00019751676882151514,
     -0.00019395255367271602,
     0.9999999403953552
    ]
   ],
   "obj_scale": 0.6712879947162587,
   "obj_color": {
    "type": "random-multi",
    "color": [
     [
      0.8396634454406909,
      0.5434397204681817,
      0.023636224488545632
     ],
     [
      0.000213765545500455,
      0.8862745253370657,
      0.49665178115374653
     ]
    ],
    "randomness": 3.5582567381800767,
    "scale": 1.25019953840089,
    "specular": 0.6838981254752906,
    "roughness": 0.25462968778009953,
    "clever": false
   }
  },
  {
   "obj_subpath": "cup/cup_052/cup_052.blend",
   "obj_location": [
    -0.025902032339075287,
    0.36560250769860503
   ],
   "obj_pose": [
    [
     -0.45897004780097905,
     -0.11520706606256291,
     0.8809505101658853
    ],
    [
     0.765175476120217,
     0.45264027726592915,
     0.4578463405140319
    ],
    [
     -0.451500803232193,
     0.8842194676399231,
     -0.11959470808506012
    ]
   ],
   "obj_scale": 0.6202294289232549,
   "obj_color": {
    "type": "random-multi",
    "color": [
     [
      0.17802348609359497,
      0.8375912236468483,
      0.6179494138115067
     ],
     [
      0.8207506963161149,
      0.785159879762755,
      0.16810579366294864
     ],
     [
      0.7128344021583681,
      0.2950062075734518,
      0.13041908114569867
     ],
     [
      0.0642068225595337,
      0.6299053748069817,
      0.1452087781071905
     ]
    ],
    "randomness": 1.1662817936469079,
    "scale": 1.0685452984370887,
    "specular": 0.6432644110099444,
    "roughness": 0.2507673122395566,
    "clever": false
   }
  },
  {
   "obj_subpath": "Ring_of_Rings/Ring_of_Rings/Ring_of_Rings.blend",
   "obj_location": [
    -0.35731627494969176,
    -0.315005495224301
   ],
   "obj_pose": [
    [
     -0.47074733206142627,
     0.8822680711422404,
     0.0
    ],
    [
     -0.8822680711422404,
     -0.47074733206142627,
     0.0
    ],
    [
     0.0,
     0.0,
     1.0
    ]
   ],
   "obj_scale": 0.6982366863060265,
   "obj_color": {
    "type": "random-multi",
    "color": [
     [
      0.7096370244101533,
      0.6871207311383519,
      0.033528707541936376
     ],
     [
      0.7434372622247196,
      0.8347456120739436,
      0.16564643705532456
     ],
     [
      0.31312212024103064,
      0.034323834101502526,
      0.6609424475805485
     ]
    ],
    "randomness": 3.558709337297936,
    "scale": 0.7232622297211246,
    "specular": 0.7521278558453259,
    "roughness": 0.17739030740579467,
    "clever": false
   }
  }
 ],
 "camera": {
  "track_to_point": [
   [
    0.05500875226084023,
    -0.14022201595306,
    0.0
   ],
   [
    0.12431315961494391,
    -0.14835522591571948,
    0.0
   ],
   [
    0.0035272048082539698,
    -0.06893395434344206,
    0.0
   ],
   [
    -0.006825212439117545,
    -0.1853529666581638,
    0.0
   ],
   [
    0.049751189264674534,
    -0.008355084621487,
    0.0
   ],
   [
    0.023376091070210603,
    -0.09639565392062797,
    0.0
   ],
   [
    0.05475780419220136,
    0.017544745151538768,
    0.0
   ],
   [
    0.11958805417987597,
    -0.21973974161369103,
    0.0
   ],
   [
    0.08305793255951568,
    -0.1901034541384784,
    0.0
   ],
   [
    0.14030552993459164,
    -0.1623093354413806,
    0.0
   ],
   [
    -0.08055480605210576,
    0.04273528902914768,
    0.0
   ],
   [
    -0.1210611718280022,
    -0.17453617556528206,
    0.0
   ],
   [
    -0.10786930396754965,
    -0.1098622833330716,
    0.0
   ],
   [
    0.014739086649198457,
    -0.20664484553225126,
    0.0
   ],
   [
    -0.04914822251589453,
    -0.1181877067098709,
    0.0
   ],
   [
    0.13406495969964707,
    0.029847114044243325,
    0.0
   ],
   [
    0.09296433506495796,
    -0.09551676488584733,
    0.0
   ],
   [
    0.1259801803055912,
    0.04323739875378134,
    0.0
   ],
   [
    0.028633673565973766,
    0.05723305581715636,
    0.0
   ],
   [
    0.07678043540987517,
    -0.02478427952395547,
    0.0
   ],
   [
    -0.0005838126741915806,
    -0.15850888481926545,
    0.0
   ],
   [
    -0.08030053301038863,
    -0.08274814107340343,
    0.0
   ],
   [
    0.12927072343647436,
    -0.1883091194750011,
    0.0
   ],
   [
    0.13250962308322758,
    -0.042474590176207846,
    0.0
   ],
   [
    0.03259109698210691,
    -0.17934599315312427,
    0.0
   ]
  ],
  "positions": [
   [
    0.862438404225055,
    -1.0418240091323534,
    0.6224063853764339
   ],
   [
    1.4360604575946507,
    -0.03179727865851426,
    0.5152702935182681
   ],
   [
    -0.1721723431273091,
    -1.4645979003920482,
    0.5322219901273748
   ],
   [
    -0.1963768482646894,
    1.3650211512741899,
    0.5763618338563796
   ],
   [
    0.915297454236873,
    1.163236798564693,
    0.6025613793186761
   ],
   [
    0.039621007129549475,
    -1.4050977309875285,
    0.5219568801423319
   ],
   [
    -0.7615254695346496,
    1.1094530052607456,
    0.6348458817743351
   ],
   [
    1.269997647565013,
    0.3822755166544487,
    0.5279266798468701
   ],
   [
    -1.4047997548232174,
    -0.1944691973091823,
    0.6210928998781107
   ],
   [
    1.394082738434304,
    0.3969672150092924,
    0.4642352644490402
   ],
   [
    -1.3176934890881729,
    0.2682540379528045,
    0.47711365439452663
   ],
   [
    -1.2820177228982814,
    0.2720023004783905,
    0.5514562232141559
   ],
   [
    -0.8521513193892641,
    -1.1001658023923826,
    0.6182869475992201
   ],
   [
    -1.4408358402293362,
    -0.19127952921157215,
    0.513732574080739
   ],
   [
    -0.6427811454689975,
    1.3098110017845843,
    0.5246094042488849
   ],
   [
    0.27318026202698065,
    -1.446442908672807,
    0.4517913221517842
   ],
   [
    -0.5336365239573343,
    -1.3827464226164399,
    0.5209157379330964
   ],
   [
    0.4284748087095118,
    1.405754617914694,
    0.6475952448621254
   ],
   [
    0.2927481365713144,
    1.377738802434788,
    0.550830604120101
   ],
   [
    -1.2814152569189248,
    0.6113866902323543,
    0.6274299362664524
   ],
   [
    -0.36435462376253386,
    1.4031727219921595,
    0.5672914646188584
   ],
   [
    0.9078276829597712,
    -1.0932292478832206,
    0.608528004797551
   ],
   [
    -0.958679414962463,
    0.9149189870824055,
    0.4507499522800562
   ],
   [
    1.1747709843763399,
    0.8512730820330984,
    0.6320655917270777
   ],
   [
    0.30099463425892475,
    1.414754233009245,
    0.4981094566191232
   ]
  ]
 },
 "appearance_assets": {
  "floor_pbr": "Planks009",
  "background_hdr": "music_hall_02_4k.hdr"
 },
 "environment_strength": 0.6522292102685503
}