{
 "objects": [
  {
   "obj_subpath": "robot/robot_090/robot_090.blend",
   "obj_location": [
    0.26028901684361205,
    -0.1588248613222819
   ],
   "obj_pose": [
    [
     -0.9972678738856374,
     -0.04344580355934176,
     -0.05974287616210822
    ],
    [
     -0.057163164950743084,
     -0.05837534600548191,
     0.9966567556122936
    ],
    [
     -0.04678806662559509,
     0.9973489046096802,
     0.0557323582470417
    ]
   ],
   "obj_scale": 0.6273169364184884,
   "obj_color": {
    "type": "random-mono",
    "color": [
     [
      0.11364058349564092,
      0.038748551763151104,
      0.11737500050645806
     ],
     [
      0.8295153107295075,
      0.56902041721514,
      0.8425046306753975
     ]
    ],
    "randomness": 0.8219277619891321,
    "scale": 2.7628172487347142,
    "specular": 0.7261381363082865,
    "roughness": 0.19957668609960816,
    "clever": false
   }
  },
  {
   "obj_subpath": "sandwich/sandwich_004/sandwich_004.blend",
   "obj_location": [
    -0.1864176419073813,
    0.24799803666209708
   ],
   "obj_pose": [
    [
     -0.004511591987390647,
     -0.9999898214533396,
     2.9688644587324036e-05
    ],
    [
     0.9999898214533396,
     -0.004511591987390635,
     -2.3106731400671444e-07
    ],
    [
     3.6500765077107644e-07,
     2.9687300411751494e-05,
     1.0
    ]
   ],
   "obj_scale": 0.6245551012822634,
   "obj_color": {
    "type": "random-multi",
    "color": [
     [
      0.472373954475615,
      0.14989188143140364,
      0.8256400196035649
     ],
     [
      0.8692381704274887,
      0.6170957307409537,
      0.07433311898079609
     ],
     [
      0.01088096898318025,
      0.688356383974352,
      0.4181322486950816
     ]
    ],
    "randomness": 4.0253094310010376,
    "scale": 0.9169166506409805,
    "specular": 0.8513663767653085,
    "roughness": 0.15322443406315997,
    "clever": false
   }
  },
  {
   "obj_subpath": "Ringed_Cylinder/Ringed_Cylinder/Ringed_Cylinder.blend",
   "obj_location": [
    -0.48648035981938,
    -0.3650073965458055
   ],
   "obj_pose": [
    [
     0.958598799992825,
     0.28476014582858283,
     0.0
    ],
    [
     -0.28476014582858283,
     0.958598799992825,
     0.0
    ],
    [
     0.0,
     0.0,
     1.0
    ]
   ],
   "obj_scale": 0.6719634677966171,
   "obj_color": {
    "type": "random-multi",
    "color": [
     [
      0.07485405885588647,
      0.42487185102316244,
      0.6155099814656981
     ],
     [
      0.8240323660494308,
      0.8107114705474741,
      0.07192455617430515
     ]
    ],
    "randomness": 1.2501168609743258,
    "scale": 1.194488741977859,
    "specular": 0.8991417407485235,
    "roughness": 0.2635237586240722,
    "clever": false
   }
  }
 ],
 "camera": {
  "track_to_point": [
   [
    -0.19419126419948246,
    -0.16507966071416957,
    0.0
   ],
   [
    -0.24746414908866243,
    -0.0469998579692399,
    0.0
   ],
   [
    -0.20442466541932297,
    -0.2354623852321816,
    0.0
   ],
   [
    -0.15268921368662752,
    -0.09397502706039733,
    0.0
   ],
   [
    -0.09499553618771858,
    -0.08671986441539457,
    0.0
   ],
   [
    -0.16000508981434922,
    0.049405346835245376,
    0.0
   ],
   [
    -0.2207465125379326,
    -0.045792143212453826,
    0.0
   ],
   [
    -0.17656350034284135,
    0.043834521026270154,
    0.0
   ],
   [
    -0.20269524400130118,
    -0.18983519366856555,
    0.0
   ],
   [
    -0.07261189152530648,
    -0.18890311783224534,
    0.0
   ],
   [
    -0.17724118029025904,
    -0.1919111023098055,
    0.0
   ],
   [
    -0.251413319418324,
    -0.059163351283165064,
    0.0
   ],
   [
    -0.03481752499658253,
    0.011743710772501845,
    0.0
   ],
   [
    -0.25873548772856697,
    -0.211594022962513,
    0.0
   ],
   [
    -0.14083563547114447,
    -0.06928016078854775,
    0.0
   ],
   [
    -0.08054785220033966,
    -0.00589969459411431,
    0.0
   ],
   [
    -0.1790124573902429,
    -0.202358539768849,
    0.0
   ],
   [
    -0.2069720630034092,
    -0.029408976744918394,
    0.0
   ],
   [
    -0.13065752013148735,
    -0.05061591474518219,
    0.0
   ],
   [
    -0.013281802099084195,
    -0.1869464733840894,
    0.0
   ],
   [
    -0.0719912999234121,
    -0.1125181657801116,
    0.0
   ],
   [
    -0.13085313340849275,
    -0.2396549108993748,
    0.0
   ],
   [
    -0.07028432536711807,
    -0.027823333830738387,
    0.0
   ],
   [
    -0.1988826937349643,
    -0.21763625291053929,
    0.0
   ],
   [
    -0.20943849270464904,
    -0.08762250835442446,
    0.0
   ]
  ],
  "positions": [
   [
    1.3059659963159365,
    -0.2502815860469832,
    0.6369335977155549
   ],
   [
    -1.3083560249899884,
    -0.4732442522498611,
    0.6001115277330542
   ],
   [
    1.357598128163512,
    0.05040786306064677,
    0.5558008623409486
   ],
   [
    -0.009616878388692615,
    -1.4801036473694746,
    0.5199499307023789
   ],
   [
    -0.6922555341219141,
    -1.1411453788234287,
    0.5725976375275619
   ],
   [
    -0.4152306329275574,
    1.2608754445399237,
    0.5136410225449762
   ],
   [
    -0.26277445561763346,
    -1.3692168588880984,
    0.49545046350477356
   ],
   [
    -1.3108956185904321,
    0.06866443012098145,
    0.5641868947126187
   ],
   [
    -0.801440934698111,
    -1.1025924502792908,
    0.5176505166359487
   ],
   [
    0.9655351607378326,
    1.1455658453176554,
    0.4525760886686894
   ],
   [
    -0.2934114555159362,
    -1.4319248861086817,
    0.6427347205324372
   ],
   [
    0.6121518784583,
    -1.3668666429153162,
    0.582487147709974
   ],
   [
    1.3980502693672008,
    0.08750983018106309,
    0.48667588540995327
   ],
   [
    -1.3489619255766974,
    -0.23706773439621737,
    0.4509097170988969
   ],
   [
    -0.07346422006949697,
    -1.4416800872774302,
    0.5701572957853384
   ],
   [
    1.387550657935721,
    0.4724825800998277,
    0.6353890796207836
   ],
   [
    -0.2924074759666172,
    1.442246861952878,
    0.49070678834177617
   ],
   [
    -1.3502172733857805,
    0.11015925353337447,
    0.47697589299691084
   ],
   [
    -0.7913546036138849,
    -1.1529820558013204,
    0.601797902967087
   ],
   [
    0.31421963144004605,
    1.2935009811393323,
    0.5988907698797186
   ],
   [
    -0.4952550376912773,
    1.2770989845215976,
    0.45965030713955973
   ],
   [
    1.3635863999571813,
    0.5758179707861621,
    0.6056397159035685
   ],
   [
    -0.11898017777975378,
    1.3780255917320536,
    0.5802645215277327
   ],
   [
    -1.3588863204085753,
    -0.07190508508634141,
    0.5882177076574866
   ],
   [
    0.36977440263470623,
    1.3724546620771978,
    0.625604439856248
   ]
  ]
 },
 "appearance_assets": {
  "floor_pbr": "Planks011",
  "background_hdr": "st_fagans_interior_4k.hdr"
 },
 "environment_strength": 0.7089474275450603
}