{
 "objects": [
  {
   "obj_subpath": "crab/crab_018/crab_018.blend",
   "obj_location": [
    -0.17022918220117778,
    0.30512129004442057
   ],
   "obj_pose": [
    [
     -0.9908320810890073,
     -0.13190856748054872,
     -0.029187204898697066
    ],
    [
     -0.13479607378293096,
     0.9508006896729115,
     0.27894093488065475
    ],
    [
     -0.009043483063578606,
     0.2803179621696472,
     -0.959864616394043
    ]
   ],
   "obj_scale": 0.611448074028828,
   "obj_color": {
    "type": "random-mono",
    "color": [
     [
      0.8205941392274242,
      0.8624300347976077,
      0.7862021338588003
     ],
     [
      0.8429539344162099,
      0.8784797848918221,
      0.8137492233987896
     ],
     [
      0.8753433011847301,
      0.9360704163863697,
      0.82542140412549
     ]
    ],
    "randomness": 0.8781182827753967,
    "scale": 2.0743486514861016,
    "specular": 0.7972027823715107,
    "roughness": 0.2323898221172403,
    "clever": false
   }
  },
  {
   "obj_subpath": "keyboard/keyboard_021/keyboard_021.blend",
   "obj_location": [
    0.3717076530279094,
    0.032978936136642045
   ],
   "obj_pose": [
    [
     -0.48599110475416185,
     0.8739637472475992,
     2.1941060974592107e-05
    ],
    [
     -0.8739637472475993,
     -0.48599110475416185,
     -1.2193163923734185e-05
    ],
    [
     6.7765202338421204e-09,
     -2.5101460778387263e-05,
     1.0
    ]
   ],
   "obj_scale": 0.6014536021122953,
   "obj_color": {
    "type": "random-mono",
    "color": [
     [
      0.8861997711638291,
      0.8270580714851363,
      0.9266880778227042
     ],
     [
      0.10691640958576758,
      0.06760765092098286,
      0.13382711867674946
     ],
     [
      0.29912752929784314,
      0.18737446207783504,
      0.37563348838010646
     ],
     [
      0.9078775679444855,
      0.8781676328475263,
      0.9282169388038986
     ]
    ],
    "randomness": 0.09417828988658916,
    "scale": 3.7803872808035694,
    "specular": 0.78586676539722,
    "roughness": 0.1948751280145219,
    "clever": false
   }
  },
  {
   "obj_subpath": "Cylinder_Hole_Stacked/Cylinder_Hole_Stacked/Cylinder_Hole_Stacked.blend",
   "obj_location": [
    -0.4560580144600459,
    -0.2682586837088812
   ],
   "obj_pose": [
    [
     0.9960221343557847,
     0.08910616069244155,
     0.0
    ],
    [
     -0.08910616069244155,
     0.9960221343557847,
     0.0
    ],
    [
     0.0,
     0.0,
     1.0
    ]
   ],
   "obj_scale": 0.6678029645394136,
   "obj_color": {
    "type": "random-multi",
    "color": [
     [
      0.6043844617040199,
      0.07345633813433783,
      0.4816978558222942
     ],
     [
      0.5268360356493522,
      0.8504922719401835,
      0.10395017948642127
     ],
     [
      0.09634011913744656,
      0.511511387539115,
      0.9074923661169213
     ]
    ],
    "randomness": 0.1766267480251993,
    "scale": 0.7568686235525328,
    "specular": 0.7446379137081187,
    "roughness": 0.1513607393870297,
    "clever": true
   }
  }
 ],
 "camera": {
  "track_to_point": [
   [
    0.02279094931441912,
    -0.09062259431858369,
    0.0
   ],
   [
    -0.08073234544800843,
    -0.03149850653169545,
    0.0
   ],
   [
    -0.1006437518537217,
    0.01770188997406826,
    0.0
   ],
   [
    -0.18404831563709045,
    -0.0149757783403098,
    0.0
   ],
   [
    -0.20352345885874196,
    0.019609841789791544,
    0.0
   ],
   [
    -0.1031743858535475,
    -0.11376226728923512,
    0.0
   ],
   [
    -0.011266658446389063,
    0.08726702429525489,
    0.0
   ],
   [
    -0.006258459354302234,
    0.1628581722011876,
    0.0
   ],
   [
    -0.06404831522102018,
    0.028429528964908458,
    0.0
   ],
   [
    -0.02131065467464173,
    0.03668982809026396,
    0.0
   ],
   [
    -0.03396755171330919,
    0.043580512047582246,
    0.0
   ],
   [
    -0.12225675330567129,
    0.00678756334834631,
    0.0
   ],
   [
    -0.15360445241430962,
    -0.02649427579454749,
    0.0
   ],
   [
    -0.17576161344910474,
    -0.07877043563895365,
    0.0
   ],
   [
    -0.1759873081859763,
    -0.08565034253656958,
    0.0
   ],
   [
    -0.19875908289384775,
    -0.05632460046399329,
    0.0
   ],
   [
    -0.20319946446811332,
    0.075411760152762,
    0.0
   ],
   [
    -0.17020546590970123,
    -0.10033720895640605,
    0.0
   ],
   [
    0.030520176224268905,
    0.11391342223003921,
    0.0
   ],
   [
    -0.16793514286660055,
    -0.09278282073647029,
    0.0
   ],
   [
    -0.18481618760752622,
    -0.09712024506948724,
    0.0
   ],
   [
    -0.07131850390264509,
    -0.1201420154728809,
    0.0
   ],
   [
    0.027297897424795284,
    0.16991449852173207,
    0.0
   ],
   [
    -0.16168840673608506,
    0.052096549399544737,
    0.0
   ],
   [
    -0.068240781607267,
    -0.006433668186327426,
    0.0
   ]
  ],
  "positions": [
   [
    1.1407811594440032,
    -0.6495754225417633,
    0.5498874823614175
   ],
   [
    -0.14899058391655493,
    -1.3985940801519172,
    0.4929757457825218
   ],
   [
    1.19681030714912,
    0.750462710901886,
    0.46459424785841663
   ],
   [
    -1.4464634570782307,
    -0.1285082733842953,
    0.6097199750866926
   ],
   [
    -1.2224162562166183,
    0.5601982667791662,
    0.6182408372270749
   ],
   [
    -0.6916301156778235,
    1.2930025138210126,
    0.5231905029677413
   ],
   [
    0.09054248221156368,
    -1.4479498700061844,
    0.5787820737684597
   ],
   [
    -1.3599717039598942,
    0.5874476247005952,
    0.4895582929105235
   ],
   [
    1.3447613597440875,
    0.6645075210090812,
    0.6181736147411694
   ],
   [
    -0.1350189804976076,
    1.379872963607406,
    0.5874429585817368
   ],
   [
    -0.6257494963882934,
    1.2311258857168308,
    0.5455884243493537
   ],
   [
    0.04351478937053787,
    1.3385686722749621,
    0.6192291539382471
   ],
   [
    -1.2045774279785462,
    0.8087428333547689,
    0.6010582100344172
   ],
   [
    1.3446164416467299,
    0.44442535566128816,
    0.45564584141113956
   ],
   [
    -0.9407248993006215,
    1.1673712565016896,
    0.5419313958248698
   ],
   [
    0.46411135479987825,
    -1.394437556184673,
    0.5685192725635748
   ],
   [
    -0.988494258052486,
    1.1150142269776242,
    0.5869751590596791
   ],
   [
    -0.21455189202651437,
    -1.4379035371661748,
    0.5787985288077719
   ],
   [
    -1.0604645500987824,
    -0.8146437113476432,
    0.49110241951066647
   ],
   [
    -1.3000828318585018,
    -0.732206595003009,
    0.5107570653084527
   ],
   [
    -0.22152592796978712,
    -1.362820515341336,
    0.5546289641607723
   ],
   [
    -1.0448441602102823,
    -1.0377520559507742,
    0.6161029693464057
   ],
   [
    -0.30767229494804454,
    -1.400866852011091,
    0.5714316940367289
   ],
   [
    1.440652281295502,
    -0.06986790503218639,
    0.632657739549171
   ],
   [
    -0.14595849033228386,
    1.3020763623863303,
    0.6009492811240731
   ]
  ]
 },
 "appearance_assets": {
  "floor_pbr": "Tiles071",
  "background_hdr": "st_fagans_interior_4k.hdr"
 },
 "environment_strength": 0.49717589200317164
}