{
 "objects": [
  {
   "obj_subpath": "shoe/shoe_025/shoe_025.blend",
   "obj_location": [
    -0.14618992187837598,
    -0.450166815277542
   ],
   "obj_pose": [
    [
     -0.2972071757631298,
     -0.9548130394073922,
     2.8674353148358284e-05
    ],
    [
     0.9548087884821602,
     -0.2972059543850696,
     -0.0029669721029089496
    ],
    [
     0.0028414258267730474,
     -0.0008544268785044551,
     0.9999955892562866
    ]
   ],
   "obj_scale": 0.6692337613615588,
   "obj_color": {
    "type": "random-mono",
    "color": [
     [
      0.7954324109403834,
      0.6410608125889273,
      0.8590673391441862
     ],
     [
      0.6578652492099453,
      0.41930210467729945,
      0.7562055445526551
     ],
     [
      0.6615153491976951,
      0.49120993452441186,
      0.7317185015339165
     ],
     [
      0.5554735828443519,
      0.40580691945570435,
      0.6171690467829714
     ]
    ],
    "randomness": 0.8666191409212655,
    "scale": 2.456166937146219,
    "specular": 0.7467226131080681,
    "roughness": 0.23141665253338067,
    "clever": false
   }
  },
  {
   "obj_subpath": "sofa/sofa_023/sofa_023.blend",
   "obj_location": [
    0.07234780266851237,
    0.3595152824901918
   ],
   "obj_pose": [
    [
     -0.9710597876238125,
     -0.23883644920305272,
     1.8620527252611367e-08
    ],
    [
     0.2388364492030527,
     -0.9710597876238125,
     2.5283853272051295e-08
    ],
    [
     1.2042939090406435e-08,
     2.8999393109074845e-08,
     1.0
    ]
   ],
   "obj_scale": 0.6940534829605504,
   "obj_color": {
    "type": "random-multi",
    "color": [
     [
      0.14268434866112534,
      0.4538763788914042,
      0.7104376161746719
     ],
     [
      0.05717337677645486,
      0.03418201588963965,
      0.6583697378187717
     ],
     [
      0.056993248110106365,
      0.01797442214031364,
      0.5849420246443277
     ]
    ],
    "randomness": 2.712896049222309,
    "scale": 0.8495214224728861,
    "specular": 0.7234973014521919,
    "roughness": 0.16907471646133215,
    "clever": false
   }
  },
  {
   "obj_subpath": "Multi_Holed_Cylinder/Multi_Holed_Cylinder/Multi_Holed_Cylinder.blend",
   "obj_location": [
    0.43569044239347365,
    -0.12881884271710808
   ],
   "obj_pose": [
    [
     -0.9926760418204152,
     -0.12080677131582122,
     0.0
    ],
    [
     0.12080677131582122,
     -0.9926760418204152,
     0.0
    ],
    [
     0.0,
     0.0,
     1.0
    ]
   ],
   "obj_scale": 0.6373755923830238,
   "obj_color": {
    "type": "random-multi",
    "color": [
     [
      0.6595619977765684,
      0.2144250245351693,
      0.15731763182814007
     ],
     [
      0.09064632450820431,
      0.10072430912034575,
      0.9153639880943767
     ],
     [
      0.7071161560008988,
      0.41090060778651816,
      0.08314117695819567
     ]
    ],
    "randomness": 4.868041853705711,
    "scale": 1.052041521314269,
    "specular": 0.8893661282905782,
    "roughness": 0.18836498184098638,
    "clever": true
   }
  }
 ],
 "camera": {
  "track_to_point": [
   [
    0.10096104888772603,
    -0.07272296533431384,
    0.0
   ],
   [
    0.20846858739317778,
    -0.025912962204071008,
    0.0
   ],
   [
    0.09493057390435812,
    0.022968712865526583,
    0.0
   ],
   [
    0.03034977797485411,
    -0.18644044617395106,
    0.0
   ],
   [
    0.11707674683217464,
    -0.1155274706250028,
    0.0
   ],
   [
    0.17401821880348073,
    -0.21814852280618452,
    0.0
   ],
   [
    0.018879519869823252,
    -0.01686207945019448,
    0.0
   ],
   [
    0.1461335863240982,
    0.06929071655955181,
    0.0
   ],
   [
    0.012829014464750155,
    -0.01307465414143165,
    0.0
   ],
   [
    0.04229525937220917,
    -0.1814707986811126,
    0.0
   ],
   [
    0.011200862451029497,
    -0.18693783558620192,
    0.0
   ],
   [
    0.11364034573893039,
    0.017296733436907977,
    0.0
   ],
   [
    0.2606309449010741,
    -0.17959079211667173,
    0.0
   ],
   [
    -0.001883137063774895,
    0.060710717764137986,
    0.0
   ],
   [
    0.0972827886577618,
    -0.12136966205062144,
    0.0
   ],
   [
    0.015390744807870838,
    -0.20152752987398753,
    0.0
   ],
   [
    0.11210091865370186,
    -0.022843841817039953,
    0.0
   ],
   [
    0.2623339162388638,
    -0.06222029426139451,
    0.0
   ],
   [
    0.012580676639176724,
    0.05437928182752176,
    0.0
   ],
   [
    0.06529744930577912,
    -0.06801500629176764,
    0.0
   ],
   [
    0.21782198162461566,
    -0.13162577688653654,
    0.0
   ],
   [
    0.027065804017397416,
    -0.02627149166920116,
    0.0
   ],
   [
    0.09617488753998182,
    -0.0004154607851492992,
    0.0
   ],
   [
    0.17976286174560646,
    -0.1627284697641222,
    0.0
   ],
   [
    0.007621055663620618,
    -0.043646051769533,
    0.0
   ]
  ],
  "positions": [
   [
    -0.9193287743185116,
    -0.9293030796705237,
    0.5327897759169502
   ],
   [
    -0.02866380855242899,
    1.440207323114467,
    0.4975660757227115
   ],
   [
    1.3107842389721647,
    0.7054426166177303,
    0.586855506549435
   ],
   [
    -1.4672970326055035,
    -0.06318108370393496,
    0.5193072696909377
   ],
   [
    0.8708178879370403,
    -1.18991075552806,
    0.5643264063811407
   ],
   [
    -1.136544971401785,
    0.8418284047534211,
    0.6490502242785775
   ],
   [
    1.3896135730305954,
    0.38367400377618305,
    0.4904128512414003
   ],
   [
    -0.9577365409579491,
    -1.094292434515849,
    0.529171779875605
   ],
   [
    0.7758802565941815,
    1.0970871296727511,
    0.45695502084985773
   ],
   [
    0.4824532680242551,
    -1.2924676960054438,
    0.64133060470133
   ],
   [
    -0.3930370425078727,
    1.3650809284830776,
    0.5454179216334262
   ],
   [
    0.6675577469933663,
    -1.2172179132317578,
    0.457814127692331
   ],
   [
    1.2079704316528073,
    -0.8591892897235662,
    0.5525333137986315
   ],
   [
    1.2187910960566322,
    0.6148076147843219,
    0.45329545911904595
   ],
   [
    0.4949306707908985,
    1.3465607786287943,
    0.5260875090673691
   ],
   [
    -1.371254944693745,
    -0.02054455353262713,
    0.46588941113856797
   ],
   [
    -1.139421685044173,
    -0.765006311702037,
    0.5119819113251284
   ],
   [
    1.3263201153551458,
    -0.1914202545965457,
    0.5694585035577484
   ],
   [
    1.2150792519743139,
    0.512305397663162,
    0.6123451741843573
   ],
   [
    -1.074384665333014,
    0.7561604744216684,
    0.489395943335853
   ],
   [
    1.029094269156096,
    -1.003781429211,
    0.6272662098427884
   ],
   [
    0.5552522436200118,
    -1.292629051467332,
    0.5274955154036641
   ],
   [
    1.4729295848335564,
    0.002281531713226239,
    0.5381860417645159
   ],
   [
    1.2453564186543202,
    0.781862742046717,
    0.6125097291934483
   ],
   [
    -1.083366095062253,
    -0.9916933788904382,
    0.6317146428431617
   ]
  ]
 },
 "appearance_assets": {
  "floor_pbr": "Planks013",
  "background_hdr": "childrens_hospital_4k.hdr"
 },
 "environment_strength": 0.565993982897429
}