{
 "objects": [
  {
   "obj_subpath": "plate/plate_030/plate_030.blend",
   "obj_location": [
    0.09607722192139312,
    -0.29127014678157426
   ],
   "obj_pose": [
    [
     0.8610647454009734,
     -0.5084952547813493,
     -0.00029001986690073677
    ],
    [
     0.5084953258931302,
     0.8610645786505128,
     0.0004946969974982776
    ],
    [
     -1.8252436575494357e-06,
     -0.0005734398728236556,
     0.9999998211860657
    ]
   ],
   "obj_scale": 0.6781929181231676,
   "obj_color": {
    "type": "random-mono",
    "color": [
     [
      0.8192406495513344,
      0.4925115459230868,
      0.37595338902457665
     ],
     [
      0.15238553115323716,
      0.11077288572635606,
      0.09592788661006324
     ],
     [
      0.9273186494933183,
      0.8242857860925226,
      0.7875295849319521
     ],
     [
      0.7422513353624431,
      0.5577740637013565,
      0.4919631808148801
     ]
    ],
    "randomness": 0.22645538582436098,
    "scale": 2.790513687477766,
    "specular": 0.6235469210438329,
    "roughness": 0.23212088967166677,
    "clever": true
   }
  },
  {
   "obj_subpath": "hammer/hammer_068/hammer_068.blend",
   "obj_location": [
    -0.16128436011678304,
    0.3458815561360431
   ],
   "obj_pose": [
    [
     -0.0007969456201359589,
     -0.9793813169860555,
     -0.20201869167956832
    ],
    [
     0.022244751744124634,
     0.2019514152575346,
     -0.9791428667267041
    ],
    [
     0.9997522234916687,
     -0.005274178925901651,
     0.021625149995088577
    ]
   ],
   "obj_scale": 0.6027012368801291,
   "obj_color": {
    "type": "random-mono",
    "color": [
     [
      0.7752026962898528,
      0.8332077235299549,
      0.8682700865376982
     ],
     [
      0.5324967938574687,
      0.6892529112161689,
      0.7840074549519109
     ]
    ],
    "randomness": 0.4119177922429774,
    "scale": 3.640559466049969,
    "specular": 0.8072948316448463,
    "roughness": 0.23505916519098694,
    "clever": false
   }
  },
  {
   "obj_subpath": "Cylinder_Pointed/Cylinder_Pointed/Cylinder_Pointed.blend",
   "obj_location": [
    0.49655549168519386,
    0.2940087330428637
   ],
   "obj_pose": [
    [
     -0.9996056063785442,
     0.028082587070691667,
     0.0
    ],
    [
     -0.028082587070691667,
     -0.9996056063785442,
     0.0
    ],
    [
     0.0,
     0.0,
     1.0
    ]
   ],
   "obj_scale": 0.6732145612969709,
   "obj_color": {
    "type": "random-mono",
    "color": [
     [
      0.6005630655292207,
      0.6465492464877102,
      0.7674399182677645
     ],
     [
      0.8746657810696444,
      0.8892253207385782,
      0.9275001349262263
     ],
     [
      0.21458163308946226,
      0.2587100954866761,
      0.3747171078679728
     ]
    ],
    "randomness": 0.47619716901444287,
    "scale": 3.7339599918371444,
    "specular": 0.7374229194884514,
    "roughness": 0.2747019172281128,
    "clever": false
   }
  }
 ],
 "camera": {
  "track_to_point": [
   [
    0.28648550532455663,
    0.06605217069327214,
    0.0
   ],
   [
    0.063088435507108,
    0.05915861739221118,
    0.0
   ],
   [
    0.2830960389641958,
    0.14745825478299934,
    0.0
   ],
   [
    0.07533426966716049,
    0.23700320239282346,
    0.0
   ],
   [
    0.25772976574064355,
    0.049938532364946164,
    0.0
   ],
   [
    0.26845290601445626,
    -0.024284236202103363,
    0.0
   ],
   [
    0.13815906435200956,
    0.15089661514023,
    0.0
   ],
   [
    -0.002755025570232522,
    0.2149835018574217,
    0.0
   ],
   [
    0.15148975101952528,
    0.18048044822255188,
    0.0
   ],
   [
    0.07649730957290626,
    0.24116377177528836,
    0.0
   ],
   [
    0.04549531140706112,
    0.17292396039992403,
    0.0
   ],
   [
    0.15682263094739712,
    0.21590728080085808,
    0.0
   ],
   [
    0.20868724689064497,
    0.17018784312116442,
    0.0
   ],
   [
    0.21621359572751336,
    0.06938112211699574,
    0.0
   ],
   [
    -0.004427999415378331,
    0.17752746459772778,
    0.0
   ],
   [
    0.2748229564168043,
    0.264632647841029,
    0.0
   ],
   [
    0.050688777401247304,
    0.020494170651741292,
    0.0
   ],
   [
    0.2728199179561651,
    0.11584558799368876,
    0.0
   ],
   [
    0.18863338332511068,
    0.26089692223098065,
    0.0
   ],
   [
    0.2291290491034482,
    0.19779753289951668,
    0.0
   ],
   [
    0.07127167336864766,
    0.1416210031696959,
    0.0
   ],
   [
    0.08684657053544559,
    0.1728153581636035,
    0.0
   ],
   [
    0.27380677096142747,
    0.07543021379305084,
    0.0
   ],
   [
    0.09966180990403553,
    0.16793604999326534,
    0.0
   ],
   [
    0.23246842986427846,
    0.013131307621459185,
    0.0
   ]
  ],
  "positions": [
   [
    0.7841126224170053,
    -1.210891220999633,
    0.5115015386912917
   ],
   [
    -0.40483343418612366,
    1.3489586033329626,
    0.5217510044325427
   ],
   [
    1.0728600915361022,
    -0.9884688540991585,
    0.47362959999984394
   ],
   [
    1.3064675607279517,
    -0.030730903562180722,
    0.5542266000963372
   ],
   [
    -0.00012730890885400965,
    1.3175928399154684,
    0.4664583943583489
   ],
   [
    -0.5495315807779599,
    -1.2515582577702522,
    0.5014782270773106
   ],
   [
    0.9389803316380458,
    -1.1559575681417709,
    0.5606692225604507
   ],
   [
    -0.8546478217981448,
    1.2022313129067574,
    0.6482647177865478
   ],
   [
    -1.4518626317774486,
    0.2848683121156727,
    0.4929808825600741
   ],
   [
    0.10858302331873354,
    1.3500605762069082,
    0.6179444549385192
   ],
   [
    1.3942821168778419,
    -0.2099768413197875,
    0.5238005200214055
   ],
   [
    -1.0658284894085541,
    -0.8847617444621804,
    0.5302668996512878
   ],
   [
    0.03745043941920204,
    -1.3382028196710583,
    0.5721648942063111
   ],
   [
    0.1866544059755187,
    -1.3878444892384245,
    0.5913078791333432
   ],
   [
    -1.3906227676405678,
    -0.30076290576717485,
    0.6222854631186597
   ],
   [
    -1.3435620729156603,
    0.23835232814889068,
    0.6347787195420096
   ],
   [
    -0.9410763489882537,
    1.1539793094678013,
    0.4695089593516544
   ],
   [
    -1.3819452152963492,
    -0.04578939502550951,
    0.6322219380812275
   ],
   [
    -1.2308553788186782,
    0.45642053814612554,
    0.5766965066154748
   ],
   [
    -1.404286509107913,
    -0.36914532884428275,
    0.47144701722117927
   ],
   [
    0.9894502488061414,
    0.9279006096875781,
    0.5758513537748784
   ],
   [
    -0.40841239840826143,
    -1.289030838083711,
    0.5724195977560235
   ],
   [
    -0.39664064212313827,
    -1.371972878781504,
    0.5671201582682236
   ],
   [
    1.0635539566412076,
    -0.8685753963514222,
    0.6018214674702108
   ],
   [
    1.464405390961223,
    -0.07466991668067001,
    0.5095703992788193
   ]
  ]
 },
 "appearance_assets": {
  "floor_pbr": "Carpet005",
  "background_hdr": "umhlanga_sunrise_4k.hdr"
 },
 "environment_strength": 0.4662485761102485
}