{
 "objects": [
  {
   "obj_subpath": "guitar/guitar_037/guitar_037.blend",
   "obj_location": [
    -0.4306525452994254,
    0.35145661250259175
   ],
   "obj_pose": [
    [
     -0.7170790365640101,
     -0.0035991768958267916,
     -0.6969825414659386
    ],
    [
     -0.6969313213993691,
     0.01688014008546193,
     0.7169391573227488
    ],
    [
     0.00918477214872837,
     0.9998510479927063,
     -0.01461277436465025
    ]
   ],
   "obj_scale": 0.6900619829158771,
   "obj_color": {
    "type": "random-multi",
    "color": [
     [
      0.05804423468804387,
      0.7250846645037267,
      0.2729889378579356
     ],
     [
      0.5741435598443684,
      0.6828319570161192,
      0.11693972654741858
     ],
     [
      0.4455689353081902,
      0.03202217942867647,
      0.9147272687673509
     ]
    ],
    "randomness": 0.27510859549851885,
    "scale": 0.7258497502364983,
    "specular": 0.7850778026613199,
    "roughness": 0.13631883640047562,
    "clever": false
   }
  },
  {
   "obj_subpath": "piano/piano_003/piano_003.blend",
   "obj_location": [
    0.3756119950139535,
    0.1474581705242446
   ],
   "obj_pose": [
    [
     0.2005806339844555,
     0.9796772132310396,
     7.073169509384386e-06
    ],
    [
     -0.9796772132310396,
     0.20058063398445547,
     5.885398277005028e-07
    ],
    [
     -8.421617394560599e-07,
     -7.047472536214627e-06,
     1.0
    ]
   ],
   "obj_scale": 0.6608810264914312,
   "obj_color": {
    "type": "random-multi",
    "color": [
     [
      0.37821538392948884,
      0.145619478897411,
      0.8908917726622458
     ],
     [
      0.6960507781806856,
      0.2163996116098068,
      0.030488783787568363
     ],
     [
      0.022287502503249845,
      0.19944805768516516,
      0.7791092486258446
     ],
     [
      0.5452869421967688,
      0.10923356410062213,
      0.26710215133494897
     ]
    ],
    "randomness": 4.61506712277107,
    "scale": 0.7032745628785325,
    "specular": 0.6761378670020757,
    "roughness": 0.11827609882312717,
    "clever": false
   }
  },
  {
   "obj_subpath": "Cylinder_Hole_Stacked/Cylinder_Hole_Stacked/Cylinder_Hole_Stacked.blend",
   "obj_location": [
    0.13011482808557018,
    -0.4401700698508191
   ],
   "obj_pose": [
    [
     -0.07181010579816542,
     -0.9974183218215196,
     0.0
    ],
    [
     0.9974183218215196,
     -0.07181010579816542,
     0.0
    ],
    [
     0.0,
     0.0,
     1.0
    ]
   ],
   "obj_scale": 0.6178598404154308,
   "obj_color": {
    "type": "random-multi",
    "color": [
     [
      0.527905850400577,
      0.06938998205522784,
      0.8896737186000222
     ],
     [
      0.16228999133816774,
      0.5999866744191853,
      0.13608023536609304
     ]
    ],
    "randomness": 4.9112679686833465,
    "scale": 0.5469251560359615,
    "specular": 0.8030451113592012,
    "roughness": 0.11128060882101157,
    "clever": false
   }
  }
 ],
 "camera": {
  "track_to_point": [
   [
    0.15895168761130773,
    -0.035058401792384467,
    0.0
   ],
   [
    0.034364977941383115,
    0.07072263952350422,
    0.0
   ],
   [
    -0.08119269920258647,
    0.1148759729557022,
    0.0
   ],
   [
    0.073618867471496,
    -0.004244618659425492,
    0.0
   ],
   [
    -0.11680761915176464,
    -0.10925877922292423,
    0.0
   ],
   [
    -0.028108349804338056,
    0.013972797735868514,
    0.0
   ],
   [
    0.10889960927494789,
    -0.0728016935440679,
    0.0
   ],
   [
    -0.07404740497972494,
    0.012423115486389302,
    0.0
   ],
   [
    -0.007671690239884978,
    0.12358926609413892,
    0.0
   ],
   [
    0.12798519999649705,
    0.09290296814167112,
    0.0
   ],
   [
    0.10622439099636628,
    0.12222343215390194,
    0.0
   ],
   [
    -0.03420723362930744,
    0.16500511602151055,
    0.0
   ],
   [
    0.10741475293857496,
    0.05824153268528057,
    0.0
   ],
   [
    0.05661479000478932,
    -0.12891994926744174,
    0.0
   ],
   [
    0.13377913721594625,
    0.16784180548719072,
    0.0
   ],
   [
    0.010010820936244908,
    0.11989827300088227,
    0.0
   ],
   [
    0.048013682458770954,
    0.012950321711241747,
    0.0
   ],
   [
    -0.07491991994149995,
    -0.09894694965530837,
    0.0
   ],
   [
    -0.025035515058735604,
    0.038189085595720346,
    0.0
   ],
   [
    -0.11096265862494296,
    0.037316304422390006,
    0.0
   ],
   [
    0.15876005037474955,
    -0.12474344159827033,
    0.0
   ],
   [
    -0.02707169357473883,
    -0.05444223544679938,
    0.0
   ],
   [
    0.16814592139243606,
    -0.04921405979167512,
    0.0
   ],
   [
    0.08739775334875201,
    0.03368461258426503,
    0.0
   ],
   [
    0.12687012755359106,
    0.16261099395395026,
    0.0
   ]
  ],
  "positions": [
   [
    -0.40537889085068035,
    1.3013013979078631,
    0.6290071428407251
   ],
   [
    0.2596979207916996,
    1.3255387771005267,
    0.5552765608551634
   ],
   [
    -0.12798186490470786,
    1.4506383859918752,
    0.4651849972658884
   ],
   [
    -1.4678829772222157,
    -0.10978228964353443,
    0.4742018962982516
   ],
   [
    1.2731401120854977,
    -0.6133139196475506,
    0.5983296612778781
   ],
   [
    -0.4046288892774347,
    -1.294259478256339,
    0.46547175513311273
   ],
   [
    -0.41250857507360256,
    1.4413740550713614,
    0.6040474311095079
   ],
   [
    1.0206368847594314,
    -0.9559780330618891,
    0.6232210201885231
   ],
   [
    -0.4083846785741599,
    -1.234277030097906,
    0.6010016632157315
   ],
   [
    0.26423056773871356,
    1.4410443327176297,
    0.5210433980605359
   ],
   [
    0.5429979984258643,
    1.38810062909649,
    0.5496423277451665
   ],
   [
    -0.32647709931665536,
    -1.3166540081368376,
    0.5763843716179639
   ],
   [
    -0.14189285414466518,
    -1.2968661192156021,
    0.5879156065038911
   ],
   [
    1.3749751203093437,
    0.34456712767105496,
    0.6369683897925988
   ],
   [
    0.49128198439769566,
    -1.2618720654235211,
    0.5724816738966785
   ],
   [
    0.3199220876582529,
    -1.460806255063642,
    0.47995949931766396
   ],
   [
    1.1568519164557174,
    0.7523232236924202,
    0.5394530309475825
   ],
   [
    -1.3239754912689237,
    -0.6681008261510931,
    0.630401442265935
   ],
   [
    -1.087631067852251,
    0.7846879420741069,
    0.6403626925363266
   ],
   [
    1.4461284950488935,
    -0.34475760676295775,
    0.4996977382681166
   ],
   [
    1.325361444874973,
    0.1673154705941224,
    0.5272362905184129
   ],
   [
    1.1976901528132646,
    -0.5434501416997348,
    0.5232341991760754
   ],
   [
    -0.5478818546870052,
    -1.244573257737762,
    0.5782845828996255
   ],
   [
    -0.09404441689726971,
    1.4315511580869538,
    0.5470734080484602
   ],
   [
    -1.3886705439511027,
    -0.14269710135400218,
    0.5823404132776204
   ]
  ]
 },
 "appearance_assets": {
  "floor_pbr": "Carpet006",
  "background_hdr": "music_hall_02_4k.hdr"
 },
 "environment_strength": 0.6407305212191929
}