{
 "objects": [
  {
   "obj_subpath": "mug/mug_005/mug_005.blend",
   "obj_location": [
    0.030378946699740728,
    -0.09475214322666903
   ],
   "obj_pose": [
    [
     0.10396503100789939,
     0.9945809440684974,
     4.690759482559667e-06
    ],
    [
     -0.9945809440684974,
     0.10396503100789946,
     -4.840064162505052e-07
    ],
    [
     -9.690586466604145e-07,
     -4.615020316123264e-06,
     1.0
    ]
   ],
   "obj_scale": 0.609095566796645,
   "obj_color": {
    "type": "random-multi",
    "color": [
     [
      0.8671543925959064,
      0.1481991959564719,
      0.2797575831121023
     ],
     [
      0.5278222512841839,
      0.11525374287026013,
      0.765794604540391
     ]
    ],
    "randomness": 1.8242647249066324,
    "scale": 1.4992492502857298,
    "specular": 0.7740072537103706,
    "roughness": 0.2755868379451646,
    "clever": true
   }
  },
  {
   "obj_subpath": "fox/fox_059/fox_059.blend",
   "obj_location": [
    -0.4781858582355841,
    0.2728026821108772
   ],
   "obj_pose": [
    [
     0.12809637761160875,
     0.5562865123926357,
     0.8210582188558783
    ],
    [
     -0.08167172799579195,
     0.8309834759900887,
     -0.5502691840633571
    ],
    [
     -0.9883931875228882,
     0.0034302445128560066,
     0.15187886357307434
    ]
   ],
   "obj_scale": 0.6454643454582768,
   "obj_color": {
    "type": "random-multi",
    "color": [
     [
      0.5755540412596307,
      0.14002463684438915,
      0.17754766926968768
     ],
     [
      0.9033058803632984,
      0.2095425992340425,
      0.16002409800279638
     ],
     [
      0.38282161875775644,
      0.08232347503775139,
      0.6101812287466588
     ]
    ],
    "randomness": 1.5794487296755366,
    "scale": 0.566073963123522,
    "specular": 0.7255802707176447,
    "roughness": 0.1658599483302719,
    "clever": false
   }
  },
  {
   "obj_subpath": "Multi_Holed_Block/Multi_Holed_Block/Multi_Holed_Block.blend",
   "obj_location": [
    0.4829905060076639,
    0.3507334087460978
   ],
   "obj_pose": [
    [
     -0.9928510415385778,
     -0.11935999880932086,
     0.0
    ],
    [
     0.11935999880932086,
     -0.9928510415385778,
     0.0
    ],
    [
     0.0,
     0.0,
     1.0
    ]
   ],
   "obj_scale": 0.6891261961226253,
   "obj_color": {
    "type": "random-mono",
    "color": [
     [
      0.33649531175533604,
      0.18763763838544728,
      0.35061217223613345
     ],
     [
      0.5298908502463113,
      0.20000804942245898,
      0.5611751594043168
     ],
     [
      0.748862983277863,
      0.5150203116647171,
      0.7710393635402154
     ]
    ],
    "randomness": 0.46003092729091444,
    "scale": 4.053350191426654,
    "specular": 0.8896300585862881,
    "roughness": 0.14596632773915805,
    "clever": false
   }
  }
 ],
 "camera": {
  "track_to_point": [
   [
    -0.1067247485934541,
    0.030641522298653245,
    0.0
   ],
   [
    -0.06729951634168999,
    0.08900574283264547,
    0.0
   ],
   [
    -0.06826219618626593,
    0.21371525887202336,
    0.0
   ],
   [
    0.05807413566741612,
    0.1942747151054379,
    0.0
   ],
   [
    0.11143989259408801,
    0.2521088046489823,
    0.0
   ],
   [
    -0.13092504951291883,
    0.08179602356931168,
    0.0
   ],
   [
    -0.03343802675075043,
    0.18485333575293825,
    0.0
   ],
   [
    -0.012502010388469653,
    0.19090446666238783,
    0.0
   ],
   [
    -0.07961493868427807,
    0.07027827888839047,
    0.0
   ],
   [
    0.07009647386233575,
    0.10495385101491657,
    0.0
   ],
   [
    0.10277983442293606,
    0.07303884159171009,
    0.0
   ],
   [
    0.15510097066184422,
    0.27916931460208416,
    0.0
   ],
   [
    -0.07953988161527485,
    0.17579881772915634,
    0.0
   ],
   [
    0.015984242104521595,
    0.18003347656594168,
    0.0
   ],
   [
    -0.009614105293916403,
    0.08416825219451599,
    0.0
   ],
   [
    -0.11815223089807453,
    0.05180774895105529,
    0.0
   ],
   [
    0.1291597372375954,
    0.23416930423028426,
    0.0
   ],
   [
    0.098236234925514,
    0.23085827865662306,
    0.0
   ],
   [
    0.005466967670047257,
    0.17861830452333735,
    0.0
   ],
   [
    -0.09625872969517696,
    0.071934087391267,
    0.0
   ],
   [
    -0.0082829744195341,
    0.1788368493503768,
    0.0
   ],
   [
    0.12082331326431359,
    0.21349652224404675,
    0.0
   ],
   [
    0.03208592264375368,
    0.2834720146011634,
    0.0
   ],
   [
    -0.03395907488057233,
    0.2305860384791077,
    0.0
   ],
   [
    -0.05320276631162242,
    0.2465504399491263,
    0.0
   ]
  ],
  "positions": [
   [
    -1.17609539350042,
    -0.7212257279643036,
    0.6403268120011143
   ],
   [
    0.2423725490042037,
    1.3126348760901934,
    0.557982483964631
   ],
   [
    1.4773722978331179,
    0.14904927971255158,
    0.5750803406019875
   ],
   [
    -0.9947195850501349,
    -0.8929426922676523,
    0.47503452238950455
   ],
   [
    -0.7244362250807247,
    1.1620953421187423,
    0.6299488899882086
   ],
   [
    0.3512601173594123,
    1.3301940137049317,
    0.5342382770657971
   ],
   [
    1.4782470099477278,
    0.1351652902850508,
    0.5516055314379597
   ],
   [
    -0.6656732636671231,
    1.3222990049315655,
    0.6296154140134589
   ],
   [
    -1.233515797803881,
    -0.4704673342295156,
    0.6428759727524029
   ],
   [
    1.4312197780335196,
    -0.33388716474425884,
    0.5931161380224645
   ],
   [
    -0.08864550512752625,
    1.3461940701298754,
    0.6322991715843144
   ],
   [
    0.05112990405687479,
    -1.490303922116763,
    0.6176449997225335
   ],
   [
    -0.09261601185165787,
    -1.4890902365596805,
    0.46642585005132436
   ],
   [
    0.8628242814805794,
    -1.0967354123871995,
    0.5648911011766931
   ],
   [
    0.4107520471239699,
    1.289453265340919,
    0.5995212600323709
   ],
   [
    -0.32621128441842306,
    -1.3509874574885627,
    0.5753793209345552
   ],
   [
    0.678383108425514,
    -1.3157159890653145,
    0.6299512322465353
   ],
   [
    -1.4153193580541974,
    -0.18937697443066726,
    0.56560293736837
   ],
   [
    -0.5261000079249907,
    -1.40129729848191,
    0.639288196209372
   ],
   [
    0.6058506651444152,
    1.2233046980868996,
    0.6420663028404603
   ],
   [
    1.2409919569948307,
    0.4245415731092889,
    0.4742113776802266
   ],
   [
    1.123033838834485,
    0.9826038086780109,
    0.5015518742317284
   ],
   [
    0.5014697213290995,
    1.3177672955929787,
    0.47886711019037753
   ],
   [
    1.3596756922427753,
    0.27531301665475877,
    0.6141592231642647
   ],
   [
    1.2753453401070223,
    0.5252671456705554,
    0.5535928271035331
   ]
  ]
 },
 "appearance_assets": {
  "floor_pbr": "Carpet005",
  "background_hdr": "balcony_4k.hdr"
 },
 "environment_strength": 0.5563774692969432
}