{
 "objects": [
  {
   "obj_subpath": "pencil/pencil_042/pencil_042.blend",
   "obj_location": [
    -0.4387744149006949,
    0.28234415867356544
   ],
   "obj_pose": [
    [
     -0.9754580963416523,
     0.10495694778697065,
     0.19356002179159937
    ],
    [
     0.192816685998378,
     -0.017281062854934647,
     0.9810825848434533
    ],
    [
     0.10631636530160904,
     0.9943265914916992,
     -0.0033804981503635645
    ]
   ],
   "obj_scale": 0.677745088372414,
   "obj_color": {
    "type": "random-multi",
    "color": [
     [
      0.6986966682585432,
      0.15770183686573858,
      0.20206310640584937
     ],
     [
      0.3355722046034833,
      0.8423393080210838,
      0.18420587087206097
     ],
     [
      0.801574892702564,
      0.1546481031569158,
      0.408554610432871
     ]
    ],
    "randomness": 3.58197677508924,
    "scale": 1.4805637399505396,
    "specular": 0.788641366105987,
    "roughness": 0.10427671040606204,
    "clever": false
   }
  },
  {
   "obj_subpath": "ball/ball_000/ball_000.blend",
   "obj_location": [
    0.172230331882417,
    0.30024553178629876
   ],
   "obj_pose": [
    [
     0.8823248551101449,
     -0.16294611176824245,
     0.44153302590557475
    ],
    [
     0.3746700612265074,
     0.810944091384535,
     -0.44943523425977133
    ],
    [
     -0.2848248779773712,
     0.5619770884513855,
     0.7765671610832214
    ]
   ],
   "obj_scale": 0.6025397082667797,
   "obj_color": {
    "type": "random-multi",
    "color": [
     [
      0.5322985818699959,
      0.1288744486204274,
      0.6379511364835693
     ],
     [
      0.1288690447125962,
      0.15718013918945603,
      0.7502216705728295
     ]
    ],
    "randomness": 2.780558053988378,
    "scale": 0.9641379241274168,
    "specular": 0.6809026334310235,
    "roughness": 0.2500167986727154,
    "clever": true
   }
  },
  {
   "obj_subpath": "Cylinder_Stack/Cylinder_Stack/Cylinder_Stack.blend",
   "obj_location": [
    -0.15617365158288032,
    -0.2942837990921251
   ],
   "obj_pose": [
    [
     -0.7536744947039835,
     0.6572478649890734,
     0.0
    ],
    [
     -0.6572478649890734,
     -0.7536744947039835,
     0.0
    ],
    [
     0.0,
     0.0,
     1.0
    ]
   ],
   "obj_scale": 0.6830866777631713,
   "obj_color": {
    "type": "random-mono",
    "color": [
     [
      0.733412954018161,
      0.713519018859583,
      0.8246707827477993
     ],
     [
      0.5508696697627231,
      0.4911030499562983,
      0.8250322178241292
     ],
     [
      0.9368583486722848,
      0.9315302533829537,
      0.9612994863101199
     ]
    ],
    "randomness": 0.9851025891048408,
    "scale": 3.2827076240238067,
    "specular": 0.6897412146630701,
    "roughness": 0.2497567982824961,
    "clever": false
   }
  }
 ],
 "camera": {
  "track_to_point": [
   [
    -0.15494866803119486,
    -0.020350262450697293,
    0.0
   ],
   [
    -0.2902484051584991,
    0.07285240336099193,
    0.0
   ],
   [
    -0.15819873263505266,
    0.12286122759452543,
    0.0
   ],
   [
    -0.10758254628092603,
    0.2224057716561143,
    0.0
   ],
   [
    -0.1489662747083773,
    -0.041363751052426775,
    0.0
   ],
   [
    -0.2516716475594651,
    0.007003813861730171,
    0.0
   ],
   [
    -0.17809387170964291,
    -0.039430447667314975,
    0.0
   ],
   [
    -0.2562386785502689,
    0.09276024015359242,
    0.0
   ],
   [
    -0.13556053656429107,
    0.16300374107393956,
    0.0
   ],
   [
    -0.2315812835324261,
    -0.022924151186598338,
    0.0
   ],
   [
    -0.0052967670597261485,
    -0.04763557009704829,
    0.0
   ],
   [
    -0.21691936079364643,
    0.059299276024482164,
    0.0
   ],
   [
    -0.16575487022949906,
    0.15379111397258927,
    0.0
   ],
   [
    -0.1861918513555011,
    0.19074632454912782,
    0.0
   ],
   [
    -0.12526499818811274,
    -0.040399144135746204,
    0.0
   ],
   [
    -0.1405932874252687,
    -0.03327463834269699,
    0.0
   ],
   [
    -0.23137581719848255,
    0.09071026021614724,
    0.0
   ],
   [
    -0.08484774040367701,
    0.014366475479166363,
    0.0
   ],
   [
    -0.21211474401750277,
    0.09201657403726886,
    0.0
   ],
   [
    -0.2123412446117337,
    0.02734912199683498,
    0.0
   ],
   [
    -0.13227974976847723,
    0.20786475419194644,
    0.0
   ],
   [
    -0.03587988309696977,
    0.027401333014407878,
    0.0
   ],
   [
    -0.18449138255243736,
    0.09278226581557326,
    0.0
   ],
   [
    -0.016213874775025283,
    0.16617650253442567,
    0.0
   ],
   [
    0.006792838992295991,
    0.20944554167547125,
    0.0
   ]
  ],
  "positions": [
   [
    1.2355943015839344,
    -0.4391013382844265,
    0.6058456405223152
   ],
   [
    0.0957161252581778,
    -1.3592467291625743,
    0.5465892837609347
   ],
   [
    -1.3473502643112856,
    0.22512530006569786,
    0.5071380832782503
   ],
   [
    -1.3341354735326802,
    0.043504664703911206,
    0.6215661485284798
   ],
   [
    0.0027673676623305122,
    1.3378712130717219,
    0.4882485241060387
   ],
   [
    -1.3513270128893018,
    -0.4304526491143174,
    0.5447615395929902
   ],
   [
    1.342403467233214,
    -0.5977673865551383,
    0.590583981774047
   ],
   [
    -0.4711727237003842,
    1.3658972983248108,
    0.48404430478243904
   ],
   [
    1.140638062703797,
    -0.8387273635321338,
    0.6375088589359345
   ],
   [
    0.2247177687821077,
    1.4468036284820531,
    0.593607309882632
   ],
   [
    -1.4469028568624294,
    -0.29105339247678885,
    0.5201813357140168
   ],
   [
    -0.6112532365404375,
    1.1923247864774935,
    0.5200938249989439
   ],
   [
    -0.12317290180067599,
    1.451635217240267,
    0.5895708998599258
   ],
   [
    1.3499320913648913,
    0.2871245300890452,
    0.4801043421699727
   ],
   [
    -0.209035156240694,
    1.285525938293042,
    0.46645086601129854
   ],
   [
    -1.0289357442940779,
    0.900301983311225,
    0.5997658000034823
   ],
   [
    -0.3864380839645667,
    -1.3491113258059002,
    0.4786609826191733
   ],
   [
    -1.3174232956290401,
    -0.4496138071951583,
    0.5710861107917894
   ],
   [
    0.9255924280071924,
    1.0462633956099152,
    0.5163286167656024
   ],
   [
    0.008595196289428514,
    -1.4484167765644296,
    0.5120056337460652
   ],
   [
    0.6813456163443177,
    1.1166007347628033,
    0.5555231775113991
   ],
   [
    1.3204806622045258,
    -0.12164854353200139,
    0.6401704181012282
   ],
   [
    0.4913589966920515,
    1.3892805530793786,
    0.49755919798687853
   ],
   [
    1.4802353424881656,
    -0.007392000333951997,
    0.5987392384124259
   ],
   [
    1.450637916729779,
    -0.19003630030041677,
    0.5170822534393955
   ]
  ]
 },
 "appearance_assets": {
  "floor_pbr": "Terrazzo001",
  "background_hdr": "fireplace_4k.hdr"
 },
 "environment_strength": 0.6242830810974621
}