{
 "objects": [
  {
   "obj_subpath": "ice_cream/ice_cream_003/ice_cream_003.blend",
   "obj_location": [
    -0.44933664701888854,
    -0.42726837947263074
   ],
   "obj_pose": [
    [
     0.24568687157061664,
     0.30001986275031745,
     -0.9217516366311247
    ],
    [
     0.9667913369675886,
     -0.006806876934172822,
     0.25547635821521747
    ],
    [
     0.07037372887134552,
     -0.9539086818695068,
     -0.2917289733886719
    ]
   ],
   "obj_scale": 0.6802370792529748,
   "obj_color": {
    "type": "random-multi",
    "color": [
     [
      0.8993864103942123,
      0.1648570970884301,
      0.21302098209722647
     ],
     [
      0.6667618937712674,
      0.8036510666571487,
      0.027328470883059564
     ]
    ],
    "randomness": 3.287423271436876,
    "scale": 0.6069576071847542,
    "specular": 0.6921878519583169,
    "roughness": 0.14403075929341863,
    "clever": false
   }
  },
  {
   "obj_subpath": "coin/coin_017/coin_017.blend",
   "obj_location": [
    0.07717478118435217,
    -0.053054977286394744
   ],
   "obj_pose": [
    [
     -0.8071521497580791,
     -0.5805562549067023,
     0.10705054432549205
    ],
    [
     0.574091819995114,
     -0.8141744455090043,
     -0.0868245623175852
    ],
    [
     0.13756436109542847,
     -0.008623787201941013,
     0.9904552698135376
    ]
   ],
   "obj_scale": 0.608597993215292,
   "obj_color": {
    "type": "random-multi",
    "color": [
     [
      0.6457783387297839,
      0.08621189218750502,
      0.9300790124043523
     ],
     [
      0.10135423951690024,
      0.09698551298354385,
      0.7955366863607266
     ],
     [
      0.1078490487449556,
      0.6313786388556288,
      0.6372449808690835
     ],
     [
      0.8891676245352034,
      0.5997749101685268,
      0.09325250372316529
     ]
    ],
    "randomness": 2.109739116206899,
    "scale": 1.2963352978259572,
    "specular": 0.8703258370999858,
    "roughness": 0.14830053588346806,
    "clever": false
   }
  },
  {
   "obj_subpath": "Extrudy_Cone_Rings/Extrudy_Cone_Rings/Extrudy_Cone_Rings.blend",
   "obj_location": [
    -0.485425948617047,
    0.21078297968751036
   ],
   "obj_pose": [
    [
     0.26955796269883825,
     -0.9629841664044387,
     0.0
    ],
    [
     0.9629841664044387,
     0.26955796269883825,
     0.0
    ],
    [
     0.0,
     0.0,
     1.0
    ]
   ],
   "obj_scale": 0.6035019503559345,
   "obj_color": {
    "type": "random-multi",
    "color": [
     [
      0.019404174677874586,
      0.8474133117000069,
      0.8105257265140882
     ],
     [
      0.6166438703801423,
      0.25596608532403464,
      0.8346599888320829
     ],
     [
      0.8367398689806379,
      0.2026315946171796,
      0.029834283527359395
     ]
    ],
    "randomness": 0.13731226312720612,
    "scale": 1.3179276346283169,
    "specular": 0.7575938572470807,
    "roughness": 0.2912687962954865,
    "clever": false
   }
  }
 ],
 "camera": {
  "track_to_point": [
   [
    -0.272420842581567,
    -0.2101638035792433,
    0.0
   ],
   [
    -0.23435869264168985,
    -0.06929984569794469,
    0.0
   ],
   [
    -0.38757768679983196,
    -0.0517601377864849,
    0.0
   ],
   [
    -0.24114074921422035,
    -0.0918869917519982,
    0.0
   ],
   [
    -0.19337577517976615,
    -0.09114772893121499,
    0.0
   ],
   [
    -0.39550238220944056,
    -0.23788126264800435,
    0.0
   ],
   [
    -0.3193523553187373,
    0.013249825435430476,
    0.0
   ],
   [
    -0.31695987679771354,
    0.03407946328533841,
    0.0
   ],
   [
    -0.37167439745964126,
    0.021091593335246142,
    0.0
   ],
   [
    -0.19442880788439112,
    -0.1550602096192203,
    0.0
   ],
   [
    -0.4305555804198795,
    -0.09698131681313978,
    0.0
   ],
   [
    -0.4328614402779227,
    -0.23621833949425064,
    0.0
   ],
   [
    -0.2853176012502749,
    -0.18308681870898186,
    0.0
   ],
   [
    -0.24966116795442297,
    -0.12040633241748476,
    0.0
   ],
   [
    -0.17354818974799277,
    -0.1324638357237107,
    0.0
   ],
   [
    -0.35631825034767056,
    -0.13990084497133923,
    0.0
   ],
   [
    -0.2244296853089653,
    0.034632764996572876,
    0.0
   ],
   [
    -0.14151801486932905,
    0.013541239761205318,
    0.0
   ],
   [
    -0.18531071655552075,
    -0.15562412488912244,
    0.0
   ],
   [
    -0.3446375254247449,
    -0.23333130648735917,
    0.0
   ],
   [
    -0.17879977731697513,
    -0.11912286398542868,
    0.0
   ],
   [
    -0.1505222855786448,
    -0.03849032991782343,
    0.0
   ],
   [
    -0.37880983404802737,
    -0.06427014855732828,
    0.0
   ],
   [
    -0.3589422361503235,
    -0.15568847801476443,
    0.0
   ],
   [
    -0.23417399230763924,
    0.003570678806440561,
    0.0
   ]
  ],
  "positions": [
   [
    -0.12953682336802136,
    1.4605001582745836,
    0.6414973458105578
   ],
   [
    -1.3330005412718036,
    -0.6706567816124996,
    0.6436494157387544
   ],
   [
    0.9436298479981026,
    1.1075504696720533,
    0.5167193345171207
   ],
   [
    0.4191398473917667,
    1.3217659899241923,
    0.6027044058076538
   ],
   [
    -0.019986995262593198,
    -1.466478066934465,
    0.6079076927962695
   ],
   [
    0.9761476627838735,
    1.0901369443818139,
    0.5727358243069287
   ],
   [
    -0.6446589349393504,
    -1.2169780770019754,
    0.5993465148642931
   ],
   [
    1.1019522758116498,
    0.8253509008542937,
    0.5744060164637657
   ],
   [
    0.6873617842081018,
    1.1165525676861585,
    0.5533573056844241
   ],
   [
    1.3078025120686132,
    0.6846811127783646,
    0.5703532458426056
   ],
   [
    1.4144561905977113,
    -0.4383305917847238,
    0.501522028065303
   ],
   [
    1.3588122331216903,
    -0.20677182299713898,
    0.48406000949717315
   ],
   [
    0.46045362026067915,
    1.4145998985101178,
    0.6453968254617031
   ],
   [
    0.7630508412225759,
    -1.172735622765963,
    0.6337457181547106
   ],
   [
    1.3085511965308494,
    0.13967416920109685,
    0.5114074495918743
   ],
   [
    -1.4096069715127426,
    0.27078535219576433,
    0.5945137862921802
   ],
   [
    -1.4399493825792269,
    -0.28076986593139847,
    0.6434864252706367
   ],
   [
    0.9358583864872437,
    1.0959834835831657,
    0.4747527283987012
   ],
   [
    0.7363149716468289,
    -1.1158589265502152,
    0.6156838046435333
   ],
   [
    0.6728792451268966,
    1.281536333258533,
    0.5427291987516877
   ],
   [
    -0.718503595358882,
    1.1879775420911844,
    0.5301347781647627
   ],
   [
    -0.1449358832789212,
    -1.2984555526799184,
    0.595815099350796
   ],
   [
    -1.1966937462962843,
    -0.8923789273976396,
    0.599702657160576
   ],
   [
    -1.0408104025064695,
    -1.0065223354612332,
    0.492690510536217
   ],
   [
    0.9084640689689673,
    1.0423981326865468,
    0.523110009959372
   ]
  ]
 },
 "appearance_assets": {
  "floor_pbr": "Fabric024",
  "background_hdr": "kiara_interior_4k.hdr"
 },
 "environment_strength": 0.7936153029686571
}