{
 "objects": [
  {
   "obj_subpath": "dog/dog_086/dog_086.blend",
   "obj_location": [
    0.0748185982309395,
    -0.13630129255054912
   ],
   "obj_pose": [
    [
     0.6282870806253118,
     0.7773811509883326,
     0.030560386697165123
    ],
    [
     -0.7779041779139798,
     0.6282937652180896,
     0.010582643923863603
    ],
    [
     -0.010974152944982052,
     -0.030421992763876915,
     0.9994769096374512
    ]
   ],
   "obj_scale": 0.6835273229631733,
   "obj_color": {
    "type": "random-multi",
    "color": [
     [
      0.030097118821507785,
      0.8408285979467293,
      0.04320744987356141
     ],
     [
      0.15749521274191403,
      0.5173744600774823,
      0.7602202547545913
     ]
    ],
    "randomness": 1.046725873122048,
    "scale": 1.2572070452547786,
    "specular": 0.8225632261863887,
    "roughness": 0.14899257105770755,
    "clever": false
   }
  },
  {
   "obj_subpath": "knife/knife_039/knife_039.blend",
   "obj_location": [
    0.23429290757630605,
    0.4834203095904217
   ],
   "obj_pose": [
    [
     -0.16607441934503273,
     0.5969355968696104,
     -0.7849122374427775
    ],
    [
     0.049412026686152064,
     0.8000031709828284,
     0.5979576917302473
    ],
    [
     0.9848744869232178,
     0.06052137166261673,
     -0.16235585510730743
    ]
   ],
   "obj_scale": 0.6871111052462223,
   "obj_color": {
    "type": "random-multi",
    "color": [
     [
      0.12528507745692452,
      0.5204542013927222,
      0.4560358267421634
     ],
     [
      0.5474484698490039,
      0.1308888828779541,
      0.1007996365760202
     ],
     [
      0.5683361780102384,
      0.5317051260728078,
      0.0609336722197954
     ]
    ],
    "randomness": 4.788784967304622,
    "scale": 1.1297640462750522,
    "specular": 0.7649403326408355,
    "roughness": 0.1350711840382833,
    "clever": true
   }
  },
  {
   "obj_subpath": "Noodle_Cube/Noodle_Cube/Noodle_Cube.blend",
   "obj_location": [
    -0.4598254499002711,
    0.35632919626284487
   ],
   "obj_pose": [
    [
     -0.16335014774834025,
     -0.9865681574177201,
     0.0
    ],
    [
     0.9865681574177201,
     -0.16335014774834025,
     0.0
    ],
    [
     0.0,
     0.0,
     1.0
    ]
   ],
   "obj_scale": 0.6824883595519524,
   "obj_color": {
    "type": "random-multi",
    "color": [
     [
      0.14000029076460563,
      0.48519156005744324,
      0.5684389589206293
     ],
     [
      0.035454455934517126,
      0.8669824017980303,
      0.4208705039371694
     ]
    ],
    "randomness": 0.898979025688243,
    "scale": 0.7478944657727854,
    "specular": 0.8317095380009042,
    "roughness": 0.2980538505627122,
    "clever": false
   }
  }
 ],
 "camera": {
  "track_to_point": [
   [
    -0.10628755898459888,
    0.14003902056469794,
    0.0
   ],
   [
    -0.015998281396849716,
    0.1744779141911653,
    0.0
   ],
   [
    -0.06817591488505498,
    0.1033980335361584,
    0.0
   ],
   [
    -0.015221121868035474,
    0.35682819379470176,
    0.0
   ],
   [
    -0.12800632278234686,
    0.10191089137943898,
    0.0
   ],
   [
    -0.07652390842411447,
    0.13240154535915066,
    0.0
   ],
   [
    -0.11469273425014903,
    0.18284688537474436,
    0.0
   ],
   [
    0.03116760629997179,
    0.2575217396458864,
    0.0
   ],
   [
    -0.17868125643112892,
    0.3626379801124545,
    0.0
   ],
   [
    -0.11061567353255777,
    0.3230143970844671,
    0.0
   ],
   [
    -0.09770468362343915,
    0.2299046943434088,
    0.0
   ],
   [
    -0.18222510058658564,
    0.29009924995443653,
    0.0
   ],
   [
    -0.014634356340215086,
    0.26508824792927255,
    0.0
   ],
   [
    -0.12566193971706585,
    0.09669453534414349,
    0.0
   ],
   [
    0.013082114006860691,
    0.311397683781539,
    0.0
   ],
   [
    -0.11321836085870293,
    0.12252867877913712,
    0.0
   ],
   [
    -0.14432933575538515,
    0.17395284750630796,
    0.0
   ],
   [
    0.03229017974159249,
    0.12340443969396145,
    0.0
   ],
   [
    0.012312518757507752,
    0.10583657600758414,
    0.0
   ],
   [
    -0.08514664380897377,
    0.21052580528842008,
    0.0
   ],
   [
    -0.1558168964281392,
    0.10918619980775573,
    0.0
   ],
   [
    -0.05864260068942883,
    0.2673618840270828,
    0.0
   ],
   [
    0.0952630974918608,
    0.1359579947021079,
    0.0
   ],
   [
    -0.15808681833410218,
    0.18671201622882183,
    0.0
   ],
   [
    0.04418619351620468,
    0.2884425657066051,
    0.0
   ]
  ],
  "positions": [
   [
    -0.7467499298803671,
    -1.1571367714546912,
    0.6490896278422366
   ],
   [
    1.3160617314477443,
    0.2981707335879895,
    0.5371587624111317
   ],
   [
    -0.4525630823038589,
    1.2208825006107231,
    0.5433773258029204
   ],
   [
    1.1420222977034238,
    0.968983364591092,
    0.6054578609570948
   ],
   [
    1.293862346199959,
    0.15934963207311167,
    0.6057590871477438
   ],
   [
    0.13070122201094658,
    1.4910885893818178,
    0.5960390421172935
   ],
   [
    1.2295820881929014,
    0.4465031937149032,
    0.6126455467153107
   ],
   [
    0.15485501197798235,
    -1.4382368298572852,
    0.5701397085858625
   ],
   [
    -1.433372056410193,
    -0.22439768113071426,
    0.5228807696672477
   ],
   [
    1.3501091458900922,
    -0.32030435598670987,
    0.4615831725453179
   ],
   [
    -0.944735253435147,
    -1.1634592873985754,
    0.5493716983723106
   ],
   [
    0.2693030730289123,
    1.336815749471853,
    0.5416592700106441
   ],
   [
    1.053481123608493,
    -0.8266416050099978,
    0.4502746975097696
   ],
   [
    -1.4695722054783387,
    0.165097062816498,
    0.5114809250707948
   ],
   [
    -1.21066504151609,
    -0.47654406117595455,
    0.45797513448261157
   ],
   [
    0.8293545982143316,
    1.0126796624482277,
    0.5465878312890063
   ],
   [
    -1.2223010507721601,
    0.8126143551046955,
    0.4668169949245975
   ],
   [
    0.6166901208439454,
    1.2661327113396919,
    0.5067405018601694
   ],
   [
    1.1302234305327896,
    -0.889786716277364,
    0.6225861243145756
   ],
   [
    -1.1964784449654,
    0.8059688639772856,
    0.5701677389377553
   ],
   [
    -1.3819855419244746,
    -0.44937688872329706,
    0.6298713815623191
   ],
   [
    0.11040616697634245,
    -1.4824355205403719,
    0.5067495840654679
   ],
   [
    -1.2680681175085646,
    -0.5200081828743214,
    0.5022731551560915
   ],
   [
    0.7814068185152536,
    -1.0919088448488532,
    0.4895717044863995
   ],
   [
    -0.07922030100057627,
    -1.4440226256066184,
    0.6219406705425352
   ]
  ]
 },
 "appearance_assets": {
  "floor_pbr": "Planks011",
  "background_hdr": "childrens_hospital_4k.hdr"
 },
 "environment_strength": 0.4013285554936189
}