{
 "objects": [
  {
   "obj_subpath": "dinosaur/dinosaur_032/dinosaur_032.blend",
   "obj_location": [
    0.09834958849830822,
    -0.0009483040163817957
   ],
   "obj_pose": [
    [
     0.7742198117237331,
     0.631515354162937,
     -0.04209553631163518
    ],
    [
     -0.632783492615433,
     0.7737077497757552,
     -0.031006577735965775
    ],
    [
     0.01298851240426302,
     0.05064326897263527,
     0.9986323714256287
    ]
   ],
   "obj_scale": 0.6188275056134744,
   "obj_color": {
    "type": "random-mono",
    "color": [
     [
      0.5280949345909459,
      0.165763946591868,
      0.539297689603219
     ],
     [
      0.22448871982758095,
      0.14693958900621634,
      0.226886427842576
     ],
     [
      0.5827485078535806,
      0.24148446268911394,
      0.593299903177473
     ],
     [
      0.9910608572511176,
      0.9821154297663011,
      0.9913374370522157
     ]
    ],
    "randomness": 0.542571728508859,
    "scale": 2.0008089419933315,
    "specular": 0.7131970754115808,
    "roughness": 0.23577814793235793,
    "clever": false
   }
  },
  {
   "obj_subpath": "key/key_046/key_046.blend",
   "obj_location": [
    -0.4641768037159155,
    -0.2904661521833656
   ],
   "obj_pose": [
    [
     -0.02545459815895579,
     -0.15312309985700123,
     -0.9878792041391596
    ],
    [
     0.032758079908980726,
     -0.9877965067930898,
     0.15226620948120917
    ],
    [
     -0.999139130115509,
     -0.028485151007771492,
     0.030159981921315193
    ]
   ],
   "obj_scale": 0.6696508817178513,
   "obj_color": {
    "type": "random-mono",
    "color": [
     [
      0.2244129664959793,
      0.40132182576040876,
      0.6588383014611388
     ],
     [
      0.1321824587610681,
      0.16253277949096145,
      0.20671206855113583
     ]
    ],
    "randomness": 0.5708757231363141,
    "scale": 4.539000752658651,
    "specular": 0.642411429419157,
    "roughness": 0.24229442595677386,
    "clever": false
   }
  },
  {
   "obj_subpath": "Spiral_Ring_Cone/Spiral_Ring_Cone/Spiral_Ring_Cone.blend",
   "obj_location": [
    -0.49628231001005696,
    0.3147766595622833
   ],
   "obj_pose": [
    [
     -0.1827299152339867,
     -0.9831631492680043,
     0.0
    ],
    [
     0.9831631492680043,
     -0.1827299152339867,
     0.0
    ],
    [
     0.0,
     0.0,
     1.0
    ]
   ],
   "obj_scale": 0.6163084708038916,
   "obj_color": {
    "type": "random-mono",
    "color": [
     [
      0.3970905259690847,
      0.40379559446125746,
      0.21148367953627067
     ],
     [
      0.44502927964634553,
      0.45245471386734687,
      0.2394815763285903
     ],
     [
      0.47415933441333186,
      0.4860336901925766,
      0.14545848188965183
     ]
    ],
    "randomness": 0.9270592756366133,
    "scale": 2.2554922885664377,
    "specular": 0.6568516230847811,
    "roughness": 0.23367506183099265,
    "clever": false
   }
  }
 ],
 "camera": {
  "track_to_point": [
   [
    -0.261523734422595,
    -0.10950165863981501,
    0.0
   ],
   [
    -0.30965940053503166,
    0.14331979209195414,
    0.0
   ],
   [
    -0.2866819297501133,
    0.06383360037307176,
    0.0
   ],
   [
    -0.15101315193068357,
    0.07212757841411102,
    0.0
   ],
   [
    -0.30139092412664625,
    -0.10485471525094273,
    0.0
   ],
   [
    -0.34298775452269115,
    0.004349600035944368,
    0.0
   ],
   [
    -0.27339328246620864,
    -0.098037469729577,
    0.0
   ],
   [
    -0.3894411612308732,
    -0.020162246309476564,
    0.0
   ],
   [
    -0.42360549651692586,
    0.09534856836011443,
    0.0
   ],
   [
    -0.3157459331831897,
    0.11855104264029923,
    0.0
   ],
   [
    -0.20557616556428251,
    0.013884222479370989,
    0.0
   ],
   [
    -0.2440862590532378,
    0.14668714910635536,
    0.0
   ],
   [
    -0.1386641364487002,
    -0.08225300667663349,
    0.0
   ],
   [
    -0.4240274494603815,
    -0.0009218112689003133,
    0.0
   ],
   [
    -0.26469422402165366,
    0.004798311171879621,
    0.0
   ],
   [
    -0.41112345513361315,
    -0.04510908517692079,
    0.0
   ],
   [
    -0.18955361392987544,
    0.00848591702171908,
    0.0
   ],
   [
    -0.18578563838494502,
    -0.05168356029609783,
    0.0
   ],
   [
    -0.17874631024589768,
    0.08474350319024052,
    0.0
   ],
   [
    -0.2480253104153549,
    -0.0935705135418704,
    0.0
   ],
   [
    -0.18534600540162852,
    0.03038738399846816,
    0.0
   ],
   [
    -0.17554386308117445,
    -0.0009393252878988068,
    0.0
   ],
   [
    -0.16430728174571066,
    0.010224237073317544,
    0.0
   ],
   [
    -0.26024158499189376,
    -0.0660561842645061,
    0.0
   ],
   [
    -0.18232927417527459,
    -0.1016800472348095,
    0.0
   ]
  ],
  "positions": [
   [
    -1.2801112592595318,
    0.4375972805233872,
    0.4636560421768478
   ],
   [
    -1.1960272803825194,
    0.7678148034569976,
    0.5222938078832704
   ],
   [
    0.08394633051940763,
    1.3967327991582967,
    0.5737495274417348
   ],
   [
    -1.4082870791066944,
    0.12291036583593296,
    0.5797347964690334
   ],
   [
    -1.0837802826425946,
    0.9430195248594722,
    0.5585387397627624
   ],
   [
    -1.3361759611908182,
    -0.269076331632763,
    0.5074645640930819
   ],
   [
    -0.9989494311335465,
    -1.055819537125078,
    0.48830819063656516
   ],
   [
    -0.3346408342589622,
    -1.283120209647583,
    0.45255766237833345
   ],
   [
    -0.7505452053385199,
    -1.2218391243063047,
    0.5725218315711338
   ],
   [
    -1.005191319799931,
    0.9880895851386733,
    0.4858493151009733
   ],
   [
    0.8897625068286541,
    1.1087935038280035,
    0.5768283990436074
   ],
   [
    -1.3007196520729074,
    0.17415321594929112,
    0.5405412443076507
   ],
   [
    -1.4171257563968451,
    -0.3314077621491707,
    0.5247886578236822
   ],
   [
    -1.3681473457003928,
    0.15883050346829153,
    0.6359981562064698
   ],
   [
    1.1763276148168527,
    -0.6078208547718542,
    0.5389520343762205
   ],
   [
    0.9370195179282875,
    -0.9268267021651863,
    0.5397154310773637
   ],
   [
    0.018903719064643762,
    1.3829857264210887,
    0.5802139366687775
   ],
   [
    0.9931301012221814,
    -1.0378053003843293,
    0.5225511049881472
   ],
   [
    1.2691637096675754,
    0.6421325425800397,
    0.5825328676556661
   ],
   [
    -0.8657597599440784,
    1.1908656682026306,
    0.512347897048407
   ],
   [
    0.17145973162737813,
    1.3218909353901582,
    0.6185507511259051
   ],
   [
    -1.2294221419247335,
    0.5784800023279475,
    0.4992092179569422
   ],
   [
    -1.2115385213590533,
    0.8810837616299236,
    0.4815160697950672
   ],
   [
    -1.1449686044839757,
    0.8463485293172673,
    0.5344148035965095
   ],
   [
    -1.2792196549778707,
    -0.6964361489229874,
    0.520519317177379
   ]
  ]
 },
 "appearance_assets": {
  "floor_pbr": "Planks009",
  "background_hdr": "entrance_hall_4k.hdr"
 },
 "environment_strength": 0.5816447377226855
}