{
 "objects": [
  {
   "obj_subpath": "flower/flower_014/flower_014.blend",
   "obj_location": [
    0.13121733531954793,
    0.44501383421648155
   ],
   "obj_pose": [
    [
     -0.4400501454172038,
     0.19568261799480072,
     -0.8763927116496678
    ],
    [
     -0.8979731900009197,
     -0.09589383738757813,
     0.4294746717900764
    ],
    [
     7.078248387415442e-08,
     0.9759675860404968,
     0.2179158329963684
    ]
   ],
   "obj_scale": 0.6291805596691643,
   "obj_color": {
    "type": "random-multi",
    "color": [
     [
      0.8544677436672712,
      0.15933830943218674,
      0.16910894818821037
     ],
     [
      0.3483007350121794,
      0.05909217865478367,
      0.6221265639067743
     ],
     [
      0.501924588908271,
      0.5488513493005709,
      0.08403938497222407
     ],
     [
      0.809929763725082,
      0.3753109145228118,
      0.15940206827825643
     ]
    ],
    "randomness": 0.9816627747657813,
    "scale": 0.7038602299823703,
    "specular": 0.8864436431271225,
    "roughness": 0.1738770199436006,
    "clever": true
   }
  },
  {
   "obj_subpath": "screwdriver/screwdriver_026/screwdriver_026.blend",
   "obj_location": [
    -0.4765872771239178,
    0.27907652008976647
   ],
   "obj_pose": [
    [
     0.9047033003692965,
     0.4259019007080236,
     -0.010930831098611978
    ],
    [
     -0.4260414752728929,
     0.904450576216275,
     -0.021396277972481222
    ],
    [
     0.0007736810366623104,
     0.024014271795749664,
     0.9997113347053528
    ]
   ],
   "obj_scale": 0.6958568286956699,
   "obj_color": {
    "type": "random-multi",
    "color": [
     [
      0.9538323145581729,
      0.0725607733566569,
      0.40868207693251385
     ],
     [
      0.06131157176791535,
      0.5602923158350313,
      0.16565510091884433
     ],
     [
      0.13437569528054144,
      0.09995122182245553,
      0.9942394845044501
     ]
    ],
    "randomness": 0.29358413599739175,
    "scale": 0.9895773044010648,
    "specular": 0.8400358754612633,
    "roughness": 0.2687058301890052,
    "clever": false
   }
  },
  {
   "obj_subpath": "Noodle Cube/Noodle Cube/Noodle Cube.blend",
   "obj_location": [
    0.11413099169466401,
    -0.3390513434783671
   ],
   "obj_pose": [
    [
     0.29361949344302724,
     0.9559223781616686,
     0.0
    ],
    [
     -0.9559223781616686,
     0.29361949344302724,
     0.0
    ],
    [
     0.0,
     0.0,
     1.0
    ]
   ],
   "obj_scale": 0.6095577166102579,
   "obj_color": {
    "type": "random-mono",
    "color": [
     [
      0.9717522040411903,
      0.9837150760218019,
      0.9731875144168067
     ],
     [
      0.33283880404117605,
      0.6797563840535259,
      0.37446212015477165
     ],
     [
      0.13445552145636844,
      0.23906252887430632,
      0.14700631388752475
     ],
     [
      0.560599991086634,
      0.7373115283170303,
      0.5818019151136561
     ]
    ],
    "randomness": 0.5586338069702809,
    "scale": 2.6301716378266358,
    "specular": 0.6711678621337422,
    "roughness": 0.1088353273986968,
    "clever": false
   }
  }
 ],
 "camera": {
  "track_to_point": [
   [
    -0.15980349894219364,
    0.08010663088433767,
    0.0
   ],
   [
    -0.09035951515813563,
    0.11925499296199438,
    0.0
   ],
   [
    0.0026788886068076917,
    0.23860862802203656,
    0.0
   ],
   [
    -0.15775445017640993,
    0.2319191963646258,
    0.0
   ],
   [
    -0.2244077668742545,
    0.09990873038774944,
    0.0
   ],
   [
    -0.05460778467890613,
    0.15792960376264192,
    0.0
   ],
   [
    -0.08804625242622714,
    -2.465225428785467e-05,
    0.0
   ],
   [
    0.029877957272345643,
    0.062487063116555205,
    0.0
   ],
   [
    -0.1226322724663938,
    0.11585617010148075,
    0.0
   ],
   [
    0.06771570146676513,
    0.08926681054629663,
    0.0
   ],
   [
    -0.1752473128424582,
    0.19249701541904582,
    0.0
   ],
   [
    -0.17421866276226228,
    0.06016414394981286,
    0.0
   ],
   [
    -0.0017008557842697197,
    -0.0062106962963755785,
    0.0
   ],
   [
    -0.06779759676587631,
    0.15160215135577482,
    0.0
   ],
   [
    -0.12986189375214668,
    0.06466473006609844,
    0.0
   ],
   [
    -0.04747561317705888,
    0.07433961287002498,
    0.0
   ],
   [
    -0.06914426646232637,
    0.07367366915181282,
    0.0
   ],
   [
    -0.06526951308466238,
    -0.011351644859596444,
    0.0
   ],
   [
    0.020590931308982333,
    0.019414111651060467,
    0.0
   ],
   [
    -0.05009001566609701,
    0.08466186488785357,
    0.0
   ],
   [
    0.022692277797059082,
    0.23012314477573823,
    0.0
   ],
   [
    0.030888759546962172,
    0.22492320059263665,
    0.0
   ],
   [
    -0.04317609157844858,
    -0.003302694849907889,
    0.0
   ],
   [
    -0.12579860822434033,
    -0.021494929408825303,
    0.0
   ],
   [
    -0.18611863146250868,
    0.07000840747996696,
    0.0
   ]
  ],
  "positions": [
   [
    0.6736867635363389,
    -1.1307920444985635,
    0.6203646168179945
   ],
   [
    1.2883166248255171,
    -0.408094536081785,
    0.4983412065618954
   ],
   [
    -1.2732735857752548,
    0.6370370053488782,
    0.6004133275279402
   ],
   [
    0.5959965024521814,
    -1.3106464701236011,
    0.4552715478234147
   ],
   [
    1.3941051063929877,
    -0.08841363874592924,
    0.6120313445284946
   ],
   [
    -0.4292453109282432,
    1.2922267120236157,
    0.4964314730929964
   ],
   [
    0.5901450248301993,
    -1.168049145352871,
    0.5514489014158426
   ],
   [
    -1.2023572331801464,
    -0.6790841374573203,
    0.5298026559109907
   ],
   [
    1.3406994188705634,
    0.5731015440077419,
    0.5442666420978841
   ],
   [
    -0.7611129953520321,
    -1.0622314273211,
    0.5535176834085573
   ],
   [
    0.9560347802729582,
    1.0349259145638385,
    0.6307910220738926
   ],
   [
    1.326776463760105,
    0.6660016145224491,
    0.45269095724610614
   ],
   [
    -0.22261840728088272,
    -1.4635060990589968,
    0.46232252848688893
   ],
   [
    -0.9998830761426296,
    -1.016242266439932,
    0.49780832269038244
   ],
   [
    0.6789330436094702,
    1.1417385296533076,
    0.5318493711195723
   ],
   [
    -0.9383031140106792,
    -1.0229660884230731,
    0.599567386224706
   ],
   [
    -1.2808007078357022,
    0.7109402581226851,
    0.5013996937369667
   ],
   [
    -0.1968411827027002,
    -1.2926846781241264,
    0.5412268295220091
   ],
   [
    0.2784594435867419,
    1.3335063199662835,
    0.5019220049750426
   ],
   [
    -0.9428813227683186,
    -1.0494511026844335,
    0.468416222465941
   ],
   [
    -1.2436632711218631,
    0.5518444206654346,
    0.5280801523804437
   ],
   [
    0.9841916377765149,
    -0.9723557623740464,
    0.6228514896172839
   ],
   [
    1.0404876099175175,
    0.8676641916782424,
    0.483553005547224
   ],
   [
    -0.7977171098434166,
    1.1368700834629497,
    0.5375000363410738
   ],
   [
    0.4318886482145888,
    -1.3155256969861289,
    0.6416378154833074
   ]
  ]
 },
 "appearance_assets": {
  "floor_pbr": "Tiles072",
  "background_hdr": "balcony_4k.hdr"
 },
 "environment_strength": 0.7703586413876132
}