{
 "objects": [
  {
   "obj_subpath": "truck/truck_019/truck_019.blend",
   "obj_location": [
    -0.44886883852636816,
    -0.2720845100000192
   ],
   "obj_pose": [
    [
     -0.3390716306130707,
     0.9407243688589223,
     -0.008250621298748364
    ],
    [
     -0.940760533523749,
     -0.33905859895600815,
     0.002973557659210835
    ],
    [
     -1.4592114894185215e-07,
     0.008770108222961426,
     0.9999615550041199
    ]
   ],
   "obj_scale": 0.6112391160483871,
   "obj_color": {
    "type": "random-multi",
    "color": [
     [
      0.1192006089860358,
      0.7402672911774307,
      0.759161145962773
     ],
     [
      0.2848876632638148,
      0.1529838308690552,
      0.8535023607128789
     ],
     [
      0.13639424334199757,
      0.8966901816669324,
      0.15503065292582294
     ],
     [
      0.18890809164148958,
      0.8911457233897511,
      0.7874151083989532
     ]
    ],
    "randomness": 3.372919203725253,
    "scale": 0.8666135315025278,
    "specular": 0.7384090017236744,
    "roughness": 0.11885676021056851,
    "clever": false
   }
  },
  {
   "obj_subpath": "bottle/bottle_105/bottle_105.blend",
   "obj_location": [
    -0.019157274411177982,
    0.2220096925520506
   ],
   "obj_pose": [
    [
     -0.8484172667620222,
     -0.5293279855203213,
     -0.00010936356688143829
    ],
    [
     0.5293277909175178,
     -0.8484166909044257,
     -0.001093077752029024
    ],
    [
     0.00048581077135168016,
     -0.0009852752555161715,
     0.9999994039535522
    ]
   ],
   "obj_scale": 0.6921998970180828,
   "obj_color": {
    "type": "random-mono",
    "color": [
     [
      0.049556585885295754,
      0.11707319163213438,
      0.07292402219371531
     ],
     [
      0.7533453798804379,
      0.8567902784731756,
      0.7891475659139072
     ],
     [
      0.7861394614627091,
      0.9117627426557582,
      0.829617565695914
     ],
     [
      0.4469628000469984,
      0.6700937889004749,
      0.524188233890915
     ]
    ],
    "randomness": 0.23442579423714982,
    "scale": 2.624237385103348,
    "specular": 0.805521965984025,
    "roughness": 0.1340608474060781,
    "clever": true
   }
  },
  {
   "obj_subpath": "Tier Stack Sphere/Tier Stack Sphere/Tier Stack Sphere.blend",
   "obj_location": [
    0.3299763436841222,
    -0.37599025474893233
   ],
   "obj_pose": [
    [
     0.9848216536952034,
     0.1735693245163011,
     0.0
    ],
    [
     -0.1735693245163011,
     0.9848216536952034,
     0.0
    ],
    [
     0.0,
     0.0,
     1.0
    ]
   ],
   "obj_scale": 0.6492910792519527,
   "obj_color": {
    "type": "random-mono",
    "color": [
     [
      0.23346039526342732,
      0.26158319072414943,
      0.35122810452973496
     ],
     [
      0.09560667846334403,
      0.15163326392262252,
      0.3302249843414904
     ],
     [
      0.18487319097880273,
      0.21414656656301737,
      0.3074590978407338
     ]
    ],
    "randomness": 0.0705176069361465,
    "scale": 4.176856306725371,
    "specular": 0.6007800421024784,
    "roughness": 0.10201685963996313,
    "clever": false
   }
  }
 ],
 "camera": {
  "track_to_point": [
   [
    -0.11136512269923222,
    -0.29186282341671643,
    0.0
   ],
   [
    -0.09220492881640886,
    -0.06170464210489229,
    0.0
   ],
   [
    0.03951418235324847,
    -0.26867322463237586,
    0.0
   ],
   [
    -0.18425508184872716,
    -0.07286553636594367,
    0.0
   ],
   [
    -0.04393807920782819,
    -0.026780887603949283,
    0.0
   ],
   [
    -0.06976149382128041,
    -0.27656342556194924,
    0.0
   ],
   [
    0.000446048632051832,
    -0.0012636356652419856,
    0.0
   ],
   [
    0.058056405054668,
    -0.22599164870078478,
    0.0
   ],
   [
    -0.084355086959034,
    0.0006355873724727956,
    0.0
   ],
   [
    0.005584484455820549,
    -0.21731825246085532,
    0.0
   ],
   [
    -0.019090682258805836,
    -0.22873104014163015,
    0.0
   ],
   [
    -0.03065594716243089,
    -0.09069393630676581,
    0.0
   ],
   [
    -0.07521448960336038,
    -0.031453709692125714,
    0.0
   ],
   [
    -0.08996454287122917,
    -0.03330895908135126,
    0.0
   ],
   [
    -0.035020730118075105,
    -0.22532126076903053,
    0.0
   ],
   [
    -0.1913501166376072,
    -0.12222397063606305,
    0.0
   ],
   [
    -0.1905698795513774,
    -0.2401196000889811,
    0.0
   ],
   [
    -0.17310689463627718,
    -0.13585831883182875,
    0.0
   ],
   [
    -0.017146201471817224,
    -0.287112574657453,
    0.0
   ],
   [
    0.10162742683989809,
    -0.2723581368941288,
    0.0
   ],
   [
    0.016290027487525865,
    -0.1738204950713789,
    0.0
   ],
   [
    0.0023175331156277124,
    -0.2098554857696347,
    0.0
   ],
   [
    0.005449983723804758,
    -0.29037467172020254,
    0.0
   ],
   [
    -0.18121853701478582,
    -0.035059967007793374,
    0.0
   ],
   [
    0.02174275335558329,
    -0.09655625168485438,
    0.0
   ]
  ],
  "positions": [
   [
    1.3353501267698942,
    -0.3183074377092322,
    0.5499734386642765
   ],
   [
    0.3303096828898397,
    -1.3326374613396297,
    0.4908844465410806
   ],
   [
    0.9971890067751492,
    -0.8859920759522959,
    0.45867355724861086
   ],
   [
    -0.9412006318403748,
    -0.9664745306227701,
    0.6480777289834911
   ],
   [
    0.8449076175711051,
    -1.0562375038811052,
    0.4685523063600118
   ],
   [
    0.13099908840836802,
    1.3961212038499509,
    0.6101267537255384
   ],
   [
    -1.3476300804310222,
    0.13576066120175106,
    0.6087979255037815
   ],
   [
    1.364165379118844,
    0.3094848637247373,
    0.5251694728206702
   ],
   [
    0.8081866911991367,
    1.1680384958790824,
    0.5218275434307674
   ],
   [
    0.9995961642690104,
    -1.0609590634029942,
    0.4871479895149764
   ],
   [
    -1.1782554876358213,
    -0.860307176333285,
    0.6366285081605689
   ],
   [
    -0.9462565160436449,
    1.049330999211863,
    0.4937467100264848
   ],
   [
    -1.434685755287438,
    -0.2218813215328886,
    0.6490302526287242
   ],
   [
    0.45469290191849804,
    -1.3876551156814603,
    0.5765630642272104
   ],
   [
    1.0329943562152555,
    0.7999699253280338,
    0.6437062175550041
   ],
   [
    -0.3751156595114861,
    -1.2995881916361554,
    0.5235079278171333
   ],
   [
    0.9950810755761165,
    0.9412493540642308,
    0.5538731298620142
   ],
   [
    0.9003827550550082,
    1.195265441272534,
    0.5759290071257586
   ],
   [
    0.9013821196220752,
    -0.9602541094613035,
    0.6168698408919921
   ],
   [
    -1.37476058851279,
    0.2162794028568496,
    0.515314800549849
   ],
   [
    0.7654937336412693,
    1.1339029368034181,
    0.5065461422888833
   ],
   [
    1.4669559377098556,
    0.12140333842844547,
    0.5944140123904128
   ],
   [
    1.3571694343897904,
    -0.6366199877587959,
    0.5699609215887631
   ],
   [
    1.3660758311803347,
    0.13540948050074406,
    0.48185759084017027
   ],
   [
    -1.3284738339702977,
    0.269348125015366,
    0.5140766256093152
   ]
  ]
 },
 "appearance_assets": {
  "floor_pbr": "Carpet007",
  "background_hdr": "lythwood_lounge_4k.hdr"
 },
 "environment_strength": 0.49127369234912655
}