{
 "objects": [
  {
   "obj_subpath": "ice_cream/ice_cream_033/ice_cream_033.blend",
   "obj_location": [
    0.18865310425013293,
    0.02440468648657179
   ],
   "obj_pose": [
    [
     -0.057123131258659164,
     -0.046656825312232086,
     -0.9972763232853717
    ],
    [
     -0.8306940526004927,
     -0.5518693631241797,
     0.07340026248586307
    ],
    [
     -0.5537908673286438,
     0.8326243758201599,
     -0.007233043666929007
    ]
   ],
   "obj_scale": 0.6445293214587855,
   "obj_color": {
    "type": "random-multi",
    "color": [
     [
      0.08363529245985657,
      0.5803017356626097,
      0.9953945462318231
     ],
     [
      0.9156165383188292,
      0.0700537114351556,
      0.7452150980968668
     ],
     [
      0.9203582383032316,
      0.1769916647768486,
      0.1470773981032294
     ]
    ],
    "randomness": 1.4487611837457148,
    "scale": 0.5822952677505422,
    "specular": 0.7117246551845803,
    "roughness": 0.24635420595652288,
    "clever": false
   }
  },
  {
   "obj_subpath": "guitar/guitar_020/guitar_020.blend",
   "obj_location": [
    -0.30383340643497014,
    0.4638740452095391
   ],
   "obj_pose": [
    [
     -0.1811195310194724,
     0.008075684891601929,
     -0.9834279255620727
    ],
    [
     -0.9821219414735228,
     0.05068065097633841,
     0.18129519258041898
    ],
    [
     0.05130485072731972,
     0.9986822605133057,
     -0.001247949548996985
    ]
   ],
   "obj_scale": 0.6752477453318305,
   "obj_color": {
    "type": "random-multi",
    "color": [
     [
      0.9122973624053259,
      0.048457221756293745,
      0.23215265899954937
     ],
     [
      0.13777497806387584,
      0.6741947511318526,
      0.4829121525930739
     ]
    ],
    "randomness": 1.0723071624827547,
    "scale": 0.8917861829293071,
    "specular": 0.7057250718852272,
    "roughness": 0.216069916354343,
    "clever": true
   }
  },
  {
   "obj_subpath": "Geo Instance Crystal Cube/Geo Instance Crystal Cube/Geo Instance Crystal Cube.blend",
   "obj_location": [
    -0.34567589904507745,
    -0.4056743301370007
   ],
   "obj_pose": [
    [
     -0.628656083947239,
     -0.7776834369562734,
     0.0
    ],
    [
     0.7776834369562734,
     -0.628656083947239,
     0.0
    ],
    [
     0.0,
     0.0,
     1.0
    ]
   ],
   "obj_scale": 0.6909464051717311,
   "obj_color": {
    "type": "random-multi",
    "color": [
     [
      0.06639056485310857,
      0.7228577836576886,
      0.465602302272873
     ],
     [
      0.7114437992668172,
      0.16375220921592792,
      0.7224735393419665
     ]
    ],
    "randomness": 4.04838903970668,
    "scale": 0.5994511217827615,
    "specular": 0.6823302545989682,
    "roughness": 0.12672158825051033,
    "clever": false
   }
  }
 ],
 "camera": {
  "track_to_point": [
   [
    -0.20469062834660506,
    0.15955036943499412,
    0.0
   ],
   [
    -0.1814253470142437,
    0.03931341422088121,
    0.0
   ],
   [
    -0.24945079905986314,
    0.005451723370476346,
    0.0
   ],
   [
    -0.18455935708022325,
    0.10389154991684336,
    0.0
   ],
   [
    -0.09350735946727448,
    0.0893187804076555,
    0.0
   ],
   [
    -0.09327108422632058,
    0.12365193770094958,
    0.0
   ],
   [
    -0.13496257413406432,
    0.15036511855999818,
    0.0
   ],
   [
    -0.26545890405860517,
    -0.0554246041880308,
    0.0
   ],
   [
    -0.06454864871131014,
    -0.08563666319710468,
    0.0
   ],
   [
    -0.03390971581509894,
    -0.054866873486373674,
    0.0
   ],
   [
    -0.24906368712466795,
    0.04524367330658367,
    0.0
   ],
   [
    -0.24917708794640342,
    0.06534422212209219,
    0.0
   ],
   [
    -0.21533489853404514,
    0.029330487279467365,
    0.0
   ],
   [
    -0.1581757967973977,
    -0.03863465643194672,
    0.0
   ],
   [
    -0.040510945070937,
    -0.02939905952358306,
    0.0
   ],
   [
    -0.16457286945046823,
    -0.11193210976678365,
    0.0
   ],
   [
    -0.14327219597297913,
    -0.10354624138763323,
    0.0
   ],
   [
    -0.05385128571437034,
    0.014205709082112588,
    0.0
   ],
   [
    -0.2969582550538955,
    -0.08597266223318974,
    0.0
   ],
   [
    -0.2720780687524211,
    -0.04563302668646867,
    0.0
   ],
   [
    -0.15310079244594954,
    -0.06029535407283575,
    0.0
   ],
   [
    -0.03659778818535914,
    -0.046516041097115865,
    0.0
   ],
   [
    -0.06544081030204313,
    0.1531785974455811,
    0.0
   ],
   [
    -0.19728483592545465,
    -0.11035457473836137,
    0.0
   ],
   [
    -0.10058739996280838,
    0.13914702052191302,
    0.0
   ]
  ],
  "positions": [
   [
    0.9203556318387718,
    0.9714617809004549,
    0.5898352844144034
   ],
   [
    1.1017009429396942,
    -0.8891869764833162,
    0.5883712958046254
   ],
   [
    0.9896048434688453,
    1.0751842059150902,
    0.5469443295867595
   ],
   [
    0.2968339830959623,
    1.3300391969115746,
    0.618850531073703
   ],
   [
    0.9002770151918192,
    1.172120234440402,
    0.6027318419285185
   ],
   [
    0.8269883560256373,
    -1.0907409261885233,
    0.5825435734995682
   ],
   [
    1.3740368235072073,
    -0.35017839655666355,
    0.5559449036745698
   ],
   [
    1.108248272042842,
    0.9132702824479925,
    0.5173932150284706
   ],
   [
    0.8530335094776069,
    -1.1493734656617336,
    0.5282509811403612
   ],
   [
    1.2334189604895671,
    0.47170805242705244,
    0.52670269968547
   ],
   [
    0.419561025713205,
    1.3161340478078145,
    0.4754615694442496
   ],
   [
    1.037379694271479,
    0.8363579601886727,
    0.5805630013492151
   ],
   [
    0.33921706960984743,
    -1.3307570638859936,
    0.5522681943657786
   ],
   [
    0.9373361735610761,
    0.9252243995847145,
    0.6101472775514483
   ],
   [
    -1.3084068463794876,
    0.34447109606538634,
    0.5037644629375043
   ],
   [
    -0.9278960589661268,
    -1.0396734584977605,
    0.4731543941889119
   ],
   [
    1.4708015216492976,
    -0.2484304937089897,
    0.5977646773482017
   ],
   [
    -0.9382547180744881,
    -0.9664136487047464,
    0.5576592359806734
   ],
   [
    -0.17121633350234813,
    -1.3046764927210746,
    0.5787612062354619
   ],
   [
    -1.4566940161561193,
    -0.34082230576602673,
    0.5891112551093236
   ],
   [
    -0.6968078036696909,
    1.2596628636695373,
    0.4681103942000262
   ],
   [
    -0.5507790543792824,
    1.1779208815269242,
    0.579221072073058
   ],
   [
    -1.045348852401297,
    -0.7753497612890454,
    0.6390402845510119
   ],
   [
    0.14510715225390644,
    1.3390903298047578,
    0.5447440975700877
   ],
   [
    1.2278857508009908,
    0.6658992032595097,
    0.6357181622435812
   ]
  ]
 },
 "appearance_assets": {
  "floor_pbr": "Carpet009",
  "background_hdr": "photo_studio_01_4k.hdr"
 },
 "environment_strength": 0.49794431301198283
}