{
 "objects": [
  {
   "obj_subpath": "cup/cup_057/cup_057.blend",
   "obj_location": [
    0.010953402822980074,
    0.0825581673058513
   ],
   "obj_pose": [
    [
     -0.5206462355497736,
     0.4766483162396715,
     0.7083317738091226
    ],
    [
     0.37147169094788673,
     -0.620535224208922,
     0.6906119415772103
    ],
    [
     0.7687237858772278,
     0.6226897239685059,
     0.14601798355579376
    ]
   ],
   "obj_scale": 0.6793297480719579,
   "obj_color": {
    "type": "random-multi",
    "color": [
     [
      0.09973090124431783,
      0.8140932481745045,
      0.8853755604227064
     ],
     [
      0.08122409242809969,
      0.8453589757519053,
      0.8273646381909475
     ],
     [
      0.509329434115381,
      0.09700389931970521,
      0.32856272934375574
     ]
    ],
    "randomness": 0.9666972344229996,
    "scale": 1.0401127115322768,
    "specular": 0.6733500943858948,
    "roughness": 0.19336474673667245,
    "clever": false
   }
  },
  {
   "obj_subpath": "sofa/sofa_032/sofa_032.blend",
   "obj_location": [
    0.3868674138672382,
    -0.4365488424113457
   ],
   "obj_pose": [
    [
     -0.9999957291693055,
     0.002926102008416939,
     -4.998737451398219e-07
    ],
    [
     -0.0029261020084169393,
     -0.9999957291693055,
     -0.00011706489684045793
    ],
    [
     -8.424153747910168e-07,
     -0.00011706293298630044,
     1.0
    ]
   ],
   "obj_scale": 0.6405838511253206,
   "obj_color": {
    "type": "random-mono",
    "color": [
     [
      0.13553992762721215,
      0.12172177631295493,
      0.07484009800902366
     ],
     [
      0.8018542482141868,
      0.685939755355923,
      0.292669639740853
     ],
     [
      0.04773536252712534,
      0.04237417697871433,
      0.024184958284245224
     ],
     [
      0.5898870831668045,
      0.5040722732759497,
      0.21292317383997095
     ]
    ],
    "randomness": 0.2682913875219357,
    "scale": 3.579901993933653,
    "specular": 0.648493744062222,
    "roughness": 0.126871131282393,
    "clever": false
   }
  },
  {
   "obj_subpath": "Wave Zig Zag/Wave Zig Zag/Wave Zig Zag.blend",
   "obj_location": [
    -0.45824096526473534,
    -0.29162554780673766
   ],
   "obj_pose": [
    [
     -0.8975608248052714,
     0.4408906505868329,
     0.0
    ],
    [
     -0.4408906505868329,
     -0.8975608248052714,
     0.0
    ],
    [
     0.0,
     0.0,
     1.0
    ]
   ],
   "obj_scale": 0.6041149368726362,
   "obj_color": {
    "type": "random-multi",
    "color": [
     [
      0.5110354181225377,
      0.6714143991291879,
      0.13223470016547623
     ],
     [
      0.8064777965930197,
      0.144533764081078,
      0.3893257219112395
     ]
    ],
    "randomness": 0.1771614512504116,
    "scale": 0.5541627692687141,
    "specular": 0.6767234953686883,
    "roughness": 0.10707350276708834,
    "clever": false
   }
  }
 ],
 "camera": {
  "track_to_point": [
   [
    -0.15616682526141318,
    -0.1283963703622161,
    0.0
   ],
   [
    -0.09259575365342952,
    -0.1915736007239372,
    0.0
   ],
   [
    -0.07854322921828248,
    -0.2018663916618951,
    0.0
   ],
   [
    0.0568585441624123,
    -0.08599991872106097,
    0.0
   ],
   [
    0.09170549309344102,
    -0.33975118836800056,
    0.0
   ],
   [
    0.03089322075596741,
    -0.30075212189378864,
    0.0
   ],
   [
    0.02711973185517867,
    -0.07040334034243403,
    0.0
   ],
   [
    0.008337842604759154,
    -0.11378234599212109,
    0.0
   ],
   [
    -0.14041665074003645,
    -0.18348346484666042,
    0.0
   ],
   [
    -0.05548379470211186,
    -0.2131049089386938,
    0.0
   ],
   [
    -0.05460591123293679,
    -0.3193673543557971,
    0.0
   ],
   [
    0.07752851994285541,
    -0.17601935563391477,
    0.0
   ],
   [
    0.016976507497643078,
    -0.3632556576064706,
    0.0
   ],
   [
    -0.04602250679389716,
    -0.15379347909936011,
    0.0
   ],
   [
    -0.10346614095076637,
    -0.25103828393947325,
    0.0
   ],
   [
    -0.04372914926306,
    -0.36296065526292765,
    0.0
   ],
   [
    0.1171223887218273,
    -0.1492362018022741,
    0.0
   ],
   [
    -0.16909016488324027,
    -0.2861215473001269,
    0.0
   ],
   [
    0.07314755392064261,
    -0.229587143461863,
    0.0
   ],
   [
    -0.10335693372734032,
    -0.23798076089830603,
    0.0
   ],
   [
    0.05798125773842115,
    -0.2826245466359044,
    0.0
   ],
   [
    -0.12734648963247544,
    -0.11667537097254668,
    0.0
   ],
   [
    0.10693590733418974,
    -0.2096278147276267,
    0.0
   ],
   [
    -0.11251946341280299,
    -0.32616999009626896,
    0.0
   ],
   [
    -0.13535610706156734,
    -0.1498697829333274,
    0.0
   ]
  ],
  "positions": [
   [
    -0.8429564985029832,
    -1.2334703088989067,
    0.6251277427808459
   ],
   [
    0.7892756977587946,
    -1.1551031785808406,
    0.5213655522721944
   ],
   [
    0.5454044870972928,
    1.1998927704188587,
    0.5807872109981511
   ],
   [
    -0.6416368565485894,
    1.1589011731649894,
    0.6437651720474236
   ],
   [
    1.106825224598696,
    0.7445027426370768,
    0.46005670846121943
   ],
   [
    1.4189496756327407,
    0.21448572291450854,
    0.5869290777528315
   ],
   [
    -1.2991116619511394,
    0.6493055364097478,
    0.513626974799172
   ],
   [
    -0.7817381909289475,
    -1.200758411114927,
    0.5917784949916322
   ],
   [
    1.105598300088046,
    0.8810920973603619,
    0.5424391975905132
   ],
   [
    0.9053191541315886,
    -1.1650324056491368,
    0.4772882753575583
   ],
   [
    0.1465850692585151,
    1.4914408202161493,
    0.5560774418995236
   ],
   [
    -0.2192780481735065,
    1.4759123517089556,
    0.6326140167117218
   ],
   [
    -1.0442405310774914,
    1.0532379772268081,
    0.47412355342751134
   ],
   [
    -1.3004951078107734,
    -0.4126508301047594,
    0.4985948006331053
   ],
   [
    1.302572483160463,
    -0.4164527805349723,
    0.6457858086601657
   ],
   [
    -1.4212444232303463,
    -0.3700309347364889,
    0.4555621678586378
   ],
   [
    1.004155728620487,
    0.8396712132326993,
    0.6416639538049616
   ],
   [
    0.8531279172168363,
    1.2208121755862416,
    0.5838381115419854
   ],
   [
    0.16624036861663957,
    -1.370382108581144,
    0.6031451267056944
   ],
   [
    -0.3915954297019052,
    1.3671906101771654,
    0.633675343396694
   ],
   [
    1.3592654492036658,
    -0.06849416614246379,
    0.45401637800387373
   ],
   [
    1.338959609957018,
    0.5513428725361007,
    0.5709934548845813
   ],
   [
    -0.3818884131807478,
    1.2532750069910479,
    0.5176533537676938
   ],
   [
    1.302276657835755,
    -0.2249274995166323,
    0.5483335761310375
   ],
   [
    0.27641497494516176,
    -1.28115674083805,
    0.5978112252071863
   ]
  ]
 },
 "appearance_assets": {
  "floor_pbr": "Terrazzo001",
  "background_hdr": "spiaggia_di_mondello_4k.hdr"
 },
 "environment_strength": 0.5969855152468863
}