{
 "objects": [
  {
   "obj_subpath": "chess_piece/chess_piece_017/chess_piece_017.blend",
   "obj_location": [
    -0.32481580093596685,
    -0.34355778744078624
   ],
   "obj_pose": [
    [
     -0.94520893149151,
     -0.3264612684950828,
     0.0017612789790295161
    ],
    [
     0.326465262727995,
     -0.9451818317314377,
     0.007189353149692653
    ],
    [
     -0.000682316196616739,
     0.007370437495410442,
     0.9999725818634033
    ]
   ],
   "obj_scale": 0.6055175152619187,
   "obj_color": {
    "type": "random-multi",
    "color": [
     [
      0.9788304041337107,
      0.5926133955348574,
      0.08915240731810792
     ],
     [
      0.18761203165466545,
      0.3375328169920505,
      0.866260906237055
     ]
    ],
    "randomness": 0.38392101650779886,
    "scale": 1.3050167159543151,
    "specular": 0.8759447650782006,
    "roughness": 0.23881292557723402,
    "clever": true
   }
  },
  {
   "obj_subpath": "boat/boat_015/boat_015.blend",
   "obj_location": [
    -0.46000591529136514,
    0.2643927341684842
   ],
   "obj_pose": [
    [
     -0.5096593634026613,
     -0.8603762651985286,
     -1.1241398434906291e-07
    ],
    [
     0.8603762651985286,
     -0.5096593634026613,
     2.0189339739114145e-07
    ],
    [
     -2.3099713075680484e-07,
     6.178536349210617e-09,
     1.0
    ]
   ],
   "obj_scale": 0.6506905431791474,
   "obj_color": {
    "type": "random-multi",
    "color": [
     [
      0.8085437084875694,
      0.9101210225591266,
      0.014317333204198035
     ],
     [
      0.10180159682722334,
      0.4653983817075828,
      0.9871359491862707
     ]
    ],
    "randomness": 0.765580189544986,
    "scale": 0.5629115373914869,
    "specular": 0.6968622856810345,
    "roughness": 0.11048699524305985,
    "clever": true
   }
  },
  {
   "obj_subpath": "Circular Array Cube/Circular Array Cube/Circular Array Cube.blend",
   "obj_location": [
    0.4815327172682422,
    -0.38537303982801707
   ],
   "obj_pose": [
    [
     0.5633574502890463,
     0.8262132794889131,
     0.0
    ],
    [
     -0.8262132794889131,
     0.5633574502890463,
     0.0
    ],
    [
     0.0,
     0.0,
     1.0
    ]
   ],
   "obj_scale": 0.6135107866970761,
   "obj_color": {
    "type": "random-mono",
    "color": [
     [
      0.5427624227731,
      0.2323960801676001,
      0.16107841274303603
     ],
     [
      0.40713297007873794,
      0.19760137991448576,
      0.14945407071585814
     ]
    ],
    "randomness": 0.49387170786586276,
    "scale": 4.240795842852054,
    "specular": 0.8235405395151345,
    "roughness": 0.24180773542089426,
    "clever": false
   }
  }
 ],
 "camera": {
  "track_to_point": [
   [
    -0.0306055430834261,
    -0.08414846994930675,
    0.0
   ],
   [
    -0.009088662500343167,
    -0.2024994608513559,
    0.0
   ],
   [
    -0.12292788467592113,
    -0.1413403568747564,
    0.0
   ],
   [
    -0.030948658385664976,
    -0.1322345910986614,
    0.0
   ],
   [
    -0.05193916199899461,
    -0.23368758809790308,
    0.0
   ],
   [
    0.017444140140593298,
    -0.10923130544614387,
    0.0
   ],
   [
    -0.19316421678478307,
    -0.29024429757296955,
    0.0
   ],
   [
    -0.026074668283940824,
    -0.30039387352505464,
    0.0
   ],
   [
    -0.14347876471288318,
    -0.19271163438707462,
    0.0
   ],
   [
    -0.10724709734842446,
    -0.0566559880600766,
    0.0
   ],
   [
    -0.0007771207471788527,
    -0.26901033219577286,
    0.0
   ],
   [
    -0.1631290875807822,
    -0.26118756259439996,
    0.0
   ],
   [
    -0.0820657629625317,
    -0.23097658654219594,
    0.0
   ],
   [
    -0.049882946531714975,
    -0.1538524130611816,
    0.0
   ],
   [
    0.045840697920284765,
    -0.21314782983339736,
    0.0
   ],
   [
    -0.17844440134175577,
    -0.3029577994761754,
    0.0
   ],
   [
    -0.1490797642465247,
    -0.22828601500359957,
    0.0
   ],
   [
    -0.18779450168534678,
    -0.1129562364073736,
    0.0
   ],
   [
    -0.09824551103795263,
    -0.15690905249816586,
    0.0
   ],
   [
    -0.24220582175290917,
    -0.22487193099251027,
    0.0
   ],
   [
    0.03708791669153187,
    -0.24082421778048974,
    0.0
   ],
   [
    -0.18455042003258693,
    -0.20647434561494254,
    0.0
   ],
   [
    -0.08579285094095167,
    -0.019358751767635185,
    0.0
   ],
   [
    -0.21154025433934887,
    -0.06754686149107708,
    0.0
   ],
   [
    -0.08407315532077568,
    -0.18195260103846866,
    0.0
   ]
  ],
  "positions": [
   [
    -1.3521204895390844,
    0.14016545065103125,
    0.5815716908012203
   ],
   [
    -1.0807268422498857,
    0.7657276586996666,
    0.6481668515029066
   ],
   [
    1.1219740416626323,
    -0.8613407816277151,
    0.5460180607015234
   ],
   [
    -0.14946549110251645,
    1.3296896971534118,
    0.5690466461557913
   ],
   [
    1.0467427813147674,
    -0.8853583592281126,
    0.4661465700757465
   ],
   [
    -1.3152896662336866,
    -0.6751942989522488,
    0.4639376797672765
   ],
   [
    -1.3630485319768846,
    0.05641422565259996,
    0.5393984808361795
   ],
   [
    0.03879345382987797,
    -1.4231326253634597,
    0.5525678946421024
   ],
   [
    -1.365782688330111,
    0.3090595913104309,
    0.5757700316658289
   ],
   [
    0.013821052974969482,
    -1.3101040561657047,
    0.4933916905074926
   ],
   [
    -0.7901814984367775,
    -1.0503736553172953,
    0.6469736583395977
   ],
   [
    0.22413207125876664,
    -1.44789147069951,
    0.5192737398469742
   ],
   [
    1.1847696091982611,
    0.8275798510513276,
    0.5002399917098597
   ],
   [
    0.6777111005362136,
    1.1764897223518218,
    0.48878926999403255
   ],
   [
    -1.2677485817542193,
    -0.4681245537309797,
    0.6247117053883522
   ],
   [
    1.2128996651682924,
    0.8119115372367164,
    0.49781910664596263
   ],
   [
    -1.179841697224015,
    -0.5762491909182839,
    0.49185330240786734
   ],
   [
    1.3428998640165395,
    0.38498487659981373,
    0.6233631248914929
   ],
   [
    -0.4873600560130639,
    1.3350107113781193,
    0.6093625399153676
   ],
   [
    -1.3389103331510173,
    0.028010648311632063,
    0.48267341943013775
   ],
   [
    0.20950806821089302,
    -1.3799425991097707,
    0.6182202802211942
   ],
   [
    1.3430342485150544,
    0.09844431812759159,
    0.4995228414993042
   ],
   [
    -1.0865784553149298,
    0.7486062500457312,
    0.5332324425622412
   ],
   [
    0.8631539607825319,
    -1.0206874794919107,
    0.6014318863349548
   ],
   [
    1.0375685337716325,
    -1.0764399909757236,
    0.5241252144855455
   ]
  ]
 },
 "appearance_assets": {
  "floor_pbr": "Terrazzo001",
  "background_hdr": "colorful_studio_4k.hdr"
 },
 "environment_strength": 0.731717606584579
}