{
 "objects": [
  {
   "obj_subpath": "monitor/monitor_013/monitor_013.blend",
   "obj_location": [
    0.16806010305117725,
    -0.28198500832700213
   ],
   "obj_pose": [
    [
     0.08189611017927595,
     0.36310628128163136,
     0.9281416406443157
    ],
    [
     0.9965877103488847,
     -0.03945586824741355,
     -0.07249969039245444
    ],
    [
     0.010295537300407887,
     0.9309119582176208,
     -0.3650985360145569
    ]
   ],
   "obj_scale": 0.6434768812544513,
   "obj_color": {
    "type": "random-mono",
    "color": [
     [
      0.7744116908311288,
      0.46858011406206257,
      0.7795346882835493
     ],
     [
      0.043060329430627056,
      0.016088121654842476,
      0.04351214200400904
     ],
     [
      0.7618599365718522,
      0.5163140265135417,
      0.7659730863158072
     ],
     [
      0.6361476765986928,
      0.4558362355155665,
      0.6391680810417848
     ]
    ],
    "randomness": 0.7040873857809412,
    "scale": 3.843619849291315,
    "specular": 0.8719410725254075,
    "roughness": 0.15998845390189637,
    "clever": false
   }
  },
  {
   "obj_subpath": "knife/knife_011/knife_011.blend",
   "obj_location": [
    -0.07906703177873509,
    0.28013576187302813
   ],
   "obj_pose": [
    [
     0.03747557776823519,
     -0.8955334617275506,
     0.44341337662835145
    ],
    [
     -0.018298582667795726,
     -0.4442656691103183,
     -0.8957082184427598
    ],
    [
     0.9991300106048584,
     0.025453345850110054,
     -0.03303610533475876
    ]
   ],
   "obj_scale": 0.643371207555082,
   "obj_color": {
    "type": "random-mono",
    "color": [
     [
      0.5079985166737363,
      0.4126395790560997,
      0.3269174801516844
     ],
     [
      0.2587423930064908,
      0.19302611976859818,
      0.13395103970933453
     ]
    ],
    "randomness": 0.8906592171430056,
    "scale": 2.9345564716160735,
    "specular": 0.6892118236981681,
    "roughness": 0.2967822036083452,
    "clever": false
   }
  },
  {
   "obj_subpath": "Cylinder Hole Stacked/Cylinder Hole Stacked/Cylinder Hole Stacked.blend",
   "obj_location": [
    -0.46789304158897904,
    -0.42749661277606466
   ],
   "obj_pose": [
    [
     0.5525590033537796,
     0.8334737835185206,
     0.0
    ],
    [
     -0.8334737835185206,
     0.5525590033537796,
     0.0
    ],
    [
     0.0,
     0.0,
     1.0
    ]
   ],
   "obj_scale": 0.6246051435832015,
   "obj_color": {
    "type": "random-multi",
    "color": [
     [
      0.49163955857252684,
      0.7844379885036731,
      0.016028713625048874
     ],
     [
      0.02309674994857236,
      0.7684774961337082,
      0.7014380517221772
     ],
     [
      0.41068656633341916,
      0.0008487749348293772,
      0.7578186737469939
     ]
    ],
    "randomness": 0.7161432423518838,
    "scale": 1.3421413093245542,
    "specular": 0.6326740582750383,
    "roughness": 0.20506478069219322,
    "clever": false
   }
  }
 ],
 "camera": {
  "track_to_point": [
   [
    -0.11437840472226135,
    -0.21975170239152755,
    0.0
   ],
   [
    -0.23361863441285607,
    -0.07623022418114764,
    0.0
   ],
   [
    0.005648627615938123,
    -0.24389218828129078,
    0.0
   ],
   [
    -0.23085848560700373,
    -0.14516227436484253,
    0.0
   ],
   [
    -0.10376797876050109,
    -0.13659119958008517,
    0.0
   ],
   [
    -0.1964711836520331,
    -0.1443609167120267,
    0.0
   ],
   [
    -0.2576544630474763,
    -0.27669704660457883,
    0.0
   ],
   [
    -0.21310052312723468,
    -0.16912309330208333,
    0.0
   ],
   [
    -0.2321812393763158,
    -0.26046225260862754,
    0.0
   ],
   [
    -0.24659621907046037,
    -0.12379607363712669,
    0.0
   ],
   [
    0.021112583358592424,
    -0.09348406560074846,
    0.0
   ],
   [
    -0.1581464379322794,
    -0.14762760058736651,
    0.0
   ],
   [
    -0.07286316297703396,
    -0.04542614658035818,
    0.0
   ],
   [
    -0.043346101700101614,
    -0.0590443618164761,
    0.0
   ],
   [
    0.008162794621007247,
    -0.27183054138828716,
    0.0
   ],
   [
    -0.24904096053520036,
    -0.1080393609439178,
    0.0
   ],
   [
    -0.1723845496991318,
    -0.06094008829443737,
    0.0
   ],
   [
    -0.22379430691992153,
    -0.033579970480276555,
    0.0
   ],
   [
    -0.18549252688145812,
    -0.2838709145195748,
    0.0
   ],
   [
    -0.22892302131691472,
    -0.2145051655674948,
    0.0
   ],
   [
    -0.056365049150786495,
    -0.12801315777796596,
    0.0
   ],
   [
    -0.18922124700786502,
    -0.1655718411271869,
    0.0
   ],
   [
    -0.06502687226742354,
    -0.24119246099375596,
    0.0
   ],
   [
    -0.2536377463870414,
    -0.1301601447238453,
    0.0
   ],
   [
    -0.16539607562592396,
    -0.012363543789314924,
    0.0
   ]
  ],
  "positions": [
   [
    0.8431915979264366,
    -1.0847992702205436,
    0.5330589280514971
   ],
   [
    0.1710770651820969,
    -1.433119993586627,
    0.4843490901063443
   ],
   [
    0.2993127114839763,
    -1.4563677152752275,
    0.5066449379262822
   ],
   [
    1.279799287980327,
    0.3757984052400494,
    0.5582126941837906
   ],
   [
    1.4481400022274311,
    -0.03002860029972775,
    0.4677057671671217
   ],
   [
    1.3375443952377968,
    -0.5507929947406186,
    0.6468996930931349
   ],
   [
    -0.7101900938673936,
    1.3006239787131586,
    0.6372310403271144
   ],
   [
    1.007816586522582,
    -0.8747630849014546,
    0.5778394702441878
   ],
   [
    1.0830202618309333,
    -0.9858369220392981,
    0.5991308048019613
   ],
   [
    -0.20822476108004156,
    1.3101651182359237,
    0.5452656051470272
   ],
   [
    0.1768434821743954,
    1.4511124613372601,
    0.49925860015115336
   ],
   [
    -0.8640368156589724,
    1.0456045733782382,
    0.471687957182229
   ],
   [
    -0.8182931456937226,
    1.1798944301868526,
    0.5972934304931805
   ],
   [
    1.3486611314261392,
    -0.3831703396509407,
    0.6159320416297795
   ],
   [
    0.7632397054723319,
    -1.2651473295127607,
    0.47341617986718953
   ],
   [
    0.17854488620948375,
    -1.297290889970088,
    0.5304569184960637
   ],
   [
    -0.47189918525426605,
    1.323285019750492,
    0.5334219507396889
   ],
   [
    -1.3636274836489028,
    0.6120335498337259,
    0.5343605181610099
   ],
   [
    1.4290355473114662,
    0.23476355339397917,
    0.5004694459233282
   ],
   [
    -1.3699434846422656,
    0.10601998616015604,
    0.6294507739042396
   ],
   [
    0.46311392963039394,
    1.2702344715589087,
    0.6240404399883527
   ],
   [
    0.1989840230535929,
    1.477889548182975,
    0.5573336801169468
   ],
   [
    -1.1347577472313335,
    0.8773285725821192,
    0.5392882758128428
   ],
   [
    -0.49324452325381885,
    -1.3042938933732033,
    0.5671942810760351
   ],
   [
    1.1091539811010283,
    0.9212625777576184,
    0.6060352592037213
   ]
  ]
 },
 "appearance_assets": {
  "floor_pbr": "Carpet001",
  "background_hdr": "small_empty_house_4k.hdr"
 },
 "environment_strength": 0.5676531115650109
}