{
 "objects": [
  {
   "obj_subpath": "sink/sink_020/sink_020.blend",
   "obj_location": [
    0.10485065186287379,
    0.2949586968255625
   ],
   "obj_pose": [
    [
     0.4370861509965014,
     0.8993342046930971,
     -0.012395084671012357
    ],
    [
     -0.8935722583302624,
     0.4326344302033918,
     -0.11981667310387137
    ],
    [
     -0.10239269584417343,
     0.06344611197710037,
     0.9927186369895935
    ]
   ],
   "obj_scale": 0.6038663557433154,
   "obj_color": {
    "type": "random-mono",
    "color": [
     [
      0.47436141068976334,
      0.6762083927922728,
      0.3485985798425342
     ],
     [
      0.11024910150845976,
      0.15623987686367122,
      0.08159407758249906
     ],
     [
      0.46255782687044966,
      0.7580975704225165,
      0.27841876078277317
     ]
    ],
    "randomness": 0.7291921472537908,
    "scale": 3.2198150201009224,
    "specular": 0.8895001686859174,
    "roughness": 0.22019612620038959,
    "clever": false
   }
  },
  {
   "obj_subpath": "panda/panda_006/panda_006.blend",
   "obj_location": [
    -0.31234458092816264,
    -0.39600518924731165
   ],
   "obj_pose": [
    [
     0.5830035799026783,
     0.16328685042262053,
     -0.7958921062665334
    ],
    [
     -0.8079227114975652,
     0.22000627340591786,
     -0.5466792280950413
    ],
    [
     0.08583573251962662,
     0.9617352485656738,
     0.2601875960826874
    ]
   ],
   "obj_scale": 0.6479024107157051,
   "obj_color": {
    "type": "random-multi",
    "color": [
     [
      0.0724712881915135,
      0.6142799346036377,
      0.4315224127692319
     ],
     [
      0.45484516675286707,
      0.16287912929695614,
      0.9147300640775325
     ]
    ],
    "randomness": 0.7704458702698874,
    "scale": 0.9744529329478604,
    "specular": 0.6012988986391993,
    "roughness": 0.29724164239500217,
    "clever": false
   }
  },
  {
   "obj_subpath": "Cube Hole/Cube Hole/Cube Hole.blend",
   "obj_location": [
    0.2908457219616266,
    -0.3511686774042969
   ],
   "obj_pose": [
    [
     -0.9142490358985365,
     -0.40515268770995044,
     0.0
    ],
    [
     0.40515268770995044,
     -0.9142490358985365,
     0.0
    ],
    [
     0.0,
     0.0,
     1.0
    ]
   ],
   "obj_scale": 0.6479090330948964,
   "obj_color": {
    "type": "random-multi",
    "color": [
     [
      0.13375692781763493,
      0.5764810513616544,
      0.8719678265107018
     ],
     [
      0.08265643794152899,
      0.9048364015034519,
      0.12287395842887053
     ],
     [
      0.48368759586897747,
      0.5860334303866315,
      0.10773777525798311
     ]
    ],
    "randomness": 4.487360777743018,
    "scale": 0.7726164849259004,
    "specular": 0.6244574987207694,
    "roughness": 0.11207372383401959,
    "clever": false
   }
  }
 ],
 "camera": {
  "track_to_point": [
   [
    -0.08869299360963752,
    -0.05962617183874547,
    0.0
   ],
   [
    -0.06950875640126629,
    -0.21850570193607932,
    0.0
   ],
   [
    0.06643318585661513,
    -0.04726898107561206,
    0.0
   ],
   [
    -0.03831653873001552,
    -0.22167560161977354,
    0.0
   ],
   [
    0.06401545452157724,
    -0.2263371110278915,
    0.0
   ],
   [
    0.10708801065279462,
    -0.19075840158013646,
    0.0
   ],
   [
    0.15685465461307813,
    -0.20002123866195554,
    0.0
   ],
   [
    0.017119401068175073,
    -0.22892160111836757,
    0.0
   ],
   [
    -0.08944314594561013,
    -0.04908956951680182,
    0.0
   ],
   [
    -0.06467713373634562,
    -0.04621896975704076,
    0.0
   ],
   [
    -0.0678630074681089,
    -0.03204404951027523,
    0.0
   ],
   [
    0.13972145243270007,
    -0.08088820033428323,
    0.0
   ],
   [
    0.04990090984619179,
    -0.21031293638956353,
    0.0
   ],
   [
    0.018264814538403108,
    -0.24166843555611217,
    0.0
   ],
   [
    0.07116967381577381,
    -0.15452139943227794,
    0.0
   ],
   [
    0.14939245770905973,
    -0.10474342948450313,
    0.0
   ],
   [
    -0.07085562567880496,
    -0.04191416996597347,
    0.0
   ],
   [
    0.04475425086741365,
    -0.061858887015593,
    0.0
   ],
   [
    0.13918619089907858,
    -0.08522190072620764,
    0.0
   ],
   [
    0.05341850704245281,
    -0.1774282031003935,
    0.0
   ],
   [
    0.020707178787658615,
    -0.11228955745511865,
    0.0
   ],
   [
    0.17353410093518373,
    -0.09960825516429353,
    0.0
   ],
   [
    0.08925137012210872,
    -0.1830494895295382,
    0.0
   ],
   [
    0.1767932470366022,
    -0.06584354740355872,
    0.0
   ],
   [
    0.013216747675788,
    -0.2046049778236157,
    0.0
   ]
  ],
  "positions": [
   [
    -1.0962931318746827,
    0.9695708193346237,
    0.6364429887315357
   ],
   [
    -0.2274337192292709,
    -1.3675686805870733,
    0.4522680607690055
   ],
   [
    -0.8667426690929743,
    1.153538952667086,
    0.4700325340643125
   ],
   [
    1.0561353613970181,
    -0.9508762028035381,
    0.47519440962064974
   ],
   [
    0.050894969114772245,
    -1.3059182551182293,
    0.6472757915948864
   ],
   [
    -0.36368578489717224,
    1.317777657574828,
    0.5031226741560365
   ],
   [
    -0.2534358027649076,
    1.3152895714378408,
    0.49600296692928825
   ],
   [
    -0.43178510940944587,
    1.3578395318354566,
    0.5002286919130217
   ],
   [
    -1.3589500012496754,
    0.146101853921258,
    0.46742113455208656
   ],
   [
    -0.24356217387633136,
    1.362876119029168,
    0.5349413257769768
   ],
   [
    1.2636184373415806,
    0.7332588309059674,
    0.6445119043632881
   ],
   [
    -0.5384554089220368,
    1.3498444523619926,
    0.6059446421849701
   ],
   [
    -1.1767129987686615,
    0.7260344185300464,
    0.46962990660084725
   ],
   [
    1.026171953556716,
    1.0584517789951375,
    0.4812703232530722
   ],
   [
    -1.2138573784707651,
    0.6306657791471719,
    0.6311644292213451
   ],
   [
    1.026230366391766,
    -1.0627145481673108,
    0.5462528669200366
   ],
   [
    0.29204536256696323,
    -1.2868247981197076,
    0.5473840858434036
   ],
   [
    0.04953019682772453,
    -1.376462177963644,
    0.6212223756388762
   ],
   [
    0.44483774246784114,
    -1.3005357753123306,
    0.4977782193918347
   ],
   [
    -1.111910101685128,
    0.7262123950815927,
    0.4836135763601785
   ],
   [
    -0.48214670094419404,
    -1.3199285408678567,
    0.5957475246446915
   ],
   [
    -1.2959030761060348,
    0.15221934149957936,
    0.519023050431118
   ],
   [
    1.338566205358328,
    0.48306353817716086,
    0.5972985974382894
   ],
   [
    -1.4558532068484407,
    -0.23325642813083386,
    0.6376465737772283
   ],
   [
    -0.8353758021255017,
    1.1889070160421047,
    0.6011469550024962
   ]
  ]
 },
 "appearance_assets": {
  "floor_pbr": "Carpet014",
  "background_hdr": "small_empty_house_4k.hdr"
 },
 "environment_strength": 0.5589476660121002
}