{
 "objects": [
  {
   "obj_subpath": "bottle/bottle_017/bottle_017.blend",
   "obj_location": [
    0.11120420871416437,
    0.15099321724634318
   ],
   "obj_pose": [
    [
     -0.4599994010005107,
     -0.8879168477598228,
     -0.0020613534058548564
    ],
    [
     0.8879162600832012,
     -0.4600026001593882,
     0.0015266545401577583
    ],
    [
     -0.002303770277649164,
     -0.0011280489852651954,
     0.9999967217445374
    ]
   ],
   "obj_scale": 0.6934624356968879,
   "obj_color": {
    "type": "random-multi",
    "color": [
     [
      0.014982572615637624,
      0.5173117990385858,
      0.8316165031261706
     ],
     [
      0.1514267706322323,
      0.7522966869239617,
      0.9029457573501039
     ],
     [
      0.773062571682198,
      0.5271916202939398,
      0.1681201024351754
     ]
    ],
    "randomness": 3.199428945392344,
    "scale": 1.010391766372483,
    "specular": 0.6215910119340665,
    "roughness": 0.20013258836050205,
    "clever": false
   }
  },
  {
   "obj_subpath": "dragon/dragon_007/dragon_007.blend",
   "obj_location": [
    -0.3584074888729506,
    -0.3304277801750297
   ],
   "obj_pose": [
    [
     -0.8775939222468269,
     -0.18913519850694616,
     0.4405188267913147
    ],
    [
     0.2623885340743158,
     -0.9585357983341124,
     0.1111819121331194
    ],
    [
     0.40122464299201965,
     0.21315966546535492,
     0.8908320665359497
    ]
   ],
   "obj_scale": 0.6822556621983391,
   "obj_color": {
    "type": "random-multi",
    "color": [
     [
      0.7898113889683126,
      0.9829405503971695,
      0.03216290176018588
     ],
     [
      0.8362158395354553,
      0.07336348218247757,
      0.6132371889769486
     ]
    ],
    "randomness": 3.465527651888421,
    "scale": 0.5193256779060886,
    "specular": 0.6356447776067128,
    "roughness": 0.15316433452988282,
    "clever": false
   }
  },
  {
   "obj_subpath": "Cylinder Crinkle/Cylinder Crinkle/Cylinder Crinkle.blend",
   "obj_location": [
    0.3730341126467216,
    -0.4049643893684324
   ],
   "obj_pose": [
    [
     -0.51498311515662,
     -0.8572003214555997,
     0.0
    ],
    [
     0.8572003214555997,
     -0.51498311515662,
     0.0
    ],
    [
     0.0,
     0.0,
     1.0
    ]
   ],
   "obj_scale": 0.6821992271854346,
   "obj_color": {
    "type": "random-multi",
    "color": [
     [
      0.09827538021662541,
      0.8465342608867621,
      0.8791173931810883
     ],
     [
      0.02700154013014422,
      0.09607987001116094,
      0.7147791060653836
     ],
     [
      0.09340743024798659,
      0.7068607075418869,
      0.5065315221724326
     ],
     [
      0.5704786575483264,
      0.7928483429294877,
      0.15391532248703932
     ]
    ],
    "randomness": 2.8794321165327394,
    "scale": 0.5793293586472116,
    "specular": 0.892639166157712,
    "roughness": 0.21180930143469662,
    "clever": false
   }
  }
 ],
 "camera": {
  "track_to_point": [
   [
    0.1452363843775905,
    -0.09420346082550896,
    0.0
   ],
   [
    0.08694802082241984,
    -0.22039494080252303,
    0.0
   ],
   [
    -0.05928772826646186,
    -0.24740641896933924,
    0.0
   ],
   [
    -0.09715501245738978,
    -0.3145354021547252,
    0.0
   ],
   [
    0.07246506382464432,
    -0.1671786791506679,
    0.0
   ],
   [
    0.12995941340985623,
    -0.29875763449161813,
    0.0
   ],
   [
    0.04061193740922137,
    -0.2419652881751172,
    0.0
   ],
   [
    -0.06287256833516164,
    -0.2721368899699951,
    0.0
   ],
   [
    0.027625688827048474,
    -0.13945878940926595,
    0.0
   ],
   [
    -0.07028055735063071,
    -0.08527800614058284,
    0.0
   ],
   [
    0.16027357019278887,
    -0.07648830072144025,
    0.0
   ],
   [
    0.07757453082312099,
    -0.34389705646306223,
    0.0
   ],
   [
    -0.07997605673920924,
    -0.2959608567258875,
    0.0
   ],
   [
    0.1246598182303211,
    -0.21464244522360781,
    0.0
   ],
   [
    0.10975785426560944,
    -0.2928557741205857,
    0.0
   ],
   [
    0.18948321809080787,
    -0.07711065220064417,
    0.0
   ],
   [
    0.1243398104713472,
    -0.3367392280159739,
    0.0
   ],
   [
    0.07137752230383854,
    -0.22635073398794642,
    0.0
   ],
   [
    0.11205662310637246,
    -0.21620725510997454,
    0.0
   ],
   [
    -0.07539193939210842,
    -0.17209335223648545,
    0.0
   ],
   [
    0.08653166514609778,
    -0.07799126343669477,
    0.0
   ],
   [
    -0.046784542472747,
    -0.31519419904572116,
    0.0
   ],
   [
    0.15348182252642134,
    -0.3304938230942783,
    0.0
   ],
   [
    -0.03978974480252893,
    -0.19723495424259868,
    0.0
   ],
   [
    0.021614827601369742,
    -0.12291457464254718,
    0.0
   ]
  ],
  "positions": [
   [
    -0.5516512371200348,
    -1.27033500840252,
    0.49584585020660454
   ],
   [
    1.3777023219997295,
    -0.4572080115001602,
    0.49160492296340064
   ],
   [
    1.2243961449779448,
    -0.6551543709899105,
    0.4785060182605148
   ],
   [
    -0.5549696101580288,
    1.2549238605153792,
    0.4791259372440925
   ],
   [
    -0.26432241639595266,
    1.2931760021893777,
    0.6209230820562738
   ],
   [
    0.20589988295505843,
    -1.3531385353426177,
    0.6163575053134834
   ],
   [
    0.895424208726064,
    -1.0985392305798822,
    0.45690015616057694
   ],
   [
    1.2203923484480983,
    -0.7440372019227093,
    0.6124266804349277
   ],
   [
    -0.5225127012896876,
    -1.2985180634301106,
    0.5031834433638103
   ],
   [
    0.540998310923377,
    1.3191007203865863,
    0.6207861368012875
   ],
   [
    0.8974948086987657,
    -1.0689397322745426,
    0.5991122102676931
   ],
   [
    -1.341438656608285,
    0.552417143837845,
    0.5506985695201723
   ],
   [
    -1.2615183338004354,
    -0.6259864195338607,
    0.5697798202512225
   ],
   [
    0.19860035604673423,
    -1.4762999270348387,
    0.5295041592526397
   ],
   [
    0.07505961085293428,
    1.3880389395729136,
    0.6496690249652141
   ],
   [
    1.0303249247849091,
    0.9637708532953955,
    0.6254988284459583
   ],
   [
    1.1885920564663959,
    0.9118279683157812,
    0.6340400146356555
   ],
   [
    -1.135594922260688,
    0.9610505668940694,
    0.45900953705740605
   ],
   [
    -0.8913335851700085,
    1.1328064229538852,
    0.47159712611184296
   ],
   [
    -1.3216040358497478,
    -0.41835247877327075,
    0.5137011622638217
   ],
   [
    1.3385384942789247,
    -0.2938167104516817,
    0.5308133151288916
   ],
   [
    0.892226431806867,
    -1.1514853194406622,
    0.528867086508328
   ],
   [
    -0.20134361524632122,
    1.4427195737494656,
    0.48342534448819585
   ],
   [
    0.34719609926187156,
    1.3636414058700272,
    0.6069790270786204
   ],
   [
    1.0518256068086413,
    0.7829254244060576,
    0.5429337429013639
   ]
  ]
 },
 "appearance_assets": {
  "floor_pbr": "Planks009",
  "background_hdr": "hotel_room_4k.hdr"
 },
 "environment_strength": 0.6700619657489993
}