{
 "objects": [
  {
   "obj_subpath": "cookie/cookie_002/cookie_002.blend",
   "obj_location": [
    0.03487591375852983,
    -0.05797304046974017
   ],
   "obj_pose": [
    [
     -0.978066137882647,
     0.20794409812567916,
     0.012079157232217768
    ],
    [
     -0.20791714774751813,
     -0.9781403465578629,
     0.0034580479833875156
    ],
    [
     0.012534191831946373,
     0.0008707352099008858,
     0.9999210834503174
    ]
   ],
   "obj_scale": 0.6387047450082878,
   "obj_color": {
    "type": "random-mono",
    "color": [
     [
      0.826859086214039,
      0.39462298111133487,
      0.7460204326152737
     ],
     [
      0.2940196361549686,
      0.07525765553750763,
      0.25310583056829117
     ],
     [
      0.9834988902586098,
      0.9537199625760154,
      0.9779295072499786
     ]
    ],
    "randomness": 0.5599245980481606,
    "scale": 4.7088832995338485,
    "specular": 0.7652794340792748,
    "roughness": 0.13636321691293274,
    "clever": false
   }
  },
  {
   "obj_subpath": "plate/plate_035/plate_035.blend",
   "obj_location": [
    0.4711398879301697,
    0.37396257670780664
   ],
   "obj_pose": [
    [
     -0.9885597754228299,
     -0.15082964797172455,
     -2.4574533835935136e-07
    ],
    [
     0.15082964797172455,
     -0.9885597754228299,
     9.798953546958518e-05
    ],
    [
     -1.50226596815628e-05,
     9.683144890004769e-05,
     1.0
    ]
   ],
   "obj_scale": 0.6490357035942844,
   "obj_color": {
    "type": "random-multi",
    "color": [
     [
      0.7462966335525308,
      0.1472369572075918,
      0.007277581350214279
     ],
     [
      0.7375905950208735,
      0.021983481110587788,
      0.4706428284962826
     ],
     [
      0.3724594467631489,
      0.6848578389098386,
      0.14312621452212215
     ],
     [
      0.03899143474327682,
      0.5762445500037015,
      0.19919180993422106
     ]
    ],
    "randomness": 0.8472018850933033,
    "scale": 1.2863348632519047,
    "specular": 0.6211452047000217,
    "roughness": 0.127258162343394,
    "clever": false
   }
  },
  {
   "obj_subpath": "Atom N Ring/Atom N Ring/Atom N Ring.blend",
   "obj_location": [
    -0.30612692505468375,
    0.445841002278901
   ],
   "obj_pose": [
    [
     -0.9572648329746808,
     0.28921279285321455,
     0.0
    ],
    [
     -0.28921279285321455,
     -0.9572648329746808,
     0.0
    ],
    [
     0.0,
     0.0,
     1.0
    ]
   ],
   "obj_scale": 0.6844246030795181,
   "obj_color": {
    "type": "random-multi",
    "color": [
     [
      0.8665296159660227,
      0.11958771018079273,
      0.3870438107024896
     ],
     [
      0.008439813564080856,
      0.8482866977104252,
      0.6921340314092111
     ],
     [
      0.6239931993048753,
      0.3601649500787605,
      0.1496806115259297
     ],
     [
      0.49458000413836406,
      0.1468917875747181,
      0.7178269186139037
     ]
    ],
    "randomness": 4.585852746747704,
    "scale": 0.5535308788966007,
    "specular": 0.8100777023711467,
    "roughness": 0.1158938619690727,
    "clever": false
   }
  }
 ],
 "camera": {
  "track_to_point": [
   [
    -0.03148847354244212,
    0.21916163407496128,
    0.0
   ],
   [
    -0.06602287497190824,
    0.23687154478382585,
    0.0
   ],
   [
    0.12168521700007122,
    0.28140253002779014,
    0.0
   ],
   [
    0.1767865161885292,
    0.21053935771946608,
    0.0
   ],
   [
    0.14445266640901383,
    0.12056239663085813,
    0.0
   ],
   [
    0.019870901331745378,
    0.2874280759596416,
    0.0
   ],
   [
    -0.02004637968337268,
    0.12486395405292913,
    0.0
   ],
   [
    0.011630875396036564,
    0.15362417706833464,
    0.0
   ],
   [
    0.005696067756835579,
    0.30658382431644005,
    0.0
   ],
   [
    0.03172482938366912,
    0.32671472493672615,
    0.0
   ],
   [
    0.11261605659999936,
    0.11245781104541527,
    0.0
   ],
   [
    -0.048979915491415824,
    0.35136505646505756,
    0.0
   ],
   [
    0.12641324512916707,
    0.37390775579065183,
    0.0
   ],
   [
    0.1537177398044377,
    0.2664134112212708,
    0.0
   ],
   [
    0.1039356390324442,
    0.3524625908735416,
    0.0
   ],
   [
    0.1897099199802258,
    0.24302842388309875,
    0.0
   ],
   [
    0.21076304849020722,
    0.28915187966971495,
    0.0
   ],
   [
    0.05934535744220891,
    0.24050014014649346,
    0.0
   ],
   [
    0.03111534233980809,
    0.3504534081392391,
    0.0
   ],
   [
    0.036540535416973385,
    0.40030900189457086,
    0.0
   ],
   [
    0.18312899591849718,
    0.17874559181306732,
    0.0
   ],
   [
    -0.06911242148366241,
    0.34049604913950615,
    0.0
   ],
   [
    0.1257560668833937,
    0.2836977721175997,
    0.0
   ],
   [
    0.18588452915722653,
    0.22353730404405645,
    0.0
   ],
   [
    0.026296981816470485,
    0.2293399867201489,
    0.0
   ]
  ],
  "positions": [
   [
    0.2437570154199131,
    1.334206446047955,
    0.6463712842840095
   ],
   [
    0.4547350290764464,
    -1.3808645519088725,
    0.6401219306593767
   ],
   [
    1.4996578932251219,
    -0.026158982351651962,
    0.45993284556663266
   ],
   [
    -0.11065961354533722,
    -1.3636878056535324,
    0.5748895381265392
   ],
   [
    0.4031994153437143,
    1.2444070395139133,
    0.553999423282797
   ],
   [
    1.3261807640046595,
    -0.2714453180129585,
    0.4834172963265826
   ],
   [
    0.6092553402347994,
    -1.267154086977198,
    0.6228893062220671
   ],
   [
    1.3524873685306067,
    0.37303568379698454,
    0.5311390828259311
   ],
   [
    -1.2848594171948047,
    0.19989062135593952,
    0.5268645782967903
   ],
   [
    0.9344669419398444,
    0.963584377048775,
    0.4519509539517453
   ],
   [
    0.5070366132602574,
    1.305732734767352,
    0.5345281779599744
   ],
   [
    0.4471317348571255,
    -1.2811308856486283,
    0.46434112205712874
   ],
   [
    -0.7532286165692186,
    -1.1143193134071816,
    0.5752818355543587
   ],
   [
    0.15780241323092284,
    -1.3779519477431361,
    0.6493512694255793
   ],
   [
    -1.268098356237018,
    -0.5833979090964229,
    0.4508454913600519
   ],
   [
    -0.11609989872516291,
    1.4341322063204915,
    0.4703220538491866
   ],
   [
    -1.1334759834531638,
    -0.8424010302562763,
    0.5838410332088972
   ],
   [
    -1.3108380116775036,
    -0.09321634127762665,
    0.5418799774962889
   ],
   [
    -1.3177597588081649,
    0.6893856798250951,
    0.5392866508810642
   ],
   [
    -1.4066837592082775,
    0.1175996779709531,
    0.6425505604077922
   ],
   [
    1.3581527768209751,
    0.14872373266091551,
    0.5361190325615315
   ],
   [
    0.9322847165342388,
    0.9537695195912105,
    0.4713440431076868
   ],
   [
    0.14509303137018872,
    -1.4110177098375356,
    0.5112607087688201
   ],
   [
    -0.07933964847198458,
    1.3413513842376914,
    0.5628940815832029
   ],
   [
    0.0030146085023543406,
    1.314012561810158,
    0.5700178063423005
   ]
  ]
 },
 "appearance_assets": {
  "floor_pbr": "Tiles072",
  "background_hdr": "spiaggia_di_mondello_4k.hdr"
 },
 "environment_strength": 0.4332519147501332
}