{
 "objects": [
  {
   "obj_subpath": "drum/drum_018/drum_018.blend",
   "obj_location": [
    0.3838247976685505,
    -0.25082953337168445
   ],
   "obj_pose": [
    [
     0.9722677374789143,
     0.2338704756272596,
     1.8124554669846974e-05
    ],
    [
     -0.2338704756272596,
     0.9722677374789143,
     4.9180338253468346e-05
    ],
    [
     -6.120090802141931e-06,
     -5.2055256674066186e-05,
     1.0
    ]
   ],
   "obj_scale": 0.632784736343683,
   "obj_color": {
    "type": "random-mono",
    "color": [
     [
      0.013664156534956104,
      0.03300848658818669,
      0.038871608798585325
     ],
     [
      0.42460695226130585,
      0.7131239126825416,
      0.8005712522423805
     ],
     [
      0.7432629125456054,
      0.8450127966562977,
      0.8758524278967323
     ],
     [
      0.6142895959861993,
      0.7820577536818059,
      0.8329070314224168
     ]
    ],
    "randomness": 0.8048509174948901,
    "scale": 2.8819287991100007,
    "specular": 0.6881525680467012,
    "roughness": 0.23704705722778077,
    "clever": true
   }
  },
  {
   "obj_subpath": "boat/boat_035/boat_035.blend",
   "obj_location": [
    -0.4650320740097249,
    0.10279270656703132
   ],
   "obj_pose": [
    [
     0.015655380591636674,
     0.9998767485531357,
     -0.0011547925859790348
    ],
    [
     -0.9976815048004387,
     0.015697459717275965,
     0.06622094945562326
    ],
    [
     0.06623091548681259,
     0.00011540230480022728,
     0.9978043437004089
    ]
   ],
   "obj_scale": 0.6055295756099572,
   "obj_color": {
    "type": "random-multi",
    "color": [
     [
      0.06682684940866246,
      0.29515308164937837,
      0.5503788919071647
     ],
     [
      0.9426221969675508,
      0.826379492529473,
      0.06733963697387901
     ],
     [
      0.6715074131298923,
      0.13074229644182678,
      0.49237958283466376
     ]
    ],
    "randomness": 4.835276185788249,
    "scale": 0.8160362173512409,
    "specular": 0.6067276524581524,
    "roughness": 0.16409518750093738,
    "clever": false
   }
  },
  {
   "obj_subpath": "59771/59771/59771.blend",
   "obj_location": [
    0.23552389838860954,
    0.41414730679007095
   ],
   "obj_pose": [
    [
     0.5972536007940829,
     0.8020524523611298,
     0.0
    ],
    [
     -0.8020524523611298,
     0.5972536007940829,
     0.0
    ],
    [
     0.0,
     0.0,
     1.0
    ]
   ],
   "obj_scale": 0.65251469898063,
   "obj_color": {
    "type": "random-mono",
    "color": [
     [
      0.5767975716796069,
      0.576208957083897,
      0.3783999004012567
     ],
     [
      0.33083039459331953,
      0.3303991567725807,
      0.18547793472346585
     ]
    ],
    "randomness": 0.8347874430440787,
    "scale": 2.710553987173152,
    "specular": 0.6903879000830427,
    "roughness": 0.12623999249072387,
    "clever": false
   }
  }
 ],
 "camera": {
  "track_to_point": [
   [
    0.1593418972273957,
    0.22552580809101627,
    0.0
   ],
   [
    -0.06203544096759939,
    0.10563547769963572,
    0.0
   ],
   [
    0.026613793719638568,
    0.1290973848364263,
    0.0
   ],
   [
    -0.013902343948320503,
    0.10576406488453749,
    0.0
   ],
   [
    0.190874631977045,
    0.2156952913433187,
    0.0
   ],
   [
    0.031095815961051487,
    0.2376914028536273,
    0.0
   ],
   [
    0.014158327918170316,
    0.05847726112709824,
    0.0
   ],
   [
    -0.03899036275896914,
    0.023236847554924084,
    0.0
   ],
   [
    0.01953064829416863,
    0.09447667712267066,
    0.0
   ],
   [
    0.10796677077704872,
    -0.036616088332207,
    0.0
   ],
   [
    0.14500324415382126,
    -0.025475164594059352,
    0.0
   ],
   [
    -0.07209921584191661,
    0.006423710404823174,
    0.0
   ],
   [
    0.02354930492136749,
    0.20759470774267721,
    0.0
   ],
   [
    0.20106799937325517,
    -0.01955750765664452,
    0.0
   ],
   [
    0.021820098398551674,
    0.1149819693932343,
    0.0
   ],
   [
    0.029689697525787623,
    0.02112045694143981,
    0.0
   ],
   [
    0.08290103659398981,
    -0.046790290547571944,
    0.0
   ],
   [
    0.01616974004521189,
    0.08583859767057406,
    0.0
   ],
   [
    0.020327587348600865,
    0.23443572870271903,
    0.0
   ],
   [
    0.03651547642197028,
    0.05314896779739907,
    0.0
   ],
   [
    -0.0879173400225915,
    -0.004918824622643453,
    0.0
   ],
   [
    0.18581910180732572,
    -0.038055711537866965,
    0.0
   ],
   [
    0.0981656389383404,
    0.18358720121108596,
    0.0
   ],
   [
    0.10385566164156457,
    0.13738211010879411,
    0.0
   ],
   [
    0.19397045380590086,
    -0.01755542837024701,
    0.0
   ]
  ],
  "positions": [
   [
    0.5268602540287258,
    1.295507274420509,
    0.5080189074388419
   ],
   [
    0.8534042183983601,
    -0.9940104161266131,
    0.47448338016318076
   ],
   [
    -0.21877308062698794,
    -1.4567228819152043,
    0.5398483982854576
   ],
   [
    -0.07536624627018293,
    1.4164384377342072,
    0.6464443279337744
   ],
   [
    -0.5343063402267643,
    1.331885499193081,
    0.5029937448062186
   ],
   [
    1.3689692054949758,
    -0.24066580159167078,
    0.4749678361448019
   ],
   [
    0.6417764725140633,
    -1.3337864873958087,
    0.4531000807654872
   ],
   [
    1.47293207886475,
    -0.058350586156232155,
    0.549685308029949
   ],
   [
    -0.7066748205282265,
    -1.1196022424970276,
    0.50502249934945
   ],
   [
    -0.9551244741933385,
    1.098052054995601,
    0.4741648204723451
   ],
   [
    -1.2746022396048766,
    0.27974760072686833,
    0.47529047717433276
   ],
   [
    0.5838159451376818,
    1.210232913883783,
    0.6299278347199118
   ],
   [
    -1.214020833450422,
    0.651323750509722,
    0.6376183667556479
   ],
   [
    0.7887781571078353,
    1.178979335443977,
    0.5740496349163409
   ],
   [
    1.3009989725176643,
    -0.3191088233703613,
    0.5427667594936723
   ],
   [
    1.4455346487715455,
    0.10329394378413172,
    0.5515755245461285
   ],
   [
    -0.6921867688162625,
    1.1061324246696678,
    0.5497944115007684
   ],
   [
    -0.30359628262834804,
    1.3364649104358044,
    0.5191913436083283
   ],
   [
    -1.3311950033953324,
    -0.1106526176408774,
    0.5475843976716929
   ],
   [
    -1.380883874403846,
    0.39720981900095936,
    0.6362798991327867
   ],
   [
    1.3161191478853969,
    0.1317016606674109,
    0.5477855426933158
   ],
   [
    -1.3502262265955385,
    -0.06484691061876799,
    0.4507578279744831
   ],
   [
    0.6520674260390505,
    1.2878076501843276,
    0.6040613736255562
   ],
   [
    -1.4098246604296474,
    0.002341874025061309,
    0.5674459860663401
   ],
   [
    -0.47210226991946264,
    -1.2627638041253657,
    0.4720010395436167
   ]
  ]
 },
 "appearance_assets": {
  "floor_pbr": "Terrazzo001",
  "background_hdr": "lebombo_4k.hdr"
 },
 "environment_strength": 0.7532983205978194
}