{
 "objects": [
  {
   "obj_subpath": "cup/cup_014/cup_014.blend",
   "obj_location": [
    0.06332403458653546,
    0.15941519039835506
   ],
   "obj_pose": [
    [
     0.7219328128948305,
     0.6170770900093749,
     0.31309569789130853
    ],
    [
     -0.6064105430673796,
     0.7821403980228012,
     -0.14325732007254754
    ],
    [
     -0.3332855999469757,
     -0.08644238114356995,
     0.9388548731803894
    ]
   ],
   "obj_scale": 0.6939705789055283,
   "obj_color": {
    "type": "random-multi",
    "color": [
     [
      0.0918908012424341,
      0.30714786649854325,
      0.7583677024968146
     ],
     [
      0.035084069954310126,
      0.3615474543766989,
      0.8127788940269461
     ],
     [
      0.4836425648376504,
      0.01679313133284277,
      0.6153084211765033
     ]
    ],
    "randomness": 1.7415687764598575,
    "scale": 1.2782818004325973,
    "specular": 0.8907159871977122,
    "roughness": 0.28176241548357583,
    "clever": false
   }
  },
  {
   "obj_subpath": "screwdriver/screwdriver_044/screwdriver_044.blend",
   "obj_location": [
    0.2798721367835938,
    -0.42169733236576945
   ],
   "obj_pose": [
    [
     0.030396061118387024,
     0.5787392342508967,
     0.8149460128731032
    ],
    [
     0.0726703150095488,
     0.8118855160293912,
     -0.5792762395194315
    ],
    [
     -0.9968927502632141,
     0.07683010399341583,
     -0.017379039898514748
    ]
   ],
   "obj_scale": 0.6718355568232637,
   "obj_color": {
    "type": "random-mono",
    "color": [
     [
      0.4825718461517333,
      0.21425650812961516,
      0.25337973582923395
     ],
     [
      0.937833808233016,
      0.8788725305998863,
      0.887469711466644
     ]
    ],
    "randomness": 0.5416154140626156,
    "scale": 2.6818267876732658,
    "specular": 0.7715178425469127,
    "roughness": 0.23026058270747854,
    "clever": false
   }
  },
  {
   "obj_subpath": "Arch Rounded/Arch Rounded/Arch Rounded.blend",
   "obj_location": [
    -0.46686938158709657,
    -0.1277178409589539
   ],
   "obj_pose": [
    [
     -0.80381322703264,
     0.594881749633802,
     0.0
    ],
    [
     -0.594881749633802,
     -0.80381322703264,
     0.0
    ],
    [
     0.0,
     0.0,
     1.0
    ]
   ],
   "obj_scale": 0.6193217308775927,
   "obj_color": {
    "type": "random-multi",
    "color": [
     [
      0.6954275588032018,
      0.08729002662636598,
      0.3288420114650534
     ],
     [
      0.030432996379783583,
      0.5995387641500346,
      0.7282316307948051
     ],
     [
      0.21374976295851017,
      0.762706332301393,
      0.050996351599946976
     ],
     [
      0.34169522672019026,
      0.16154331753906015,
      0.8201655679608842
     ]
    ],
    "randomness": 2.402072209792659,
    "scale": 0.5606724024947848,
    "specular": 0.8932692682058783,
    "roughness": 0.25857743434037594,
    "clever": false
   }
  }
 ],
 "camera": {
  "track_to_point": [
   [
    0.06223468115468484,
    -0.01453510860454943,
    0.0
   ],
   [
    0.01048894766969128,
    -0.27216837586442333,
    0.0
   ],
   [
    -0.08701060173169448,
    -0.13674175385078333,
    0.0
   ],
   [
    0.03207035409406845,
    -0.032707470989507215,
    0.0
   ],
   [
    -0.16110352868914607,
    -0.24780652961260605,
    0.0
   ],
   [
    -0.042063933129304724,
    -0.21098038669250285,
    0.0
   ],
   [
    0.033689551209417,
    -0.26114838394013506,
    0.0
   ],
   [
    0.02530239090281481,
    -0.13635269282635473,
    0.0
   ],
   [
    -0.08328540043286542,
    -0.001489091223456196,
    0.0
   ],
   [
    -0.14604680433154726,
    -0.015080706073480887,
    0.0
   ],
   [
    -0.11852540461848493,
    -0.011031454463306889,
    0.0
   ],
   [
    -0.06414588024975612,
    0.015998123971401823,
    0.0
   ],
   [
    -0.03941315029444905,
    -0.22670798089919117,
    0.0
   ],
   [
    0.05490860119947089,
    0.004491296875989426,
    0.0
   ],
   [
    0.009712670901922023,
    -0.11343303006646213,
    0.0
   ],
   [
    -0.07825270461373224,
    -0.07914146461825133,
    0.0
   ],
   [
    -0.0016307714528632986,
    -0.041299596379938935,
    0.0
   ],
   [
    -0.059765052968522685,
    0.01992076162440143,
    0.0
   ],
   [
    0.10760722805758882,
    -0.0015833679626620634,
    0.0
   ],
   [
    -0.10734093261720953,
    -0.048228074243927194,
    0.0
   ],
   [
    -0.02933973210478854,
    -0.12396052933013432,
    0.0
   ],
   [
    -0.038925077965295644,
    -0.021632145518497625,
    0.0
   ],
   [
    0.016991706964519022,
    -0.04606626848397827,
    0.0
   ],
   [
    -0.10645401079359632,
    -0.05350117494190562,
    0.0
   ],
   [
    -0.0750097787857337,
    -0.06593521537752625,
    0.0
   ]
  ],
  "positions": [
   [
    -1.2797771938316092,
    0.5184803787943902,
    0.46117862615094407
   ],
   [
    1.2954976613515823,
    0.6331833569764107,
    0.4991647311128202
   ],
   [
    -0.8759072256301946,
    -1.179961122876371,
    0.6302358462931876
   ],
   [
    1.3282041994262153,
    -0.3913428906809347,
    0.5860441109411556
   ],
   [
    0.13349330946094337,
    -1.29861568071005,
    0.4948394287111634
   ],
   [
    1.123755251129165,
    -0.8359734191401496,
    0.4535171544239925
   ],
   [
    -1.1412248575798156,
    0.7268454970707098,
    0.6266136435868136
   ],
   [
    -1.391411841768742,
    -0.36414648038453706,
    0.5791849155086299
   ],
   [
    1.3684259620349535,
    0.005746856443861862,
    0.6131536944225549
   ],
   [
    -0.4884059663490797,
    1.2753356735488324,
    0.5900151090224918
   ],
   [
    1.3293638177738927,
    0.003919902211329482,
    0.5960379273370395
   ],
   [
    1.3200161633616154,
    0.33462620715332814,
    0.6094083172096774
   ],
   [
    -0.2489106889759487,
    1.3773645090711,
    0.6357129978987204
   ],
   [
    -0.6788351998868645,
    -1.1089129680102572,
    0.4699606004389734
   ],
   [
    0.6467889621134784,
    1.308990513122052,
    0.49101447102169615
   ],
   [
    -1.2495142892253455,
    -0.5062301630785163,
    0.5432604298781479
   ],
   [
    0.45475966780122956,
    -1.380083253950787,
    0.6166009109936046
   ],
   [
    1.0138803407660506,
    1.035462898812161,
    0.5060656572675619
   ],
   [
    0.9769601529878476,
    1.0746418223858938,
    0.46398820936182295
   ],
   [
    -1.1696427137850909,
    0.6864813847571167,
    0.5139434015896881
   ],
   [
    -1.4840606323924828,
    0.20676840067039648,
    0.6333510508226461
   ],
   [
    -1.0867952713664297,
    1.025728275365645,
    0.55684837979268
   ],
   [
    -0.9959579122250184,
    0.9854863245441223,
    0.5553612231399321
   ],
   [
    1.321387712465152,
    -0.0021383667795400294,
    0.4927747528108522
   ],
   [
    1.3148850651283803,
    0.17805569540695873,
    0.6287465184533498
   ]
  ]
 },
 "appearance_assets": {
  "floor_pbr": "Fabric028",
  "background_hdr": "music_hall_02_4k.hdr"
 },
 "environment_strength": 0.6763918100805117
}