{
 "objects": [
  {
   "obj_subpath": "dog/dog_001/dog_001.blend",
   "obj_location": [
    0.149508654778574,
    0.15548775488302802
   ],
   "obj_pose": [
    [
     -0.8395401478319671,
     -0.5432975524323597,
     0.0003095638520171338
    ],
    [
     0.5432975922783763,
     -0.8395401921603851,
     8.144908890655407e-05
    ],
    [
     0.00021564020426012576,
     0.00023656507255509496,
     0.9999999403953552
    ]
   ],
   "obj_scale": 0.6419170188444153,
   "obj_color": {
    "type": "random-multi",
    "color": [
     [
      0.0739320274437103,
      0.6450201763664805,
      0.15962263908100877
     ],
     [
      0.7622002089623046,
      0.011905666919999947,
      0.22634676124466907
     ],
     [
      0.02407838699880782,
      0.8325572729230292,
      0.6630477230087761
     ],
     [
      0.942325531526155,
      0.11021621466864095,
      0.4440731185465586
     ]
    ],
    "randomness": 4.674863117026581,
    "scale": 1.4352304916720766,
    "specular": 0.8982030271968777,
    "roughness": 0.2807827989183399,
    "clever": false
   }
  },
  {
   "obj_subpath": "deer_moose/deer_moose_061/deer_moose_061.blend",
   "obj_location": [
    -0.4771224893533701,
    -0.23639519002807807
   ],
   "obj_pose": [
    [
     0.7795133300547886,
     -0.6250008544196445,
     0.0416277581378325
    ],
    [
     0.6241447682394398,
     0.7806238855467811,
     0.03270605741686815
    ],
    [
     -0.05293693765997887,
     0.0004869383992627263,
     0.9985977411270142
    ]
   ],
   "obj_scale": 0.6476410125756183,
   "obj_color": {
    "type": "random-multi",
    "color": [
     [
      0.08613074683184974,
      0.14587991409190254,
      0.6708331510049244
     ],
     [
      0.059282751753345186,
      0.6342183523858947,
      0.5055805164180306
     ]
    ],
    "randomness": 2.9397903417856783,
    "scale": 1.3423423255985387,
    "specular": 0.8114130757874551,
    "roughness": 0.1873796394147378,
    "clever": true
   }
  },
  {
   "obj_subpath": "Spiral Ring Sphere/Spiral Ring Sphere/Spiral Ring Sphere.blend",
   "obj_location": [
    0.11987420321612607,
    -0.4809205236510651
   ],
   "obj_pose": [
    [
     0.417451281344792,
     -0.9086993054380482,
     0.0
    ],
    [
     0.9086993054380482,
     0.417451281344792,
     0.0
    ],
    [
     0.0,
     0.0,
     1.0
    ]
   ],
   "obj_scale": 0.6974375691781671,
   "obj_color": {
    "type": "random-multi",
    "color": [
     [
      0.2953765860459636,
      0.025205972957796807,
      0.6050011020175415
     ],
     [
      0.797354852388605,
      0.520663676204536,
      0.13974479475774404
     ],
     [
      0.8590029948957753,
      0.3667222750249456,
      0.005575654214858505
     ],
     [
      0.2108644611829411,
      0.8732822098933446,
      0.47004202710272514
     ]
    ],
    "randomness": 0.6488751896987632,
    "scale": 1.0350296853306844,
    "specular": 0.6725716494519957,
    "roughness": 0.1904222521316385,
    "clever": false
   }
  }
 ],
 "camera": {
  "track_to_point": [
   [
    0.03381415205315051,
    -0.0377754134670128,
    0.0
   ],
   [
    -0.09919285145492847,
    -0.24318784160234783,
    0.0
   ],
   [
    -0.07975335036353794,
    -0.1521368361665716,
    0.0
   ],
   [
    -0.054716860576795465,
    -0.29667874876284595,
    0.0
   ],
   [
    -0.02792020549909867,
    -0.14580579648990857,
    0.0
   ],
   [
    -0.050463043007044864,
    -0.040857350132519676,
    0.0
   ],
   [
    -0.005761963924584265,
    -0.18980651710149374,
    0.0
   ],
   [
    -0.05300293190912346,
    -0.15116109473375255,
    0.0
   ],
   [
    -0.05751356912891424,
    -0.18933899664719903,
    0.0
   ],
   [
    -0.19446093429544214,
    -0.1754756232773472,
    0.0
   ],
   [
    -0.06206048340924704,
    -0.28844749359287447,
    0.0
   ],
   [
    -0.14785009288411333,
    -0.2803080386957647,
    0.0
   ],
   [
    -0.022396983487706593,
    -0.04544734908023096,
    0.0
   ],
   [
    -0.14393882380978718,
    -0.1526975263845373,
    0.0
   ],
   [
    -0.1707578322123775,
    -0.27819828000646074,
    0.0
   ],
   [
    -0.1917372191434204,
    -0.26676745066304264,
    0.0
   ],
   [
    -0.1466517213292688,
    -0.21307760882536814,
    0.0
   ],
   [
    0.06365120985015514,
    -0.16301755399797468,
    0.0
   ],
   [
    -0.04319524077217639,
    -0.1450404698480747,
    0.0
   ],
   [
    -0.0016693000351854642,
    -0.11587140207418836,
    0.0
   ],
   [
    -0.14347085662073228,
    -0.274312336961949,
    0.0
   ],
   [
    -0.04728990094967729,
    -0.17294324445661988,
    0.0
   ],
   [
    -0.03586237640240246,
    -0.3225080396542264,
    0.0
   ],
   [
    -0.18066263647573372,
    -0.1182191283791666,
    0.0
   ],
   [
    0.07416786998248136,
    -0.28005132322168574,
    0.0
   ]
  ],
  "positions": [
   [
    1.4520449451253399,
    0.1277918138302041,
    0.573580158139948
   ],
   [
    -1.4198704468194971,
    0.37586743740099143,
    0.6171679078467209
   ],
   [
    -1.3023410627869783,
    0.2472408912434797,
    0.6474552553004209
   ],
   [
    1.338607970016442,
    0.6175534561009525,
    0.5786327414448145
   ],
   [
    -1.0366349762996365,
    -0.9028192371773817,
    0.5095714615676565
   ],
   [
    -1.0090066231509318,
    -1.0189111816520204,
    0.5590795655679914
   ],
   [
    1.2496408889953303,
    -0.5370263491917568,
    0.5336480110565539
   ],
   [
    1.0665860258678612,
    0.9715612731948889,
    0.4756000389299678
   ],
   [
    1.064371692626205,
    0.8474021638218623,
    0.4936234234847118
   ],
   [
    -1.3007528027549955,
    -0.3322277128547538,
    0.49252629535810083
   ],
   [
    1.320656984795929,
    -0.4283809522154399,
    0.4801270479459806
   ],
   [
    1.174900980084496,
    -0.5989861448248182,
    0.6143237384380766
   ],
   [
    -0.5832027751300217,
    1.3757332282235466,
    0.4553571307341294
   ],
   [
    1.2622905763643986,
    -0.33139502239110225,
    0.4831150786207612
   ],
   [
    -1.004321201934919,
    1.0569790383166604,
    0.48529163098903366
   ],
   [
    -0.25963901899207614,
    1.2957948914892294,
    0.5426004403984929
   ],
   [
    0.756061718325614,
    1.248745339335199,
    0.571998932807742
   ],
   [
    1.3220095762310347,
    -0.051345543355127914,
    0.594661549687602
   ],
   [
    0.3074950785469082,
    1.408814814961572,
    0.49518233684826873
   ],
   [
    0.8135008437589423,
    1.2017301630980697,
    0.46867829811968487
   ],
   [
    0.8964427868960045,
    -1.197742886762629,
    0.6455754706807089
   ],
   [
    0.32480213986452244,
    1.2610953669588099,
    0.4915052524195833
   ],
   [
    -0.6958840301403069,
    1.3023070985414595,
    0.5807713615608738
   ],
   [
    -0.5613827919533462,
    1.1981848207575145,
    0.5537187672579593
   ],
   [
    1.3327006564624002,
    0.32448156102819065,
    0.4757176269237075
   ]
  ]
 },
 "appearance_assets": {
  "floor_pbr": "Carpet009",
  "background_hdr": "aft_lounge_4k.hdr"
 },
 "environment_strength": 0.6460801111692164
}