{
 "objects": [
  {
   "obj_subpath": "dog/dog_049/dog_049.blend",
   "obj_location": [
    0.07001924182307961,
    -0.37926171800555886
   ],
   "obj_pose": [
    [
     0.45785941552161297,
     0.8887385318864937,
     0.02255127943142705
    ],
    [
     -0.8890244417711218,
     0.4576969485478458,
     0.012207678517818227
    ],
    [
     0.0005277825985103846,
     -0.025638040155172348,
     0.9996711611747742
    ]
   ],
   "obj_scale": 0.6463523179826869,
   "obj_color": {
    "type": "random-mono",
    "color": [
     [
      0.9121239720634751,
      0.8810245007099804,
      0.804620591333348
     ],
     [
      0.6533242854077685,
      0.5881442477777905,
      0.4280125969326476
     ],
     [
      0.5597362850820841,
      0.44127114687465263,
      0.150230840079414
     ]
    ],
    "randomness": 0.724264475840382,
    "scale": 4.057048163107082,
    "specular": 0.7380851521426757,
    "roughness": 0.11026799747639347,
    "clever": false
   }
  },
  {
   "obj_subpath": "flower/flower_016/flower_016.blend",
   "obj_location": [
    -0.28261406938352995,
    0.19940782281621405
   ],
   "obj_pose": [
    [
     0.8258734918722218,
     -0.5229539299852355,
     -0.2108368166886159
    ],
    [
     0.4860444497160052,
     0.8498055523204386,
     -0.20393944500986413
    ],
    [
     0.28582125902175903,
     0.0659521147608757,
     0.9560107588768005
    ]
   ],
   "obj_scale": 0.6180566174167577,
   "obj_color": {
    "type": "random-mono",
    "color": [
     [
      0.7843345270297155,
      0.776909370073045,
      0.6567737058845611
     ],
     [
      0.8572759554469855,
      0.8514952093264408,
      0.7579653649407625
     ],
     [
      0.2828794913474821,
      0.2727331448026467,
      0.10856987009163005
     ],
     [
      0.7395234253726849,
      0.7086722419961062,
      0.20951411947098897
     ]
    ],
    "randomness": 0.1671547245424594,
    "scale": 4.742218021586302,
    "specular": 0.8631233813133059,
    "roughness": 0.1930638934554999,
    "clever": false
   }
  },
  {
   "obj_subpath": "Classic Set Wedge/Classic Set Wedge/Classic Set Wedge.blend",
   "obj_location": [
    0.449573360347564,
    0.12037824045999335
   ],
   "obj_pose": [
    [
     -0.4831577286371461,
     -0.8755333284679652,
     0.0
    ],
    [
     0.8755333284679652,
     -0.4831577286371461,
     0.0
    ],
    [
     0.0,
     0.0,
     1.0
    ]
   ],
   "obj_scale": 0.6373416884826686,
   "obj_color": {
    "type": "random-multi",
    "color": [
     [
      0.08269147481916261,
      0.7047842188802763,
      0.7031311038872444
     ],
     [
      0.47827798974683366,
      0.7355985019641673,
      0.16644381336360148
     ],
     [
      0.8270342601335676,
      0.09049909659526767,
      0.5615812926693134
     ]
    ],
    "randomness": 0.2248013938696919,
    "scale": 0.9763225401314513,
    "specular": 0.6002799774248219,
    "roughness": 0.13806308984731636,
    "clever": false
   }
  }
 ],
 "camera": {
  "track_to_point": [
   [
    -0.03392026924061432,
    0.0584996877775361,
    0.0
   ],
   [
    0.2024858048347511,
    -0.0035320515937912293,
    0.0
   ],
   [
    0.18818258618357825,
    -0.018763795811487165,
    0.0
   ],
   [
    0.012843120682754477,
    0.011367719001914401,
    0.0
   ],
   [
    0.1527048926797121,
    -0.035861567573122075,
    0.0
   ],
   [
    0.22447501147652094,
    0.06813314212895334,
    0.0
   ],
   [
    0.014910215797293264,
    -0.11030165662105275,
    0.0
   ],
   [
    -0.04082793532822754,
    -0.0752420650102123,
    0.0
   ],
   [
    0.06084584951667614,
    0.05680200347277163,
    0.0
   ],
   [
    0.06353582983258392,
    0.0993041825293967,
    0.0
   ],
   [
    0.15953188378614241,
    -0.015102168547899735,
    0.0
   ],
   [
    -0.0386732444412652,
    -0.13650072244298112,
    0.0
   ],
   [
    0.174514612970055,
    -0.11638804285699621,
    0.0
   ],
   [
    0.108519701435195,
    -0.07579446255694351,
    0.0
   ],
   [
    0.12317438893632783,
    -0.1307931507007169,
    0.0
   ],
   [
    0.07584067488036368,
    0.07742269867878547,
    0.0
   ],
   [
    0.129525276176024,
    -0.12117442919757497,
    0.0
   ],
   [
    0.13114364379147275,
    0.08586793712794681,
    0.0
   ],
   [
    0.1886241990645599,
    -0.029699785709474635,
    0.0
   ],
   [
    -0.035964018651949245,
    -0.041099144965324005,
    0.0
   ],
   [
    0.21963348101016056,
    -0.075263276371289,
    0.0
   ],
   [
    0.15890908480254673,
    -0.08705927652943647,
    0.0
   ],
   [
    0.18983293467333878,
    -0.1638179061653912,
    0.0
   ],
   [
    0.03864967030050555,
    -0.005391424146504769,
    0.0
   ],
   [
    -0.03403065297048029,
    -0.06085926109818235,
    0.0
   ]
  ],
  "positions": [
   [
    -1.0693745814053977,
    -0.997939625550942,
    0.5209009376998828
   ],
   [
    1.1774356495110796,
    0.5970921984258877,
    0.5119087017362944
   ],
   [
    -0.8072337458675691,
    -1.2237321032731299,
    0.6486965621253775
   ],
   [
    0.1692478325372268,
    1.3681605040347524,
    0.6428734387309568
   ],
   [
    1.302780269067547,
    0.013658975378797962,
    0.5950173013421692
   ],
   [
    -1.2938645541715628,
    -0.25750638985078655,
    0.4554615821356562
   ],
   [
    -1.137934993714642,
    0.7804715810167858,
    0.49048540480027475
   ],
   [
    0.35892895140090914,
    -1.4539697412638983,
    0.6408464515453158
   ],
   [
    -0.3677525358719642,
    1.3960124093660484,
    0.45437810894026087
   ],
   [
    0.46434221319550106,
    1.357415986741608,
    0.6370185862296198
   ],
   [
    -0.7510102991707218,
    1.1006909608714008,
    0.6391373186455218
   ],
   [
    -0.8453372428206768,
    1.1711543746888555,
    0.6278241159351496
   ],
   [
    1.2788857668278726,
    -0.6411213121879801,
    0.5351957973390054
   ],
   [
    -0.13868869606208342,
    1.3903286733085893,
    0.46770637615200245
   ],
   [
    1.2826435161408067,
    0.6528295769733491,
    0.5580257734538019
   ],
   [
    1.330337143539295,
    -0.010072737723248095,
    0.6216801488027088
   ],
   [
    -0.5180562752984549,
    1.2472634543703716,
    0.5342175422009251
   ],
   [
    -1.0272777960066806,
    0.8402362099459098,
    0.5335973641045346
   ],
   [
    0.0022603249181187644,
    1.4909434621203452,
    0.6020725142541775
   ],
   [
    -0.010417445998099094,
    1.3739554358862052,
    0.590726392113019
   ],
   [
    0.6267112170873693,
    -1.2377279956204708,
    0.61364854519395
   ],
   [
    0.4041521872752927,
    1.2451462612634423,
    0.4564150921174152
   ],
   [
    -1.3977927378558097,
    0.519697279561853,
    0.6031670557026891
   ],
   [
    -1.3713299140158937,
    -0.48053262093416965,
    0.5925955743854521
   ],
   [
    -0.8164486611906855,
    -1.0666455602254488,
    0.5521247267610179
   ]
  ]
 },
 "appearance_assets": {
  "floor_pbr": "Fabric028",
  "background_hdr": "aft_lounge_4k.hdr"
 },
 "environment_strength": 0.7154586659308881
}