{
 "objects": [
  {
   "obj_subpath": "penguin/penguin_048/penguin_048.blend",
   "obj_location": [
    -0.3192891782438949,
    0.29899438904537157
   ],
   "obj_pose": [
    [
     0.46470432877793366,
     -0.41570487201670503,
     0.7818180024754269
    ],
    [
     -0.6331514588403008,
     0.4612440929191098,
     0.6215892193790304
    ],
    [
     -0.6190065741539001,
     -0.7838643789291382,
     -0.04886201396584511
    ]
   ],
   "obj_scale": 0.6478787565016678,
   "obj_color": {
    "type": "random-mono",
    "color": [
     [
      0.9263478490228654,
      0.9384008024727957,
      0.9065574323961356
     ],
     [
      0.8872970502245532,
      0.9070608187946956,
      0.8548458161148216
     ]
    ],
    "randomness": 0.016974897176007753,
    "scale": 4.127298419166181,
    "specular": 0.8875278096410324,
    "roughness": 0.18527701762224613,
    "clever": false
   }
  },
  {
   "obj_subpath": "grapes/grapes_015/grapes_015.blend",
   "obj_location": [
    0.47060566528764614,
    -0.10037573281535495
   ],
   "obj_pose": [
    [
     0.8114633680696766,
     -0.3285265033905437,
     -0.4833193132368419
    ],
    [
     -0.22067115917246727,
     0.5935539509949264,
     -0.7739495724349539
    ],
    [
     0.5411390066146851,
     0.7346863746643066,
     0.40915095806121826
    ]
   ],
   "obj_scale": 0.658562638251811,
   "obj_color": {
    "type": "random-mono",
    "color": [
     [
      0.16403960791178845,
      0.19795297588390243,
      0.2607727431733973
     ],
     [
      0.17259606908122693,
      0.23801591866809307,
      0.3591970331637089
     ]
    ],
    "randomness": 0.7275357686452079,
    "scale": 4.972585767076259,
    "specular": 0.8863524152179895,
    "roughness": 0.25262503278965287,
    "clever": false
   }
  },
  {
   "obj_subpath": "93073/93073/93073.blend",
   "obj_location": [
    -0.21990586272905355,
    -0.3617340029820332
   ],
   "obj_pose": [
    [
     0.9292120929798565,
     0.3695468661211925,
     0.0
    ],
    [
     -0.3695468661211925,
     0.9292120929798565,
     0.0
    ],
    [
     0.0,
     0.0,
     1.0
    ]
   ],
   "obj_scale": 0.6097029826233402,
   "obj_color": {
    "type": "random-multi",
    "color": [
     [
      0.06435146705408823,
      0.676983309662096,
      0.7740239192540811
     ],
     [
      0.16019494361687947,
      0.6922947637832654,
      0.23036992527074673
     ],
     [
      0.1538549981844446,
      0.862109429900902,
      0.26469195093662784
     ],
     [
      0.12981216138643434,
      0.8368117938212225,
      0.07038573381965851
     ]
    ],
    "randomness": 0.6648925521678783,
    "scale": 0.7280643657355615,
    "specular": 0.722633560936558,
    "roughness": 0.17188508510461972,
    "clever": false
   }
  }
 ],
 "camera": {
  "track_to_point": [
   [
    -0.08816890063660744,
    0.025216097175144225,
    0.0
   ],
   [
    0.11092691468982875,
    0.03136162733143863,
    0.0
   ],
   [
    -0.13829013360759568,
    0.010087121348635764,
    0.0
   ],
   [
    0.08716096204260206,
    0.04614008999743349,
    0.0
   ],
   [
    -0.006163811602538278,
    -0.11817364546355223,
    0.0
   ],
   [
    0.011844538183941138,
    -0.15176764107155016,
    0.0
   ],
   [
    0.004047683375113142,
    0.0894882202838542,
    0.0
   ],
   [
    -0.05538315270420971,
    -0.17862717930535016,
    0.0
   ],
   [
    -0.10910205996748325,
    0.013064450099806724,
    0.0
   ],
   [
    -0.13387975936425878,
    -0.02106862463219561,
    0.0
   ],
   [
    0.03233230639958547,
    -0.09153667944875071,
    0.0
   ],
   [
    0.04168066756137605,
    -0.17825604737697448,
    0.0
   ],
   [
    0.07833030557297628,
    -0.1754319737386027,
    0.0
   ],
   [
    -0.07890407537640202,
    -0.1756115003725221,
    0.0
   ],
   [
    -0.08786507230439759,
    -0.05967134525640644,
    0.0
   ],
   [
    0.03191818854234178,
    0.0780714271995678,
    0.0
   ],
   [
    -0.00203282076760632,
    0.08867293155495684,
    0.0
   ],
   [
    -0.16994552247835223,
    -0.14074178031805318,
    0.0
   ],
   [
    0.04662973633922134,
    -0.11486663441889024,
    0.0
   ],
   [
    0.0555049219217006,
    -0.014732414049310028,
    0.0
   ],
   [
    -0.06912217698176308,
    -0.17451288415511543,
    0.0
   ],
   [
    0.03121009238390394,
    -0.13011015164603523,
    0.0
   ],
   [
    0.11726642428100399,
    -0.1537300902291011,
    0.0
   ],
   [
    -0.08996895441482142,
    -0.04128503506793277,
    0.0
   ],
   [
    -0.15217584694891065,
    -0.07998777342216278,
    0.0
   ]
  ],
  "positions": [
   [
    0.6939194305530192,
    1.2199266423567303,
    0.49569813134583407
   ],
   [
    -1.3102335894329282,
    0.14538938144912197,
    0.5138624044892707
   ],
   [
    -0.10319998330819051,
    -1.386484946276499,
    0.6252706943861882
   ],
   [
    1.2207389912113833,
    0.6554486860617754,
    0.45595109057017846
   ],
   [
    0.010327255553459161,
    -1.3589521882284485,
    0.5110396527734477
   ],
   [
    0.9770330439636176,
    0.9262798907062092,
    0.5218191834715264
   ],
   [
    1.3205546642704977,
    0.04416431930581243,
    0.4964950401501482
   ],
   [
    -1.144244175322553,
    0.7383694135040143,
    0.5788158726802108
   ],
   [
    -0.0303666452379567,
    1.3732823830526233,
    0.590624809707771
   ],
   [
    -1.2164704750804232,
    -0.6418499612575777,
    0.6108627931531275
   ],
   [
    -1.3347936720814768,
    0.5280210122857352,
    0.5277661855607502
   ],
   [
    0.25810285279785894,
    -1.327262247360941,
    0.46306320655466277
   ],
   [
    -1.3406628116009514,
    -0.3713566312340606,
    0.5941718060928398
   ],
   [
    1.2506862395910985,
    -0.6848684144457888,
    0.5531408182617452
   ],
   [
    -1.2617365137750103,
    0.5444564096941104,
    0.5104245967700192
   ],
   [
    1.3046837344315374,
    -0.7314641138904624,
    0.48361581940544257
   ],
   [
    1.3400756222411363,
    0.2883716847880415,
    0.6149798066444341
   ],
   [
    0.13364917817587965,
    1.3289007195392577,
    0.5799549639234276
   ],
   [
    -1.042290645962973,
    -0.909232716376522,
    0.5771026664510375
   ],
   [
    -0.026623012835684346,
    -1.369226373659218,
    0.6025230379209402
   ],
   [
    -0.6772622418648432,
    -1.2009692033668329,
    0.5395161447515804
   ],
   [
    1.2820477392631222,
    0.3219512348838325,
    0.6379460895207172
   ],
   [
    1.4125682212230084,
    0.29100221352754435,
    0.5644269271155683
   ],
   [
    -1.2384611184917271,
    -0.6081341326440447,
    0.5148089527849662
   ],
   [
    1.4488979693233444,
    0.04082435546288237,
    0.48261145363628705
   ]
  ]
 },
 "appearance_assets": {
  "floor_pbr": "WoodFloor005",
  "background_hdr": "cayley_interior_4k.hdr"
 },
 "environment_strength": 0.5083699806375742
}