{
 "objects": [
  {
   "obj_subpath": "drum/drum_013/drum_013.blend",
   "obj_location": [
    0.4959689199117536,
    0.019325381130828934
   ],
   "obj_pose": [
    [
     -0.7037445338447054,
     -0.7095967176020384,
     0.034872989040697105
    ],
    [
     0.7051109877840552,
     -0.7036191037622399,
     -0.0879696677986408
    ],
    [
     0.08696028590202332,
     -0.037318840622901917,
     0.9955125451087952
    ]
   ],
   "obj_scale": 0.6393285922359996,
   "obj_color": {
    "type": "random-multi",
    "color": [
     [
      0.007083137660774952,
      0.725681156121691,
      0.4323746550099298
     ],
     [
      0.3038253869280525,
      0.6870933692002016,
      0.15965529721856486
     ],
     [
      0.5997339453840165,
      0.45314893542094364,
      0.1040657773879059
     ],
     [
      0.6756833039159914,
      0.689369446360761,
      0.15326733057261777
     ]
    ],
    "randomness": 2.8335016948795695,
    "scale": 0.7832259380600078,
    "specular": 0.8397524637337326,
    "roughness": 0.17276971219580758,
    "clever": false
   }
  },
  {
   "obj_subpath": "snake/snake_016/snake_016.blend",
   "obj_location": [
    -0.4670926358363484,
    0.1803244475673148
   ],
   "obj_pose": [
    [
     -0.4994608003090124,
     0.8663347579549641,
     -0.001735967275910914
    ],
    [
     -0.8663363741237264,
     -0.49946070080410615,
     0.0005226291110283972
    ],
    [
     -0.0004142756515648216,
     0.001764964428730309,
     0.9999983310699463
    ]
   ],
   "obj_scale": 0.624691643516764,
   "obj_color": {
    "type": "random-multi",
    "color": [
     [
      0.4187934376934851,
      0.7140115413731433,
      0.15605253347948833
     ],
     [
      0.07642807681815733,
      0.8880661353240313,
      0.18124421834211052
     ],
     [
      0.14034008625220795,
      0.9195798802985491,
      0.620080974043504
     ]
    ],
    "randomness": 0.044071503271099766,
    "scale": 0.7025660704992468,
    "specular": 0.7578459432263528,
    "roughness": 0.17182309909343013,
    "clever": true
   }
  },
  {
   "obj_subpath": "Ring of Rings/Ring of Rings/Ring of Rings.blend",
   "obj_location": [
    -0.3754252831429655,
    -0.4629992510830139
   ],
   "obj_pose": [
    [
     -0.9024272759213179,
     -0.43084221203734163,
     0.0
    ],
    [
     0.43084221203734163,
     -0.9024272759213179,
     0.0
    ],
    [
     0.0,
     0.0,
     1.0
    ]
   ],
   "obj_scale": 0.6644301589426881,
   "obj_color": {
    "type": "random-multi",
    "color": [
     [
      0.8182210728905969,
      0.7677661391301563,
      0.22210783165321335
     ],
     [
      0.10563060168084484,
      0.8162555822393927,
      0.07633027952207616
     ],
     [
      0.8565069585685438,
      0.6762279810457639,
      0.013029745108309565
     ],
     [
      0.5134471484418776,
      0.22473522504270582,
      0.10270044962055991
     ]
    ],
    "randomness": 3.6218422063969093,
    "scale": 0.5442440435278961,
    "specular": 0.6571176403109077,
    "roughness": 0.21880773641149318,
    "clever": false
   }
  }
 ],
 "camera": {
  "track_to_point": [
   [
    0.01808303825483952,
    -0.03713993402812131,
    0.0
   ],
   [
    -0.07351629028532043,
    -0.08344238341309217,
    0.0
   ],
   [
    -0.08484268412426561,
    -0.16676579883214354,
    0.0
   ],
   [
    -0.03343652599076109,
    -0.00039422267160220403,
    0.0
   ],
   [
    -0.2572079594915473,
    -0.17384366442896584,
    0.0
   ],
   [
    -0.07105840453230412,
    -0.009098746209424538,
    0.0
   ],
   [
    -0.07517665827028315,
    -0.1850124316663313,
    0.0
   ],
   [
    -0.15828899034290178,
    -0.02160493925342312,
    0.0
   ],
   [
    -0.05420083860913226,
    0.048096129861122175,
    0.0
   ],
   [
    0.03167148500412002,
    -0.05148929665470338,
    0.0
   ],
   [
    -0.04348187627209117,
    -0.19708225020963682,
    0.0
   ],
   [
    -0.0515720320065219,
    -0.16712413412581006,
    0.0
   ],
   [
    -0.1910597178193189,
    0.0009278218840822611,
    0.0
   ],
   [
    -0.09077298101765512,
    -0.07344087387918037,
    0.0
   ],
   [
    -0.0051371581620727885,
    -0.03726555274996372,
    0.0
   ],
   [
    -0.09569596073961688,
    -0.18322163035340422,
    0.0
   ],
   [
    -0.2329345108652166,
    -0.10898477722749535,
    0.0
   ],
   [
    -0.10106716729629107,
    -0.12886488907300925,
    0.0
   ],
   [
    -0.01308982307034369,
    -0.23288085332955627,
    0.0
   ],
   [
    -0.029666972850823495,
    -0.09367341917228815,
    0.0
   ],
   [
    -0.11890851521546968,
    -0.05815246879033133,
    0.0
   ],
   [
    -0.15895860992793048,
    -0.08592956284123095,
    0.0
   ],
   [
    -0.06751266037022167,
    -0.1376741913463986,
    0.0
   ],
   [
    -0.164580126480868,
    -0.12033484532096173,
    0.0
   ],
   [
    -0.10783511949790876,
    0.031731147219620406,
    0.0
   ]
  ],
  "positions": [
   [
    -1.1737192031412527,
    -0.7938720693945697,
    0.6403134573756379
   ],
   [
    1.2776571493627034,
    -0.6431548603220301,
    0.6450198080916278
   ],
   [
    1.361297046021985,
    -0.09145154316493545,
    0.5223656355984978
   ],
   [
    0.03352304631537818,
    1.3516528074078586,
    0.5063222357023291
   ],
   [
    -1.2569918652531122,
    0.4809433535383094,
    0.5036972825878174
   ],
   [
    1.1988766896854068,
    -0.6504074563020681,
    0.5131774784390585
   ],
   [
    0.8058092517817885,
    -1.0317648473905277,
    0.5514032229490845
   ],
   [
    -0.2589529736067867,
    1.3987184917377955,
    0.5223107525886382
   ],
   [
    1.4050030613439872,
    -0.14731181725530826,
    0.5482260696002564
   ],
   [
    -1.347060810015269,
    0.27079792322568574,
    0.638767071423318
   ],
   [
    1.474391816942593,
    -0.16442040741503758,
    0.4928087341303373
   ],
   [
    1.1979671598460078,
    -0.7121924261876872,
    0.48394388766722934
   ],
   [
    -0.09852522972719703,
    1.4364140213290073,
    0.4610557662166191
   ],
   [
    1.3870962894317638,
    0.2711812924589162,
    0.5826942253474645
   ],
   [
    1.4236265977073432,
    -0.03172129551571013,
    0.47917939913816604
   ],
   [
    1.4354941819914386,
    -0.15517018227511858,
    0.6499027172911109
   ],
   [
    0.2859360488987229,
    1.2999634504898037,
    0.5786890498023958
   ],
   [
    0.7395546267607318,
    1.145560099152212,
    0.6269624529358493
   ],
   [
    0.6927175474731642,
    1.2484516566035047,
    0.46079916270174587
   ],
   [
    -0.9310936791410077,
    -1.0786212035689053,
    0.6368916812816683
   ],
   [
    1.3359453107327104,
    0.5794317496846385,
    0.5689740993504817
   ],
   [
    -1.3635467373345442,
    -0.1263637572022998,
    0.6189333112343913
   ],
   [
    -1.4305710371002236,
    0.0031399094235284603,
    0.6313154832564188
   ],
   [
    -0.6454266506955579,
    1.2054027340205333,
    0.6027603389101018
   ],
   [
    1.2301954338257837,
    -0.7771558192194131,
    0.5548414680989684
   ]
  ]
 },
 "appearance_assets": {
  "floor_pbr": "Carpet008",
  "background_hdr": "balcony_4k.hdr"
 },
 "environment_strength": 0.49022168059975013
}