{
 "objects": [
  {
   "obj_subpath": "helmet/helmet_010/helmet_010.blend",
   "obj_location": [
    -0.01905245025550184,
    -0.4116276522116793
   ],
   "obj_pose": [
    [
     -0.7226691816765554,
     -0.6904042447881379,
     0.033033657609221265
    ],
    [
     0.32353623360314565,
     -0.29564949444600647,
     0.8988412884049009
    ],
    [
     -0.6107974648475647,
     0.6602525115013123,
     0.43702760338783264
    ]
   ],
   "obj_scale": 0.6664874166429708,
   "obj_color": {
    "type": "random-multi",
    "color": [
     [
      0.3163196838766786,
      0.13365867051838087,
      0.7155723040850404
     ],
     [
      0.09894411238854095,
      0.31702697033091365,
      0.5693063024822821
     ]
    ],
    "randomness": 3.0750135994092282,
    "scale": 1.2178288896259124,
    "specular": 0.885460854436997,
    "roughness": 0.23072017815612186,
    "clever": false
   }
  },
  {
   "obj_subpath": "lion/lion_009/lion_009.blend",
   "obj_location": [
    -0.1794586217392673,
    0.4156178277413497
   ],
   "obj_pose": [
    [
     0.26514422880163335,
     0.6601535752227123,
     0.7027771996133838
    ],
    [
     -0.037212181195557185,
     -0.7213151486396555,
     0.6916066012170321
    ],
    [
     0.9634904265403748,
     -0.2095273733139038,
     -0.1666868031024933
    ]
   ],
   "obj_scale": 0.6846077837247511,
   "obj_color": {
    "type": "random-multi",
    "color": [
     [
      0.19172033533133676,
      0.14230148877433546,
      0.593895418635034
     ],
     [
      0.09768208088323727,
      0.03321836081656471,
      0.9485617999477609
     ],
     [
      0.7736346114850075,
      0.8365451261486694,
      0.2098020704512491
     ],
     [
      0.03488163884833906,
      0.7733920961516534,
      0.16103867108324127
     ]
    ],
    "randomness": 0.15090332126717565,
    "scale": 0.860492280336684,
    "specular": 0.8798107625209923,
    "roughness": 0.1443183100904545,
    "clever": false
   }
  },
  {
   "obj_subpath": "Wave Zig Zag/Wave Zig Zag/Wave Zig Zag.blend",
   "obj_location": [
    0.43281934318600157,
    0.012237862284799506
   ],
   "obj_pose": [
    [
     -0.996761047895091,
     -0.08042023003622903,
     0.0
    ],
    [
     0.08042023003622903,
     -0.996761047895091,
     0.0
    ],
    [
     0.0,
     0.0,
     1.0
    ]
   ],
   "obj_scale": 0.643093625854709,
   "obj_color": {
    "type": "random-mono",
    "color": [
     [
      0.10272111368752129,
      0.10702320228917563,
      0.06929479625968958
     ],
     [
      0.47450145127941606,
      0.5188536649123091,
      0.1298941433429882
     ],
     [
      0.7442203188972489,
      0.7747877637054802,
      0.5067177456762425
     ]
    ],
    "randomness": 0.3414621631387369,
    "scale": 4.167533808250683,
    "specular": 0.7349745543292133,
    "roughness": 0.1591138880926486,
    "clever": false
   }
  }
 ],
 "camera": {
  "track_to_point": [
   [
    -0.056983784060477244,
    -0.11875170779079947,
    0.0
   ],
   [
    -0.01610914474242192,
    0.02249990127852052,
    0.0
   ],
   [
    0.16584367638313677,
    0.05982858319071751,
    0.0
   ],
   [
    0.17327759295078932,
    0.05453470038562915,
    0.0
   ],
   [
    -0.035296186577711414,
    -0.09489112518124078,
    0.0
   ],
   [
    0.20148889425047953,
    0.0955705382000487,
    0.0
   ],
   [
    0.04208199474833235,
    -0.14059384790010562,
    0.0
   ],
   [
    0.11033784873508348,
    0.0536673924761517,
    0.0
   ],
   [
    0.13693304009717308,
    0.01605756296569365,
    0.0
   ],
   [
    0.2019906761946695,
    0.03535070123254371,
    0.0
   ],
   [
    0.08601369990737212,
    -0.11463975901154742,
    0.0
   ],
   [
    0.10665252708588996,
    0.013732432585744265,
    0.0
   ],
   [
    0.2169189077090994,
    0.11454059331646364,
    0.0
   ],
   [
    0.01641923626414335,
    -0.08395796662625281,
    0.0
   ],
   [
    0.1873199528122643,
    -0.0653162492690332,
    0.0
   ],
   [
    -0.07055441931699771,
    0.099242382807069,
    0.0
   ],
   [
    -0.032316931695797774,
    0.10275276355258238,
    0.0
   ],
   [
    0.00798685015536335,
    0.060342682602784935,
    0.0
   ],
   [
    0.0812413027438251,
    -0.08767483175896194,
    0.0
   ],
   [
    -0.025035913732952553,
    -0.037264898576390364,
    0.0
   ],
   [
    0.09876681482843125,
    -0.006621869663410949,
    0.0
   ],
   [
    0.012223999232147384,
    0.07796458023202703,
    0.0
   ],
   [
    -0.0035367120529716245,
    0.007419980384975895,
    0.0
   ],
   [
    0.016457134737521514,
    0.14090450627614598,
    0.0
   ],
   [
    0.2046223974841195,
    -0.033779388148185145,
    0.0
   ]
  ],
  "positions": [
   [
    -0.8608908700604663,
    -1.1320898045338978,
    0.5759265733074013
   ],
   [
    -0.7141938750478365,
    1.2989229570371978,
    0.6025567236012848
   ],
   [
    -1.3897433963991117,
    0.15769003671689671,
    0.4977708271870876
   ],
   [
    -1.2943637990806156,
    -0.2586680322311813,
    0.5203912969849115
   ],
   [
    -0.030792950385796363,
    1.3659017784313077,
    0.5601883166331699
   ],
   [
    -0.4152534892933158,
    1.4148589033548096,
    0.50342843822595
   ],
   [
    0.1745600334223813,
    1.3582012910829036,
    0.48519066810548145
   ],
   [
    -0.8869634510054827,
    1.1447747993325375,
    0.6185240050865075
   ],
   [
    -1.2144752072370353,
    0.49161256563129263,
    0.5714948488608163
   ],
   [
    -1.0213399684974136,
    -0.8994129468100928,
    0.5635741945810531
   ],
   [
    0.8685274766271486,
    -1.0446897060035745,
    0.5475570101363108
   ],
   [
    -0.5391355237958845,
    1.370659658935286,
    0.5053230586018893
   ],
   [
    1.2588633272603706,
    -0.7332083621464358,
    0.47163806019869975
   ],
   [
    -1.4045558726963128,
    0.22939485682761615,
    0.48602866615956036
   ],
   [
    1.3725006698887927,
    0.4014730294668939,
    0.4521658121223711
   ],
   [
    -0.5632397336271889,
    1.1957740734014581,
    0.5155912128979431
   ],
   [
    -1.3473438959803121,
    -0.5286721757032201,
    0.5534731948437156
   ],
   [
    1.447177727345775,
    -0.3222965174638002,
    0.5255009511318992
   ],
   [
    -1.2285667701113057,
    0.43869105636443845,
    0.5691327769922678
   ],
   [
    -0.5856204375685418,
    -1.2298482140133202,
    0.5310225106715143
   ],
   [
    -0.19560470616223416,
    1.40428015915288,
    0.5488084661455882
   ],
   [
    0.5268214260426176,
    -1.2879915528850177,
    0.524321877167305
   ],
   [
    -0.8573070152219924,
    -1.0980865252381462,
    0.5597937180394883
   ],
   [
    -0.6717632664784108,
    -1.1501998001547704,
    0.5097771342953058
   ],
   [
    1.1196072072367886,
    0.8682568450421511,
    0.6255017226014902
   ]
  ]
 },
 "appearance_assets": {
  "floor_pbr": "Planks011",
  "background_hdr": "roof_garden_4k.hdr"
 },
 "environment_strength": 0.7416736149904738
}