{
 "objects": [
  {
   "obj_subpath": "coin/coin_026/coin_026.blend",
   "obj_location": [
    -0.3932528279546439,
    -0.08564071931367523
   ],
   "obj_pose": [
    [
     -0.9225809778308048,
     -0.34557839342523206,
     -0.1715223852516173
    ],
    [
     0.344239748109602,
     -0.9380939012038028,
     0.03845555423354615
    ],
    [
     -0.17419351637363434,
     -0.023566454648971558,
     0.9844294190406799
    ]
   ],
   "obj_scale": 0.6653185701883996,
   "obj_color": {
    "type": "random-multi",
    "color": [
     [
      0.9147334476055295,
      0.1809201598330219,
      0.8784245142526044
     ],
     [
      0.7692751025529401,
      0.6795912518141995,
      0.03179776985209981
     ]
    ],
    "randomness": 4.201301466874028,
    "scale": 1.2311918734623313,
    "specular": 0.6246979548972799,
    "roughness": 0.22937540817644864,
    "clever": false
   }
  },
  {
   "obj_subpath": "sheep/sheep_005/sheep_005.blend",
   "obj_location": [
    0.24641803439492027,
    -0.038952250301037994
   ],
   "obj_pose": [
    [
     -0.2277251087335352,
     0.5386300300519973,
     -0.8111836519199908
    ],
    [
     -0.9737254370415298,
     -0.12595166348225176,
     0.18972325541909632
    ],
    [
     2.072679126285948e-05,
     0.8330749273300171,
     0.5531601309776306
    ]
   ],
   "obj_scale": 0.6149381173590508,
   "obj_color": {
    "type": "random-mono",
    "color": [
     [
      0.5016543600094783,
      0.32436310862206363,
      0.6161688233452832
     ],
     [
      0.1659941594628999,
      0.12091633120438228,
      0.195110448456132
     ],
     [
      0.5682491243559693,
      0.2929744823286078,
      0.7460521893974341
     ],
     [
      0.33463073686666756,
      0.18957459802778537,
      0.42832416935533796
     ]
    ],
    "randomness": 0.5437532764023362,
    "scale": 2.2765213693339508,
    "specular": 0.6763413573692816,
    "roughness": 0.11529395243972695,
    "clever": false
   }
  },
  {
   "obj_subpath": "Wireframe Icosphere/Wireframe Icosphere/Wireframe Icosphere.blend",
   "obj_location": [
    -0.051704654726322574,
    0.48442028814417126
   ],
   "obj_pose": [
    [
     -0.5910478645605968,
     0.8066364867760188,
     0.0
    ],
    [
     -0.8066364867760188,
     -0.5910478645605968,
     0.0
    ],
    [
     0.0,
     0.0,
     1.0
    ]
   ],
   "obj_scale": 0.6581801221863671,
   "obj_color": {
    "type": "random-multi",
    "color": [
     [
      0.24181443251628026,
      0.7116787759575486,
      0.08648105360769331
     ],
     [
      0.26306469381496145,
      0.9022255696399505,
      0.14218332406541345
     ],
     [
      0.1607881268432814,
      0.7646302970056156,
      0.0037176168893322536
     ]
    ],
    "randomness": 4.888555867346788,
    "scale": 1.1190404405229426,
    "specular": 0.8503089131987716,
    "roughness": 0.2983299458602552,
    "clever": false
   }
  }
 ],
 "camera": {
  "track_to_point": [
   [
    -0.012711088399731146,
    0.09892721818016241,
    0.0
   ],
   [
    -0.18390174780970653,
    0.049290781137327974,
    0.0
   ],
   [
    0.0678484929144205,
    0.13107639991962444,
    0.0
   ],
   [
    -0.07452594760872339,
    0.015894383465769532,
    0.0
   ],
   [
    -0.11217370730996248,
    0.24686266884413638,
    0.0
   ],
   [
    -0.16441084308020826,
    0.22422479216664604,
    0.0
   ],
   [
    -0.15528433481814208,
    0.1777201200929029,
    0.0
   ],
   [
    -0.05732206083262592,
    0.21299805348253154,
    0.0
   ],
   [
    -0.13525925581569942,
    -0.009014413957550246,
    0.0
   ],
   [
    0.027539090781075137,
    0.08182680265664942,
    0.0
   ],
   [
    0.05155014882655226,
    0.12219857175152372,
    0.0
   ],
   [
    -0.060383944549928514,
    0.02400505324265327,
    0.0
   ],
   [
    -0.05190879807836632,
    0.030345508325112472,
    0.0
   ],
   [
    -0.1459310504567829,
    0.2585879807920012,
    0.0
   ],
   [
    0.008522594471846529,
    0.15039346076655213,
    0.0
   ],
   [
    -0.046111631829421684,
    0.11859218703112852,
    0.0
   ],
   [
    0.07162635725690938,
    0.04914100878362873,
    0.0
   ],
   [
    -0.16788231934206033,
    0.26290052688660637,
    0.0
   ],
   [
    -0.030693864131343923,
    0.05866925999865455,
    0.0
   ],
   [
    -0.05312649365868219,
    0.019334316514197994,
    0.0
   ],
   [
    -0.006774527853830592,
    0.023788201071927653,
    0.0
   ],
   [
    -0.15706674484800867,
    0.17983809837931175,
    0.0
   ],
   [
    0.007720426930066748,
    0.1741437708475102,
    0.0
   ],
   [
    -0.055405668676707986,
    0.10299786816805383,
    0.0
   ],
   [
    -0.09732474030094818,
    0.2098152013267669,
    0.0
   ]
  ],
  "positions": [
   [
    0.4875601543241337,
    -1.3066305763691468,
    0.6032516633808317
   ],
   [
    -1.1570150820046716,
    -0.9025722858672399,
    0.6046790952335331
   ],
   [
    0.2695137243443273,
    -1.4139418119198086,
    0.5782570397991089
   ],
   [
    1.4060474846109776,
    0.5213256253555165,
    0.5967229515740469
   ],
   [
    -0.7429027510856168,
    -1.201883888849816,
    0.4873885161944324
   ],
   [
    -0.6288752061610685,
    -1.3590082452045873,
    0.5658726907909702
   ],
   [
    -0.8065442665825433,
    -1.0931560006568293,
    0.5009729891706217
   ],
   [
    0.09265219091879937,
    -1.4847519223845,
    0.6295239440800783
   ],
   [
    1.2166155279080653,
    -0.6644636234719492,
    0.5721129307630144
   ],
   [
    0.4574087268778361,
    1.2537230824504901,
    0.5332349019947262
   ],
   [
    0.7262741474815164,
    1.1541377682220861,
    0.5011022528191403
   ],
   [
    0.674864349491475,
    -1.1951924929045374,
    0.5993182542671439
   ],
   [
    1.1664000215587622,
    0.8821042151205019,
    0.6127794989095376
   ],
   [
    -0.43970937877049593,
    1.2842320682963495,
    0.46531421738582357
   ],
   [
    0.2587939490229816,
    -1.4044551931429616,
    0.6097376828571028
   ],
   [
    -1.286671356027626,
    -0.7046320848950836,
    0.6064196264231831
   ],
   [
    -0.5298834765338089,
    1.3929235059097826,
    0.6192591495920066
   ],
   [
    0.33401101101487585,
    -1.3841175757410833,
    0.5877464273057973
   ],
   [
    -0.9085299273931109,
    -0.9710537851213057,
    0.4628563920987441
   ],
   [
    0.47670398402424297,
    1.3089397729296333,
    0.5260531659749361
   ],
   [
    -0.05186907450737385,
    -1.383997997306673,
    0.5683161561583325
   ],
   [
    -0.8044039433699441,
    1.1959222257567548,
    0.48511085487653466
   ],
   [
    0.24716383789830715,
    -1.4753481660030847,
    0.5360363359536658
   ],
   [
    0.6495768886157973,
    -1.3048010192600517,
    0.5538167422467996
   ],
   [
    -0.2275808619497786,
    -1.2940837537920122,
    0.6494833222724213
   ]
  ]
 },
 "appearance_assets": {
  "floor_pbr": "Planks001",
  "background_hdr": "st_fagans_interior_4k.hdr"
 },
 "environment_strength": 0.5457421508980945
}