{
 "objects": [
  {
   "obj_subpath": "motorcycle/motorcycle_003/motorcycle_003.blend",
   "obj_location": [
    0.24976015256067863,
    -0.414654258502519
   ],
   "obj_pose": [
    [
     -0.01348209626005809,
     0.8097188694791633,
     0.5866630911207384
    ],
    [
     -0.03864806785906433,
     0.5858559891441271,
     -0.8094931072339372
    ],
    [
     -0.9991618990898132,
     -0.03358705714344978,
     0.02339550480246544
    ]
   ],
   "obj_scale": 0.6836120224802533,
   "obj_color": {
    "type": "random-multi",
    "color": [
     [
      0.5482398716635986,
      0.09848753798077259,
      0.6249297538071747
     ],
     [
      0.03370167938575963,
      0.6909167100227448,
      0.4011108452979598
     ],
     [
      0.832118270329993,
      0.14679887624582438,
      0.08760149913237414
     ]
    ],
    "randomness": 2.9585024425820157,
    "scale": 0.9684438558134795,
    "specular": 0.6084290847356072,
    "roughness": 0.14380100608274432,
    "clever": false
   }
  },
  {
   "obj_subpath": "robot/robot_004/robot_004.blend",
   "obj_location": [
    -0.012553838116895477,
    0.352038341846702
   ],
   "obj_pose": [
    [
     0.7276068621739789,
     0.09308367786375847,
     -0.6796496791311124
    ],
    [
     0.6558727942562723,
     0.19596537755947727,
     0.7289914024097279
    ],
    [
     0.20104500651359558,
     -0.9761828780174255,
     0.08153470605611801
    ]
   ],
   "obj_scale": 0.6779244173549581,
   "obj_color": {
    "type": "random-multi",
    "color": [
     [
      0.5874188263643103,
      0.0799408370367316,
      0.4660665672922118
     ],
     [
      0.6855000114581086,
      0.24487394015119657,
      0.11493305356102557
     ],
     [
      0.5915484910690929,
      0.30983826525626523,
      0.032434282474284704
     ],
     [
      0.015905991574374778,
      0.6482229834399094,
      0.7825776351844359
     ]
    ],
    "randomness": 2.9819218829237815,
    "scale": 0.7103101971091481,
    "specular": 0.7386861630010737,
    "roughness": 0.2678641080515589,
    "clever": false
   }
  },
  {
   "obj_subpath": "Cylinder Ringed/Cylinder Ringed/Cylinder Ringed.blend",
   "obj_location": [
    -0.3500600667227316,
    -0.36666365818740876
   ],
   "obj_pose": [
    [
     0.5271813914729223,
     -0.8497527760970678,
     0.0
    ],
    [
     0.8497527760970678,
     0.5271813914729223,
     0.0
    ],
    [
     0.0,
     0.0,
     1.0
    ]
   ],
   "obj_scale": 0.6535372916559239,
   "obj_color": {
    "type": "random-mono",
    "color": [
     [
      0.18899699953046123,
      0.2516891952832396,
      0.5710567023165558
     ],
     [
      0.7706276704876833,
      0.789566264114491,
      0.8860435267256443
     ],
     [
      0.7680287489192544,
      0.7933052670351826,
      0.922069277933759
     ],
     [
      0.12506701042040047,
      0.15965805916155354,
      0.3358722891702449
     ]
    ],
    "randomness": 0.5758666239379894,
    "scale": 3.341720080326864,
    "specular": 0.8463714019259686,
    "roughness": 0.2755962262190019,
    "clever": true
   }
  }
 ],
 "camera": {
  "track_to_point": [
   [
    -0.021469429520854233,
    -0.2832599916583134,
    0.0
   ],
   [
    -0.08754106447074812,
    -0.020170115591348153,
    0.0
   ],
   [
    -0.10536556874219799,
    -0.07515629079278371,
    0.0
   ],
   [
    -0.10976411647560336,
    -0.19211364818541068,
    0.0
   ],
   [
    -0.044966072442180594,
    -0.23617498333228543,
    0.0
   ],
   [
    -0.14398565786493087,
    -0.2819234185677588,
    0.0
   ],
   [
    -0.049514011477876985,
    -0.08983643797256141,
    0.0
   ],
   [
    -0.03890579641624958,
    -0.16553525782912037,
    0.0
   ],
   [
    -0.004370154086960953,
    -0.24697745974351434,
    0.0
   ],
   [
    -0.054617247001755215,
    -0.09868622504102231,
    0.0
   ],
   [
    -0.044758602811879405,
    0.00508895233705689,
    0.0
   ],
   [
    0.004331921802107286,
    -0.09810572218387995,
    0.0
   ],
   [
    -0.1567523727237538,
    -0.261185310459553,
    0.0
   ],
   [
    -0.1855711632259102,
    -0.2123876927792118,
    0.0
   ],
   [
    -0.14255296754053548,
    -0.04220462740147471,
    0.0
   ],
   [
    -0.013966067940956728,
    -0.0786399219445367,
    0.0
   ],
   [
    -0.09982876910565198,
    -0.038348371672916964,
    0.0
   ],
   [
    -0.0722647397519846,
    -0.24548140607744856,
    0.0
   ],
   [
    -0.10920511246736708,
    -0.14556094647853954,
    0.0
   ],
   [
    -0.1007521607179346,
    -0.17636113896446384,
    0.0
   ],
   [
    -0.07765658215664777,
    -0.10855767809760414,
    0.0
   ],
   [
    -0.0041544880144674945,
    -0.09379508346282223,
    0.0
   ],
   [
    -0.05083973852668122,
    -0.11555351191754193,
    0.0
   ],
   [
    0.03927038506891806,
    -0.12310192253381835,
    0.0
   ],
   [
    0.07522009862737813,
    -0.12373217134104675,
    0.0
   ]
  ],
  "positions": [
   [
    -0.8515412242304649,
    -1.1649109603290768,
    0.5614795046008276
   ],
   [
    0.6683782473209009,
    1.3397074876405393,
    0.6306758100237284
   ],
   [
    1.086840885722492,
    -0.7774835468597318,
    0.6017513166320423
   ],
   [
    -0.25153252401559933,
    -1.4731296363648299,
    0.6137694464757244
   ],
   [
    -0.7107886747389431,
    1.2655600085410676,
    0.6485310599379768
   ],
   [
    -0.5156152772806913,
    1.3045565854918868,
    0.625538571055659
   ],
   [
    -0.2485283255553372,
    1.3277081126903405,
    0.6298587022265503
   ],
   [
    1.3739109098916498,
    -0.1445882057469548,
    0.5530958872775366
   ],
   [
    0.2318564711866223,
    -1.296333551780175,
    0.6024976515585518
   ],
   [
    -0.9128451008666,
    -1.1110636141861345,
    0.5537408857255547
   ],
   [
    -0.41852500597427017,
    1.2446736724865286,
    0.6235124054676353
   ],
   [
    -1.1880083507441195,
    -0.7423042490255453,
    0.5699715146008497
   ],
   [
    -1.3854109620052233,
    -0.016011969035208847,
    0.45956414765325165
   ],
   [
    -1.458268234026061,
    -0.0676614375275647,
    0.46116357548637366
   ],
   [
    -1.3701791550848446,
    0.008974002803532458,
    0.5338076466446675
   ],
   [
    -0.9429497959535706,
    1.144487507435412,
    0.46905663721700896
   ],
   [
    -1.2071625684823057,
    -0.8111333114405445,
    0.5510958295354844
   ],
   [
    -0.4546323394716764,
    1.3904562255618709,
    0.5788508130758905
   ],
   [
    0.7653835813972163,
    -1.110263203854298,
    0.6340144762580953
   ],
   [
    -0.9362965753140406,
    -1.0097733650389593,
    0.48642040853149754
   ],
   [
    0.1479681723504129,
    -1.439166930717167,
    0.6228174627340736
   ],
   [
    -0.39361401683049474,
    1.4335560627304007,
    0.456780427622298
   ],
   [
    -0.2532331342362341,
    1.4727589751815702,
    0.5733115756882695
   ],
   [
    1.234154922558086,
    -0.4390928348912196,
    0.4742584611863389
   ],
   [
    0.2989920299614142,
    1.3712025985820084,
    0.6059380198159152
   ]
  ]
 },
 "appearance_assets": {
  "floor_pbr": "Carpet005",
  "background_hdr": "umhlanga_sunrise_4k.hdr"
 },
 "environment_strength": 0.526555641564945
}