{
 "objects": [
  {
   "obj_subpath": "ladder/ladder_047/ladder_047.blend",
   "obj_location": [
    0.38759827465527974,
    0.28561510482941266
   ],
   "obj_pose": [
    [
     0.0036367925135522977,
     0.7927487067832057,
     -0.6095377155496235
    ],
    [
     -0.0016831602406637387,
     0.6095457239730814,
     0.7927491039991403
    ],
    [
     0.9999919533729553,
     -0.0018571143737062812,
     0.003551114583387971
    ]
   ],
   "obj_scale": 0.6228095636688825,
   "obj_color": {
    "type": "random-mono",
    "color": [
     [
      0.13445423377537624,
      0.4052923014245716,
      0.4810726420220002
     ],
     [
      0.4413996923974637,
      0.5964264321340231,
      0.6398028276345331
     ],
     [
      0.8994840075910218,
      0.9265160399370557,
      0.9340795875432086
     ]
    ],
    "randomness": 0.494325010812419,
    "scale": 3.1881102009900597,
    "specular": 0.8313998665928101,
    "roughness": 0.1344223676016202,
    "clever": true
   }
  },
  {
   "obj_subpath": "piano/piano_021/piano_021.blend",
   "obj_location": [
    -0.21856203945710617,
    -0.33388203098704095
   ],
   "obj_pose": [
    [
     0.2391707500613717,
     0.9709775215388925,
     -4.6159013322274296e-08
    ],
    [
     -0.9709775215388925,
     0.23917075006137165,
     7.228936107493964e-08
    ],
    [
     8.123122796632742e-08,
     2.752986283383052e-08,
     1.0
    ]
   ],
   "obj_scale": 0.6853892945954217,
   "obj_color": {
    "type": "random-multi",
    "color": [
     [
      0.5750159820369141,
      0.6688501808635082,
      0.09820859936087079
     ],
     [
      0.620022375368303,
      0.04346397954779779,
      0.15705152376534576
     ]
    ],
    "randomness": 2.523685771719388,
    "scale": 1.413416977697416,
    "specular": 0.7220934649897237,
    "roughness": 0.13010352384166227,
    "clever": false
   }
  },
  {
   "obj_subpath": "Vase Angular/Vase Angular/Vase Angular.blend",
   "obj_location": [
    -0.231532362916672,
    0.3409736235599098
   ],
   "obj_pose": [
    [
     0.36240646649321984,
     0.9320201462650358,
     0.0
    ],
    [
     -0.9320201462650358,
     0.36240646649321984,
     0.0
    ],
    [
     0.0,
     0.0,
     1.0
    ]
   ],
   "obj_scale": 0.646152670484258,
   "obj_color": {
    "type": "random-multi",
    "color": [
     [
      0.7770886556659476,
      0.18804781919824742,
      0.32681570969867224
     ],
     [
      0.11067711017351238,
      0.6168263675522174,
      0.012803961179165047
     ],
     [
      0.6465907035905427,
      0.22567211374776436,
      0.034075295366490344
     ],
     [
      0.00896518598749707,
      0.6371661854863833,
      0.03328155455772463
     ]
    ],
    "randomness": 2.81546747839766,
    "scale": 0.7976210604635585,
    "specular": 0.7872256892532163,
    "roughness": 0.10091563299474454,
    "clever": true
   }
  }
 ],
 "camera": {
  "track_to_point": [
   [
    -0.14998465157689803,
    0.22277633875633737,
    0.0
   ],
   [
    0.06366546358038787,
    0.10043581941437285,
    0.0
   ],
   [
    0.016392142376923897,
    0.15784852218290152,
    0.0
   ],
   [
    0.013509290866287816,
    0.09154328740981149,
    0.0
   ],
   [
    -0.16674817710755785,
    -0.017466515239601244,
    0.0
   ],
   [
    0.08127268348507004,
    -0.026461109923128265,
    0.0
   ],
   [
    -0.09225940972691855,
    0.22837534266023732,
    0.0
   ],
   [
    0.10254951522879129,
    0.11645775170608091,
    0.0
   ],
   [
    -0.002086279161709486,
    0.22517133170117934,
    0.0
   ],
   [
    -0.0804910915588658,
    0.03583139684460383,
    0.0
   ],
   [
    0.07211635797248238,
    0.13606817217100475,
    0.0
   ],
   [
    0.04861560752949344,
    0.13687430462902264,
    0.0
   ],
   [
    -0.05244026140173198,
    0.10790689001757317,
    0.0
   ],
   [
    -0.1698491577627689,
    0.23183187564285826,
    0.0
   ],
   [
    -0.1545464471842108,
    -0.0426374372629178,
    0.0
   ],
   [
    -0.1316298513525849,
    0.15122256201309567,
    0.0
   ],
   [
    0.028906224972542572,
    0.0019458091517395582,
    0.0
   ],
   [
    0.027421866430284537,
    0.14876386725029586,
    0.0
   ],
   [
    -0.06653022819593392,
    0.2403553319110555,
    0.0
   ],
   [
    0.12407014796862452,
    0.15576363758957862,
    0.0
   ],
   [
    -0.13896769624256117,
    0.10413514657817927,
    0.0
   ],
   [
    -0.048672326412358094,
    -0.03819146863220743,
    0.0
   ],
   [
    0.04146324668525132,
    0.06864397066822321,
    0.0
   ],
   [
    0.10775014004733229,
    0.1274976304404778,
    0.0
   ],
   [
    0.06022036675497193,
    -0.04247873312146294,
    0.0
   ]
  ],
  "positions": [
   [
    -1.3859479157968604,
    0.21485568997192267,
    0.4685660088452664
   ],
   [
    -0.12146468730226899,
    -1.3933494791156913,
    0.4957234198102775
   ],
   [
    -1.3771916751029343,
    0.4091544763710667,
    0.6123316237419041
   ],
   [
    1.0770073229687467,
    0.8812764137789265,
    0.4906094979487895
   ],
   [
    -0.01229950279896865,
    -1.4792415908738308,
    0.5668175410011603
   ],
   [
    -0.9640116288680877,
    -0.9336585683229222,
    0.5498400851713473
   ],
   [
    -1.058834649292063,
    0.7742507701963915,
    0.5981132680669707
   ],
   [
    1.013003450313203,
    -0.8734999025024246,
    0.50681429835879
   ],
   [
    1.1213940766334871,
    0.6765415417512317,
    0.6027418907123661
   ],
   [
    -1.4238380724893938,
    -0.448716626411254,
    0.5556212960531167
   ],
   [
    0.49807316121481787,
    1.2099510886211462,
    0.5967831520896896
   ],
   [
    0.1394713141061755,
    -1.3089315258465015,
    0.5825249046280198
   ],
   [
    0.3624895457876868,
    1.3008193801755414,
    0.48344699898162474
   ],
   [
    -1.266233677834361,
    -0.567122502747918,
    0.6104910988124075
   ],
   [
    0.8258420646807834,
    1.0859303502261068,
    0.5501192202414484
   ],
   [
    -0.9239522815756998,
    1.0247676011970235,
    0.6289168288120989
   ],
   [
    -1.3834664144848197,
    -0.05899397669783082,
    0.6313990726469415
   ],
   [
    0.6568014854579681,
    1.1853264066844835,
    0.4718491250280947
   ],
   [
    -0.047461201978334,
    1.3895450818847195,
    0.45230465009246074
   ],
   [
    1.1259425254716362,
    0.9462138750899559,
    0.6382221194114949
   ],
   [
    1.4471037593762333,
    0.3795442869479445,
    0.6358769847543208
   ],
   [
    0.5629030552626838,
    -1.3161210723714631,
    0.5416876137043523
   ],
   [
    -0.600952988838972,
    -1.339283682285337,
    0.5241527829475129
   ],
   [
    0.40576808661456726,
    -1.3424190778394876,
    0.6248841312240607
   ],
   [
    0.2416172406328879,
    -1.4349908433009126,
    0.5702435475432809
   ]
  ]
 },
 "appearance_assets": {
  "floor_pbr": "Carpet005",
  "background_hdr": "lebombo_4k.hdr"
 },
 "environment_strength": 0.7635010883304092
}