{
 "objects": [
  {
   "obj_subpath": "octopus/octopus_020/octopus_020.blend",
   "obj_location": [
    -0.25007447802339566,
    0.08495848497621272
   ],
   "obj_pose": [
    [
     0.6141358784461258,
     -0.7803700790997203,
     0.11772717271910133
    ],
    [
     0.7887358533531347,
     0.6120240428285668,
     -0.057639710531437786
    ],
    [
     -0.027071556076407433,
     0.1282542496919632,
     0.991371750831604
    ]
   ],
   "obj_scale": 0.6728629609606145,
   "obj_color": {
    "type": "random-mono",
    "color": [
     [
      0.3305300657289769,
      0.1598247504705954,
      0.3774761536793756
     ],
     [
      0.8870179168626375,
      0.8316601477119738,
      0.9022419928988834
     ]
    ],
    "randomness": 0.12108876059955365,
    "scale": 2.7418402615963253,
    "specular": 0.6351294953655495,
    "roughness": 0.2715989954069586,
    "clever": false
   }
  },
  {
   "obj_subpath": "bread/bread_013/bread_013.blend",
   "obj_location": [
    0.11298324133014515,
    -0.4268112874049045
   ],
   "obj_pose": [
    [
     -0.32107991693397914,
     0.9401507003509292,
     -0.11412436675113845
    ],
    [
     -0.910187319522721,
     -0.3396272607812936,
     -0.23709141138613832
    ],
    [
     -0.2616614103317261,
     0.027749260887503624,
     0.9647607207298279
    ]
   ],
   "obj_scale": 0.629479349826045,
   "obj_color": {
    "type": "random-multi",
    "color": [
     [
      0.5881762926317134,
      0.7159374498921233,
      0.15012139151798543
     ],
     [
      0.013271044498447293,
      0.868693868422521,
      0.45248182324792596
     ],
     [
      0.41857485354946405,
      0.020983336376661388,
      0.5983364850606079
     ]
    ],
    "randomness": 1.134147872312989,
    "scale": 1.2009466396034671,
    "specular": 0.7775211460290729,
    "roughness": 0.2588366242515976,
    "clever": true
   }
  },
  {
   "obj_subpath": "Cylinder Crinkle/Cylinder Crinkle/Cylinder Crinkle.blend",
   "obj_location": [
    0.34690313005095075,
    0.229478582002975
   ],
   "obj_pose": [
    [
     0.7470480111193704,
     -0.664770087385551,
     0.0
    ],
    [
     0.664770087385551,
     0.7470480111193704,
     0.0
    ],
    [
     0.0,
     0.0,
     1.0
    ]
   ],
   "obj_scale": 0.683049926549651,
   "obj_color": {
    "type": "random-multi",
    "color": [
     [
      0.4816989066673898,
      0.0668146856453552,
      0.94047685069495
     ],
     [
      0.14954739358220048,
      0.8969566554193416,
      0.2186131332960401
     ],
     [
      0.5494915432619998,
      0.7300685061730919,
      0.1807294679162358
     ]
    ],
    "randomness": 0.6413059640057345,
    "scale": 1.1618965274586917,
    "specular": 0.6993756738314677,
    "roughness": 0.24108762663208552,
    "clever": true
   }
  }
 ],
 "camera": {
  "track_to_point": [
   [
    0.18963142569223893,
    -0.047840659433826184,
    0.0
   ],
   [
    0.19776002846288152,
    0.06361095090093344,
    0.0
   ],
   [
    0.14896306846059057,
    -0.06500495241008866,
    0.0
   ],
   [
    -0.03960614844113533,
    -0.13892120960631493,
    0.0
   ],
   [
    -0.06958824876853764,
    0.014474496982239397,
    0.0
   ],
   [
    0.19668744710103522,
    0.050134694284404306,
    0.0
   ],
   [
    -0.020135818999782062,
    -0.03555567178563366,
    0.0
   ],
   [
    -0.011499584171626734,
    -0.0870888644429951,
    0.0
   ],
   [
    0.06779516060865534,
    0.061255176177139485,
    0.0
   ],
   [
    0.1125726603989822,
    -0.07567659075711053,
    0.0
   ],
   [
    0.08254474017263219,
    -0.09474001353707831,
    0.0
   ],
   [
    0.11491937130763416,
    -0.06296007446234847,
    0.0
   ],
   [
    0.001985890460602671,
    0.03607509637075964,
    0.0
   ],
   [
    0.10024456966610257,
    -0.11111462424647711,
    0.0
   ],
   [
    -0.04160893817060071,
    -0.17563169021008776,
    0.0
   ],
   [
    -0.022537927960987678,
    -0.06082830048719743,
    0.0
   ],
   [
    0.022872470391994956,
    -0.15176142988414093,
    0.0
   ],
   [
    0.005877088168427622,
    0.016130279273377478,
    0.0
   ],
   [
    0.14563250203362166,
    0.047631949852320825,
    0.0
   ],
   [
    -0.040650189500442246,
    0.022372979167238675,
    0.0
   ],
   [
    0.04640698685101732,
    -0.009045822094345575,
    0.0
   ],
   [
    -0.0011033925353031299,
    -0.07177086706703825,
    0.0
   ],
   [
    -0.003534821243886266,
    -0.18108435295608674,
    0.0
   ],
   [
    0.006839531718346725,
    -0.16034040021099652,
    0.0
   ],
   [
    0.19467798060925154,
    -0.013805182594592937,
    0.0
   ]
  ],
  "positions": [
   [
    -1.4252290156908625,
    0.30867744978416023,
    0.6390526476376762
   ],
   [
    0.26542142666647617,
    1.3677012256217758,
    0.5711301627276029
   ],
   [
    -1.3510485873018463,
    0.046247416255042154,
    0.4513718578999935
   ],
   [
    0.2392786344665637,
    1.427405919031666,
    0.5602381217853993
   ],
   [
    -1.4490706927075439,
    0.2970193438649302,
    0.6311681946143721
   ],
   [
    1.0551178160746093,
    -0.8338644942254214,
    0.5058844664139563
   ],
   [
    0.47415553415349054,
    1.3531667420822693,
    0.557083741928176
   ],
   [
    -1.3339992761171877,
    -0.020443562836368816,
    0.4837834532156547
   ],
   [
    0.3931606111193282,
    1.4105390639053363,
    0.6384114602908577
   ],
   [
    1.2811010304339938,
    -0.5723200348850515,
    0.4967238220609123
   ],
   [
    1.145330893650916,
    -0.8569858657732595,
    0.5692982065193481
   ],
   [
    1.348653098439461,
    -0.3982509327748333,
    0.5358439927331624
   ],
   [
    -0.03269305244891733,
    1.3731759279762308,
    0.5685315706152385
   ],
   [
    -0.6195396332596756,
    -1.1746082277028218,
    0.6364974438952282
   ],
   [
    0.8112934991660147,
    1.055332739276017,
    0.4931614201875576
   ],
   [
    -1.217683149899437,
    0.6846827459020448,
    0.5265875058442704
   ],
   [
    -1.1034109191180146,
    0.7112585658279583,
    0.4773736487177795
   ],
   [
    -1.3049902435265417,
    -0.7061599011250489,
    0.6023890532324865
   ],
   [
    -1.0344323032623288,
    0.9884650074396372,
    0.5654526255471566
   ],
   [
    0.5635967343716184,
    -1.2633057387884676,
    0.4801007705875371
   ],
   [
    -0.91945626643874,
    -1.0065036297928718,
    0.6141827609197064
   ],
   [
    -0.2537317505978684,
    1.4428489278739611,
    0.5951973176749807
   ],
   [
    -0.041434248035655645,
    1.314436049588131,
    0.4960570788825236
   ],
   [
    -0.6776456120220558,
    -1.2942547555058976,
    0.4745221584748979
   ],
   [
    -0.9580907033176035,
    1.0192723365801617,
    0.587567427324946
   ]
  ]
 },
 "appearance_assets": {
  "floor_pbr": "Carpet005",
  "background_hdr": "fireplace_4k.hdr"
 },
 "environment_strength": 0.6984864763913399
}