{
 "objects": [
  {
   "obj_subpath": "bottle/bottle_051/bottle_051.blend",
   "obj_location": [
    0.19466583143062255,
    0.41691015043560653
   ],
   "obj_pose": [
    [
     -0.82179323522003,
     0.5675983675050125,
     -0.04987939151613537
    ],
    [
     -0.5661791011605432,
     -0.8232905391598418,
     -0.04042163202843906
    ],
    [
     -0.06400848180055618,
     -0.004977554548531771,
     0.9979369640350342
    ]
   ],
   "obj_scale": 0.6561501169563143,
   "obj_color": {
    "type": "random-mono",
    "color": [
     [
      0.9303195023620621,
      0.9319795426914511,
      0.8265185134926106
     ],
     [
      0.8742599589147626,
      0.8773276193254671,
      0.682441616607395
     ]
    ],
    "randomness": 0.28872118035328587,
    "scale": 2.6525346913126238,
    "specular": 0.678393519836745,
    "roughness": 0.2243923279435542,
    "clever": true
   }
  },
  {
   "obj_subpath": "mug/mug_053/mug_053.blend",
   "obj_location": [
    -0.35817986072115837,
    -0.07732101274006808
   ],
   "obj_pose": [
    [
     -0.3229382505617122,
     -0.9464200102616506,
     -6.467680493995626e-05
    ],
    [
     0.9464200102616506,
     -0.3229382505617122,
     0.00017519804211901596
    ],
    [
     -0.00018669755081646144,
     -4.6332743295351975e-06,
     1.0
    ]
   ],
   "obj_scale": 0.688308126786261,
   "obj_color": {
    "type": "random-multi",
    "color": [
     [
      0.5054986473210604,
      0.5045545168276144,
      0.10390030415489881
     ],
     [
      0.32162393838255626,
      0.6587156755036285,
      0.13899119543098837
     ],
     [
      0.6561223614252452,
      0.8290598047394686,
      0.03514844985075205
     ]
    ],
    "randomness": 0.21243956332281932,
    "scale": 1.391435977211443,
    "specular": 0.6275411189346896,
    "roughness": 0.2368349338553735,
    "clever": false
   }
  },
  {
   "obj_subpath": "Wireframe Icosphere/Wireframe Icosphere/Wireframe Icosphere.blend",
   "obj_location": [
    0.347513646639793,
    -0.3354157391666158
   ],
   "obj_pose": [
    [
     0.003354874616040268,
     0.9999943723923204,
     0.0
    ],
    [
     -0.9999943723923204,
     0.003354874616040268,
     0.0
    ],
    [
     0.0,
     0.0,
     1.0
    ]
   ],
   "obj_scale": 0.6460485959043522,
   "obj_color": {
    "type": "random-multi",
    "color": [
     [
      0.453708894917747,
      0.1310315213437312,
      0.6324122783542165
     ],
     [
      0.6563560371155037,
      0.5760410922076544,
      0.009254049054422175
     ],
     [
      0.06113001202706281,
      0.6261176304642823,
      0.43133143689912945
     ],
     [
      0.17955272044006754,
      0.9056437317919295,
      0.2325071113314977
     ]
    ],
    "randomness": 0.3026681035191531,
    "scale": 0.9872208337611713,
    "specular": 0.7933340195184523,
    "roughness": 0.2216710943905132,
    "clever": false
   }
  }
 ],
 "camera": {
  "track_to_point": [
   [
    0.11178294364085731,
    0.00029580599840495214,
    0.0
   ],
   [
    0.19195133479216364,
    0.02268185084237459,
    0.0
   ],
   [
    0.03704111679642063,
    -0.05177151184124415,
    0.0
   ],
   [
    -0.03409044218585657,
    0.035699063569786915,
    0.0
   ],
   [
    -0.08712816057824485,
    0.054426409816781984,
    0.0
   ],
   [
    0.17885202907808107,
    -0.0703344541243719,
    0.0
   ],
   [
    0.17674042963270759,
    -0.044517444051775254,
    0.0
   ],
   [
    -0.08369258932395787,
    -0.07459770515349919,
    0.0
   ],
   [
    -0.05276933095299769,
    -0.07575794838772877,
    0.0
   ],
   [
    0.18101011024092223,
    0.07396973195270826,
    0.0
   ],
   [
    0.13718106130182703,
    0.09039387071042707,
    0.0
   ],
   [
    0.04729583266665149,
    -0.03380142438853592,
    0.0
   ],
   [
    -0.05102861911763825,
    -0.10391339494820948,
    0.0
   ],
   [
    0.04478352995879905,
    -0.003792534127249031,
    0.0
   ],
   [
    0.0796107699470337,
    -0.056527560969726054,
    0.0
   ],
   [
    0.07513574074172166,
    0.09308505812323153,
    0.0
   ],
   [
    0.026477346043672183,
    -0.13045576958865646,
    0.0
   ],
   [
    0.04903379372753918,
    0.028435489306405326,
    0.0
   ],
   [
    0.03113142191417278,
    -0.10504929354231157,
    0.0
   ],
   [
    0.06567251340468358,
    -0.015645232779710916,
    0.0
   ],
   [
    -0.0638953444970648,
    -0.033067661117062136,
    0.0
   ],
   [
    -0.013563519690983204,
    0.057592259281262215,
    0.0
   ],
   [
    0.021023700836978527,
    0.07664764930493237,
    0.0
   ],
   [
    0.18724179748183628,
    -0.079832195846071,
    0.0
   ],
   [
    -0.039504530230952024,
    0.07781243063522045,
    0.0
   ]
  ],
  "positions": [
   [
    -0.5060655727369596,
    1.307504821420457,
    0.5628799005305926
   ],
   [
    -0.3240604017339857,
    1.3183962042418635,
    0.4663481594567445
   ],
   [
    -1.0362940008278694,
    -1.0634396871000626,
    0.6351818811892466
   ],
   [
    0.8561536755722428,
    -1.2286791120720975,
    0.6107846175190357
   ],
   [
    1.3109922805572083,
    0.003668896800202148,
    0.5594322117748133
   ],
   [
    -1.2381265085808908,
    -0.6310118634695399,
    0.5101567399281841
   ],
   [
    -1.0400019533620608,
    0.8328739830986993,
    0.5164154121856973
   ],
   [
    -0.9008877448472501,
    -1.0812317740111528,
    0.5034195323079845
   ],
   [
    0.8640218264282565,
    1.000085092501107,
    0.5587369173885363
   ],
   [
    -0.9436883416346895,
    1.09095466686785,
    0.4726232570812217
   ],
   [
    1.1815570842235459,
    -0.7539854909007854,
    0.5370247161922855
   ],
   [
    1.3518926413957242,
    0.23869298266727512,
    0.6143418773427838
   ],
   [
    -0.9788508783150567,
    -0.9597346994788166,
    0.5182252237682401
   ],
   [
    -1.0152660950598689,
    1.0864428587482429,
    0.6190485033654618
   ],
   [
    -0.7363463628729868,
    1.2349891727224998,
    0.5745034087101364
   ],
   [
    -0.23132005553154406,
    -1.3777683827775327,
    0.5176517583414622
   ],
   [
    -1.3875076450498438,
    -0.07144498971801379,
    0.5280569070797355
   ],
   [
    -0.10795102155532253,
    1.335684661457039,
    0.5028309205562884
   ],
   [
    -0.10170314719182429,
    -1.3161395200846835,
    0.4776300886804009
   ],
   [
    -1.4038700491829823,
    0.15743412375228227,
    0.498489282822223
   ],
   [
    1.2448549549534862,
    -0.6441255214736449,
    0.4698828774120619
   ],
   [
    0.42866968503822034,
    -1.3603775946313599,
    0.5599252700944394
   ],
   [
    -0.5433962603327002,
    -1.3685878752889957,
    0.5136160377010774
   ],
   [
    0.4614021043439584,
    -1.3955141628975718,
    0.5338922886766475
   ],
   [
    -1.054654024178253,
    1.0069690197976118,
    0.6043430323079956
   ]
  ]
 },
 "appearance_assets": {
  "floor_pbr": "Fabric025",
  "background_hdr": "moonlit_golf_4k.hdr"
 },
 "environment_strength": 0.7868454311801828
}