{
 "objects": [
  {
   "obj_subpath": "cup/cup_024/cup_024.blend",
   "obj_location": [
    0.4955041147739966,
    0.27112955291034624
   ],
   "obj_pose": [
    [
     -0.9989103632308838,
     0.02940561756028448,
     -0.0362404402430149
    ],
    [
     -0.030537549601774062,
     -0.9990500629811677,
     0.031086720208487427
    ],
    [
     -0.035291887819767,
     0.03215954080224037,
     0.9988594651222229
    ]
   ],
   "obj_scale": 0.6446955698919682,
   "obj_color": {
    "type": "random-multi",
    "color": [
     [
      0.11208487799649391,
      0.6257186910422994,
      0.2473052943981787
     ],
     [
      0.0875275626497507,
      0.7687796393447954,
      0.1594129578549877
     ],
     [
      0.20824550925913687,
      0.8334961839813999,
      0.6768618151964984
     ]
    ],
    "randomness": 1.416836980029973,
    "scale": 1.191454311168302,
    "specular": 0.7375296486932682,
    "roughness": 0.23669544418292868,
    "clever": true
   }
  },
  {
   "obj_subpath": "chicken/chicken_021/chicken_021.blend",
   "obj_location": [
    -0.09416495853212459,
    -0.1797431365198251
   ],
   "obj_pose": [
    [
     0.1401862395958918,
     -0.990125103619916,
     0.0003406665949547265
    ],
    [
     0.9901221864116424,
     0.14018664765332703,
     0.0024039591474278106
    ],
    [
     -0.0024279772769659758,
     2.995301713326626e-07,
     0.999997079372406
    ]
   ],
   "obj_scale": 0.646137942692866,
   "obj_color": {
    "type": "random-mono",
    "color": [
     [
      0.7148184534646289,
      0.4797914513233348,
      0.70918041360767
     ],
     [
      0.5190557029557954,
      0.1642631079389283,
      0.5105446179594578
     ]
    ],
    "randomness": 0.8309164287913804,
    "scale": 2.01823713889599,
    "specular": 0.7723898712373412,
    "roughness": 0.2126589997774878,
    "clever": false
   }
  },
  {
   "obj_subpath": "Torus Knot Cinquefoli/Torus Knot Cinquefoli/Torus Knot Cinquefoli.blend",
   "obj_location": [
    -0.2749866132722901,
    0.4121088003944756
   ],
   "obj_pose": [
    [
     -0.4972742873096012,
     0.8675933858557984,
     0.0
    ],
    [
     -0.8675933858557984,
     -0.4972742873096012,
     0.0
    ],
    [
     0.0,
     0.0,
     1.0
    ]
   ],
   "obj_scale": 0.6554839445560048,
   "obj_color": {
    "type": "random-mono",
    "color": [
     [
      0.9032396224107082,
      0.9397677344778712,
      0.9455610308109823
     ],
     [
      0.8779070887918119,
      0.9399096144190624,
      0.9497431093366078
     ],
     [
      0.22578793237375694,
      0.47491350636147805,
      0.5144243979075177
     ],
     [
      0.9226172335211711,
      0.9714944684258797,
      0.9792463145991892
     ]
    ],
    "randomness": 0.5679875667755693,
    "scale": 3.0932379002026815,
    "specular": 0.8690242382592058,
    "roughness": 0.16206036224843592,
    "clever": false
   }
  }
 ],
 "camera": {
  "track_to_point": [
   [
    0.06463432259440574,
    0.1884707373402942,
    0.0
   ],
   [
    0.005807915855765851,
    0.026556989051723795,
    0.0
   ],
   [
    0.010060544629409286,
    0.13038197387237932,
    0.0
   ],
   [
    -0.01478204708306937,
    0.21171877706556583,
    0.0
   ],
   [
    0.11084073006322592,
    0.01868456275843494,
    0.0
   ],
   [
    -0.02192117167703409,
    0.2374369815071234,
    0.0
   ],
   [
    0.012819443259610756,
    0.22013026488784831,
    0.0
   ],
   [
    0.11550254385280506,
    0.20649890524067513,
    0.0
   ],
   [
    0.09598362551430695,
    0.2340103889822164,
    0.0
   ],
   [
    -0.05806757586441794,
    0.28651817070636676,
    0.0
   ],
   [
    -0.09724880535479999,
    0.311147786401732,
    0.0
   ],
   [
    -0.05258261594560985,
    0.26124626851582977,
    0.0
   ],
   [
    0.08655269702091156,
    0.3019864268935951,
    0.0
   ],
   [
    0.11326038034249777,
    0.039179073709796564,
    0.0
   ],
   [
    0.13646537970972,
    0.2647911849166712,
    0.0
   ],
   [
    -0.055231993314627977,
    0.07447562681207878,
    0.0
   ],
   [
    -0.04754651056341392,
    0.2825211820472403,
    0.0
   ],
   [
    0.1328745971991284,
    0.036612846020733586,
    0.0
   ],
   [
    -0.008996578518326838,
    0.19577191139955338,
    0.0
   ],
   [
    0.07790377964355655,
    0.2746504562475709,
    0.0
   ],
   [
    0.018090385585648676,
    0.22001607814902083,
    0.0
   ],
   [
    -0.023364069352636928,
    0.2771493746557243,
    0.0
   ],
   [
    0.12881430836680946,
    0.1804171211763097,
    0.0
   ],
   [
    0.16696859900894273,
    0.1948960779965502,
    0.0
   ],
   [
    0.18604628444265686,
    0.06400782704979487,
    0.0
   ]
  ],
  "positions": [
   [
    0.9851108428680305,
    1.064422150156784,
    0.5495326423022483
   ],
   [
    0.1381782588280142,
    -1.4012223186597172,
    0.6151485525169629
   ],
   [
    0.5731761621375285,
    -1.1686648919704885,
    0.45776159351689194
   ],
   [
    1.3868973889001823,
    0.4180598252309851,
    0.46410976706975915
   ],
   [
    0.6928167255597236,
    -1.216741007311716,
    0.45847492528769795
   ],
   [
    -1.2214140246004785,
    -0.7414643620930126,
    0.5633882189321229
   ],
   [
    -0.838693032740802,
    -1.2188340478053836,
    0.47592411126338036
   ],
   [
    0.9574820981019209,
    1.0636536533540388,
    0.48237380275444336
   ],
   [
    0.9438591243492577,
    0.9473838213230167,
    0.5140006408777041
   ],
   [
    1.2757763158165911,
    0.7039168715123865,
    0.6356084005116304
   ],
   [
    1.2762579765365059,
    0.7087058590251504,
    0.5014652090972833
   ],
   [
    1.0918385835682614,
    -0.8094628297608548,
    0.4827255644372725
   ],
   [
    0.8120002292580384,
    1.097201288813445,
    0.5047936724136808
   ],
   [
    0.3534490774604774,
    -1.2542858801337742,
    0.5033821879922655
   ],
   [
    -1.1907404218771072,
    0.8308419889779434,
    0.49513922087786777
   ],
   [
    -1.2692243591480792,
    -0.3557668573974734,
    0.47482779754041965
   ],
   [
    -0.8973991617483889,
    -1.1774055970235981,
    0.45757558314930313
   ],
   [
    -0.9023023721957993,
    1.0551097407647767,
    0.5165398551474453
   ],
   [
    0.923908555783782,
    1.1253410760121056,
    0.6489065551474655
   ],
   [
    0.25717650029852085,
    1.4176314095254334,
    0.532828952326977
   ],
   [
    -0.03637019462325662,
    1.3928953353070874,
    0.6151119685367338
   ],
   [
    -1.3307884214077457,
    -0.1779236355046661,
    0.6479149453142745
   ],
   [
    0.9376359824960006,
    1.1679575810671503,
    0.6187265450106545
   ],
   [
    -1.3996122352150613,
    -0.4833331666145028,
    0.5641149860462598
   ],
   [
    -0.14578173545481674,
    1.376663960386074,
    0.5597196026553359
   ]
  ]
 },
 "appearance_assets": {
  "floor_pbr": "WoodFloor005",
  "background_hdr": "kiara_interior_4k.hdr"
 },
 "environment_strength": 0.7227829506609805
}