{
 "objects": [
  {
   "obj_subpath": "violin/violin_000/violin_000.blend",
   "obj_location": [
    0.30190825968115087,
    0.41003265706002934
   ],
   "obj_pose": [
    [
     0.5135982091199159,
     0.04813659958927708,
     0.8566794757219564
    ],
    [
     -0.856806385362534,
     -0.024548126446643295,
     0.515053671208741
    ],
    [
     0.045822806656360626,
     -0.9985390901565552,
     0.028635870665311813
    ]
   ],
   "obj_scale": 0.6634030666526578,
   "obj_color": {
    "type": "random-mono",
    "color": [
     [
      0.24081068187174323,
      0.1358492335270625,
      0.23805372188676446
     ],
     [
      0.5498097123682334,
      0.21301149150047605,
      0.5409632336602106
     ],
     [
      0.7517416240592742,
      0.43111700472322423,
      0.7433199677306976
     ]
    ],
    "randomness": 0.6812545739137552,
    "scale": 4.7207098967822265,
    "specular": 0.639329719982723,
    "roughness": 0.13521311317586154,
    "clever": false
   }
  },
  {
   "obj_subpath": "dragon/dragon_028/dragon_028.blend",
   "obj_location": [
    -0.3606390965922769,
    -0.43133448867331237
   ],
   "obj_pose": [
    [
     -0.1406301063307299,
     -0.9013897990771339,
     -0.4095358321082221
    ],
    [
     0.4658165887509298,
     -0.42524285517906324,
     0.7760047857206738
    ],
    [
     -0.8736349940299988,
     -0.08163895457983017,
     0.4796842932701111
    ]
   ],
   "obj_scale": 0.659245029387847,
   "obj_color": {
    "type": "random-mono",
    "color": [
     [
      0.9151922841983869,
      0.9753200373774025,
      0.975850161357198
     ],
     [
      0.19013479254087295,
      0.5591648853604048,
      0.5624184860876322
     ],
     [
      0.8636032467557897,
      0.9289583871047544,
      0.9295345990080786
     ],
     [
      0.5711742854075152,
      0.7735581607158974,
      0.7753425038811159
     ]
    ],
    "randomness": 0.07371936027087478,
    "scale": 2.6709893498309714,
    "specular": 0.7221685069863085,
    "roughness": 0.1973386763449062,
    "clever": false
   }
  },
  {
   "obj_subpath": "Geo Instance Cone Cube/Geo Instance Cone Cube/Geo Instance Cone Cube.blend",
   "obj_location": [
    0.4227796738078039,
    -0.418111100762943
   ],
   "obj_pose": [
    [
     -0.5366390323300361,
     0.843811915642273,
     0.0
    ],
    [
     -0.843811915642273,
     -0.5366390323300361,
     0.0
    ],
    [
     0.0,
     0.0,
     1.0
    ]
   ],
   "obj_scale": 0.6000946607488533,
   "obj_color": {
    "type": "random-mono",
    "color": [
     [
      0.7886479455031453,
      0.7123181050348759,
      0.5408995887381304
     ],
     [
      0.6171838310715059,
      0.48200572052702484,
      0.1784281026101484
     ],
     [
      0.48668955707083444,
      0.42567329902726014,
      0.2886454163585304
     ],
     [
      0.29579903326671936,
      0.2463606375345681,
      0.13533385701850403
     ]
    ],
    "randomness": 0.4695204169147954,
    "scale": 2.906203752145991,
    "specular": 0.6291588223841189,
    "roughness": 0.2788690442027777,
    "clever": false
   }
  }
 ],
 "camera": {
  "track_to_point": [
   [
    0.23397039483280277,
    -0.07158539981226433,
    0.0
   ],
   [
    0.2571551410646693,
    -0.117041382976003,
    0.0
   ],
   [
    0.09953848511570818,
    -0.16290689794720636,
    0.0
   ],
   [
    0.07456300960378419,
    -0.042476177164834594,
    0.0
   ],
   [
    0.2404262085125601,
    -0.20513234378995746,
    0.0
   ],
   [
    0.09073679078579051,
    -0.22706756815364842,
    0.0
   ],
   [
    0.05233122293995446,
    -0.27306266004158536,
    0.0
   ],
   [
    0.12179273940887764,
    -0.10829455852092204,
    0.0
   ],
   [
    0.13417853328972612,
    -0.2012242934603331,
    0.0
   ],
   [
    0.05863348597055458,
    -0.10736288025831234,
    0.0
   ],
   [
    0.17453292230727352,
    -0.08081910321354002,
    0.0
   ],
   [
    0.06033914527736198,
    -0.2525710463077142,
    0.0
   ],
   [
    0.21246854639456614,
    -0.04669374740181764,
    0.0
   ],
   [
    0.0651053880972625,
    -0.020093670639654948,
    0.0
   ],
   [
    0.0802999699360194,
    -0.2377208038449525,
    0.0
   ],
   [
    0.144984394852789,
    -0.17008831622958354,
    0.0
   ],
   [
    0.10735943031178996,
    -0.01137899142902249,
    0.0
   ],
   [
    0.2351709505460882,
    -0.04258979120816042,
    0.0
   ],
   [
    0.004176030394055369,
    -0.05201148578582229,
    0.0
   ],
   [
    0.06439948657296678,
    -0.011547477269507889,
    0.0
   ],
   [
    0.17936263651951387,
    -0.25695228213564697,
    0.0
   ],
   [
    0.2680163670607548,
    -0.021284048882497242,
    0.0
   ],
   [
    0.039708074604519736,
    -0.15300847079793803,
    0.0
   ],
   [
    0.14897700935954594,
    -0.22112617830422543,
    0.0
   ],
   [
    0.04872373126853351,
    -0.22739219169308714,
    0.0
   ]
  ],
  "positions": [
   [
    0.5665392833089111,
    1.3774685843677634,
    0.589605245190236
   ],
   [
    -1.4547016935403219,
    0.34374132048219014,
    0.5304339879956981
   ],
   [
    -0.10104481788565409,
    1.3721828756529673,
    0.5775382429566749
   ],
   [
    -1.4752629636714658,
    0.09760878680832946,
    0.5914184444408476
   ],
   [
    1.4197850858974381,
    0.22108723428648674,
    0.5194654388005124
   ],
   [
    -0.46376297589724985,
    1.4168902495151776,
    0.46368789077200995
   ],
   [
    0.719428794394384,
    1.2390630923486865,
    0.6499640584814174
   ],
   [
    -0.1661364349955292,
    1.4588234356162844,
    0.6145002316894272
   ],
   [
    1.3229553751326455,
    -0.028987108673100753,
    0.49213717395203965
   ],
   [
    0.8948548261030729,
    -1.1342338288258378,
    0.6287103251103432
   ],
   [
    1.212448406005931,
    -0.5199716547332907,
    0.4753409954026197
   ],
   [
    -0.9131021869504954,
    1.0487861874651323,
    0.5648890578905458
   ],
   [
    1.265568737601275,
    0.40785358488018725,
    0.5386761616622733
   ],
   [
    0.13950085353547848,
    -1.4467620741734806,
    0.5612699037056843
   ],
   [
    -0.11332564176094694,
    1.3790994253103213,
    0.5736540009898459
   ],
   [
    1.4348012501319394,
    0.060631164157845516,
    0.4541258384479
   ],
   [
    1.1248906543611512,
    -0.9247921113672328,
    0.5316068716061121
   ],
   [
    0.4681312072125347,
    -1.243972032496204,
    0.5347993495983256
   ],
   [
    1.1367498454329414,
    0.6758623773466883,
    0.5954120045357956
   ],
   [
    -1.281686046484498,
    -0.47911212146270915,
    0.4814277913742866
   ],
   [
    1.3091699279726923,
    0.15232481881744672,
    0.5081695801203344
   ],
   [
    0.958524099057393,
    -0.9795426410137482,
    0.5346386803400299
   ],
   [
    -0.5905019609087433,
    -1.2832703089046882,
    0.5020511883185123
   ],
   [
    -0.8698876701135982,
    1.1232894605208281,
    0.5833237415216925
   ],
   [
    -0.04395900201554834,
    -1.3964339043507743,
    0.5930044646860723
   ]
  ]
 },
 "appearance_assets": {
  "floor_pbr": "Fabric028",
  "background_hdr": "spiaggia_di_mondello_4k.hdr"
 },
 "environment_strength": 0.7184188257181393
}