{
 "objects": [
  {
   "obj_subpath": "dinosaur/dinosaur_024/dinosaur_024.blend",
   "obj_location": [
    -0.007677015781138663,
    -0.49664366892574463
   ],
   "obj_pose": [
    [
     0.07540398886089471,
     -0.7277055357617495,
     -0.6817322802507393
    ],
    [
     0.06273697870449166,
     -0.6788619828946958,
     0.7315808122755717
    ],
    [
     -0.9951775074005127,
     -0.09793393313884735,
     -0.005534852854907513
    ]
   ],
   "obj_scale": 0.6174273138472395,
   "obj_color": {
    "type": "random-mono",
    "color": [
     [
      0.949829122294757,
      0.848755438419462,
      0.9424423477539758
     ],
     [
      0.6202542169400729,
      0.20189745225527744,
      0.5896794225935043
     ],
     [
      0.9803686407482117,
      0.9505618324672462,
      0.9781902678611264
     ]
    ],
    "randomness": 0.9942614660683217,
    "scale": 2.568644454188413,
    "specular": 0.7716657778473116,
    "roughness": 0.13689405770509291,
    "clever": false
   }
  },
  {
   "obj_subpath": "chair/chair_063/chair_063.blend",
   "obj_location": [
    0.04694892337542267,
    0.19915580731372495
   ],
   "obj_pose": [
    [
     -0.030819155284475035,
     0.8425220337075771,
     -0.5377795205383605
    ],
    [
     0.048204990999608996,
     0.538661882527747,
     0.8411418892926763
    ],
    [
     0.9983618855476379,
     -3.743567447145324e-07,
     -0.05721487104892731
    ]
   ],
   "obj_scale": 0.6895946435059652,
   "obj_color": {
    "type": "random-mono",
    "color": [
     [
      0.1924808322688054,
      0.5980573596271157,
      0.5659842445322385
     ],
     [
      0.874809723999123,
      0.9346899454443194,
      0.9299545993264663
     ],
     [
      0.22614725312032713,
      0.6546248100436226,
      0.6207406745679233
     ],
     [
      0.9022019247425657,
      0.9638642178018835,
      0.9589879449189651
     ]
    ],
    "randomness": 0.18552844454004425,
    "scale": 2.498030428063727,
    "specular": 0.7361839363504407,
    "roughness": 0.22497640579570616,
    "clever": false
   }
  },
  {
   "obj_subpath": "Geo Instance Cone Cube/Geo Instance Cone Cube/Geo Instance Cone Cube.blend",
   "obj_location": [
    -0.49555333343679797,
    -0.09266432693773707
   ],
   "obj_pose": [
    [
     -0.6173346094527618,
     0.7867006927490315,
     0.0
    ],
    [
     -0.7867006927490315,
     -0.6173346094527618,
     0.0
    ],
    [
     0.0,
     0.0,
     1.0
    ]
   ],
   "obj_scale": 0.6936036377745326,
   "obj_color": {
    "type": "random-mono",
    "color": [
     [
      0.6576546859527941,
      0.47146842743330564,
      0.8207317449097045
     ],
     [
      0.08850093911978792,
      0.054599422979011714,
      0.11819464256696971
     ]
    ],
    "randomness": 0.7692825835240585,
    "scale": 4.461437648663023,
    "specular": 0.7825475157978192,
    "roughness": 0.1682129093038291,
    "clever": false
   }
  }
 ],
 "camera": {
  "track_to_point": [
   [
    -0.23505825520139795,
    -0.05129074817090712,
    0.0
   ],
   [
    -0.2901615125028677,
    -0.256341573193109,
    0.0
   ],
   [
    -0.20108654117923563,
    -0.1017780217057559,
    0.0
   ],
   [
    -0.12251709693300644,
    -0.19968840038119456,
    0.0
   ],
   [
    -0.04714403619542659,
    -0.23629561133539864,
    0.0
   ],
   [
    -0.20750252384265544,
    -0.19408004012271224,
    0.0
   ],
   [
    -0.1580285231060269,
    -0.12478752279884109,
    0.0
   ],
   [
    -0.1927564630950747,
    -0.06953603738764108,
    0.0
   ],
   [
    -0.11804386204554612,
    -0.09422849410418757,
    0.0
   ],
   [
    -0.024722224565584122,
    -0.12207036070593946,
    0.0
   ],
   [
    -0.04168325228082423,
    -0.27681536295136355,
    0.0
   ],
   [
    -0.27998692271109626,
    -0.15021364160667922,
    0.0
   ],
   [
    -0.15491121414948955,
    -0.19322829720321366,
    0.0
   ],
   [
    -0.24989562246422314,
    -0.059082299409460914,
    0.0
   ],
   [
    -0.07201251964654548,
    0.00421359541113539,
    0.0
   ],
   [
    -0.1619665763244148,
    -0.24470582682502667,
    0.0
   ],
   [
    -0.11209731099722034,
    -0.11144351801723584,
    0.0
   ],
   [
    -0.07208130712462094,
    -0.08209631606845522,
    0.0
   ],
   [
    -0.297734977911688,
    -0.23158184722774525,
    0.0
   ],
   [
    -0.22698208549617876,
    -0.27038010110401234,
    0.0
   ],
   [
    -0.17782897752327345,
    -0.24481602995698992,
    0.0
   ],
   [
    -0.05066437097137558,
    -0.01217180324254194,
    0.0
   ],
   [
    -0.015655299265478845,
    -0.05711383320253782,
    0.0
   ],
   [
    -0.25633326331937095,
    -0.23406811701648067,
    0.0
   ],
   [
    -0.2120104800251796,
    -0.1010349887819296,
    0.0
   ]
  ],
  "positions": [
   [
    -1.3393479883907085,
    0.6423306064594264,
    0.6251930060546731
   ],
   [
    1.4168609763037614,
    -0.3202721512826833,
    0.615855538798802
   ],
   [
    1.2598124010761522,
    -0.42110388222288425,
    0.5466125510258635
   ],
   [
    -1.3994245019843237,
    -0.24217236067138265,
    0.4632424996612846
   ],
   [
    1.131548532402989,
    -0.9085298676120571,
    0.47985732424494937
   ],
   [
    0.46662805161645365,
    -1.4005728824700823,
    0.5588601402837441
   ],
   [
    -1.365874572040846,
    0.5675376238408405,
    0.4620051122906672
   ],
   [
    -1.0781075316689837,
    -1.0348940617481996,
    0.5739890141759153
   ],
   [
    -1.3663330953064048,
    0.22946610413574295,
    0.4850438360433272
   ],
   [
    -0.171352942435892,
    -1.346972749381923,
    0.4840128464415199
   ],
   [
    0.16155246541611384,
    -1.396046127735413,
    0.4613283816841289
   ],
   [
    1.4338552458493967,
    0.41110224853928967,
    0.5394697601110934
   ],
   [
    0.9517948399309439,
    -1.1234458859358754,
    0.5069319724001781
   ],
   [
    1.3708504570230298,
    -0.49915414589081225,
    0.5633023279299856
   ],
   [
    -1.4603657343510055,
    0.01657528421118467,
    0.4821347640613071
   ],
   [
    0.11930549029066793,
    1.3269395214721793,
    0.569007852662617
   ],
   [
    -0.7566421446492906,
    1.2038113902996332,
    0.4634379779114767
   ],
   [
    -0.42825739971227356,
    1.315011320565957,
    0.6183096859993868
   ],
   [
    -0.44508372135573404,
    1.224634270988939,
    0.6070200067898215
   ],
   [
    -1.48161471085081,
    0.20689301994116352,
    0.6012235620823271
   ],
   [
    1.114008081765368,
    0.8413265301391605,
    0.5512951678607053
   ],
   [
    1.3054768653142648,
    -0.4893736330077135,
    0.47919944060434533
   ],
   [
    -1.2793125546995965,
    -0.5787630007232654,
    0.5521221085220575
   ],
   [
    -0.028283610445557796,
    -1.3088932075966913,
    0.4953157246375652
   ],
   [
    0.7855987367679018,
    1.1465874397382183,
    0.6297259109206247
   ]
  ]
 },
 "appearance_assets": {
  "floor_pbr": "Planks014",
  "background_hdr": "cabin_4k.hdr"
 },
 "environment_strength": 0.700986544538329
}