{
 "objects": [
  {
   "obj_subpath": "boat/boat_026/boat_026.blend",
   "obj_location": [
    -0.36827722613134384,
    -0.17765766167604236
   ],
   "obj_pose": [
    [
     0.6566617215620063,
     -0.7536201926250502,
     0.029189245633553226
    ],
    [
     0.7541833863209317,
     0.6560817694390995,
     -0.027642871127522825
    ],
    [
     0.0016816941788420081,
     0.040166061371564865,
     0.9991915822029114
    ]
   ],
   "obj_scale": 0.6230107921936252,
   "obj_color": {
    "type": "random-mono",
    "color": [
     [
      0.00864829554984291,
      0.008023159146578801,
      0.003970696842662614
     ],
     [
      0.7047206801692536,
      0.670078790769963,
      0.44551187994210517
     ],
     [
      0.7860417422794586,
      0.732161746529187,
      0.3828833321334524
     ]
    ],
    "randomness": 0.5559673642143046,
    "scale": 4.550273396889475,
    "specular": 0.766276106371178,
    "roughness": 0.2011829121568402,
    "clever": false
   }
  },
  {
   "obj_subpath": "donut/donut_024/donut_024.blend",
   "obj_location": [
    0.340420601785696,
    0.11628980019853619
   ],
   "obj_pose": [
    [
     0.8557988725397366,
     0.5173022869956465,
     -0.0025876244112053794
    ],
    [
     -0.5170890474684873,
     0.8552789311060154,
     -0.033419106036412446
    ],
    [
     -0.015074639581143856,
     0.029938066378235817,
     0.9994380474090576
    ]
   ],
   "obj_scale": 0.6224395329281207,
   "obj_color": {
    "type": "random-mono",
    "color": [
     [
      0.794738144862329,
      0.5041125408009894,
      0.2750080615729493
     ],
     [
      0.9334461433129758,
      0.853368642026965,
      0.7902423586794659
     ],
     [
      0.9829192770451505,
      0.9666958187541101,
      0.9539066256785333
     ]
    ],
    "randomness": 0.6562485065198245,
    "scale": 2.7942820328867506,
    "specular": 0.6656402670231586,
    "roughness": 0.26671683092814874,
    "clever": false
   }
  },
  {
   "obj_subpath": "Organic Blob/Organic Blob/Organic Blob.blend",
   "obj_location": [
    -0.21900068827868313,
    0.4688750890307092
   ],
   "obj_pose": [
    [
     0.9859680157849121,
     0.1669343339435103,
     0.0
    ],
    [
     -0.1669343339435103,
     0.9859680157849121,
     0.0
    ],
    [
     0.0,
     0.0,
     1.0
    ]
   ],
   "obj_scale": 0.6555940634301636,
   "obj_color": {
    "type": "random-mono",
    "color": [
     [
      0.9504430928423447,
      0.8842160639083622,
      0.9185778941671079
     ],
     [
      0.7789212691920931,
      0.35415414679144497,
      0.5745441596663469
     ],
     [
      0.8962007952605819,
      0.7878601658157338,
      0.8440725971905512
     ],
     [
      0.11144147395253383,
      0.06773171196982904,
      0.0904104799302198
     ]
    ],
    "randomness": 0.7585936174647294,
    "scale": 2.4912687084457543,
    "specular": 0.7302182045212,
    "roughness": 0.2669635084177935,
    "clever": true
   }
  }
 ],
 "camera": {
  "track_to_point": [
   [
    0.0499170047101931,
    0.11849802483152261,
    0.0
   ],
   [
    -0.043118079680559876,
    0.04165539486609271,
    0.0
   ],
   [
    -0.15312498940266,
    0.1637492841177976,
    0.0
   ],
   [
    -0.11957174037856218,
    0.2499290295873001,
    0.0
   ],
   [
    0.043292891372613315,
    -0.006472932298570516,
    0.0
   ],
   [
    -0.11840093438319216,
    0.12473840999601163,
    0.0
   ],
   [
    -0.01198606049941113,
    0.0671750632914427,
    0.0
   ],
   [
    -0.1407494487894656,
    0.1913363568898422,
    0.0
   ],
   [
    -0.23179140981320545,
    0.13424330809039264,
    0.0
   ],
   [
    -0.11849325306001522,
    0.2711499899561126,
    0.0
   ],
   [
    -0.13716662374152105,
    0.037740820120987784,
    0.0
   ],
   [
    -0.026783607276052154,
    0.22439229323172546,
    0.0
   ],
   [
    -0.19483808512540807,
    0.1532548259667924,
    0.0
   ],
   [
    -0.19092805881325486,
    0.1853686047936534,
    0.0
   ],
   [
    -0.15396112038235624,
    0.2557871395478504,
    0.0
   ],
   [
    0.04776473173188249,
    0.24683662135136544,
    0.0
   ],
   [
    0.032649000632935285,
    0.0260750877714247,
    0.0
   ],
   [
    -0.05262285579920166,
    0.18826704816790854,
    0.0
   ],
   [
    0.04904843376178407,
    0.08559429065502352,
    0.0
   ],
   [
    -0.1947896942287429,
    0.09056596027919919,
    0.0
   ],
   [
    -0.03301768415226068,
    0.17009275797589918,
    0.0
   ],
   [
    0.04346348401050075,
    0.05606923860915729,
    0.0
   ],
   [
    -0.15085594803301494,
    0.21108927334611507,
    0.0
   ],
   [
    0.05895026545207242,
    0.2119583308254025,
    0.0
   ],
   [
    0.0100136044411097,
    0.15854004512086092,
    0.0
   ]
  ],
  "positions": [
   [
    0.987353540469916,
    1.012338568019688,
    0.5530707107017042
   ],
   [
    -0.2930788761093019,
    -1.3618608334824067,
    0.62246122878107
   ],
   [
    -1.3457991313713453,
    0.3218648925876718,
    0.5868041066152281
   ],
   [
    0.7268158270855982,
    1.122793102138689,
    0.5568030728610397
   ],
   [
    -1.2284150279846275,
    0.44815047347603,
    0.6303334153628504
   ],
   [
    0.1486047360540038,
    -1.4005433495240796,
    0.6467767737113417
   ],
   [
    -0.3687532219204662,
    -1.2646464692120742,
    0.595944874119285
   ],
   [
    -1.0499069609470566,
    0.8602373854026766,
    0.6384170076020343
   ],
   [
    1.3508461440858845,
    -0.2317472533655275,
    0.581371779943367
   ],
   [
    -0.3310737913950859,
    -1.4431038747460818,
    0.6173448519188697
   ],
   [
    0.3402513708062685,
    -1.3106761427186298,
    0.5356858492062364
   ],
   [
    -0.7069666301244407,
    -1.1974114536962528,
    0.4866314845087997
   ],
   [
    -1.2869083016993352,
    -0.33039011991072537,
    0.45077854965749775
   ],
   [
    -1.3784790564678362,
    -0.029303470532265233,
    0.604276671998675
   ],
   [
    1.470148320569998,
    0.027863075936781067,
    0.5180906350497116
   ],
   [
    -1.2240465670813399,
    0.6782027889983436,
    0.45854899847023595
   ],
   [
    0.06431844865454574,
    -1.3954352868265478,
    0.5635678802087594
   ],
   [
    0.9348017392191262,
    -1.112371670981271,
    0.5857677221258224
   ],
   [
    -0.3428197897593933,
    1.4173025604389844,
    0.5554694285114031
   ],
   [
    1.2016907284279705,
    0.8195659656049924,
    0.602329518104334
   ],
   [
    -0.37269413415820946,
    1.354823570148308,
    0.46882237943931854
   ],
   [
    -1.3642248215533577,
    -0.2444391772741511,
    0.5536611661582244
   ],
   [
    1.4959121779040052,
    0.019674321505700906,
    0.6352887391227235
   ],
   [
    1.010359886379213,
    -1.0696427443320415,
    0.49814153623240814
   ],
   [
    -0.4916666756918063,
    1.3357563249271052,
    0.6116954309895164
   ]
  ]
 },
 "appearance_assets": {
  "floor_pbr": "Tiles071",
  "background_hdr": "kiara_interior_4k.hdr"
 },
 "environment_strength": 0.645872463531013
}