{
 "objects": [
  {
   "obj_subpath": "trashcan/trashcan_038/trashcan_038.blend",
   "obj_location": [
    0.1916457623170258,
    -0.30207806579470586
   ],
   "obj_pose": [
    [
     -0.04786602972332351,
     -0.9758360274884943,
     0.21319675560560844
    ],
    [
     0.9810171706863304,
     -0.08608400212121474,
     -0.17376669054848193
    ],
    [
     0.18792062997817993,
     0.20083215832710266,
     0.9614323973655701
    ]
   ],
   "obj_scale": 0.6824535694125682,
   "obj_color": {
    "type": "random-mono",
    "color": [
     [
      0.2916308724460308,
      0.5710424026472165,
      0.2925642365138477
     ],
     [
      0.5597928199545392,
      0.8470814913171105,
      0.5607524973262913
     ]
    ],
    "randomness": 0.4215589328717664,
    "scale": 3.8775259005849136,
    "specular": 0.8003336043856423,
    "roughness": 0.22623126235610955,
    "clever": false
   }
  },
  {
   "obj_subpath": "microwave/microwave_005/microwave_005.blend",
   "obj_location": [
    -0.2389035925721389,
    0.21566587001139204
   ],
   "obj_pose": [
    [
     -0.2203152475287439,
     -0.9754287244219643,
     -1.0307000104367557e-05
    ],
    [
     0.9754287244219643,
     -0.2203152475287439,
     5.669577992564313e-05
    ],
    [
     -5.7573481171857566e-05,
     2.43720069192932e-06,
     1.0
    ]
   ],
   "obj_scale": 0.6789753087186746,
   "obj_color": {
    "type": "random-multi",
    "color": [
     [
      0.8534489388286021,
      0.9320397505203925,
      0.06147921779201415
     ],
     [
      0.6527704280068058,
      0.8069001615456273,
      0.13620491050954697
     ],
     [
      0.8435089861219142,
      0.3839812867262946,
      0.18512843663171996
     ]
    ],
    "randomness": 1.4416496554260871,
    "scale": 0.7905338177416172,
    "specular": 0.6613372838716843,
    "roughness": 0.10411600188362652,
    "clever": false
   }
  },
  {
   "obj_subpath": "Noodle Cube/Noodle Cube/Noodle Cube.blend",
   "obj_location": [
    -0.45604249401861907,
    -0.3854271529156057
   ],
   "obj_pose": [
    [
     0.9806956160754083,
     -0.19554055489968133,
     0.0
    ],
    [
     0.19554055489968133,
     0.9806956160754083,
     0.0
    ],
    [
     0.0,
     0.0,
     1.0
    ]
   ],
   "obj_scale": 0.6072558996501344,
   "obj_color": {
    "type": "random-mono",
    "color": [
     [
      0.6355945361165921,
      0.36543324907741825,
      0.4640243974398705
     ],
     [
      0.9085379156753246,
      0.7225895743228754,
      0.7904485215130883
     ],
     [
      0.44107634083607666,
      0.2153299599836947,
      0.2977125810128749
     ]
    ],
    "randomness": 0.6954761109119402,
    "scale": 3.931580680980635,
    "specular": 0.747031705271029,
    "roughness": 0.24572047093142477,
    "clever": false
   }
  }
 ],
 "camera": {
  "track_to_point": [
   [
    -0.16232774217592036,
    -0.09153578767713494,
    0.0
   ],
   [
    -0.13607014993881428,
    -0.08978155098941748,
    0.0
   ],
   [
    -0.027444964240436354,
    -0.07419397918372142,
    0.0
   ],
   [
    -0.2737398365238887,
    -0.30454699272828356,
    0.0
   ],
   [
    -0.28964685908358967,
    -0.24882803362612885,
    0.0
   ],
   [
    -0.24776411131675777,
    -0.05156379507655165,
    0.0
   ],
   [
    -0.29724824805020467,
    -0.17696626947817,
    0.0
   ],
   [
    -0.23358964204700067,
    -0.07700801704003699,
    0.0
   ],
   [
    -0.1825275094249266,
    -0.17684920945311827,
    0.0
   ],
   [
    -0.23174988567789445,
    -0.22726123528226283,
    0.0
   ],
   [
    -0.10236724852221823,
    -0.13819241985927977,
    0.0
   ],
   [
    -0.31179049218870647,
    -0.23239648592176168,
    0.0
   ],
   [
    -0.1355196486394355,
    -0.11805060402830389,
    0.0
   ],
   [
    -0.04506116491001588,
    -0.2005300324143276,
    0.0
   ],
   [
    -0.1657995984784759,
    -0.028153219023514392,
    0.0
   ],
   [
    -0.28276073360909376,
    -0.15426331595689285,
    0.0
   ],
   [
    -0.11544335275665563,
    -0.1178579950007694,
    0.0
   ],
   [
    -0.2732839898660722,
    -0.033793771251520305,
    0.0
   ],
   [
    -0.09976290198192067,
    -0.29039489205589997,
    0.0
   ],
   [
    -0.10999270594719623,
    -0.1410552254048559,
    0.0
   ],
   [
    -0.17856981888687906,
    -0.16668915294466963,
    0.0
   ],
   [
    -0.12788176859987715,
    -0.1699993981868878,
    0.0
   ],
   [
    -0.1806898025136242,
    -0.18355002942530765,
    0.0
   ],
   [
    -0.11313921830891444,
    -0.11093755779609196,
    0.0
   ],
   [
    -0.17965744300091357,
    -0.08591064555720918,
    0.0
   ]
  ],
  "positions": [
   [
    -0.914037432265784,
    -1.081850592784884,
    0.5974660184286815
   ],
   [
    1.1802551697442125,
    -0.5829847689097425,
    0.4878646074505641
   ],
   [
    -0.48889339868782616,
    1.3364974573826565,
    0.5811090173079162
   ],
   [
    1.3410577195150137,
    -0.25948783555204036,
    0.4853165556466859
   ],
   [
    -1.2960843207288246,
    0.6942675809137011,
    0.6245713017454475
   ],
   [
    0.18148888365945376,
    1.3479919545063623,
    0.5306149205376721
   ],
   [
    1.3058478899168144,
    0.15040706715999816,
    0.45183463444701133
   ],
   [
    0.22377747004793408,
    1.4304598043584973,
    0.5053788138777902
   ],
   [
    -1.1477625525569044,
    0.6325348195914087,
    0.5079487794354737
   ],
   [
    0.4499345044267193,
    1.2499663208336307,
    0.5144104341829656
   ],
   [
    1.397642755072255,
    0.3659644053183678,
    0.5977554230956641
   ],
   [
    -1.3504329219804314,
    0.20622938025971083,
    0.5340701246519015
   ],
   [
    0.3705019871694752,
    1.3068724320445249,
    0.4671100314318844
   ],
   [
    0.7469644554815832,
    1.2375223777149398,
    0.5343246991133122
   ],
   [
    -0.49235646609309325,
    1.2821002677034266,
    0.5110448397073261
   ],
   [
    1.2946033817097353,
    0.35189322460916783,
    0.5645330366461345
   ],
   [
    1.2283775392851193,
    -0.7863440027354714,
    0.5652908900652346
   ],
   [
    1.2698651422119633,
    -0.5567081100459987,
    0.5071070670240688
   ],
   [
    -0.9031304616606752,
    1.110427700074622,
    0.6265877103055169
   ],
   [
    -0.7244406407773244,
    1.1932857124893705,
    0.48159698155795805
   ],
   [
    1.3073365392038454,
    -0.5909927125941806,
    0.6116885919881694
   ],
   [
    0.8508241617187283,
    1.0633667797214814,
    0.5666838631432682
   ],
   [
    -1.3291635465434755,
    -0.5346242814962224,
    0.6404638022703574
   ],
   [
    -1.4121828947205382,
    0.011621918909213687,
    0.5050057461212799
   ],
   [
    1.302721465398007,
    0.14142170567691945,
    0.46066676622254826
   ]
  ]
 },
 "appearance_assets": {
  "floor_pbr": "Terrazzo001",
  "background_hdr": "st_fagans_interior_4k.hdr"
 },
 "environment_strength": 0.7687318136065534
}