{
 "objects": [
  {
   "obj_subpath": "ball/ball_039/ball_039.blend",
   "obj_location": [
    0.18129485841770598,
    -0.20935441616698136
   ],
   "obj_pose": [
    [
     0.6254524964607487,
     0.7746447500025502,
     -0.09345953380861657
    ],
    [
     -0.7784986021234451,
     0.6275949222587048,
     -0.008033463548694305
    ],
    [
     0.05243164673447609,
     0.07778266817331314,
     0.9955906867980957
    ]
   ],
   "obj_scale": 0.6045340892480199,
   "obj_color": {
    "type": "random-multi",
    "color": [
     [
      0.6824517902835214,
      0.15312746225220186,
      0.4116021124350414
     ],
     [
      0.7098625742336393,
      0.0060819927449971,
      0.7004276308152523
     ],
     [
      0.280036477193382,
      0.7331501868245015,
      0.029673378184417287
     ]
    ],
    "randomness": 3.1702330360406332,
    "scale": 1.0672343688165897,
    "specular": 0.6468505765445988,
    "roughness": 0.197919617852569,
    "clever": false
   }
  },
  {
   "obj_subpath": "guitar/guitar_053/guitar_053.blend",
   "obj_location": [
    0.10817850367737947,
    0.4145578005010794
   ],
   "obj_pose": [
    [
     0.6396785113637493,
     -0.0024683498333878517,
     -0.7686386237010795
    ],
    [
     -0.7685663570122898,
     0.012025589972670666,
     -0.6396570015871175
    ],
    [
     0.010822230018675327,
     0.9999246597290039,
     0.005795421078801155
    ]
   ],
   "obj_scale": 0.6259923164209344,
   "obj_color": {
    "type": "random-mono",
    "color": [
     [
      0.14032233034162656,
      0.11052575607910047,
      0.0496078539175584
     ],
     [
      0.9095706635146742,
      0.8920351999787718,
      0.8561846474076714
     ]
    ],
    "randomness": 0.19537267528124236,
    "scale": 2.7062136098953946,
    "specular": 0.7074232333365629,
    "roughness": 0.10938483281645649,
    "clever": false
   }
  },
  {
   "obj_subpath": "Cone Hourglass/Cone Hourglass/Cone Hourglass.blend",
   "obj_location": [
    -0.4916680278322195,
    -0.36008283448854506
   ],
   "obj_pose": [
    [
     -0.8260918253319309,
     0.5635355322601748,
     0.0
    ],
    [
     -0.5635355322601748,
     -0.8260918253319309,
     0.0
    ],
    [
     0.0,
     0.0,
     1.0
    ]
   ],
   "obj_scale": 0.6316899148126177,
   "obj_color": {
    "type": "random-multi",
    "color": [
     [
      0.5858739767786194,
      0.7603528842859941,
      0.18289349236126573
     ],
     [
      0.1770566294823337,
      0.32589036363049373,
      0.9204761932920564
     ]
    ],
    "randomness": 0.8718619520893822,
    "scale": 0.6649492227302521,
    "specular": 0.6294179592782816,
    "roughness": 0.119270568569675,
    "clever": false
   }
  }
 ],
 "camera": {
  "track_to_point": [
   [
    -0.082730221178282,
    -0.11775771722900298,
    0.0
   ],
   [
    -0.11316163125334329,
    0.01495796653538195,
    0.0
   ],
   [
    -0.12986744404337836,
    0.008173969535832576,
    0.0
   ],
   [
    -0.03923115438856993,
    0.009643975323950393,
    0.0
   ],
   [
    -0.18821136201318184,
    -0.1881222648850003,
    0.0
   ],
   [
    -0.14004692236582,
    -0.16436769327848078,
    0.0
   ],
   [
    0.00382382920111711,
    -0.17846881615604704,
    0.0
   ],
   [
    0.07391555473624738,
    -0.12262001815974162,
    0.0
   ],
   [
    -0.06568532858623398,
    -0.17500121597510707,
    0.0
   ],
   [
    -0.10750791641791695,
    -0.007476433906430602,
    0.0
   ],
   [
    0.07460844823155947,
    -0.04996492794490573,
    0.0
   ],
   [
    -0.20571236759957356,
    0.009948829369100687,
    0.0
   ],
   [
    -0.09315748380586844,
    -0.13772177480625225,
    0.0
   ],
   [
    -0.07086860464295168,
    -0.1189536204342975,
    0.0
   ],
   [
    -0.16581818144184257,
    -0.15523071643123754,
    0.0
   ],
   [
    -0.16441538350016488,
    -0.042286013595964594,
    0.0
   ],
   [
    -0.05514923559991976,
    -0.1689769147516283,
    0.0
   ],
   [
    0.044754792165246346,
    0.0029111668903579746,
    0.0
   ],
   [
    -0.14100121770861002,
    0.005239659741166636,
    0.0
   ],
   [
    -0.05404804003616455,
    -0.03809264240365412,
    0.0
   ],
   [
    -0.08268007387044139,
    0.08409838632630282,
    0.0
   ],
   [
    -0.07364039033463042,
    -0.018800926376870336,
    0.0
   ],
   [
    -0.009608231958069938,
    -0.12678324262783558,
    0.0
   ],
   [
    0.05333419942491478,
    -0.1796862246324375,
    0.0
   ],
   [
    -0.09166398544058328,
    -0.19209810594177285,
    0.0
   ]
  ],
  "positions": [
   [
    -0.8633242585387323,
    -1.1060102590526157,
    0.5334968736463924
   ],
   [
    0.6724698271752225,
    1.149389897192741,
    0.47298956252676366
   ],
   [
    0.5606345544805145,
    1.316081932664805,
    0.5094639291878537
   ],
   [
    0.9917954360108314,
    -0.9329957533722727,
    0.5735812213723188
   ],
   [
    1.2291506937552932,
    0.8151968668554054,
    0.47314159604101
   ],
   [
    -1.0490389628659067,
    -0.8470006540965567,
    0.6472856664322233
   ],
   [
    0.37216016784754635,
    -1.310235682913505,
    0.5852688620570698
   ],
   [
    1.3185029950292257,
    0.014770156397090296,
    0.5598628541834182
   ],
   [
    1.49557511933772,
    -0.05337818978702583,
    0.6442656852798047
   ],
   [
    1.345987078674078,
    -0.12547739887101905,
    0.6120576550794958
   ],
   [
    1.3275516483090342,
    0.10818684897223911,
    0.6294599473458744
   ],
   [
    0.45138036246890356,
    -1.2840171928321986,
    0.4579476142461786
   ],
   [
    -0.8670123524396763,
    -0.9833687138194965,
    0.5406967721137821
   ],
   [
    -1.0989210751292722,
    -0.8313640864823001,
    0.4743599771886146
   ],
   [
    1.307068814754263,
    -0.534864894505945,
    0.4616841891218722
   ],
   [
    1.165120994987601,
    0.8420783271392569,
    0.6453116113526939
   ],
   [
    1.0720796689154406,
    0.9141478573604003,
    0.45382646876656346
   ],
   [
    1.0522848969341023,
    1.0152674124280405,
    0.5309496110595434
   ],
   [
    -1.2897358881407832,
    -0.21564084508512446,
    0.6173266042243555
   ],
   [
    -1.015315904775539,
    0.9451624450666872,
    0.6182953015421441
   ],
   [
    -1.2037882522588772,
    -0.852488165610522,
    0.5705010525257338
   ],
   [
    0.182511211621116,
    1.3429470218827175,
    0.5760659139330038
   ],
   [
    1.2489850542733947,
    -0.6314067143543187,
    0.4644792911520526
   ],
   [
    -1.2544386094322268,
    -0.4583405133393538,
    0.5571892225874041
   ],
   [
    1.4178785165789878,
    -0.3040288982286132,
    0.5347054202665693
   ]
  ]
 },
 "appearance_assets": {
  "floor_pbr": "Planks011",
  "background_hdr": "entrance_hall_4k.hdr"
 },
 "environment_strength": 0.5409784953163898
}