{
 "objects": [
  {
   "obj_subpath": "bottle/bottle_069/bottle_069.blend",
   "obj_location": [
    -0.08053263960848389,
    -0.06275506340719694
   ],
   "obj_pose": [
    [
     0.46003142165185046,
     0.856426916314307,
     0.23431609800137881
    ],
    [
     -0.04047941261912395,
     -0.24339470675909647,
     0.9690822637169643
    ],
    [
     0.8869794011116028,
     -0.4552932679653168,
     -0.07730155438184738
    ]
   ],
   "obj_scale": 0.6916461651600315,
   "obj_color": {
    "type": "random-multi",
    "color": [
     [
      0.026876932122873898,
      0.06448441401367969,
      0.8144423481352101
     ],
     [
      0.9968707955816762,
      0.5839769120982321,
      0.05916174628237769
     ]
    ],
    "randomness": 0.018388787347024538,
    "scale": 1.4207261704105156,
    "specular": 0.7022492599000354,
    "roughness": 0.12338396998918977,
    "clever": true
   }
  },
  {
   "obj_subpath": "tv/tv_020/tv_020.blend",
   "obj_location": [
    0.4752378030847215,
    -0.3730655715249205
   ],
   "obj_pose": [
    [
     0.3931150800282442,
     0.9194893092007178,
     1.9930421949591555e-07
    ],
    [
     -0.9194893092007178,
     0.39311508002824425,
     1.403427628042813e-07
    ],
    [
     5.069417596814674e-08,
     -2.384289530255046e-07,
     1.0
    ]
   ],
   "obj_scale": 0.635091866466003,
   "obj_color": {
    "type": "random-mono",
    "color": [
     [
      0.6549393984394465,
      0.6149056527266603,
      0.464801404498441
     ],
     [
      0.9795296033165004,
      0.9719785903602235,
      0.9436664975749238
     ]
    ],
    "randomness": 0.3922438391635795,
    "scale": 4.388119431185748,
    "specular": 0.7037087083443263,
    "roughness": 0.12101463441835936,
    "clever": false
   }
  },
  {
   "obj_subpath": "Extrudy Sphere Rings/Extrudy Sphere Rings/Extrudy Sphere Rings.blend",
   "obj_location": [
    0.2751874253018468,
    0.46588245305890175
   ],
   "obj_pose": [
    [
     0.8723602605394527,
     -0.4888635554339659,
     0.0
    ],
    [
     0.4888635554339659,
     0.8723602605394527,
     0.0
    ],
    [
     0.0,
     0.0,
     1.0
    ]
   ],
   "obj_scale": 0.6544818319436654,
   "obj_color": {
    "type": "random-multi",
    "color": [
     [
      0.3848473965579573,
      0.09978644715531537,
      0.6675655636729403
     ],
     [
      0.6558634055520224,
      0.5003218034055037,
      0.13035223533733808
     ],
     [
      0.03358549725040383,
      0.756474166311987,
      0.7202116958843902
     ]
    ],
    "randomness": 3.0056490619795135,
    "scale": 0.6947646675388449,
    "specular": 0.8189789900674294,
    "roughness": 0.15816576600392582,
    "clever": false
   }
  }
 ],
 "camera": {
  "track_to_point": [
   [
    0.15068421976975943,
    -0.09295735275260451,
    0.0
   ],
   [
    0.31801421409377195,
    0.022709967886416084,
    0.0
   ],
   [
    0.19709900591069804,
    0.0040464415694296905,
    0.0
   ],
   [
    0.1916694328590099,
    -0.029753119733517776,
    0.0
   ],
   [
    0.19001310193012627,
    0.028152231999781292,
    0.0
   ],
   [
    0.22490165229895823,
    -0.06437312338405465,
    0.0
   ],
   [
    0.33776864107245697,
    -0.06559541773247404,
    0.0
   ],
   [
    0.3100742119787819,
    -0.05048446973640163,
    0.0
   ],
   [
    0.343039354545789,
    -0.004724196883599754,
    0.0
   ],
   [
    0.184261487438714,
    0.1237896498192191,
    0.0
   ],
   [
    0.3328331084842369,
    0.13729872448492525,
    0.0
   ],
   [
    0.16718851516419192,
    -0.07258213742046497,
    0.0
   ],
   [
    0.22841575656185487,
    -0.10224453938532564,
    0.0
   ],
   [
    0.35359216979998126,
    0.06710982113245507,
    0.0
   ],
   [
    0.2581730014883268,
    -0.03109756393902733,
    0.0
   ],
   [
    0.32146967849304087,
    0.10386708523816666,
    0.0
   ],
   [
    0.3143237796845487,
    0.030796162726680988,
    0.0
   ],
   [
    0.14165956672683075,
    0.09107963871765316,
    0.0
   ],
   [
    0.16011874285955124,
    -0.08063136971432745,
    0.0
   ],
   [
    0.36284292814190633,
    0.032879297432168254,
    0.0
   ],
   [
    0.17845052907640208,
    0.07466654062573062,
    0.0
   ],
   [
    0.17803522403718575,
    0.07001432702124065,
    0.0
   ],
   [
    0.08027996519895239,
    0.005432493221175514,
    0.0
   ],
   [
    0.360756794624669,
    0.15297718456397819,
    0.0
   ],
   [
    0.22797294650067193,
    -0.018091095017434992,
    0.0
   ]
  ],
  "positions": [
   [
    -1.3120464117247048,
    0.32492595313600775,
    0.47594304053404585
   ],
   [
    -1.3133916847392846,
    0.28088025323917953,
    0.4807174026147272
   ],
   [
    0.7436836644417733,
    -1.2949989500295351,
    0.459502306220533
   ],
   [
    0.9776589913631665,
    0.9826073067235933,
    0.6256656637589019
   ],
   [
    1.2348489063978587,
    -0.8071695279203808,
    0.6311328728821196
   ],
   [
    1.387291497115947,
    0.17755008130636046,
    0.49866735626264946
   ],
   [
    -0.8368987422488383,
    1.048357526851822,
    0.4992513536870806
   ],
   [
    1.4436850319314736,
    -0.02084236088662072,
    0.6275284026262746
   ],
   [
    1.2544236333348622,
    -0.4289113344436694,
    0.5095604357589735
   ],
   [
    -0.09168846592496664,
    -1.448645014315291,
    0.4918489410511726
   ],
   [
    -0.41434783579034273,
    1.3977869698572951,
    0.5259943155921679
   ],
   [
    1.4311426385427006,
    0.24254702790925273,
    0.6098181309775199
   ],
   [
    -0.5039106967708207,
    1.1995493951964966,
    0.5818316828994106
   ],
   [
    -0.8145746535055409,
    -1.231899812570264,
    0.4793689579466173
   ],
   [
    -0.4348316376024751,
    -1.2502544276993472,
    0.6115040378730863
   ],
   [
    -0.8128271874736476,
    1.2181151115892948,
    0.5413614109684692
   ],
   [
    -1.2226814553573886,
    -0.6724932713116334,
    0.5689541144485023
   ],
   [
    -0.18385763873746475,
    -1.2916121687975752,
    0.5187759211436672
   ],
   [
    0.39529054918567974,
    1.3578409158017537,
    0.5971091490577374
   ],
   [
    1.3008618474747677,
    0.09204851873946994,
    0.6297448349215958
   ],
   [
    -1.328825612001061,
    0.39835135453350523,
    0.5070468363957987
   ],
   [
    0.937596961172993,
    -1.1549658015880566,
    0.5316874851202273
   ],
   [
    0.12159906811094445,
    -1.3231304050977264,
    0.5196172795375862
   ],
   [
    1.1521402362653872,
    -0.8996100603012803,
    0.6065772569248391
   ],
   [
    1.2735973286764843,
    -0.28371218321722746,
    0.48573734968463433
   ]
  ]
 },
 "appearance_assets": {
  "floor_pbr": "Carpet014",
  "background_hdr": "wooden_lounge_4k.hdr"
 },
 "environment_strength": 0.7905596929838912
}