{
 "objects": [
  {
   "obj_subpath": "marker/marker_018/marker_018.blend",
   "obj_location": [
    -0.089570247367043,
    -0.1327474279341302
   ],
   "obj_pose": [
    [
     0.5142054761904078,
     0.857642601385882,
     0.006470562960821307
    ],
    [
     -0.857665906677105,
     0.5141778529492146,
     0.005508036119755793
    ],
    [
     0.001396906329318881,
     -0.008381843566894531,
     0.9999638795852661
    ]
   ],
   "obj_scale": 0.6197339976049491,
   "obj_color": {
    "type": "random-multi",
    "color": [
     [
      0.18284005569755868,
      0.3493006710816093,
      0.7648745432404042
     ],
     [
      0.07268658169499331,
      0.6011445574584411,
      0.16868714475767893
     ],
     [
      0.03123003652744294,
      0.6187098661648676,
      0.29635082009202485
     ]
    ],
    "randomness": 1.7247642517573842,
    "scale": 1.3908948994153807,
    "specular": 0.8867250007039399,
    "roughness": 0.13722083939502747,
    "clever": true
   }
  },
  {
   "obj_subpath": "radio/radio_011/radio_011.blend",
   "obj_location": [
    0.41877014338178953,
    0.3477127684974908
   ],
   "obj_pose": [
    [
     0.9742564400818836,
     -0.2254427150895583,
     -8.345057167925304e-07
    ],
    [
     0.22544271508955832,
     0.9742564400818836,
     3.9134072096714005e-06
    ],
    [
     -6.922680739762654e-08,
     -4.000795343017671e-06,
     1.0
    ]
   ],
   "obj_scale": 0.6002248910446095,
   "obj_color": {
    "type": "random-mono",
    "color": [
     [
      0.7148712418258438,
      0.7682457804192714,
      0.8108107594055034
     ],
     [
      0.12722146622070638,
      0.16674035538343496,
      0.1982557694947226
     ],
     [
      0.7444642834285529,
      0.8129484454994843,
      0.867563005105211
     ],
     [
      0.8312871968071448,
      0.8692865400839357,
      0.8995901509570495
     ]
    ],
    "randomness": 0.3547460084146976,
    "scale": 3.040314521505799,
    "specular": 0.6111590262936235,
    "roughness": 0.2899729304530988,
    "clever": true
   }
  },
  {
   "obj_subpath": "Wave Zig Zag/Wave Zig Zag/Wave Zig Zag.blend",
   "obj_location": [
    -0.405694925048674,
    0.49144228878984897
   ],
   "obj_pose": [
    [
     0.911586963563335,
     0.4111072948287088,
     0.0
    ],
    [
     -0.4111072948287088,
     0.911586963563335,
     0.0
    ],
    [
     0.0,
     0.0,
     1.0
    ]
   ],
   "obj_scale": 0.6205164132486088,
   "obj_color": {
    "type": "random-mono",
    "color": [
     [
      0.6413586524416529,
      0.43537279530336226,
      0.5521884575718303
     ],
     [
      0.9119062412335784,
      0.8359479032657414,
      0.8790242759730577
     ],
     [
      0.9148620647656713,
      0.6698445932461348,
      0.8087952891848593
     ]
    ],
    "randomness": 0.14035809552182799,
    "scale": 4.394356409292904,
    "specular": 0.7354123659762399,
    "roughness": 0.29695857232704126,
    "clever": true
   }
  }
 ],
 "camera": {
  "track_to_point": [
   [
    -0.03717591286599012,
    0.2911996882500607,
    0.0
   ],
   [
    0.1228188201102863,
    0.2690942234471132,
    0.0
   ],
   [
    -0.08724988928170857,
    0.291973399819344,
    0.0
   ],
   [
    -0.0721560259306023,
    0.12112501695149366,
    0.0
   ],
   [
    -0.1540942443035991,
    0.2558460220573666,
    0.0
   ],
   [
    0.03143541400359562,
    0.33887457079776606,
    0.0
   ],
   [
    -0.013610410588888788,
    0.3402349704892293,
    0.0
   ],
   [
    -0.0680753785728335,
    0.0959563949623296,
    0.0
   ],
   [
    -0.053751674367827684,
    0.25668695105998396,
    0.0
   ],
   [
    0.04136903046251805,
    0.1540360719841753,
    0.0
   ],
   [
    -0.11150083093323092,
    0.38479569469803765,
    0.0
   ],
   [
    0.12209281992430007,
    0.12849711115838422,
    0.0
   ],
   [
    0.019267411269247747,
    0.29436125536984525,
    0.0
   ],
   [
    -0.14594336090243953,
    0.3679272798154619,
    0.0
   ],
   [
    -0.0950295774726501,
    0.09743912339718236,
    0.0
   ],
   [
    0.05438308888241433,
    0.10796486239654046,
    0.0
   ],
   [
    -0.1515071885551727,
    0.22369305508288898,
    0.0
   ],
   [
    0.0755375851749929,
    0.37505389765378777,
    0.0
   ],
   [
    0.08425716768981359,
    0.3817306524080446,
    0.0
   ],
   [
    0.0340758829676564,
    0.25549804594189696,
    0.0
   ],
   [
    -0.09297489761202321,
    0.2683985105908254,
    0.0
   ],
   [
    0.0013887565118022027,
    0.15823069579830062,
    0.0
   ],
   [
    -0.03658736864239093,
    0.1751739894852283,
    0.0
   ],
   [
    0.11379453514389401,
    0.3312103204906802,
    0.0
   ],
   [
    -0.04823890475830894,
    0.14082043630841443,
    0.0
   ]
  ],
  "positions": [
   [
    0.811242466947477,
    1.2201945759304669,
    0.5950841541745208
   ],
   [
    1.4131098837015177,
    -0.20328718540364035,
    0.5127313905645368
   ],
   [
    1.407139804611905,
    0.35117266531340735,
    0.5466618791557891
   ],
   [
    -0.6437641733430363,
    -1.1935704334538941,
    0.6151086710853797
   ],
   [
    1.0637035329046713,
    -0.9372919896820162,
    0.5871133925266605
   ],
   [
    1.2388433800189784,
    0.6222516032327792,
    0.56536553185341
   ],
   [
    -0.5415395138854958,
    -1.3200672660456223,
    0.6167590379812657
   ],
   [
    -1.036361964541654,
    -0.8348909677629044,
    0.5046075641971577
   ],
   [
    1.2849900711287094,
    0.6130890694078045,
    0.4968951804117431
   ],
   [
    -0.9984174258270826,
    0.8991543207906421,
    0.5692726809514662
   ],
   [
    1.4108466384721978,
    -0.20398318837059687,
    0.4773573970497929
   ],
   [
    -0.41872739075626736,
    1.2768844245798947,
    0.554638742557609
   ],
   [
    0.7588912346087551,
    1.1679821406882256,
    0.5462167653479946
   ],
   [
    -0.32211143282835314,
    -1.434666473924723,
    0.583708986305121
   ],
   [
    -0.9230834826202006,
    1.1453526618291434,
    0.4560279414461331
   ],
   [
    0.6719149362017708,
    1.2845277344663415,
    0.508751217151091
   ],
   [
    -0.7030038410323023,
    1.0937338232067106,
    0.584199729470959
   ],
   [
    0.39032446260778153,
    -1.2506447556099145,
    0.5012996306554032
   ],
   [
    -1.293842000878643,
    -0.17913819101591483,
    0.6188936156132436
   ],
   [
    -0.11358211447978436,
    -1.4523066447265398,
    0.5532538158767979
   ],
   [
    1.2774216233721867,
    -0.7079843151598937,
    0.5601019519827951
   ],
   [
    1.2876587842606262,
    0.45375005548342806,
    0.4808341569001516
   ],
   [
    -0.8494227077773325,
    -1.0161884580204072,
    0.4936070504760231
   ],
   [
    1.1819477842765813,
    0.7390603903452826,
    0.4589345147991575
   ],
   [
    -0.6800605629695364,
    -1.1664719859069217,
    0.5334913567255781
   ]
  ]
 },
 "appearance_assets": {
  "floor_pbr": "WoodFloor005",
  "background_hdr": "childrens_hospital_4k.hdr"
 },
 "environment_strength": 0.6556559587273346
}