{
 "objects": [
  {
   "obj_subpath": "frog/frog_031/frog_031.blend",
   "obj_location": [
    -0.4107285915749752,
    -0.23990059371735595
   ],
   "obj_pose": [
    [
     0.414979985485965,
     -0.9094922047223848,
     -0.024810469178577443
    ],
    [
     0.9098303406986041,
     0.4148444381353966,
     0.010624228686528016
    ],
    [
     0.0006298322696238756,
     -0.026982160285115242,
     0.9996356964111328
    ]
   ],
   "obj_scale": 0.6472198604167574,
   "obj_color": {
    "type": "random-mono",
    "color": [
     [
      0.2778773445891285,
      0.07928474493647641,
      0.10400667114630636
     ],
     [
      0.8783988646818467,
      0.7332941117325183,
      0.7513575692902683
     ]
    ],
    "randomness": 0.48274644094603925,
    "scale": 3.643271231834881,
    "specular": 0.7861387652303514,
    "roughness": 0.2849101672214678,
    "clever": false
   }
  },
  {
   "obj_subpath": "fish/fish_020/fish_020.blend",
   "obj_location": [
    0.033601811084880695,
    0.37411371762877554
   ],
   "obj_pose": [
    [
     0.3728985218755445,
     0.9228670085176156,
     0.0962454358310383
    ],
    [
     0.5198366415434583,
     -0.29370776159288503,
     0.802188040283786
    ],
    [
     0.7685809135437012,
     -0.24910281598567963,
     -0.5892632603645325
    ]
   ],
   "obj_scale": 0.6847883569197895,
   "obj_color": {
    "type": "random-mono",
    "color": [
     [
      0.034272509740979146,
      0.03716069827239277,
      0.11339634977603633
     ],
     [
      0.7740286612402179,
      0.7791318252122387,
      0.9138332222662975
     ],
     [
      0.11868114753129344,
      0.12386054263357887,
      0.2605741109213975
     ],
     [
      0.8041810112018818,
      0.8081133487493799,
      0.9119100059291748
     ]
    ],
    "randomness": 0.6005754776569192,
    "scale": 3.024741594491582,
    "specular": 0.7246579849294464,
    "roughness": 0.2918895885143191,
    "clever": false
   }
  },
  {
   "obj_subpath": "Geo Instance Crystal Cube/Geo Instance Crystal Cube/Geo Instance Crystal Cube.blend",
   "obj_location": [
    0.46767328273027653,
    -0.27896898700790285
   ],
   "obj_pose": [
    [
     0.23777671086382957,
     0.9713198421584822,
     0.0
    ],
    [
     -0.9713198421584822,
     0.23777671086382957,
     0.0
    ],
    [
     0.0,
     0.0,
     1.0
    ]
   ],
   "obj_scale": 0.6918912921945573,
   "obj_color": {
    "type": "random-multi",
    "color": [
     [
      0.970309247484528,
      0.008665470722789115,
      0.7299671575346276
     ],
     [
      0.5744465949956259,
      0.8142296355971668,
      0.040287287280522666
     ]
    ],
    "randomness": 1.3279380003497332,
    "scale": 1.4806589196983877,
    "specular": 0.7336905917020959,
    "roughness": 0.183823970655128,
    "clever": false
   }
  }
 ],
 "camera": {
  "track_to_point": [
   [
    -0.029284184197240815,
    -0.03323608584491152,
    0.0
   ],
   [
    -0.05392737746123666,
    -0.052854874355007984,
    0.0
   ],
   [
    0.13802827431339204,
    -0.10490821371440098,
    0.0
   ],
   [
    0.13422264902161607,
    0.053255141816653036,
    0.0
   ],
   [
    -0.10487164776892326,
    0.06349388611351947,
    0.0
   ],
   [
    0.12683922505913908,
    0.04945154049302173,
    0.0
   ],
   [
    -0.04297400929028819,
    -0.1509374644956767,
    0.0
   ],
   [
    0.012183336314752751,
    -0.05586569560625223,
    0.0
   ],
   [
    0.003436084959908211,
    -0.041660480249606495,
    0.0
   ],
   [
    -0.0026792633050494903,
    -0.11129336337843093,
    0.0
   ],
   [
    0.011431841959426325,
    -0.11269581844708887,
    0.0
   ],
   [
    0.013600397360186988,
    0.09299520989165111,
    0.0
   ],
   [
    -0.07704303405169222,
    0.020033517689832726,
    0.0
   ],
   [
    0.07590663641801303,
    -0.0638890787262216,
    0.0
   ],
   [
    0.0005816256682090286,
    -0.16744516221428657,
    0.0
   ],
   [
    0.15635095385789777,
    0.014074725150730251,
    0.0
   ],
   [
    -0.001062580126452401,
    -0.19492451499252136,
    0.0
   ],
   [
    0.14091983183896295,
    0.04214769070101893,
    0.0
   ],
   [
    -0.049488208854642765,
    -0.13701016683406253,
    0.0
   ],
   [
    0.02404633068390331,
    -0.05944128532665618,
    0.0
   ],
   [
    0.007064042034416639,
    0.03341838482538843,
    0.0
   ],
   [
    -0.09443861954466527,
    0.09673168851451985,
    0.0
   ],
   [
    0.17029226290215038,
    0.01612862328599985,
    0.0
   ],
   [
    0.12848530963305096,
    -0.17802778708848394,
    0.0
   ],
   [
    0.12940381312738045,
    -0.00858500198522704,
    0.0
   ]
  ],
  "positions": [
   [
    -0.9984763672855684,
    -1.0008897892346007,
    0.46941281965000803
   ],
   [
    1.2501104264620841,
    0.5300526745899726,
    0.5988067853766472
   ],
   [
    -1.3228347851592344,
    -0.5165625533069765,
    0.5669077202592249
   ],
   [
    0.6817161088855338,
    1.2229468284389733,
    0.45040401712392647
   ],
   [
    -0.9872142108791544,
    1.0743073631691247,
    0.6163475011289328
   ],
   [
    -1.2819889883066309,
    0.37912833192432566,
    0.5103854847903807
   ],
   [
    -0.3027818485663159,
    1.339092165667763,
    0.5135095856640797
   ],
   [
    1.3404516674989608,
    0.4846811164956296,
    0.5124827309682619
   ],
   [
    -1.3423705499985172,
    -0.4866269638154803,
    0.6353765517484227
   ],
   [
    1.3862241410391898,
    0.2102985747954842,
    0.6484889437348935
   ],
   [
    0.5694201254767163,
    -1.3794912607481618,
    0.48705291817104035
   ],
   [
    1.119846773386458,
    -0.874693831166946,
    0.4589351136467323
   ],
   [
    -0.4644320278951809,
    -1.3037266003911985,
    0.5412816362471544
   ],
   [
    -0.2833128928857746,
    1.3482151861549314,
    0.4980687276935567
   ],
   [
    1.0264217653942942,
    1.04925343544687,
    0.5143672320678254
   ],
   [
    0.6857599949382073,
    1.2205175646885695,
    0.6069691770150147
   ],
   [
    -0.5677109220698386,
    -1.3883037869052848,
    0.5943963095991904
   ],
   [
    1.3875027374213804,
    0.2704419057066411,
    0.5371079204344836
   ],
   [
    1.340215693032048,
    -0.4410985262059052,
    0.483891857562113
   ],
   [
    -1.0873200125218028,
    -0.7731965590386882,
    0.6086015807635945
   ],
   [
    -0.3920892594675876,
    -1.2519154945707,
    0.5711569070738194
   ],
   [
    1.3292948392184165,
    0.5916331566738282,
    0.6165041941323329
   ],
   [
    0.9984005533476792,
    1.0542804655241849,
    0.5741092328355375
   ],
   [
    -1.0007992999587068,
    1.084849059487776,
    0.5270008043798309
   ],
   [
    1.1380372038145496,
    0.6787630407529569,
    0.6241141137890766
   ]
  ]
 },
 "appearance_assets": {
  "floor_pbr": "Planks014",
  "background_hdr": "small_empty_house_4k.hdr"
 },
 "environment_strength": 0.633320215758204
}