{
 "objects": [
  {
   "obj_subpath": "trashcan/trashcan_004/trashcan_004.blend",
   "obj_location": [
    0.4956418638234946,
    0.3905612298258443
   ],
   "obj_pose": [
    [
     0.9887681673991936,
     0.1494573916068635,
     -2.0168793392117186e-07
    ],
    [
     -0.14945739160686342,
     0.9887681673991936,
     3.0931677447522314e-07
    ],
    [
     2.456522736338229e-07,
     -2.756988237706537e-07,
     1.0
    ]
   ],
   "obj_scale": 0.6347287706935479,
   "obj_color": {
    "type": "random-multi",
    "color": [
     [
      0.8718787515243938,
      0.13911931598366745,
      0.3255778436810366
     ],
     [
      0.5733744154236051,
      0.5919565445189402,
      0.09040531920298533
     ]
    ],
    "randomness": 1.7323115261645379,
    "scale": 0.7036631386240534,
    "specular": 0.8512600003435391,
    "roughness": 0.2658963279026315,
    "clever": false
   }
  },
  {
   "obj_subpath": "hamburger/hamburger_011/hamburger_011.blend",
   "obj_location": [
    0.014257735625640144,
    -0.3323820478872136
   ],
   "obj_pose": [
    [
     0.10140050276440578,
     -0.7653231117092392,
     -0.6356087331144382
    ],
    [
     0.9943883609710326,
     0.09734039920894377,
     0.041432113679831614
    ],
    [
     0.030161457136273384,
     -0.6362431645393372,
     0.7708987593650818
    ]
   ],
   "obj_scale": 0.6595697080629552,
   "obj_color": {
    "type": "random-mono",
    "color": [
     [
      0.3418618641958907,
      0.4223696891764727,
      0.240412995186087
     ],
     [
      0.7728691522367137,
      0.8161646397890983,
      0.7183119927745516
     ],
     [
      0.8211830810446729,
      0.9117417367699217,
      0.7070690405201581
     ],
     [
      0.9251494246424052,
      0.9587075718197475,
      0.8828624037468955
     ]
    ],
    "randomness": 0.8207512984604912,
    "scale": 2.1381763516600385,
    "specular": 0.8983400964720414,
    "roughness": 0.15731200694869732,
    "clever": false
   }
  },
  {
   "obj_subpath": "Cone Hourglass/Cone Hourglass/Cone Hourglass.blend",
   "obj_location": [
    -0.3148291032798999,
    0.4895727795841466
   ],
   "obj_pose": [
    [
     0.5567760463637271,
     -0.830662647646791,
     0.0
    ],
    [
     0.830662647646791,
     0.5567760463637271,
     0.0
    ],
    [
     0.0,
     0.0,
     1.0
    ]
   ],
   "obj_scale": 0.6278689347480889,
   "obj_color": {
    "type": "random-mono",
    "color": [
     [
      0.28934775898484894,
      0.27147761802590825,
      0.15088599107476625
     ],
     [
      0.13979584815947937,
      0.13193182571643713,
      0.07886367908202058
     ],
     [
      0.8206671486510777,
      0.8045010838718212,
      0.6954089363835978
     ]
    ],
    "randomness": 0.4978209468114051,
    "scale": 2.2850278671609496,
    "specular": 0.66126371270979,
    "roughness": 0.291912390918856,
    "clever": false
   }
  }
 ],
 "camera": {
  "track_to_point": [
   [
    0.015731534472820982,
    0.32925829702785453,
    0.0
   ],
   [
    -0.08213544901645382,
    0.20029619276569785,
    0.0
   ],
   [
    -0.012843025265455166,
    0.1650983187081648,
    0.0
   ],
   [
    -0.041716407963059005,
    0.10282622920017943,
    0.0
   ],
   [
    0.10790169541025336,
    0.2253896011959047,
    0.0
   ],
   [
    -0.07926190779044588,
    0.31894729514047887,
    0.0
   ],
   [
    0.02632083670915969,
    0.04988731055348053,
    0.0
   ],
   [
    0.11480064101906363,
    0.2641053764644544,
    0.0
   ],
   [
    -0.04865408622677965,
    0.31448739630813843,
    0.0
   ],
   [
    0.06646197011419845,
    0.3296791604029362,
    0.0
   ],
   [
    0.1613646251172431,
    0.11672342943660236,
    0.0
   ],
   [
    -0.025277330468494882,
    0.3256701659180722,
    0.0
   ],
   [
    -0.06321430395438539,
    0.29120294418495546,
    0.0
   ],
   [
    0.2036723740229645,
    0.29342153563570056,
    0.0
   ],
   [
    0.08443270079475469,
    0.2737706255817246,
    0.0
   ],
   [
    0.037553462187923686,
    0.10037315479002974,
    0.0
   ],
   [
    -0.06024531291295267,
    0.07935773944875382,
    0.0
   ],
   [
    0.00997027993971808,
    0.2765574959008543,
    0.0
   ],
   [
    0.10401270866405234,
    0.22542661709533543,
    0.0
   ],
   [
    0.04652818919007386,
    0.17017384292257332,
    0.0
   ],
   [
    0.04381447796848796,
    0.19706930160995675,
    0.0
   ],
   [
    0.16486804329673954,
    0.1267899986500915,
    0.0
   ],
   [
    0.04860380061392698,
    0.05868659889290197,
    0.0
   ],
   [
    0.07066640043144505,
    0.1444062803868022,
    0.0
   ],
   [
    0.07757241178572695,
    0.060961157149801215,
    0.0
   ]
  ],
  "positions": [
   [
    0.08622253142896866,
    -1.3015651562256456,
    0.5532976517407737
   ],
   [
    -1.397805427767621,
    0.0438504502780416,
    0.4932380890567546
   ],
   [
    -1.31846994672912,
    0.30990093804839713,
    0.5371306405305513
   ],
   [
    -1.3662985659860563,
    0.23847044409645565,
    0.5593092645780212
   ],
   [
    -0.3959107800618176,
    1.2383350704979539,
    0.4524392419639347
   ],
   [
    -1.3507483932682685,
    -0.272137506864341,
    0.4562079293471579
   ],
   [
    -1.392964579937575,
    -0.5437767832898559,
    0.5595563156020051
   ],
   [
    -0.8736338508274036,
    -1.1263709364666061,
    0.48574830059086915
   ],
   [
    1.0643367811354254,
    0.8401245919674185,
    0.4879994072588859
   ],
   [
    -1.3579593135506984,
    -0.3661521433023104,
    0.632070011772964
   ],
   [
    1.3581196161764335,
    -0.4869846923117575,
    0.56033991967181
   ],
   [
    -1.4121984896821351,
    0.20234049197510584,
    0.6360046860906368
   ],
   [
    -1.3821677451786336,
    0.18391310196540317,
    0.6438801692777989
   ],
   [
    -1.1872421030096045,
    0.6180516129883635,
    0.5784109124846688
   ],
   [
    1.0660865667955859,
    -0.845415239795784,
    0.5762249375655828
   ],
   [
    0.46430857992334124,
    1.3688956674602721,
    0.5118127776812913
   ],
   [
    -0.5351973206356063,
    -1.3070501455311474,
    0.4521734472584544
   ],
   [
    1.3285187997355652,
    -0.3691492166257547,
    0.6202000764279618
   ],
   [
    -0.1986392849816534,
    1.3496608566114032,
    0.6070178060236555
   ],
   [
    0.6282440856126766,
    1.1666525818039224,
    0.59362201895072
   ],
   [
    0.43511638702908084,
    -1.3358820671234264,
    0.623205422582684
   ],
   [
    -0.26156896264706964,
    -1.3031332173845342,
    0.552141942166381
   ],
   [
    -0.288253223160638,
    1.3256259357682267,
    0.5252273987030872
   ],
   [
    -0.6215169294268343,
    1.3151377508251427,
    0.5527165453314462
   ],
   [
    0.2142893751443728,
    1.334219142494841,
    0.4642763785538863
   ]
  ]
 },
 "appearance_assets": {
  "floor_pbr": "Marble012",
  "background_hdr": "aft_lounge_4k.hdr"
 },
 "environment_strength": 0.43350268806725056
}