{
 "objects": [
  {
   "obj_subpath": "snake/snake_008/snake_008.blend",
   "obj_location": [
    0.369138825282168,
    -0.02139731724569993
   ],
   "obj_pose": [
    [
     0.3064254848537151,
     -0.9518835982565819,
     0.004586461973883725
    ],
    [
     0.951894423648729,
     0.30642532495604546,
     -0.0007506216264885912
    ],
    [
     -0.0006909037474542856,
     0.004595837090164423,
     0.9999892115592957
    ]
   ],
   "obj_scale": 0.655485023242461,
   "obj_color": {
    "type": "random-mono",
    "color": [
     [
      0.8347435468990506,
      0.6966526913746024,
      0.8512608655759516
     ],
     [
      0.1319398425108062,
      0.08329488114541361,
      0.13775836196197633
     ],
     [
      0.8581535585698566,
      0.6831504670380986,
      0.8790860223546231
     ],
     [
      0.8669848747649194,
      0.6921322395357768,
      0.8878993421755753
     ]
    ],
    "randomness": 0.5267867702144869,
    "scale": 2.3488460580740997,
    "specular": 0.6325965494946532,
    "roughness": 0.28509169646387045,
    "clever": false
   }
  },
  {
   "obj_subpath": "orange/orange_002/orange_002.blend",
   "obj_location": [
    -0.4867520640077796,
    -0.09433156986105795
   ],
   "obj_pose": [
    [
     -0.003676203024893238,
     -0.33619294098689806,
     0.9417859843572652
    ],
    [
     -0.6133175324441118,
     -0.7431008736312907,
     -0.2676615629076833
    ],
    [
     0.7898278832435608,
     -0.5785978436470032,
     -0.20346122980117798
    ]
   ],
   "obj_scale": 0.6513302057685715,
   "obj_color": {
    "type": "random-mono",
    "color": [
     [
      0.2495443233435461,
      0.6327147293664656,
      0.16164616263546006
     ],
     [
      0.34204491682059035,
      0.5771497340268253,
      0.2881125653623132
     ]
    ],
    "randomness": 0.6558556339800403,
    "scale": 3.824576043715701,
    "specular": 0.7288009349900144,
    "roughness": 0.1913413838157405,
    "clever": false
   }
  },
  {
   "obj_subpath": "100423/100423/100423.blend",
   "obj_location": [
    -0.2863058309605673,
    0.4875778607680643
   ],
   "obj_pose": [
    [
     0.9990230322365535,
     0.04419254530893346,
     0.0
    ],
    [
     -0.04419254530893346,
     0.9990230322365535,
     0.0
    ],
    [
     0.0,
     0.0,
     1.0
    ]
   ],
   "obj_scale": 0.6627518651684481,
   "obj_color": {
    "type": "random-mono",
    "color": [
     [
      0.7292573707981889,
      0.6634401232424043,
      0.7874708742474414
     ],
     [
      0.8521771476201386,
      0.7898849660231284,
      0.907272829419739
     ]
    ],
    "randomness": 0.16975212814769303,
    "scale": 4.372084065925766,
    "specular": 0.6413252800671062,
    "roughness": 0.22252930359279066,
    "clever": true
   }
  }
 ],
 "camera": {
  "track_to_point": [
   [
    -0.1329703315778585,
    0.08834837745474246,
    0.0
   ],
   [
    -0.20963120341956287,
    -0.02512894802560388,
    0.0
   ],
   [
    -0.14822826186505209,
    0.2490459831841792,
    0.0
   ],
   [
    -0.052034569570441835,
    0.11998611124300988,
    0.0
   ],
   [
    -0.17288296305285905,
    0.033871728842026536,
    0.0
   ],
   [
    -0.2607360165811292,
    0.2732094965917052,
    0.0
   ],
   [
    -0.1231579476412547,
    0.00849737338065347,
    0.0
   ],
   [
    -0.22876192271188983,
    0.10584385833200961,
    0.0
   ],
   [
    -0.04015538693613835,
    -0.016766949136768336,
    0.0
   ],
   [
    -0.24366615192121455,
    0.007282024401023338,
    0.0
   ],
   [
    -0.011714200698366761,
    0.17683175713289434,
    0.0
   ],
   [
    -0.16334175586631478,
    0.08280098338129249,
    0.0
   ],
   [
    -0.1331974294963954,
    0.183869165509082,
    0.0
   ],
   [
    -0.04996450441023681,
    0.0378008353203588,
    0.0
   ],
   [
    -0.0003062547627245005,
    0.16721009417848154,
    0.0
   ],
   [
    -0.18591516792318413,
    0.1784933645249852,
    0.0
   ],
   [
    -0.1292188959250298,
    0.2533025564680594,
    0.0
   ],
   [
    -0.13196678603599474,
    0.19800083308510724,
    0.0
   ],
   [
    -0.11243740093229787,
    0.018749056940523645,
    0.0
   ],
   [
    0.008572656113975619,
    0.0654825950312356,
    0.0
   ],
   [
    -0.009912311435455234,
    0.09929293013823474,
    0.0
   ],
   [
    -0.12586112608364322,
    0.10153032811721126,
    0.0
   ],
   [
    -0.19347282362366758,
    0.26450073893130893,
    0.0
   ],
   [
    -0.15359377265380483,
    0.04218236323155555,
    0.0
   ],
   [
    -0.23542958813323847,
    0.23348114508559825,
    0.0
   ]
  ],
  "positions": [
   [
    -0.795661233005649,
    1.0543992263482995,
    0.45176384176978607
   ],
   [
    1.3531453236238586,
    0.43566421710715014,
    0.4810347981608243
   ],
   [
    0.8471875493430846,
    1.052630674489989,
    0.5705956703860463
   ],
   [
    -0.6891734711342474,
    -1.3223490611458943,
    0.5202507871132841
   ],
   [
    0.6772059888977164,
    1.194754513090292,
    0.5882504892648545
   ],
   [
    0.8976186602321338,
    -1.077835135156781,
    0.5539998996073489
   ],
   [
    -1.1529019303765513,
    -0.6925483227546685,
    0.5594945739346512
   ],
   [
    -0.2678269761588643,
    1.322239825967763,
    0.5160053687298285
   ],
   [
    1.225085582613576,
    0.5848662455395524,
    0.5130295615137235
   ],
   [
    0.6633215960217949,
    1.2542880857763634,
    0.5271981291144969
   ],
   [
    1.0846038330833891,
    0.8579328799094198,
    0.6155241594655638
   ],
   [
    0.8669738161390081,
    1.100976689179918,
    0.585707686373303
   ],
   [
    -1.0481183454222889,
    -0.9673791238963684,
    0.5556379113892771
   ],
   [
    1.3926399918809995,
    -0.22421910656674002,
    0.6173705454299852
   ],
   [
    -1.2746374404632839,
    0.4122636043042473,
    0.6375984497737641
   ],
   [
    0.4708952831936381,
    1.4017052129198997,
    0.5456288086998939
   ],
   [
    -0.8520927171729291,
    1.0015606580185816,
    0.5716763676712174
   ],
   [
    -1.4623010055682828,
    0.11174920676129753,
    0.5120195974024068
   ],
   [
    -0.38860677284392675,
    1.3614564450538045,
    0.5802818473422187
   ],
   [
    1.2887548714430375,
    -0.37425829121110227,
    0.45311759291194736
   ],
   [
    1.2284246212173249,
    -0.8226411333024952,
    0.549874075589689
   ],
   [
    -0.44275551366892746,
    -1.3892126169086665,
    0.6136302239540736
   ],
   [
    1.3239382708558172,
    0.19051287097296477,
    0.5853734233965436
   ],
   [
    1.1831457163345194,
    0.7097889593007151,
    0.6092849150812218
   ],
   [
    -1.25906491815099,
    0.46254918511215243,
    0.5005424164362992
   ]
  ]
 },
 "appearance_assets": {
  "floor_pbr": "Fabric028",
  "background_hdr": "kiara_interior_4k.hdr"
 },
 "environment_strength": 0.44284219929887264
}