{
 "objects": [
  {
   "obj_subpath": "horse/horse_029/horse_029.blend",
   "obj_location": [
    -0.13595907208139257,
    -0.3155443233679083
   ],
   "obj_pose": [
    [
     0.3503222048503014,
     -0.5613070291351041,
     0.7498057878193705
    ],
    [
     0.9366292816555182,
     0.20995222936345617,
     -0.2804384296801977
    ],
    [
     -1.1332928806950804e-05,
     0.8005338907241821,
     0.5992875099182129
    ]
   ],
   "obj_scale": 0.6235540877281592,
   "obj_color": {
    "type": "random-mono",
    "color": [
     [
      0.1263258743150182,
      0.22330377479618366,
      0.16574210463523245
     ],
     [
      0.9090059487158499,
      0.9443103053944706,
      0.9233552452797796
     ],
     [
      0.43430027525587067,
      0.6551861613005348,
      0.5240783475344307
     ],
     [
      0.24449388234336222,
      0.3790749964468372,
      0.29919376926537133
     ]
    ],
    "randomness": 0.1739213701817507,
    "scale": 4.164148273587992,
    "specular": 0.6296898968606283,
    "roughness": 0.2825221612678712,
    "clever": false
   }
  },
  {
   "obj_subpath": "dog/dog_060/dog_060.blend",
   "obj_location": [
    0.4770566369117448,
    0.4451847431461686
   ],
   "obj_pose": [
    [
     -0.19922147654717984,
     -0.6638204229925447,
     -0.7208697927184178
    ],
    [
     -0.07240457182332691,
     0.7435759923536336,
     -0.6647197394767106
    ],
    [
     0.9772760272026062,
     -0.0802321806550026,
     -0.1961999386548996
    ]
   ],
   "obj_scale": 0.6576838486248028,
   "obj_color": {
    "type": "random-mono",
    "color": [
     [
      0.44922117632450176,
      0.33736220668661543,
      0.6137748322037232
     ],
     [
      0.6919114573168823,
      0.5655049353391823,
      0.8778657476678864
     ],
     [
      0.8648378296040358,
      0.8230247990368184,
      0.9263482034748035
     ],
     [
      0.7326390167702757,
      0.6629605537127699,
      0.8351417116303792
     ]
    ],
    "randomness": 0.9421652684829187,
    "scale": 2.0312980885043883,
    "specular": 0.8352331743828219,
    "roughness": 0.1523772497068758,
    "clever": false
   }
  },
  {
   "obj_subpath": "Fragment Icosphere/Fragment Icosphere/Fragment Icosphere.blend",
   "obj_location": [
    -0.31070100023668334,
    0.34702495992983473
   ],
   "obj_pose": [
    [
     0.3943166588962013,
     0.9189746310518788,
     0.0
    ],
    [
     -0.9189746310518788,
     0.3943166588962013,
     0.0
    ],
    [
     0.0,
     0.0,
     1.0
    ]
   ],
   "obj_scale": 0.6457055719411542,
   "obj_color": {
    "type": "random-multi",
    "color": [
     [
      0.5430744628139339,
      0.607060495429194,
      0.04623132691773646
     ],
     [
      0.6241374055064237,
      0.12413977167272594,
      0.6788761756083266
     ],
     [
      0.014080352094745119,
      0.7844808842433086,
      0.039394031710424375
     ],
     [
      0.08602123107598558,
      0.2562247589623469,
      0.7252495845942134
     ]
    ],
    "randomness": 0.6881707860114833,
    "scale": 0.7254723973663539,
    "specular": 0.7109883106626464,
    "roughness": 0.1892326541962151,
    "clever": false
   }
  }
 ],
 "camera": {
  "track_to_point": [
   [
    0.04622659637419951,
    0.11920087955453817,
    0.0
   ],
   [
    -0.052959366029044594,
    0.22613988137884422,
    0.0
   ],
   [
    0.061949773238029,
    0.2352185590131555,
    0.0
   ],
   [
    -0.09107245866889967,
    0.2420200990037342,
    0.0
   ],
   [
    -0.0910004512997645,
    0.22140773911559045,
    0.0
   ],
   [
    0.08491795348774112,
    0.1549197796215583,
    0.0
   ],
   [
    -0.09465196795125089,
    0.25081553343771956,
    0.0
   ],
   [
    -0.05992283700411473,
    0.016013134903100884,
    0.0
   ],
   [
    0.0993679925732619,
    0.2945547261568128,
    0.0
   ],
   [
    -0.02083746555444245,
    0.1957991904499661,
    0.0
   ],
   [
    0.006833069659712254,
    0.09987520860533454,
    0.0
   ],
   [
    -0.05039803696512489,
    0.15621926340082395,
    0.0
   ],
   [
    -0.06073503510587225,
    0.06585110887746967,
    0.0
   ],
   [
    0.11669674583496173,
    0.2097148191830612,
    0.0
   ],
   [
    -0.037735658912478987,
    0.12801677336117562,
    0.0
   ],
   [
    0.05695687331277843,
    0.22760544274655214,
    0.0
   ],
   [
    0.11026698689401157,
    0.30626222271621883,
    0.0
   ],
   [
    0.10761287004079911,
    0.03905626906502058,
    0.0
   ],
   [
    0.05881291397150051,
    0.15871393579738344,
    0.0
   ],
   [
    -0.10924913196644186,
    0.2143651156525401,
    0.0
   ],
   [
    0.08882426515159214,
    0.2542414118132459,
    0.0
   ],
   [
    -0.1255042512257218,
    0.06981885664702325,
    0.0
   ],
   [
    -0.024069124074422743,
    0.22650851031414934,
    0.0
   ],
   [
    -0.10187788666445113,
    0.10929047411048194,
    0.0
   ],
   [
    0.07887632620072571,
    0.13361959639610083,
    0.0
   ]
  ],
  "positions": [
   [
    -0.7703854487396442,
    -1.178904597551003,
    0.5064846404924684
   ],
   [
    -0.25881021643884045,
    -1.4108561040815981,
    0.6418959430702544
   ],
   [
    -0.9415472793428241,
    -1.0865418459213552,
    0.5337830146438524
   ],
   [
    -1.0580399541614078,
    -0.8199220463908489,
    0.6475818539275437
   ],
   [
    1.2265084651627278,
    -0.6177034342415066,
    0.6384402084402494
   ],
   [
    0.7060491588939215,
    1.121677547819389,
    0.5121061269180217
   ],
   [
    1.3642002234806092,
    0.046165011937740745,
    0.48576517532844193
   ],
   [
    -1.3794699767674852,
    0.2743629750593475,
    0.5748093890953067
   ],
   [
    -1.0843597630991182,
    -0.7556823475862721,
    0.5190795439006849
   ],
   [
    1.3576058352377072,
    -0.536202887839454,
    0.514128944940524
   ],
   [
    1.3523461256519356,
    0.13296907532890143,
    0.5373953945180796
   ],
   [
    -1.267644139731691,
    0.5795541386960287,
    0.45980246120189466
   ],
   [
    -0.43001557640310745,
    1.3421195757777142,
    0.47009323920742263
   ],
   [
    0.5447735039497943,
    -1.230769763077403,
    0.616661735032441
   ],
   [
    -1.2665098363223835,
    0.5723963055512844,
    0.5964227071176484
   ],
   [
    1.4732273942437988,
    -0.25917059061135866,
    0.6380912506060059
   ],
   [
    -0.7646626520838331,
    1.1845055657969346,
    0.49800097693950574
   ],
   [
    1.3695071389813267,
    0.5356333987320917,
    0.4654971548229019
   ],
   [
    -1.2552032022327009,
    -0.48867743219910037,
    0.5087496611392418
   ],
   [
    -0.3313212913966819,
    -1.4561644356937096,
    0.6055007251535183
   ],
   [
    -1.4317399701192766,
    0.3536992179137326,
    0.5884064120991681
   ],
   [
    -1.2232837436381567,
    0.675115826690661,
    0.6073942418290861
   ],
   [
    -0.7276056128603275,
    -1.1172765122403232,
    0.461426391075823
   ],
   [
    -1.251737999939817,
    -0.6641056407107635,
    0.645092619074917
   ],
   [
    0.23832395866121445,
    1.3130689839462955,
    0.5082437590013213
   ]
  ]
 },
 "appearance_assets": {
  "floor_pbr": "Tiles001",
  "background_hdr": "balcony_4k.hdr"
 },
 "environment_strength": 0.7358173371789585
}