{
 "objects": [
  {
   "obj_subpath": "cup/cup_022/cup_022.blend",
   "obj_location": [
    0.1617310284301302,
    -0.4777235593024197
   ],
   "obj_pose": [
    [
     -0.5371553556165362,
     0.8276731820700312,
     0.16254603859695574
    ],
    [
     -0.8428021125922782,
     -0.5344045576471099,
     -0.06400260460340615
    ],
    [
     0.03389210253953934,
     -0.17137350142002106,
     0.9846230149269104
    ]
   ],
   "obj_scale": 0.6753514242572869,
   "obj_color": {
    "type": "random-multi",
    "color": [
     [
      0.804595505969862,
      0.8493955339118078,
      0.12160443591531478
     ],
     [
      0.057283928493812364,
      0.6102917603399446,
      0.7644682447163232
     ]
    ],
    "randomness": 2.4089785386669456,
    "scale": 0.5213446414632426,
    "specular": 0.6761449398176377,
    "roughness": 0.22504169316590153,
    "clever": false
   }
  },
  {
   "obj_subpath": "apple/apple_038/apple_038.blend",
   "obj_location": [
    0.2769975338630234,
    0.14442190060146953
   ],
   "obj_pose": [
    [
     0.31490267484749807,
     -0.9489063925457076,
     -0.02032083059269422
    ],
    [
     0.9467277708047322,
     0.31555604768543166,
     -0.06427240950981616
    ],
    [
     0.06740086525678635,
     0.001001258846372366,
     0.9977254867553711
    ]
   ],
   "obj_scale": 0.6809464635561806,
   "obj_color": {
    "type": "random-multi",
    "color": [
     [
      0.5295627739316641,
      0.1159286177594322,
      0.5020475187613003
     ],
     [
      0.5503536429796332,
      0.25451536457524015,
      0.13246693801398046
     ]
    ],
    "randomness": 3.8876566173372042,
    "scale": 1.0480399111158594,
    "specular": 0.7869623942148722,
    "roughness": 0.2446686383128012,
    "clever": false
   }
  },
  {
   "obj_subpath": "Classic Set Wedge/Classic Set Wedge/Classic Set Wedge.blend",
   "obj_location": [
    -0.44639261777360184,
    0.19561699850095127
   ],
   "obj_pose": [
    [
     0.15080253208747818,
     0.9885639060354192,
     0.0
    ],
    [
     -0.9885639060354192,
     0.15080253208747818,
     0.0
    ],
    [
     0.0,
     0.0,
     1.0
    ]
   ],
   "obj_scale": 0.6100436329739282,
   "obj_color": {
    "type": "random-multi",
    "color": [
     [
      0.5871243597208781,
      0.8899697663828163,
      0.12302716639820721
     ],
     [
      0.12403411296482614,
      0.9574825557736917,
      0.2668854487474198
     ]
    ],
    "randomness": 2.783335283084502,
    "scale": 0.6301674763806665,
    "specular": 0.6181960846733747,
    "roughness": 0.22559076907189282,
    "clever": false
   }
  }
 ],
 "camera": {
  "track_to_point": [
   [
    -0.15222773076085921,
    0.024179823608365597,
    0.0
   ],
   [
    0.02108225098987691,
    -0.16794763090740594,
    0.0
   ],
   [
    -0.09388512654289506,
    -0.1610277759236287,
    0.0
   ],
   [
    0.06213574820247079,
    -0.043935979817730675,
    0.0
   ],
   [
    0.09064173387126191,
    -0.06524446265964634,
    0.0
   ],
   [
    0.018732461503045732,
    -0.17850962206128834,
    0.0
   ],
   [
    -0.12570340050204565,
    0.09472239297896126,
    0.0
   ],
   [
    -0.13284564695350465,
    0.03788977476419603,
    0.0
   ],
   [
    0.10643306796052156,
    0.07476064125532997,
    0.0
   ],
   [
    0.13298208726491145,
    -0.04648642472442621,
    0.0
   ],
   [
    -0.02080824362780111,
    -0.025281687023678917,
    0.0
   ],
   [
    0.0112637329634493,
    0.059755560686912984,
    0.0
   ],
   [
    -0.016563893311710893,
    -0.19403277025379428,
    0.0
   ],
   [
    -0.03286451309861229,
    -0.1525408166240083,
    0.0
   ],
   [
    0.11480991734283687,
    -0.08473082648537404,
    0.0
   ],
   [
    0.12746098475164597,
    0.003537235578868092,
    0.0
   ],
   [
    0.13587341824164728,
    0.09713090668251675,
    0.0
   ],
   [
    -0.05103891511874566,
    -0.08962836441120972,
    0.0
   ],
   [
    -0.011474053714369012,
    -0.006251775519920233,
    0.0
   ],
   [
    0.12363141470300372,
    0.08228549950378464,
    0.0
   ],
   [
    -0.0447651582361502,
    -0.0044762684500539995,
    0.0
   ],
   [
    0.08147785014215052,
    0.013989749062702672,
    0.0
   ],
   [
    0.036620904159003716,
    -0.15080867098538267,
    0.0
   ],
   [
    -0.05275280928116293,
    -0.04122815290196069,
    0.0
   ],
   [
    0.04384789841879775,
    0.027688615135943645,
    0.0
   ]
  ],
  "positions": [
   [
    -0.37222792250657366,
    -1.4076136617341357,
    0.4641375361441666
   ],
   [
    -0.8011621363986038,
    1.1142930854434074,
    0.4537955907164514
   ],
   [
    -1.22271093021489,
    0.578826728241562,
    0.49068732826662564
   ],
   [
    -1.2988590864118363,
    -0.3648512809490354,
    0.49346358717236977
   ],
   [
    -1.3514548534795499,
    -0.5975269591151345,
    0.6386283680040845
   ],
   [
    -0.9635407303084874,
    1.0713376238337822,
    0.4867206896026484
   ],
   [
    -0.48961717700543556,
    1.3195044676943901,
    0.6405323373077569
   ],
   [
    -1.2694034901107063,
    0.5978965429634895,
    0.4687599259001189
   ],
   [
    -1.1828657306463353,
    0.626142404277293,
    0.46784424930377505
   ],
   [
    1.1280958523514188,
    0.658855025271269,
    0.5646382092141988
   ],
   [
    0.09534827919337219,
    1.3035949328680716,
    0.4613152954540029
   ],
   [
    -1.336770730893814,
    0.08466078066402812,
    0.6166272624510374
   ],
   [
    0.6671270136417488,
    -1.231979178245946,
    0.5138909233147341
   ],
   [
    1.396469817661013,
    0.3415295785086022,
    0.6349508704790137
   ],
   [
    -1.4517873791544231,
    0.27625609692580483,
    0.48021883899290174
   ],
   [
    0.8648621004732817,
    0.9785139503442682,
    0.622265654167167
   ],
   [
    -1.0484391706310814,
    0.789271676070432,
    0.5423926878297392
   ],
   [
    0.10305060645902682,
    1.3845625009968712,
    0.6346196927278946
   ],
   [
    0.18002164406702575,
    -1.4193594660673035,
    0.6435219795891015
   ],
   [
    -0.024131161371559264,
    1.3573989763323624,
    0.5575904463802555
   ],
   [
    1.191351277532116,
    0.9090527497372258,
    0.4700039762330767
   ],
   [
    0.06758244977587202,
    -1.372607319912872,
    0.5325778782223315
   ],
   [
    0.6626651056771993,
    1.2980279979425735,
    0.5770843452589314
   ],
   [
    -1.288513985384009,
    0.7295610682987301,
    0.629747391526221
   ],
   [
    0.6020261372448988,
    1.2055117322753894,
    0.6463638423441165
   ]
  ]
 },
 "appearance_assets": {
  "floor_pbr": "Planks013",
  "background_hdr": "aft_lounge_4k.hdr"
 },
 "environment_strength": 0.46799315031557853
}