{
 "objects": [
  {
   "obj_subpath": "hammer/hammer_011/hammer_011.blend",
   "obj_location": [
    -0.024693931452202778,
    0.4697454993926736
   ],
   "obj_pose": [
    [
     0.13825055329927402,
     0.5954613164372209,
     -0.7913991312188116
    ],
    [
     -0.086874379267693,
     0.8032834551468352,
     0.5892270561775927
    ],
    [
     0.9865797758102417,
     -0.012708661146461964,
     0.16278472542762756
    ]
   ],
   "obj_scale": 0.6546836972303451,
   "obj_color": {
    "type": "random-mono",
    "color": [
     [
      0.25772369610262535,
      0.11460750196217784,
      0.22635673756641683
     ],
     [
      0.1280812152320466,
      0.03941693555175188,
      0.1086485521356165
     ]
    ],
    "randomness": 0.26697453344286237,
    "scale": 4.760289844198031,
    "specular": 0.7744816776062793,
    "roughness": 0.2862377227116254,
    "clever": false
   }
  },
  {
   "obj_subpath": "airplane/airplane_030/airplane_030.blend",
   "obj_location": [
    0.15765740902412217,
    -0.12214156759414274
   ],
   "obj_pose": [
    [
     0.7101070048124181,
     -0.6580837478246689,
     0.2503473691515592
    ],
    [
     0.49555164437013705,
     0.719708474388491,
     0.48625946222705624
    ],
    [
     -0.5001766085624695,
     -0.2212361991405487,
     0.8371845483779907
    ]
   ],
   "obj_scale": 0.6456875174948381,
   "obj_color": {
    "type": "random-multi",
    "color": [
     [
      0.6260430120338683,
      0.41141727698713293,
      0.010702290409476456
     ],
     [
      0.7516700117524658,
      0.488451480246422,
      0.02088592167309833
     ],
     [
      0.059174295414670564,
      0.539987945698276,
      0.7353084660698322
     ]
    ],
    "randomness": 0.34987203382638,
    "scale": 1.1070906078231362,
    "specular": 0.6735215708983281,
    "roughness": 0.23822490376237296,
    "clever": false
   }
  },
  {
   "obj_subpath": "Cone Hourglass/Cone Hourglass/Cone Hourglass.blend",
   "obj_location": [
    -0.41543988288503686,
    -0.33807451383182785
   ],
   "obj_pose": [
    [
     0.697374842912044,
     0.7167065846449312,
     0.0
    ],
    [
     -0.7167065846449312,
     0.697374842912044,
     0.0
    ],
    [
     0.0,
     0.0,
     1.0
    ]
   ],
   "obj_scale": 0.6261504539994479,
   "obj_color": {
    "type": "random-mono",
    "color": [
     [
      0.10008172127920388,
      0.027413746526563268,
      0.03345443931733504
     ],
     [
      0.9332518662103777,
      0.8455950269464192,
      0.8528817036262918
     ]
    ],
    "randomness": 0.1935521480945277,
    "scale": 3.3694218037692636,
    "specular": 0.7628548135370271,
    "roughness": 0.12429350584765085,
    "clever": false
   }
  }
 ],
 "camera": {
  "track_to_point": [
   [
    -0.06392402551399946,
    0.07643257693743578,
    0.0
   ],
   [
    -0.08627668190730607,
    -0.11751611513186998,
    0.0
   ],
   [
    -0.07691694965535563,
    0.11324539921500255,
    0.0
   ],
   [
    -0.009849716112489873,
    -0.06972690294771414,
    0.0
   ],
   [
    -0.03502145370772293,
    0.12591020658868418,
    0.0
   ],
   [
    -0.06713584209936181,
    -0.10920487007671846,
    0.0
   ],
   [
    -0.05458213266935029,
    0.09159622214186426,
    0.0
   ],
   [
    -0.010599244688516599,
    0.13991996219100183,
    0.0
   ],
   [
    -0.19954142449906515,
    0.14873849147415374,
    0.0
   ],
   [
    -0.10907177727501406,
    0.018935946983295298,
    0.0
   ],
   [
    0.02907911717066604,
    0.12028571558084074,
    0.0
   ],
   [
    -0.05778654306578222,
    0.14684394039303722,
    0.0
   ],
   [
    -0.19886980392086512,
    0.11783034055111753,
    0.0
   ],
   [
    -0.008557909027247027,
    0.11027524250458311,
    0.0
   ],
   [
    0.02722969041384639,
    0.12603294646990099,
    0.0
   ],
   [
    -0.00935524844981074,
    0.1471684331538723,
    0.0
   ],
   [
    0.016095013553313456,
    0.09747398205289586,
    0.0
   ],
   [
    -0.03478508918862218,
    -0.0829092575226234,
    0.0
   ],
   [
    -0.08808716194653261,
    -0.07930094638110116,
    0.0
   ],
   [
    -0.1917347589165731,
    -0.09969120762165518,
    0.0
   ],
   [
    -0.15384801056121755,
    -0.10290546331852342,
    0.0
   ],
   [
    -0.1721854319476464,
    0.006796650884162906,
    0.0
   ],
   [
    -0.009147513034705387,
    0.02499991023821056,
    0.0
   ],
   [
    -0.12284108905380728,
    -0.02550765228581026,
    0.0
   ],
   [
    -0.09213058851988871,
    0.14898863378962346,
    0.0
   ]
  ],
  "positions": [
   [
    0.5634047404153297,
    -1.2696891514168418,
    0.4608676504101458
   ],
   [
    -0.3164394239510253,
    -1.2674081429781543,
    0.5425679142451204
   ],
   [
    -1.3486231425002628,
    -0.11748410178320688,
    0.5223247196731613
   ],
   [
    -1.2329186620709858,
    -0.5641356378191251,
    0.6346769454408625
   ],
   [
    1.2458802183703925,
    -0.4025539924503889,
    0.4787190100851547
   ],
   [
    -0.9264948751441983,
    1.1329772427992046,
    0.4824018344856639
   ],
   [
    -0.8447956722623006,
    1.0995521276529046,
    0.5359797383697124
   ],
   [
    -0.4901856106797685,
    1.286904426324217,
    0.5084956612178538
   ],
   [
    1.3740902286028047,
    -0.11818160410806489,
    0.4929449816530559
   ],
   [
    -1.316505716382711,
    0.6222320432520146,
    0.6476284448693508
   ],
   [
    1.4462995749530039,
    -0.004178950570316058,
    0.5551738957117609
   ],
   [
    1.0007130602904988,
    1.0187095292044395,
    0.5276299043622621
   ],
   [
    1.0272333068781967,
    -0.8417740090412891,
    0.5835454889257461
   ],
   [
    -1.342893842052641,
    -0.3356073866619847,
    0.5827529350028133
   ],
   [
    0.7360848615878041,
    1.1937561969593113,
    0.4899810164109265
   ],
   [
    -0.43680369247856743,
    1.3132190665181669,
    0.6199031552648573
   ],
   [
    1.0185399764148793,
    1.0822053875994255,
    0.4568574624641057
   ],
   [
    -0.19654225011661663,
    -1.4847237129896267,
    0.6165943383476684
   ],
   [
    -1.3855731128122104,
    0.09999590805452176,
    0.527093240667469
   ],
   [
    1.2564929373662947,
    -0.4003172098082922,
    0.5004943636378737
   ],
   [
    -0.5673445969878154,
    1.344314446646416,
    0.5409638958443646
   ],
   [
    -0.27828734975905317,
    -1.343289058906618,
    0.5366549294090521
   ],
   [
    0.0113220643737225,
    1.3434337604643334,
    0.5253138402246289
   ],
   [
    1.1899936500269,
    -0.8848263451952637,
    0.5072486321007661
   ],
   [
    1.446479101580199,
    0.34940774308425543,
    0.5340862996508084
   ]
  ]
 },
 "appearance_assets": {
  "floor_pbr": "Planks014",
  "background_hdr": "roof_garden_4k.hdr"
 },
 "environment_strength": 0.7120771530268978
}