{
 "objects": [
  {
   "obj_subpath": "bottle/bottle_043/bottle_043.blend",
   "obj_location": [
    -0.2862601323805697,
    0.45501646914901805
   ],
   "obj_pose": [
    [
     -0.9560923093221954,
     0.28770775208635524,
     -0.05578259075047035
    ],
    [
     -0.2890870227667201,
     -0.9571279355622901,
     0.018299072513030503
    ],
    [
     -0.04812629148364067,
     0.03362162783741951,
     0.9982752203941345
    ]
   ],
   "obj_scale": 0.6563777011820895,
   "obj_color": {
    "type": "random-mono",
    "color": [
     [
      0.15550356261819165,
      0.16695759172493632,
      0.07065477813584917
     ],
     [
      0.3807049614564688,
      0.4159398535554625,
      0.11969307314149391
     ],
     [
      0.21533353131500865,
      0.2245416959401394,
      0.14712158873354775
     ],
     [
      0.6967165287834769,
      0.7153465507833416,
      0.5587096574165262
     ]
    ],
    "randomness": 0.12981680190032885,
    "scale": 4.594062386195655,
    "specular": 0.895495296449424,
    "roughness": 0.11547311632978526,
    "clever": false
   }
  },
  {
   "obj_subpath": "knife/knife_044/knife_044.blend",
   "obj_location": [
    -0.47120694982483846,
    -0.1744080452608443
   ],
   "obj_pose": [
    [
     -0.024629954462731998,
     0.7047049192835974,
     -0.7090728353284658
    ],
    [
     -0.024467669046079558,
     -0.7095005001602028,
     -0.7042800637912472
    ],
    [
     -0.9993971586227417,
     2.975234110635938e-06,
     0.03471745178103447
    ]
   ],
   "obj_scale": 0.6683246526595283,
   "obj_color": {
    "type": "random-multi",
    "color": [
     [
      0.6054774947937557,
      0.11666681580273908,
      0.6709981457820811
     ],
     [
      0.797847362138379,
      0.8312912470091247,
      0.052034046593629535
     ],
     [
      0.364518428267421,
      0.5538972326480657,
      0.07224168027558464
     ]
    ],
    "randomness": 4.459303632677336,
    "scale": 0.5541700484724273,
    "specular": 0.8597094632444918,
    "roughness": 0.19865031718800572,
    "clever": false
   }
  },
  {
   "obj_subpath": "Tier Stack Cylinder/Tier Stack Cylinder/Tier Stack Cylinder.blend",
   "obj_location": [
    0.445452423968444,
    -0.3853223786461384
   ],
   "obj_pose": [
    [
     0.4186705621557788,
     0.9081381835294473,
     0.0
    ],
    [
     -0.9081381835294473,
     0.4186705621557788,
     0.0
    ],
    [
     0.0,
     0.0,
     1.0
    ]
   ],
   "obj_scale": 0.6902708677556921,
   "obj_color": {
    "type": "random-mono",
    "color": [
     [
      0.6914968925811581,
      0.6355441935675932,
      0.4264559226158603
     ],
     [
      0.7077017141861082,
      0.6613093464191762,
      0.48794684321994586
     ]
    ],
    "randomness": 0.9949861687323072,
    "scale": 4.298404419469531,
    "specular": 0.8598159382945352,
    "roughness": 0.19659959490153142,
    "clever": false
   }
  }
 ],
 "camera": {
  "track_to_point": [
   [
    -0.069263435177046,
    -0.146069265293527,
    0.0
   ],
   [
    -0.11147795023913837,
    0.06089155015513506,
    0.0
   ],
   [
    -0.11652259604091816,
    -0.06430570734513988,
    0.0
   ],
   [
    -0.11112846953865102,
    0.028781537908714017,
    0.0
   ],
   [
    -0.23678923524513615,
    0.1045297825270147,
    0.0
   ],
   [
    -0.06813992936615287,
    -0.1587786608843409,
    0.0
   ],
   [
    -0.06863244266304236,
    0.05822204049091134,
    0.0
   ],
   [
    -0.09123569782103513,
    0.07915862160844686,
    0.0
   ],
   [
    -0.05884873801075366,
    -0.13730719500543553,
    0.0
   ],
   [
    -0.0005075810676134218,
    -0.12738086529465428,
    0.0
   ],
   [
    -0.08731571240747865,
    0.08778446624715461,
    0.0
   ],
   [
    -0.22182768141615117,
    -0.06304093979525444,
    0.0
   ],
   [
    -0.19296206407778416,
    -0.16291159022680948,
    0.0
   ],
   [
    -0.03469187193258061,
    -0.13363163520343915,
    0.0
   ],
   [
    0.006210648921546685,
    0.023304193172110105,
    0.0
   ],
   [
    -0.08688384170896238,
    -0.17237037673062508,
    0.0
   ],
   [
    -0.018273672880095876,
    -0.0339612637087609,
    0.0
   ],
   [
    -0.16947018134486755,
    -0.13862235211853324,
    0.0
   ],
   [
    -0.0831212988800698,
    -0.034242920504121005,
    0.0
   ],
   [
    -0.12743938016894615,
    -0.00029016791677408116,
    0.0
   ],
   [
    0.023693182922680828,
    -0.1412142955069685,
    0.0
   ],
   [
    -0.061879273426103276,
    0.11422168838295957,
    0.0
   ],
   [
    0.010528172686872478,
    -0.15920667267844343,
    0.0
   ],
   [
    -0.021647362266593945,
    0.0009926305045885875,
    0.0
   ],
   [
    -0.038721065093047374,
    -0.15489324416689737,
    0.0
   ]
  ],
  "positions": [
   [
    -0.9218842850321944,
    -1.1359211653682904,
    0.5406622046560986
   ],
   [
    -1.3822040837052592,
    0.141327029468327,
    0.4891628882783653
   ],
   [
    -1.189820730456012,
    0.7011844770276688,
    0.5381112296063292
   ],
   [
    0.9130712060216525,
    1.1589200247668936,
    0.5792995177131708
   ],
   [
    -0.4534044059314974,
    1.3517655119236378,
    0.5208943385998804
   ],
   [
    -1.368365762546177,
    0.4099366018413027,
    0.6106743856528926
   ],
   [
    -1.265405635805588,
    -0.39553090086202886,
    0.6140925365494493
   ],
   [
    1.1526020655378246,
    0.868351390609381,
    0.6138922121358236
   ],
   [
    0.9865134385730707,
    0.8822457586531004,
    0.5783786006693751
   ],
   [
    0.47406851916772197,
    -1.3390471247194384,
    0.5300515411477048
   ],
   [
    1.4234823144681488,
    0.42583594519406015,
    0.6043416810747753
   ],
   [
    -0.1802398891614165,
    1.4721207134759053,
    0.4777206737687531
   ],
   [
    -1.305849701131905,
    0.25790426928251503,
    0.5275635268899763
   ],
   [
    -0.9016181777777283,
    0.9724975956983367,
    0.6407591912560286
   ],
   [
    -0.9157158244628936,
    1.0284549594065326,
    0.5099905432089153
   ],
   [
    0.5802146092144137,
    1.1910048795514319,
    0.5509604115929874
   ],
   [
    -1.1058063933202706,
    0.8978848470192943,
    0.6191641856249619
   ],
   [
    0.9800470788791982,
    1.1177863708354197,
    0.5238764559294268
   ],
   [
    -0.41936587020972754,
    -1.2800780662834466,
    0.5683182007034385
   ],
   [
    -1.2646324830567617,
    -0.6568853248004727,
    0.6136432595231115
   ],
   [
    1.317786938885068,
    -0.2180695994610024,
    0.5074561694996829
   ],
   [
    0.936835076451939,
    -1.012100870086201,
    0.5723453809466813
   ],
   [
    -0.4211538576553808,
    1.2477445312580147,
    0.47569661470338387
   ],
   [
    1.1404732711707337,
    0.846752280065966,
    0.4723543192847523
   ],
   [
    -1.0616957808471819,
    0.7584583326368989,
    0.5247112159862225
   ]
  ]
 },
 "appearance_assets": {
  "floor_pbr": "Carpet008",
  "background_hdr": "photo_studio_01_4k.hdr"
 },
 "environment_strength": 0.6957769404330763
}