{
 "objects": [
  {
   "obj_subpath": "shoe/shoe_007/shoe_007.blend",
   "obj_location": [
    0.06493210430578977,
    0.03949406238135411
   ],
   "obj_pose": [
    [
     0.5930699182950289,
     0.8051509255207632,
     0.0001503321765973609
    ],
    [
     -0.8051509255207632,
     0.5930699182950289,
     -0.0001749916150301094
    ],
    [
     -0.00023005215916782618,
     -1.7257831132155843e-05,
     1.0
    ]
   ],
   "obj_scale": 0.6532334215827486,
   "obj_color": {
    "type": "random-multi",
    "color": [
     [
      0.7719971133948735,
      0.4983088926967859,
      0.061270073086427956
     ],
     [
      0.07600448771516144,
      0.37913358029236977,
      0.8899807433773236
     ],
     [
      0.5529916915498361,
      0.06437665338339316,
      0.6735536737918811
     ],
     [
      0.7188915756891853,
      0.12201031320106359,
      0.6662387651260399
     ]
    ],
    "randomness": 3.2018025884355303,
    "scale": 1.3315763393223408,
    "specular": 0.6052577245905965,
    "roughness": 0.1715838868372743,
    "clever": false
   }
  },
  {
   "obj_subpath": "cup/cup_038/cup_038.blend",
   "obj_location": [
    -0.4702575335339205,
    0.31348982228789646
   ],
   "obj_pose": [
    [
     0.4550287351577732,
     -0.8904767761921685,
     -6.744816069017346e-05
    ],
    [
     0.8904767761921686,
     0.4550287351577732,
     3.420768471131666e-05
    ],
    [
     2.297043550925082e-07,
     -7.562649989267811e-05,
     1.0
    ]
   ],
   "obj_scale": 0.6355808101955289,
   "obj_color": {
    "type": "random-mono",
    "color": [
     [
      0.212993197670446,
      0.439940273950284,
      0.4063882001707211
     ],
     [
      0.3608333200793552,
      0.7543164729634411,
      0.6961435456316833
     ],
     [
      0.1973662388256251,
      0.6964783430622808,
      0.6226891300874807
     ]
    ],
    "randomness": 0.29703890283061607,
    "scale": 2.242130121679196,
    "specular": 0.8491570535600436,
    "roughness": 0.2587967102951355,
    "clever": false
   }
  },
  {
   "obj_subpath": "Vase Angular/Vase Angular/Vase Angular.blend",
   "obj_location": [
    -0.23935557026439458,
    -0.49234940879234335
   ],
   "obj_pose": [
    [
     0.7314072731152804,
     0.6819409071423048,
     0.0
    ],
    [
     -0.6819409071423048,
     0.7314072731152804,
     0.0
    ],
    [
     0.0,
     0.0,
     1.0
    ]
   ],
   "obj_scale": 0.6308398267751216,
   "obj_color": {
    "type": "random-multi",
    "color": [
     [
      0.3660476689821574,
      0.6648380445578205,
      0.07580697436543271
     ],
     [
      0.07383382956785212,
      0.7904140897257623,
      0.9073548034017636
     ],
     [
      0.30101740506321656,
      0.515758922642712,
      0.08467340101155851
     ],
     [
      0.39456100045824294,
      0.5662413895490177,
      0.08870367779779742
     ]
    ],
    "randomness": 0.7168286319150907,
    "scale": 0.5426615569939249,
    "specular": 0.8383772935810094,
    "roughness": 0.19511664011686447,
    "clever": true
   }
  }
 ],
 "camera": {
  "track_to_point": [
   [
    -0.12930976144321887,
    -0.06362618495484137,
    0.0
   ],
   [
    -0.07669778687704604,
    -0.011517948602861795,
    0.0
   ],
   [
    -0.35057411350897794,
    0.09610928560006021,
    0.0
   ],
   [
    -0.07099293682417562,
    -0.06636350728482196,
    0.0
   ],
   [
    -0.10507825603592652,
    0.04200802005595219,
    0.0
   ],
   [
    -0.2970613745142969,
    -0.15248051421309988,
    0.0
   ],
   [
    -0.22340598426778413,
    -0.06884595933407589,
    0.0
   ],
   [
    -0.08553432053643661,
    0.06134528060963928,
    0.0
   ],
   [
    -0.2988413361153917,
    0.03242958913874013,
    0.0
   ],
   [
    -0.35086697646831233,
    0.016609521851640073,
    0.0
   ],
   [
    -0.18494854551293946,
    -0.04711345853613522,
    0.0
   ],
   [
    -0.27932196571082185,
    -0.045326021960065306,
    0.0
   ],
   [
    -0.301724473443274,
    -0.139012784165551,
    0.0
   ],
   [
    -0.3490436255152626,
    -0.1010846939701891,
    0.0
   ],
   [
    -0.3156612724818572,
    -0.07788220468179477,
    0.0
   ],
   [
    -0.17400584448652787,
    -0.03705883592029078,
    0.0
   ],
   [
    -0.06816020201724104,
    -0.09217293721957331,
    0.0
   ],
   [
    -0.10983500013081249,
    0.039930874878255466,
    0.0
   ],
   [
    -0.277303623792627,
    -0.04841861614017854,
    0.0
   ],
   [
    -0.21343056303571947,
    -0.005039883036538968,
    0.0
   ],
   [
    -0.14993197306297146,
    -0.028395777539679236,
    0.0
   ],
   [
    -0.21739779602145143,
    0.0342494428823937,
    0.0
   ],
   [
    -0.1406307067118254,
    0.08954442689570102,
    0.0
   ],
   [
    -0.2806432867724927,
    0.07596503700341528,
    0.0
   ],
   [
    -0.36128447380986944,
    0.028967700348993534,
    0.0
   ]
  ],
  "positions": [
   [
    -0.4477677505669163,
    1.2947296638610153,
    0.5980504494999617
   ],
   [
    1.4558852089988068,
    -0.19865020287857862,
    0.46775466607026495
   ],
   [
    -0.819932842702059,
    -1.2410728656765977,
    0.6003409336124568
   ],
   [
    -0.8026312814183063,
    -1.0382293940963838,
    0.5880400550578299
   ],
   [
    1.3487619892118465,
    0.44562548832073073,
    0.6489796715382673
   ],
   [
    1.1461910437947394,
    -0.7234927033545471,
    0.5926258973680072
   ],
   [
    0.7779256183783958,
    1.169179812812677,
    0.55356779059515
   ],
   [
    -0.07188947952136752,
    1.4813020205897,
    0.59204633361761
   ],
   [
    -0.9806255190062452,
    -1.0276759564305324,
    0.5981973317347719
   ],
   [
    1.1786321403172355,
    -0.8915583681275433,
    0.5198723201543461
   ],
   [
    1.137599207208603,
    0.8630616732803719,
    0.533302753874537
   ],
   [
    0.9646262619354814,
    -0.9343987979445165,
    0.584523967422851
   ],
   [
    0.9338912071701952,
    1.1676812560375527,
    0.45675591080867267
   ],
   [
    -0.33551923327558386,
    1.4558876904520741,
    0.4977085637423345
   ],
   [
    1.1281759407078995,
    -0.7025646203617875,
    0.6279769364391724
   ],
   [
    -1.382321684705643,
    0.24206221224869237,
    0.6394115208734804
   ],
   [
    1.4492676635071957,
    0.1663226042035735,
    0.46868106701391465
   ],
   [
    -0.7482231627954206,
    -1.261107321111453,
    0.4617450138932289
   ],
   [
    1.1795696428759153,
    -0.6801420127969935,
    0.4565873985098719
   ],
   [
    -1.3119910886948278,
    0.12358438328781683,
    0.5592952348959974
   ],
   [
    -1.380911602354344,
    -0.07202074843865423,
    0.5539236646410561
   ],
   [
    0.26890486089818444,
    -1.2882176330015873,
    0.4568615093311155
   ],
   [
    -1.432586589561851,
    -0.17894823059137843,
    0.5282169522138589
   ],
   [
    -0.3464598446891386,
    -1.2966576836766082,
    0.5690124679785614
   ],
   [
    -0.7764366369979822,
    1.259152986845207,
    0.5364044569241893
   ]
  ]
 },
 "appearance_assets": {
  "floor_pbr": "Planks011",
  "background_hdr": "balcony_4k.hdr"
 },
 "environment_strength": 0.5298471599526635
}