{
 "objects": [
  {
   "obj_subpath": "pencil/pencil_000/pencil_000.blend",
   "obj_location": [
    -0.2798891517324601,
    -0.16457578003868167
   ],
   "obj_pose": [
    [
     -0.8118717590149446,
     -0.46846053415927275,
     -0.3484379158924054
    ],
    [
     -0.30179836868208215,
     -0.17414573600435693,
     0.9373318673305413
    ],
    [
     -0.4997819662094116,
     0.8661512732505798,
     3.369497335370397e-06
    ]
   ],
   "obj_scale": 0.6022939181364949,
   "obj_color": {
    "type": "random-mono",
    "color": [
     [
      0.9540652482444694,
      0.9616134899545566,
      0.937225429074659
     ],
     [
      0.4834139211110926,
      0.6271229039952917,
      0.16280504585300037
     ],
     [
      0.1455251346658223,
      0.17647916380145512,
      0.0764679590689541
     ],
     [
      0.8294681675285618,
      0.8594055035698681,
      0.7626791927282811
     ]
    ],
    "randomness": 0.681579138250212,
    "scale": 3.2649723967102764,
    "specular": 0.6299647793232634,
    "roughness": 0.1711856825066742,
    "clever": false
   }
  },
  {
   "obj_subpath": "monitor/monitor_005/monitor_005.blend",
   "obj_location": [
    0.49811957695401254,
    -0.3693246912497148
   ],
   "obj_pose": [
    [
     0.007548950219904718,
     0.48227172332620694,
     -0.8759891717325506
    ],
    [
     -0.9938728556055819,
     -0.09298317674609649,
     -0.059756312305810806
    ],
    [
     -0.11027101427316666,
     0.8710730075836182,
     0.47861483693122864
    ]
   ],
   "obj_scale": 0.6771887727242564,
   "obj_color": {
    "type": "random-mono",
    "color": [
     [
      0.02588505734566501,
      0.017264604023135705,
      0.03242477663507734
     ],
     [
      0.4651866130819343,
      0.24443542266068186,
      0.6326546990566776
     ],
     [
      0.755588053108474,
      0.6330186327588008,
      0.8485726761396049
     ]
    ],
    "randomness": 0.7850762935598009,
    "scale": 2.3857735624408223,
    "specular": 0.7096373593708785,
    "roughness": 0.12490649112749888,
    "clever": false
   }
  },
  {
   "obj_subpath": "Wave Zig Zag/Wave Zig Zag/Wave Zig Zag.blend",
   "obj_location": [
    0.0407185378860514,
    0.41864433400817214
   ],
   "obj_pose": [
    [
     0.9143224161565947,
     0.40498706067424767,
     0.0
    ],
    [
     -0.40498706067424767,
     0.9143224161565947,
     0.0
    ],
    [
     0.0,
     0.0,
     1.0
    ]
   ],
   "obj_scale": 0.6078550596708496,
   "obj_color": {
    "type": "random-mono",
    "color": [
     [
      0.31941680907662456,
      0.1537783877630555,
      0.148525747638881
     ],
     [
      0.959145477447556,
      0.905725664634339,
      0.9040316431024783
     ],
     [
      0.6690727568778099,
      0.4068953470513545,
      0.39858131235103844
     ]
    ],
    "randomness": 0.33989375983263437,
    "scale": 2.187381437114649,
    "specular": 0.6872099381765788,
    "roughness": 0.1704908246469953,
    "clever": true
   }
  }
 ],
 "camera": {
  "track_to_point": [
   [
    0.13162767461468144,
    -0.1405338627083246,
    0.0
   ],
   [
    0.04795830804775485,
    0.07014921303797614,
    0.0
   ],
   [
    0.0016019321547799253,
    0.09976026361660248,
    0.0
   ],
   [
    0.08739832751533441,
    -0.16690925178487556,
    0.0
   ],
   [
    -0.002308969492532592,
    -0.055775063291279126,
    0.0
   ],
   [
    -0.010574312689384052,
    -0.08173656032373719,
    0.0
   ],
   [
    0.22975911463779916,
    0.019369075392380142,
    0.0
   ],
   [
    -0.06304349855065225,
    -0.007084541399712818,
    0.0
   ],
   [
    0.09473914795222294,
    -0.011287810952196331,
    0.0
   ],
   [
    0.182007364108743,
    -0.050816824892183976,
    0.0
   ],
   [
    -0.026497207562792544,
    -0.029834111694775844,
    0.0
   ],
   [
    0.07772155621291932,
    -0.0876083329696832,
    0.0
   ],
   [
    0.1906222524503894,
    0.07571704862223819,
    0.0
   ],
   [
    0.00423069885026163,
    0.05020368305130685,
    0.0
   ],
   [
    0.07947786016938371,
    -0.16530245086171816,
    0.0
   ],
   [
    0.14272286088015956,
    -0.009614485633584302,
    0.0
   ],
   [
    0.23348253218225198,
    -0.1250266049761959,
    0.0
   ],
   [
    0.11658705025515373,
    0.01554409775429258,
    0.0
   ],
   [
    -0.03531799233346268,
    -0.16094220888024513,
    0.0
   ],
   [
    -0.03969119360388998,
    -0.13634973617207605,
    0.0
   ],
   [
    0.1001318193716968,
    0.07327687767953892,
    0.0
   ],
   [
    0.16007693210402274,
    -0.09588165742952161,
    0.0
   ],
   [
    0.2018058617996145,
    0.09322474209759604,
    0.0
   ],
   [
    0.057626676928891396,
    0.07000732800719686,
    0.0
   ],
   [
    0.11454515148221947,
    -0.17268770863890093,
    0.0
   ]
  ],
  "positions": [
   [
    1.3318716073263004,
    -0.37258179060020746,
    0.48795414817931343
   ],
   [
    -1.2505742498168857,
    -0.6933851198693486,
    0.6086395199539865
   ],
   [
    0.6550394403819072,
    -1.2108872743168881,
    0.6162856580481447
   ],
   [
    1.2912456496955587,
    0.33050899945201906,
    0.6459837095427793
   ],
   [
    0.819863374571469,
    1.1465623475577675,
    0.4804177520494272
   ],
   [
    0.5024855674381533,
    1.2765336542261956,
    0.4583710712722618
   ],
   [
    0.8593076072396365,
    -1.1914796883917211,
    0.5489306994158994
   ],
   [
    -0.9492675101766407,
    1.1473320516998204,
    0.5164588412525025
   ],
   [
    -1.3019986165804862,
    0.40902868871877307,
    0.6256599648422834
   ],
   [
    -0.6858879429494802,
    1.3180009895709242,
    0.587853678723425
   ],
   [
    0.6609675962920352,
    -1.343597851023248,
    0.6137894361722172
   ],
   [
    0.8068782764213652,
    1.1587609662342009,
    0.5010371349362733
   ],
   [
    1.3216337255487502,
    -0.4147476958911428,
    0.4724194570512225
   ],
   [
    0.7756426393970052,
    1.070332389048176,
    0.47266095442028994
   ],
   [
    0.14178221207403008,
    -1.3668072625512648,
    0.5770664176839667
   ],
   [
    -0.16952260910016315,
    1.45183536187817,
    0.6370247511941307
   ],
   [
    0.45566419167183575,
    1.377162110786332,
    0.464708897073577
   ],
   [
    -1.2895643675299127,
    0.2259426788670646,
    0.45922969145368137
   ],
   [
    0.678490071010985,
    -1.124156140077412,
    0.5911425264495578
   ],
   [
    1.3323015916999774,
    0.4699915530001805,
    0.4760524479534109
   ],
   [
    -0.8041453138964145,
    -1.0234909014291056,
    0.6024445075818867
   ],
   [
    -0.04517785120952994,
    1.3355005284153527,
    0.46544469942835914
   ],
   [
    -1.004378610002367,
    0.9011335209286158,
    0.5249190747231802
   ],
   [
    -0.7504329486518483,
    1.1386479579109026,
    0.48811074494672346
   ],
   [
    -1.3508040407745296,
    -0.051684018116426145,
    0.46347023700292483
   ]
  ]
 },
 "appearance_assets": {
  "floor_pbr": "Carpet013",
  "background_hdr": "childrens_hospital_4k.hdr"
 },
 "environment_strength": 0.5171604529051461
}