{
 "objects": [
  {
   "obj_subpath": "trashcan/trashcan_033/trashcan_033.blend",
   "obj_location": [
    0.0873634944250774,
    -0.35039813994404445
   ],
   "obj_pose": [
    [
     -0.3298577591886888,
     -0.9440306435623098,
     -1.3075479951034694e-06
    ],
    [
     0.9440306435623098,
     -0.32985775918868876,
     -3.985871287543353e-06
    ],
    [
     3.3314797747152625e-06,
     -2.5491360702289967e-06,
     1.0
    ]
   ],
   "obj_scale": 0.6645559132404523,
   "obj_color": {
    "type": "random-mono",
    "color": [
     [
      0.8814505937035361,
      0.8277081152459211,
      0.7969055119084426
     ],
     [
      0.2971694120401691,
      0.19278726076907537,
      0.13296043302699534
     ],
     [
      0.7826000193107134,
      0.6104937040036047,
      0.5118506433479473
     ]
    ],
    "randomness": 0.1355225045827877,
    "scale": 2.471939163797595,
    "specular": 0.6618634226901384,
    "roughness": 0.13713813515719403,
    "clever": true
   }
  },
  {
   "obj_subpath": "robot/robot_028/robot_028.blend",
   "obj_location": [
    -0.08400294488240023,
    0.26288191384017134
   ],
   "obj_pose": [
    [
     0.4949278025371651,
     0.0012931928769557642,
     0.8689331347451513
    ],
    [
     0.868810557376259,
     0.01612689833082622,
     -0.49488196605256957
    ],
    [
     -0.014653175137937069,
     0.9998691082000732,
     0.006858110893517733
    ]
   ],
   "obj_scale": 0.6224210687582857,
   "obj_color": {
    "type": "random-mono",
    "color": [
     [
      0.7641797818725719,
      0.38434088444479897,
      0.21575254889946482
     ],
     [
      0.8226937545759958,
      0.6566593931227873,
      0.5829664226811504
     ],
     [
      0.8466955074274778,
      0.7476701226754476,
      0.7037185292364014
     ],
     [
      0.9157963046341883,
      0.7941616610941625,
      0.7401751361807621
     ]
    ],
    "randomness": 0.5924401166033688,
    "scale": 2.476977478639761,
    "specular": 0.8265663621873528,
    "roughness": 0.22299287623144293,
    "clever": false
   }
  },
  {
   "obj_subpath": "Formation Grid Box Cylinder/Formation Grid Box Cylinder/Formation Grid Box Cylinder.blend",
   "obj_location": [
    -0.49949432433841146,
    -0.18097531912432385
   ],
   "obj_pose": [
    [
     -0.1473615340410844,
     0.9890826953723628,
     0.0
    ],
    [
     -0.9890826953723628,
     -0.1473615340410844,
     0.0
    ],
    [
     0.0,
     0.0,
     1.0
    ]
   ],
   "obj_scale": 0.6233096463992772,
   "obj_color": {
    "type": "random-mono",
    "color": [
     [
      0.6482915896800245,
      0.80804379537404,
      0.683271755649315
     ],
     [
      0.027453722931784497,
      0.09232276163450515,
      0.04165778183808666
     ]
    ],
    "randomness": 0.2088455218193016,
    "scale": 3.789388569933166,
    "specular": 0.7632182877050744,
    "roughness": 0.2948630130172429,
    "clever": false
   }
  }
 ],
 "camera": {
  "track_to_point": [
   [
    -0.1278342974382183,
    0.058415511941649914,
    0.0
   ],
   [
    -0.16806815786998777,
    -0.2099547828048269,
    0.0
   ],
   [
    -0.09429994735945146,
    -0.027064450762291067,
    0.0
   ],
   [
    -0.23432495343697873,
    -0.23360417919180881,
    0.0
   ],
   [
    -0.15858557028475384,
    -0.1254909726370932,
    0.0
   ],
   [
    -0.04794880579017535,
    0.030254099336408505,
    0.0
   ],
   [
    -0.05746685231211207,
    -0.1416086725430316,
    0.0
   ],
   [
    -0.23586571124059358,
    0.05022640634672311,
    0.0
   ],
   [
    -0.278392702135683,
    -0.2111090701732531,
    0.0
   ],
   [
    -0.022458202506576153,
    0.0020036901932961176,
    0.0
   ],
   [
    -0.14516612268494822,
    -0.013098119900271085,
    0.0
   ],
   [
    -0.057019339622714826,
    -0.1744162179378648,
    0.0
   ],
   [
    -0.253177776993153,
    -0.02570139193153441,
    0.0
   ],
   [
    -0.293162890998573,
    -0.13954961541828054,
    0.0
   ],
   [
    -0.054829925104540045,
    -0.20092739509879137,
    0.0
   ],
   [
    -0.029342824698327385,
    0.036558585325149676,
    0.0
   ],
   [
    -0.1819979793665404,
    -0.22252210309208936,
    0.0
   ],
   [
    -0.06716545382462713,
    -0.06646720509256078,
    0.0
   ],
   [
    -0.2826508738201464,
    0.021881491293906832,
    0.0
   ],
   [
    -0.07375396777732607,
    -0.11381423357130858,
    0.0
   ],
   [
    -0.20130020311743219,
    0.021588377831405728,
    0.0
   ],
   [
    -0.2974680616985622,
    0.010527203799732945,
    0.0
   ],
   [
    -0.28640639340824947,
    -0.07701612792927133,
    0.0
   ],
   [
    -0.04962947929842643,
    0.006954953386177451,
    0.0
   ],
   [
    -0.0534651759541806,
    0.004214438289705927,
    0.0
   ]
  ],
  "positions": [
   [
    0.12381999509894207,
    1.2989513459945574,
    0.54372820277364
   ],
   [
    -0.9848539365612321,
    -0.9182774141273524,
    0.6013327419428258
   ],
   [
    -1.3875235466164824,
    0.4877364953965997,
    0.5237334145207765
   ],
   [
    -0.07572448529044072,
    1.3279037307457808,
    0.5610615922045672
   ],
   [
    -1.2455370617587134,
    0.5033748709907875,
    0.5506998667625534
   ],
   [
    -1.4058305123057122,
    -0.2041314702368879,
    0.5303828161606878
   ],
   [
    -1.2139262868801886,
    0.5276452907079211,
    0.5340239682546881
   ],
   [
    -0.12287171046076444,
    1.3473528853617003,
    0.5053111775040481
   ],
   [
    -1.3029932465685632,
    -0.3095606382285976,
    0.5105250779564406
   ],
   [
    -1.3186612566537448,
    0.5512500844983923,
    0.580130590979514
   ],
   [
    -1.0142798203151715,
    -0.845325353633399,
    0.5670773805088313
   ],
   [
    -0.43688545006041485,
    1.3461660631643624,
    0.5574090946560131
   ],
   [
    -1.2782396120231687,
    0.4593210769794968,
    0.5738551948910775
   ],
   [
    0.40566388059340514,
    -1.4339065616979974,
    0.4590695416074228
   ],
   [
    -0.5942183539022948,
    1.2581072473891128,
    0.4796167854100246
   ],
   [
    -0.28077655610598,
    -1.4134227096860066,
    0.5057758097881744
   ],
   [
    1.1417654260151548,
    0.7884123112781339,
    0.5239445250306614
   ],
   [
    0.11226702908846786,
    1.339753423800714,
    0.5365389907721959
   ],
   [
    -1.2469738165785564,
    -0.5841102024795535,
    0.46558573569907047
   ],
   [
    1.1399071360945616,
    -0.8797389115597073,
    0.5036071949944911
   ],
   [
    1.0782463577649302,
    -1.0029744636413978,
    0.523647917116927
   ],
   [
    -1.4559768917050422,
    -0.2914578815712076,
    0.5338175175892027
   ],
   [
    -1.4135200911882149,
    0.3290883119160667,
    0.5526125607608108
   ],
   [
    -0.8579747650650656,
    1.2278547236784143,
    0.5215275520026673
   ],
   [
    0.2721443374302387,
    -1.2989048417295788,
    0.5549364153257135
   ]
  ]
 },
 "appearance_assets": {
  "floor_pbr": "Carpet008",
  "background_hdr": "spiaggia_di_mondello_4k.hdr"
 },
 "environment_strength": 0.462696955506847
}