{
 "objects": [
  {
   "obj_subpath": "spade/spade_009/spade_009.blend",
   "obj_location": [
    -0.481654328358629,
    0.419012603276113
   ],
   "obj_pose": [
    [
     -0.08696431840915585,
     -0.007746789092380746,
     0.996181332352341
    ],
    [
     -0.994877918704921,
     -0.051046718626655566,
     -0.08724750974831301
    ],
    [
     0.05152767524123192,
     -0.9986662268638611,
     -0.0032678667921572924
    ]
   ],
   "obj_scale": 0.6043070075410549,
   "obj_color": {
    "type": "random-mono",
    "color": [
     [
      0.22916637450699717,
      0.3728893986152084,
      0.3186437800776321
     ],
     [
      0.9804512867529807,
      0.9896539875251571,
      0.9861805969622987
     ]
    ],
    "randomness": 0.674594639800909,
    "scale": 4.186288149312814,
    "specular": 0.8798289411327921,
    "roughness": 0.15958638439335826,
    "clever": false
   }
  },
  {
   "obj_subpath": "sink/sink_021/sink_021.blend",
   "obj_location": [
    0.19390342554998707,
    -0.49861088035674817
   ],
   "obj_pose": [
    [
     0.16771235216273955,
     0.979861502651575,
     0.1083695720678607
    ],
    [
     -0.9858359724216665,
     0.1666961323410025,
     0.018434564387113085
    ],
    [
     -1.4691294154545176e-06,
     -0.10992632806301117,
     0.9939397573471069
    ]
   ],
   "obj_scale": 0.6620826633138076,
   "obj_color": {
    "type": "random-mono",
    "color": [
     [
      0.7641809373076919,
      0.7453050910777667,
      0.9173654155104972
     ],
     [
      0.5419077401432589,
      0.518256870131311,
      0.733843303597834
     ],
     [
      0.13637333702496857,
      0.10762612729480686,
      0.3696675834741712
     ]
    ],
    "randomness": 0.8926503130223495,
    "scale": 4.824030943083756,
    "specular": 0.8026532488768752,
    "roughness": 0.12856244119018415,
    "clever": false
   }
  },
  {
   "obj_subpath": "Arch Cube v2/Arch Cube v2/Arch Cube v2.blend",
   "obj_location": [
    -0.4779822639927199,
    -0.23511479244244982
   ],
   "obj_pose": [
    [
     -0.8778108377257866,
     0.47900744584103566,
     0.0
    ],
    [
     -0.47900744584103566,
     -0.8778108377257866,
     0.0
    ],
    [
     0.0,
     0.0,
     1.0
    ]
   ],
   "obj_scale": 0.6910557045399224,
   "obj_color": {
    "type": "random-mono",
    "color": [
     [
      0.818640622350953,
      0.6868335119557354,
      0.8016470374652657
     ],
     [
      0.03975284592065621,
      0.010820770293002532,
      0.03602270054668176
     ]
    ],
    "randomness": 0.0808131434063557,
    "scale": 2.8907707242829286,
    "specular": 0.763780431283654,
    "roughness": 0.14110551309081515,
    "clever": false
   }
  }
 ],
 "camera": {
  "track_to_point": [
   [
    -0.2218907274543504,
    -0.11575512249561139,
    0.0
   ],
   [
    -0.3021148978968668,
    -0.06149881268112979,
    0.0
   ],
   [
    -0.15152912270513666,
    -0.11065060794741689,
    0.0
   ],
   [
    -0.3291241764405021,
    -0.2402771407715062,
    0.0
   ],
   [
    -0.2725279438183832,
    -0.23934665835455704,
    0.0
   ],
   [
    -0.17168304352899258,
    -0.05573746300182124,
    0.0
   ],
   [
    -0.1534436634020002,
    -0.23143476556940007,
    0.0
   ],
   [
    -0.3926648567776865,
    0.03606895171125786,
    0.0
   ],
   [
    -0.10920885839756675,
    -0.08975268102439486,
    0.0
   ],
   [
    -0.16367385136942844,
    -0.13420584312484207,
    0.0
   ],
   [
    -0.16050530605100688,
    0.01727600232761352,
    0.0
   ],
   [
    -0.1611713733309002,
    -0.16131129502750519,
    0.0
   ],
   [
    -0.2052967206558795,
    -0.1182407267770521,
    0.0
   ],
   [
    -0.3387156979598239,
    -0.13983537782072364,
    0.0
   ],
   [
    -0.2914124579363061,
    -0.0066616795252887745,
    0.0
   ],
   [
    -0.32009905895302404,
    -0.09465769645288664,
    0.0
   ],
   [
    -0.33693870512320434,
    -0.14101783265148,
    0.0
   ],
   [
    -0.21852968027214217,
    -0.19219838694246386,
    0.0
   ],
   [
    -0.30694759564445784,
    -0.1457224487570058,
    0.0
   ],
   [
    -0.2021323585114886,
    -0.0028969427497636396,
    0.0
   ],
   [
    -0.35474351051308595,
    -0.2309176578240873,
    0.0
   ],
   [
    -0.2057559305016508,
    -0.05943749331794214,
    0.0
   ],
   [
    -0.1142019687623704,
    -0.1373580786004525,
    0.0
   ],
   [
    -0.12147507138213912,
    -0.19049378062846045,
    0.0
   ],
   [
    -0.3570282322338495,
    0.016399412429298557,
    0.0
   ]
  ],
  "positions": [
   [
    -0.5293967094694259,
    1.2817604024699245,
    0.5115750502040911
   ],
   [
    1.4037699767632328,
    0.39734447541244905,
    0.6077366531607251
   ],
   [
    -0.9327911120593468,
    -1.0649423552813064,
    0.4591641471997224
   ],
   [
    -1.3290732126881475,
    -0.5566864096766213,
    0.5279505466667749
   ],
   [
    0.571363137669532,
    1.2860719731604449,
    0.5455926821414915
   ],
   [
    1.3304741163061093,
    -0.6899864335636662,
    0.5010945055175071
   ],
   [
    -1.3177058963401027,
    -0.669341332698221,
    0.5260629413910352
   ],
   [
    -1.364733769548056,
    -0.569086718011142,
    0.47688828521806115
   ],
   [
    -1.281701085084919,
    0.3590243589911208,
    0.6125354569562096
   ],
   [
    1.4938333919531808,
    0.03688463796041787,
    0.5856363514179566
   ],
   [
    -1.3129063606530857,
    -0.3522276182941115,
    0.5418676338122551
   ],
   [
    1.3988450145034885,
    0.250547485750915,
    0.605213890994873
   ],
   [
    -1.4026418434649155,
    -0.4101189784893418,
    0.6383211786865639
   ],
   [
    -1.2439007148760644,
    0.5301966548421815,
    0.6466621888246797
   ],
   [
    1.39192503284552,
    -0.03033409053125518,
    0.5958274525606891
   ],
   [
    0.21406106696998767,
    -1.396563582617585,
    0.4763262894781212
   ],
   [
    -0.5128270080691358,
    -1.3202740749150745,
    0.5267422292988195
   ],
   [
    -1.4264213440847482,
    -0.17359990937807765,
    0.6138127974948664
   ],
   [
    -0.5613203563547368,
    -1.1958182934810364,
    0.6077326512133562
   ],
   [
    -0.8701411178442584,
    -1.0818329036846015,
    0.5511900890380834
   ],
   [
    -1.2650402014281956,
    -0.6035061867201905,
    0.5108527860066847
   ],
   [
    0.25701401967838583,
    1.4685044650241887,
    0.5442355085581214
   ],
   [
    -0.8408307384699572,
    -1.1401646220096315,
    0.5290908912797303
   ],
   [
    0.7693835724506887,
    1.1677048286213068,
    0.5757500333680802
   ],
   [
    0.10739598097011682,
    1.3146309384196955,
    0.5870036250337488
   ]
  ]
 },
 "appearance_assets": {
  "floor_pbr": "Tiles071",
  "background_hdr": "lebombo_4k.hdr"
 },
 "environment_strength": 0.46052218992776683
}