{
 "objects": [
  {
   "obj_subpath": "knife/knife_024/knife_024.blend",
   "obj_location": [
    -0.32484292137388815,
    -0.459943872893925
   ],
   "obj_pose": [
    [
     -0.08444954491573052,
     -0.979397176357643,
     -0.18343783879366937
    ],
    [
     0.11827610025100808,
     -0.19264676011095896,
     0.9741139574920243
    ],
    [
     -0.9893831610679626,
     0.06056717410683632,
     0.13210821151733398
    ]
   ],
   "obj_scale": 0.6105417013059363,
   "obj_color": {
    "type": "random-mono",
    "color": [
     [
      0.013518189255151336,
      0.009296965863551006,
      0.005588045579911683
     ],
     [
      0.8320731328516316,
      0.7829245723491388,
      0.7397408608871728
     ],
     [
      0.21603495470253367,
      0.17658685451238115,
      0.1419263200243391
     ],
     [
      0.3288343090556961,
      0.257140940681282,
      0.19414854167785423
     ]
    ],
    "randomness": 0.7886051975815632,
    "scale": 4.898640502765664,
    "specular": 0.6802956856313533,
    "roughness": 0.19373859531445242,
    "clever": false
   }
  },
  {
   "obj_subpath": "robot/robot_036/robot_036.blend",
   "obj_location": [
    0.37818071051190383,
    0.431967868159048
   ],
   "obj_pose": [
    [
     -0.4141059039161483,
     -0.762247155565225,
     -0.4974892960654004
    ],
    [
     0.4406591777746688,
     0.31035207994967284,
     -0.8423188415551615
    ],
    [
     0.796451985836029,
     -0.568032443523407,
     0.20737257599830627
    ]
   ],
   "obj_scale": 0.6149023726495024,
   "obj_color": {
    "type": "random-mono",
    "color": [
     [
      0.4545494975713479,
      0.4768656290749738,
      0.2900336314342821
     ],
     [
      0.8506441378854857,
      0.8766852970760479,
      0.6586671431831348
     ],
     [
      0.6249724031795081,
      0.6629052843893846,
      0.3453289171970346
     ],
     [
      0.6092262391990866,
      0.6344191824392982,
      0.42350234359325856
     ]
    ],
    "randomness": 0.4352955156161239,
    "scale": 3.322344030892046,
    "specular": 0.7483946082802304,
    "roughness": 0.15347939608561606,
    "clever": false
   }
  },
  {
   "obj_subpath": "Cone Hourglass/Cone Hourglass/Cone Hourglass.blend",
   "obj_location": [
    -0.4538228179868362,
    0.2920871821749478
   ],
   "obj_pose": [
    [
     0.2344367094103365,
     0.9721313847833807,
     0.0
    ],
    [
     -0.9721313847833807,
     0.2344367094103365,
     0.0
    ],
    [
     0.0,
     0.0,
     1.0
    ]
   ],
   "obj_scale": 0.6162333632838733,
   "obj_color": {
    "type": "random-mono",
    "color": [
     [
      0.3399259735631387,
      0.12618946287311378,
      0.3842765485629451
     ],
     [
      0.14882790907834942,
      0.08543548144459906,
      0.16198191167301074
     ]
    ],
    "randomness": 0.8335648953155766,
    "scale": 2.9811313263618375,
    "specular": 0.8764511759508401,
    "roughness": 0.20404408741343916,
    "clever": false
   }
  }
 ],
 "camera": {
  "track_to_point": [
   [
    -0.25919506816830995,
    -0.05931686533609676,
    0.0
   ],
   [
    -0.15274245124820465,
    -0.05781491794949545,
    0.0
   ],
   [
    -0.19322843074344132,
    0.10435430832509451,
    0.0
   ],
   [
    -0.015464450185603773,
    0.20477584748807207,
    0.0
   ],
   [
    -0.1861323238721735,
    0.15073122175637493,
    0.0
   ],
   [
    -0.11645186465384053,
    0.16357414439964252,
    0.0
   ],
   [
    -0.19139632791949973,
    0.13798290331457294,
    0.0
   ],
   [
    -0.13301953693569987,
    0.09723011163270359,
    0.0
   ],
   [
    -0.21097389488140716,
    0.059007894344982104,
    0.0
   ],
   [
    -0.23943851769615226,
    0.039465113890533976,
    0.0
   ],
   [
    -0.05770516677988971,
    0.19151466255454455,
    0.0
   ],
   [
    -0.04281300543382263,
    -0.00869700725398645,
    0.0
   ],
   [
    -0.09866801060169694,
    0.10524306679473128,
    0.0
   ],
   [
    -0.17441960349746038,
    0.04935242535113131,
    0.0
   ],
   [
    -0.13333482921049353,
    0.07539230883144138,
    0.0
   ],
   [
    -0.02150882731827869,
    -0.0024064046147897478,
    0.0
   ],
   [
    -0.20432008224535542,
    0.18008486707488972,
    0.0
   ],
   [
    -0.10211852432073806,
    0.002016191565473391,
    0.0
   ],
   [
    -0.17236402063931502,
    -0.004460458388830968,
    0.0
   ],
   [
    -0.16071924254659647,
    0.020078899539190398,
    0.0
   ],
   [
    -0.14155142510279645,
    0.15413804275182152,
    0.0
   ],
   [
    -0.031231429708958036,
    -0.05016393076512188,
    0.0
   ],
   [
    0.007247109974810262,
    0.20419147935778456,
    0.0
   ],
   [
    -0.1965899977438349,
    0.0439094708102469,
    0.0
   ],
   [
    -0.015656386246790666,
    0.07283722457019284,
    0.0
   ]
  ],
  "positions": [
   [
    1.2844290739978794,
    0.2398084010761628,
    0.5205438964704521
   ],
   [
    1.421443469054969,
    -0.01850831323414719,
    0.497860024821912
   ],
   [
    0.20546256328159238,
    1.2939647163863457,
    0.5761084883490534
   ],
   [
    -1.3279728665125983,
    -0.41345638120757894,
    0.46732823096238674
   ],
   [
    1.2204670629453611,
    -0.6706944638574663,
    0.48135834091935303
   ],
   [
    1.2082742101693302,
    -0.7341241663467271,
    0.4932239381529345
   ],
   [
    -0.6412789639339253,
    -1.3352487835380291,
    0.5706580615432434
   ],
   [
    1.2872807427757098,
    -0.22356182271940075,
    0.4851985571102379
   ],
   [
    -1.1653903615599879,
    0.778858457338794,
    0.6095586305106219
   ],
   [
    -0.008254232969454642,
    -1.3807281530418591,
    0.4702820862784049
   ],
   [
    0.917116118216016,
    -0.9770821437137683,
    0.5234685138641334
   ],
   [
    0.8768683126921708,
    -1.0977056054165877,
    0.5226574848077039
   ],
   [
    -1.3048364478182153,
    -0.2783327675911032,
    0.5135296665539545
   ],
   [
    -1.3910225611016385,
    -0.08137524267680402,
    0.6461912403693871
   ],
   [
    -0.9250995956113635,
    -1.1686741138524683,
    0.5116526051623626
   ],
   [
    1.2446553015509312,
    -0.438471628837413,
    0.5437855442790468
   ],
   [
    -1.1654670679755526,
    -0.6275801429535787,
    0.5203559780840206
   ],
   [
    0.2571584676472447,
    1.370834265764852,
    0.5572759523603841
   ],
   [
    -1.1666730759225032,
    -0.5958351393504318,
    0.531941653386231
   ],
   [
    1.3022032418572098,
    -0.005997511996648577,
    0.5533086837630024
   ],
   [
    -1.4420869296554606,
    0.08405402976712716,
    0.4732718446839146
   ],
   [
    -0.3668438146932149,
    1.2577718335140937,
    0.5564102871410157
   ],
   [
    -1.1990518529042993,
    -0.8723602904339681,
    0.5488895079066329
   ],
   [
    1.0637369875432159,
    0.8481209907545032,
    0.504299082890036
   ],
   [
    1.282746142141552,
    0.5507834761761621,
    0.5522596630086946
   ]
  ]
 },
 "appearance_assets": {
  "floor_pbr": "Fabric025",
  "background_hdr": "moonlit_golf_4k.hdr"
 },
 "environment_strength": 0.4513643867718069
}