{
 "objects": [
  {
   "obj_subpath": "chair/chair_038/chair_038.blend",
   "obj_location": [
    0.4157970144662786,
    -0.26955314264693375
   ],
   "obj_pose": [
    [
     -0.01931221544916011,
     0.10398268509050296,
     0.9943915785716223
    ],
    [
     0.0910326897445457,
     -0.9902630890528149,
     0.10531894588013428
    ],
    [
     0.9956606030464172,
     0.09255608171224594,
     0.009658349677920341
    ]
   ],
   "obj_scale": 0.6376654371708987,
   "obj_color": {
    "type": "random-mono",
    "color": [
     [
      0.8904010172911204,
      0.8222703941742056,
      0.7732339354906933
     ],
     [
      0.7921050688867847,
      0.4543624029685983,
      0.21127488189109578
     ],
     [
      0.12515408432819636,
      0.09236058957689208,
      0.06875773997869034
     ]
    ],
    "randomness": 0.588477830215036,
    "scale": 3.7913370974343215,
    "specular": 0.6859471780779407,
    "roughness": 0.17481012385975853,
    "clever": false
   }
  },
  {
   "obj_subpath": "orange/orange_014/orange_014.blend",
   "obj_location": [
    -0.44788839212008535,
    -0.12079734637807149
   ],
   "obj_pose": [
    [
     -0.9173180738162171,
     0.39750933398951577,
     0.02266936366914227
    ],
    [
     -0.38669105623141514,
     -0.9030246438884458,
     0.18712692366693404
    ],
    [
     0.09485568851232529,
     0.16288886964321136,
     0.9820741415023804
    ]
   ],
   "obj_scale": 0.6493106631939124,
   "obj_color": {
    "type": "random-mono",
    "color": [
     [
      0.10259674865542806,
      0.20486314650673287,
      0.3354963694513328
     ],
     [
      0.7861063296780083,
      0.8353644599328702,
      0.8982858930391152
     ]
    ],
    "randomness": 0.6600722342793909,
    "scale": 3.5176195916020383,
    "specular": 0.6477685675381573,
    "roughness": 0.11875224850633344,
    "clever": true
   }
  },
  {
   "obj_subpath": "Circular Array Cube/Circular Array Cube/Circular Array Cube.blend",
   "obj_location": [
    -0.017727723703799603,
    0.4329969433927455
   ],
   "obj_pose": [
    [
     0.8974472318980025,
     -0.441121826663126,
     0.0
    ],
    [
     0.441121826663126,
     0.8974472318980025,
     0.0
    ],
    [
     0.0,
     0.0,
     1.0
    ]
   ],
   "obj_scale": 0.6350592979083776,
   "obj_color": {
    "type": "random-multi",
    "color": [
     [
      0.0991481928578134,
      0.10049338962228524,
      0.6159978282604406
     ],
     [
      0.5240445505346337,
      0.10995617006571429,
      0.07950342598233806
     ],
     [
      0.24731839265101999,
      0.6167219348303103,
      0.042014378144403564
     ]
    ],
    "randomness": 2.471653773671311,
    "scale": 0.5399442391493896,
    "specular": 0.84418920067147,
    "roughness": 0.20997246224994698,
    "clever": false
   }
  }
 ],
 "camera": {
  "track_to_point": [
   [
    -0.027400268951799162,
    -0.08305602139965214,
    0.0
   ],
   [
    0.06883174521199602,
    -0.11746094381461485,
    0.0
   ],
   [
    -0.014762015014812547,
    -0.04317952638939416,
    0.0
   ],
   [
    0.014315894496305947,
    -0.0903586801178257,
    0.0
   ],
   [
    0.03234021851744358,
    -0.009695081149395565,
    0.0
   ],
   [
    -0.14230271033429098,
    0.10446011300760051,
    0.0
   ],
   [
    0.055793806980001734,
    0.13052605754124313,
    0.0
   ],
   [
    -0.13666214505607718,
    -0.09492994881483141,
    0.0
   ],
   [
    0.11446470579085118,
    -0.09783916508779218,
    0.0
   ],
   [
    0.10522208394179623,
    0.014477663894386658,
    0.0
   ],
   [
    -0.1405981545580381,
    -0.032489281809414065,
    0.0
   ],
   [
    0.12282084630558472,
    -0.0018344748938137392,
    0.0
   ],
   [
    0.037009745323684076,
    0.012497671557387827,
    0.0
   ],
   [
    0.03299015721712677,
    -0.039288523557479214,
    0.0
   ],
   [
    -0.06271184910232817,
    0.06833448321990117,
    0.0
   ],
   [
    0.018255718302241524,
    0.10167227769520275,
    0.0
   ],
   [
    -0.060883129379897566,
    0.0005473609983736392,
    0.0
   ],
   [
    -0.16389377593268767,
    -0.1325423745550656,
    0.0
   ],
   [
    0.12519888342429586,
    0.08198880923709896,
    0.0
   ],
   [
    -0.020022478544525425,
    0.008929906702291527,
    0.0
   ],
   [
    0.052786515974857964,
    -0.12122252694184042,
    0.0
   ],
   [
    -0.12339053197210327,
    0.10064402649135774,
    0.0
   ],
   [
    -0.08392169675433758,
    -0.12277006886105453,
    0.0
   ],
   [
    0.04486375901127147,
    0.1568668251824411,
    0.0
   ],
   [
    -0.0712708125239492,
    0.060557565346752336,
    0.0
   ]
  ],
  "positions": [
   [
    -1.4706061122512035,
    0.19517417322033534,
    0.48295402735995646
   ],
   [
    0.9989800165894218,
    0.9308982173879408,
    0.47332607347990285
   ],
   [
    0.9091792851694299,
    1.156202991178216,
    0.5266358674467003
   ],
   [
    -0.4991374319236362,
    -1.3983108253104746,
    0.6228054165702732
   ],
   [
    -1.28199604362074,
    -0.5906475980622318,
    0.4627695265539496
   ],
   [
    0.8525890841623549,
    1.2198581980609506,
    0.5371224539852207
   ],
   [
    -1.1178017818626131,
    0.9988816188829372,
    0.5996893208429953
   ],
   [
    -0.24040603344486094,
    -1.3395047777056808,
    0.5692371517040639
   ],
   [
    1.2736960025882171,
    0.7580657756013515,
    0.6499886002944935
   ],
   [
    0.5037949726284027,
    1.2434330409036516,
    0.5529011954794459
   ],
   [
    -1.0946648076546386,
    0.9319056151547177,
    0.5932626173534492
   ],
   [
    0.6396619389132764,
    -1.2661394805929884,
    0.6226352918199876
   ],
   [
    1.127341931372046,
    0.6496346353859925,
    0.6283190111647474
   ],
   [
    -0.7717282630009669,
    -1.2383069567637308,
    0.6324108422061667
   ],
   [
    0.3017961268079331,
    -1.359691898938575,
    0.5592207851839968
   ],
   [
    1.1938353213295618,
    0.5425442116440329,
    0.5423371442161471
   ],
   [
    0.32900649678053534,
    -1.292003084110562,
    0.6382377080807013
   ],
   [
    -0.7387264330454847,
    -1.072565808755585,
    0.6242258740011302
   ],
   [
    0.627390256807586,
    1.172101236502959,
    0.6450550900547168
   ],
   [
    0.24894275365436294,
    -1.3948169190575337,
    0.5801370781611682
   ],
   [
    1.1099301019121168,
    0.7221780310797954,
    0.634318317703723
   ],
   [
    -1.3411753512963824,
    -0.027541307410049096,
    0.4595341615473616
   ],
   [
    0.47168728275282695,
    1.4066278837689326,
    0.5262787975908361
   ],
   [
    -1.4018658531061832,
    -0.01271729473735142,
    0.5583454791247662
   ],
   [
    -1.3303876418555949,
    -0.6912400528659329,
    0.5404733744369603
   ]
  ]
 },
 "appearance_assets": {
  "floor_pbr": "Planks013",
  "background_hdr": "umhlanga_sunrise_4k.hdr"
 },
 "environment_strength": 0.528062806182516
}