{
 "objects": [
  {
   "obj_subpath": "chair/chair_102/chair_102.blend",
   "obj_location": [
    -0.17606898775581503,
    0.27443215077179917
   ],
   "obj_pose": [
    [
     0.8124320763842645,
     -0.5830558940975542,
     -5.816939013140192e-07
    ],
    [
     0.5830558940975542,
     0.8124320763842645,
     -1.9225381752428866e-06
    ],
    [
     1.5935339661155012e-06,
     1.2227716297275038e-06,
     1.0
    ]
   ],
   "obj_scale": 0.663522197670497,
   "obj_color": {
    "type": "random-mono",
    "color": [
     [
      0.44963841523977527,
      0.6727907475412,
      0.44428184886028776
     ],
     [
      0.2714076620509054,
      0.5960157826117514,
      0.26361574283961
     ]
    ],
    "randomness": 0.4244277037761023,
    "scale": 4.178625454278625,
    "specular": 0.7090889602503627,
    "roughness": 0.28807683622167757,
    "clever": false
   }
  },
  {
   "obj_subpath": "airplane/airplane_024/airplane_024.blend",
   "obj_location": [
    0.047185492728464284,
    -0.42011986412006797
   ],
   "obj_pose": [
    [
     -0.8659023354734677,
     0.4899023249463161,
     0.10103891630463911
    ],
    [
     -0.49892086798873153,
     -0.8313528181487584,
     -0.24480697371620477
    ],
    [
     -0.0359325185418129,
     -0.26238933205604553,
     0.9642928242683411
    ]
   ],
   "obj_scale": 0.6676356321849798,
   "obj_color": {
    "type": "random-multi",
    "color": [
     [
      0.10129911503829814,
      0.5108112889336666,
      0.20196244262115465
     ],
     [
      0.6283436116410013,
      0.8079667616513813,
      0.20428020244283895
     ],
     [
      0.6060787040735778,
      0.012516078384687601,
      0.14390222185880702
     ],
     [
      0.9601123481050866,
      0.07477123495395332,
      0.5592635573800442
     ]
    ],
    "randomness": 1.4620378966161724,
    "scale": 0.5432432707399635,
    "specular": 0.6742685725336509,
    "roughness": 0.21922778680447963,
    "clever": true
   }
  },
  {
   "obj_subpath": "Infinity Icosphere/Infinity Icosphere/Infinity Icosphere.blend",
   "obj_location": [
    0.4543844262936473,
    0.2438494445406797
   ],
   "obj_pose": [
    [
     0.5635379046485215,
     -0.8260902069534258,
     0.0
    ],
    [
     0.8260902069534258,
     0.5635379046485215,
     0.0
    ],
    [
     0.0,
     0.0,
     1.0
    ]
   ],
   "obj_scale": 0.6967148136000068,
   "obj_color": {
    "type": "random-mono",
    "color": [
     [
      0.5958397325499547,
      0.4203410128505361,
      0.36742283540539233
     ],
     [
      0.44318216131685195,
      0.2995368348479913,
      0.2562234198654548
     ],
     [
      0.06490905521110688,
      0.04595674044376431,
      0.04024204373502374
     ]
    ],
    "randomness": 0.15487937412425412,
    "scale": 3.060929435808422,
    "specular": 0.7674953145872971,
    "roughness": 0.2760661678450734,
    "clever": true
   }
  }
 ],
 "camera": {
  "track_to_point": [
   [
    0.015027586553385763,
    0.012830553287903217,
    0.0
   ],
   [
    0.19210269216403605,
    -0.10087872452312033,
    0.0
   ],
   [
    -0.030984730332344723,
    0.04224870897236337,
    0.0
   ],
   [
    0.08217894604466078,
    0.05813618405822737,
    0.0
   ],
   [
    0.22679101999049942,
    0.07422459908885465,
    0.0
   ],
   [
    0.04054546055116691,
    0.165701407665226,
    0.0
   ],
   [
    0.2047326304050677,
    0.07811472684379997,
    0.0
   ],
   [
    0.0035410124588866193,
    0.09136587191288051,
    0.0
   ],
   [
    0.0172191218609081,
    0.17450346994975974,
    0.0
   ],
   [
    0.18040793146169867,
    0.16046886293618606,
    0.0
   ],
   [
    0.14757423863795158,
    0.07733169047435251,
    0.0
   ],
   [
    0.05103188609064359,
    0.1202419694724147,
    0.0
   ],
   [
    0.18346352730679577,
    0.009388023372548952,
    0.0
   ],
   [
    0.12320619542556363,
    0.09128204405573812,
    0.0
   ],
   [
    0.07052028471157516,
    -0.04815526093782884,
    0.0
   ],
   [
    0.129632376511985,
    0.03273279478529225,
    0.0
   ],
   [
    -0.019888071120647638,
    0.10549497752345416,
    0.0
   ],
   [
    -0.006652154562231213,
    -0.11595866694380857,
    0.0
   ],
   [
    0.1914880281257816,
    0.06028052797848512,
    0.0
   ],
   [
    0.10741042328959069,
    0.07881647552807713,
    0.0
   ],
   [
    0.02339150290323906,
    -0.10204601159626506,
    0.0
   ],
   [
    -0.01535778967859136,
    0.1295279094366737,
    0.0
   ],
   [
    0.24267963399406858,
    -0.08488994341818448,
    0.0
   ],
   [
    -0.01519171380651721,
    -0.11203938608431824,
    0.0
   ],
   [
    0.07177209737674528,
    -0.1049020529063231,
    0.0
   ]
  ],
  "positions": [
   [
    0.34859856294708685,
    1.451349210796575,
    0.5616910742447393
   ],
   [
    0.898502556508556,
    -1.0263644293227872,
    0.4956296876846757
   ],
   [
    -1.1734313524346514,
    -0.6117859776442748,
    0.5196664065399987
   ],
   [
    -0.7879558736164828,
    1.2439881358942297,
    0.49753443144648274
   ],
   [
    -0.8066260285499346,
    1.128263621848257,
    0.5317023546732356
   ],
   [
    -1.3012253123675344,
    -0.0212482784647116,
    0.541505515891142
   ],
   [
    1.1939552170651446,
    0.5202440857955211,
    0.6395031100900026
   ],
   [
    1.3581596415871553,
    0.14356092702698223,
    0.6464869469388554
   ],
   [
    1.384295910930137,
    0.09786599504184379,
    0.4858727916600937
   ],
   [
    0.40070713665133106,
    -1.3112346307472096,
    0.5882575751333686
   ],
   [
    1.2650560685234866,
    0.7495717675448139,
    0.580326377980861
   ],
   [
    0.41897289372527274,
    -1.417722616049395,
    0.4532032570169357
   ],
   [
    -0.2922011113904362,
    -1.3311463456533612,
    0.6234784524977703
   ],
   [
    1.3055219355964753,
    -0.6323388999785807,
    0.5334237527926106
   ],
   [
    -1.2283456373884534,
    -0.5465640940559326,
    0.5705655357281267
   ],
   [
    -1.3681177621530212,
    -0.20328440668130168,
    0.6348198689446136
   ],
   [
    0.059489744017983494,
    1.4645424874380755,
    0.516441472363288
   ],
   [
    -1.368145053968359,
    -0.08610340734994229,
    0.45503537436549585
   ],
   [
    -0.5725126008786563,
    -1.1983700528863945,
    0.5890894087810581
   ],
   [
    1.3259244422276135,
    0.5949006577662903,
    0.5548041472713272
   ],
   [
    -1.2456413394230819,
    -0.7813358329240486,
    0.47018588698477476
   ],
   [
    1.4116799129053186,
    -0.01799675573629394,
    0.6350292714242564
   ],
   [
    -0.2596483228218388,
    1.3150707650125566,
    0.473798080622824
   ],
   [
    0.11810324220652801,
    1.3459834817548608,
    0.5215067177551737
   ],
   [
    -0.8738369293061021,
    -0.986407016171837,
    0.5985978849309472
   ]
  ]
 },
 "appearance_assets": {
  "floor_pbr": "Carpet006",
  "background_hdr": "childrens_hospital_4k.hdr"
 },
 "environment_strength": 0.5638043928951096
}