{
 "objects": [
  {
   "obj_subpath": "keyboard/keyboard_000/keyboard_000.blend",
   "obj_location": [
    0.22871464199217661,
    -0.4499545302081558
   ],
   "obj_pose": [
    [
     0.8071281393130647,
     -0.5901379014882993,
     -0.01677446037778885
    ],
    [
     0.590376255620855,
     0.8068022702717162,
     0.022933074564719214
    ],
    [
     -3.872425047291017e-09,
     -0.02841317281126976,
     0.9995962381362915
    ]
   ],
   "obj_scale": 0.6625755351670007,
   "obj_color": {
    "type": "random-multi",
    "color": [
     [
      0.055507743500629925,
      0.34124254787889463,
      0.8311480543434152
     ],
     [
      0.0024030874041097716,
      0.8020265012081269,
      0.21497826795850902
     ],
     [
      0.2899734092659532,
      0.5663323726295447,
      0.10693812294928573
     ],
     [
      0.5307848457413196,
      0.6328450692290889,
      0.06803142259597361
     ]
    ],
    "randomness": 3.3705548801487617,
    "scale": 0.673542969920806,
    "specular": 0.8354160967954762,
    "roughness": 0.1663043973494498,
    "clever": false
   }
  },
  {
   "obj_subpath": "screwdriver/screwdriver_038/screwdriver_038.blend",
   "obj_location": [
    0.42205354084684443,
    0.1277615264445482
   ],
   "obj_pose": [
    [
     -0.4193008287166172,
     0.8948364459958595,
     -0.15314884682988916
    ],
    [
     -0.8231421723284055,
     -0.44588262955501107,
     -0.35160444164372384
    ],
    [
     -0.38291487097740173,
     -0.02136475406587124,
     0.9235365390777588
    ]
   ],
   "obj_scale": 0.6191658507036137,
   "obj_color": {
    "type": "random-mono",
    "color": [
     [
      0.2851491557154609,
      0.12707838927217646,
      0.24262064490807433
     ],
     [
      0.7959612715659201,
      0.42599845053736085,
      0.6964237784135121
     ],
     [
      0.6658781303862223,
      0.1906962869322527,
      0.5380317447481993
     ],
     [
      0.8586749367823657,
      0.7680301507843562,
      0.8342872030622742
     ]
    ],
    "randomness": 0.31106059437021316,
    "scale": 2.757930271738441,
    "specular": 0.762451977510908,
    "roughness": 0.17796971239088222,
    "clever": false
   }
  },
  {
   "obj_subpath": "Ring of Rings/Ring of Rings/Ring of Rings.blend",
   "obj_location": [
    -0.37409538090123906,
    -0.29187157348154225
   ],
   "obj_pose": [
    [
     -0.6831716955244224,
     0.7302577862880245,
     0.0
    ],
    [
     -0.7302577862880245,
     -0.6831716955244224,
     0.0
    ],
    [
     0.0,
     0.0,
     1.0
    ]
   ],
   "obj_scale": 0.689278923234273,
   "obj_color": {
    "type": "random-mono",
    "color": [
     [
      0.6496375191953836,
      0.833103152998272,
      0.5032623231716924
     ],
     [
      0.1924413606934129,
      0.3114233934756104,
      0.09751340055836749
     ],
     [
      0.7762773584263035,
      0.8626158813559326,
      0.7073935137723328
     ],
     [
      0.18980259596860008,
      0.2941831041887701,
      0.10652423459332999
     ]
    ],
    "randomness": 0.7255820197667726,
    "scale": 3.209322369726964,
    "specular": 0.7877758250772227,
    "roughness": 0.11107351252106197,
    "clever": false
   }
  }
 ],
 "camera": {
  "track_to_point": [
   [
    0.07079994327707091,
    -0.18888360810697494,
    0.0
   ],
   [
    0.08181108108467693,
    -0.09777200244011008,
    0.0
   ],
   [
    -0.056495708458157504,
    -0.17274019269587948,
    0.0
   ],
   [
    0.18190416643389523,
    -0.09017741084119857,
    0.0
   ],
   [
    -0.022909257826667487,
    -0.18480935674958762,
    0.0
   ],
   [
    -0.02665330598717977,
    -0.1785874242634622,
    0.0
   ],
   [
    0.019937248322550283,
    -0.12361617997475421,
    0.0
   ],
   [
    0.1426261277107701,
    -0.30141594087431517,
    0.0
   ],
   [
    0.22234099495997245,
    -0.18763144469429338,
    0.0
   ],
   [
    0.10683611868136743,
    -0.24329917181374883,
    0.0
   ],
   [
    0.20610954105492008,
    -0.061797080365654455,
    0.0
   ],
   [
    -0.003252948611789666,
    -0.15594320444691165,
    0.0
   ],
   [
    0.19031794970744703,
    -0.10630743168849335,
    0.0
   ],
   [
    0.14198191939445803,
    -0.12089582577822405,
    0.0
   ],
   [
    0.1689254013770008,
    -0.106163431361807,
    0.0
   ],
   [
    0.17646863134311275,
    -0.12332915421894353,
    0.0
   ],
   [
    0.07686270667572644,
    -0.2923666437552389,
    0.0
   ],
   [
    -0.01625256748272809,
    -0.3253623312805648,
    0.0
   ],
   [
    0.010728329091289193,
    -0.1847025685454481,
    0.0
   ],
   [
    0.17860317099615292,
    -0.1697891504810887,
    0.0
   ],
   [
    0.016192900440806055,
    -0.09569530165433282,
    0.0
   ],
   [
    0.1399429011003005,
    -0.24742386414183193,
    0.0
   ],
   [
    0.13157882682797195,
    -0.05766476631860595,
    0.0
   ],
   [
    0.11271869035084818,
    -0.2106494332462537,
    0.0
   ],
   [
    0.16066130911005394,
    -0.11402551389260379,
    0.0
   ]
  ],
  "positions": [
   [
    0.4263816544253568,
    1.3176209703473958,
    0.5373558094468256
   ],
   [
    0.8262398855047882,
    1.2471127315664814,
    0.5104491287102849
   ],
   [
    -1.037609672834486,
    -0.8852367351255361,
    0.5163978699617991
   ],
   [
    -1.035589865221771,
    -0.9971758578299608,
    0.5870697020241136
   ],
   [
    -1.0653406948364186,
    -0.9507337730928067,
    0.6490300830572123
   ],
   [
    1.283761707545279,
    -0.35044767596552756,
    0.49372959126816973
   ],
   [
    -0.8205891437460747,
    -1.1058491546447504,
    0.6224542073258265
   ],
   [
    0.17639146510687148,
    1.3408813315736008,
    0.5838832503465798
   ],
   [
    -0.3102961575787912,
    1.3873655297970255,
    0.5755694842503698
   ],
   [
    0.7558521715248718,
    -1.0719989879280087,
    0.6348251783802805
   ],
   [
    1.335851064060043,
    -0.25274238795662857,
    0.4985530137695472
   ],
   [
    -0.469829777315263,
    1.3978635263523762,
    0.5895161888340201
   ],
   [
    -0.3969894034292849,
    -1.3142706489163785,
    0.6394015283328459
   ],
   [
    1.3239816973683511,
    0.046795095937485064,
    0.4944086227507851
   ],
   [
    1.30127837671121,
    -0.20463123744969897,
    0.6263821749634866
   ],
   [
    -0.2757315531260851,
    -1.326833752665807,
    0.45624617297767744
   ],
   [
    -0.028069496143179856,
    1.4669340213670554,
    0.6310141881157432
   ],
   [
    0.9769473444098618,
    0.9109253378078729,
    0.5626652220677519
   ],
   [
    -1.159488392255644,
    -0.7356949087671133,
    0.5460655537737942
   ],
   [
    -1.026568853822341,
    -1.0400349003394778,
    0.5200693301465006
   ],
   [
    0.8421273386548339,
    1.1157215248227885,
    0.5813858197264974
   ],
   [
    1.1922718761763391,
    -0.6055192604901214,
    0.6227602000013359
   ],
   [
    -0.7929879487664255,
    1.2388762828243411,
    0.518032522580389
   ],
   [
    0.011025347462880775,
    -1.3151010687772058,
    0.5997289036300522
   ],
   [
    -0.0226042283988124,
    -1.4523390024732679,
    0.6435250866807412
   ]
  ]
 },
 "appearance_assets": {
  "floor_pbr": "Planks013",
  "background_hdr": "hotel_room_4k.hdr"
 },
 "environment_strength": 0.640906802046946
}