{
 "objects": [
  {
   "obj_subpath": "sandwich/sandwich_005/sandwich_005.blend",
   "obj_location": [
    -0.49010272418809975,
    -0.0911774699231701
   ],
   "obj_pose": [
    [
     0.841541375899985,
     -0.5401926411310063,
     -3.357166772102184e-08
    ],
    [
     0.5401926411310063,
     0.841541375899985,
     -1.2336821801199613e-08
    ],
    [
     3.4916208591084796e-08,
     -7.753222064366128e-09,
     1.0
    ]
   ],
   "obj_scale": 0.6060050555559675,
   "obj_color": {
    "type": "random-mono",
    "color": [
     [
      0.08960745106947529,
      0.11685070503197796,
      0.03432295392802438
     ],
     [
      0.5582807681078001,
      0.6584506285434647,
      0.35500694587873516
     ],
     [
      0.40327810515511026,
      0.5290184812180483,
      0.14811425906739895
     ]
    ],
    "randomness": 0.9357697862690055,
    "scale": 2.4112507937672945,
    "specular": 0.7607143476715842,
    "roughness": 0.1528457852896507,
    "clever": false
   }
  },
  {
   "obj_subpath": "chair/chair_142/chair_142.blend",
   "obj_location": [
    0.17217843442803826,
    0.13183683482196284
   ],
   "obj_pose": [
    [
     -0.5749535683013718,
     -0.818186048632157,
     -0.00014805759962529613
    ],
    [
     0.818186048632157,
     -0.5749535683013718,
     -0.00012075708271198269
    ],
    [
     1.3675510672328528e-05,
     -0.00019056837481912225,
     1.0
    ]
   ],
   "obj_scale": 0.6270896226746997,
   "obj_color": {
    "type": "random-mono",
    "color": [
     [
      0.6277185086553003,
      0.6283293478337486,
      0.8565708103328085
     ],
     [
      0.20990507190887975,
      0.21066034742336381,
      0.49287077874094365
     ],
     [
      0.263338974151971,
      0.26378901599491494,
      0.4319481846327832
     ],
     [
      0.21196206234609588,
      0.21252403102883094,
      0.42250492051916705
     ]
    ],
    "randomness": 0.08349629225118249,
    "scale": 3.4608498991442134,
    "specular": 0.7940661587991562,
    "roughness": 0.2107255068424524,
    "clever": false
   }
  },
  {
   "obj_subpath": "Extrudy Sphere Rings/Extrudy Sphere Rings/Extrudy Sphere Rings.blend",
   "obj_location": [
    0.4826189213225567,
    -0.40722851622662637
   ],
   "obj_pose": [
    [
     0.20380650943055853,
     -0.9790111882474744,
     0.0
    ],
    [
     0.9790111882474744,
     0.20380650943055853,
     0.0
    ],
    [
     0.0,
     0.0,
     1.0
    ]
   ],
   "obj_scale": 0.6973522500390533,
   "obj_color": {
    "type": "random-multi",
    "color": [
     [
      0.048316536378211726,
      0.8183991326597315,
      0.023046182051745356
     ],
     [
      0.5553916854580478,
      0.10275591472140155,
      0.6295149727318616
     ],
     [
      0.9514078105370667,
      0.7246828678534081,
      0.09670338287923363
     ],
     [
      0.08547906274447692,
      0.2759321711204097,
      0.5903101322229601
     ]
    ],
    "randomness": 1.431530900464676,
    "scale": 0.8665872172011545,
    "specular": 0.6083310547141071,
    "roughness": 0.14964620391248357,
    "clever": false
   }
  }
 ],
 "camera": {
  "track_to_point": [
   [
    -0.07409660407386204,
    -0.18295648123374952,
    0.0
   ],
   [
    -0.042513728343431124,
    -0.24789061292995634,
    0.0
   ],
   [
    -0.08380944882252311,
    -0.2081076509941565,
    0.0
   ],
   [
    -0.056253453865686816,
    -0.2341225487964717,
    0.0
   ],
   [
    0.1309062882200566,
    -0.19108480822537993,
    0.0
   ],
   [
    0.1045678715152954,
    -0.14719489532856567,
    0.0
   ],
   [
    0.13551888967732872,
    -0.05666442506766191,
    0.0
   ],
   [
    -0.02345476471418139,
    -0.04083362923345922,
    0.0
   ],
   [
    0.17203750707550058,
    -0.06707728137018197,
    0.0
   ],
   [
    0.1376416746327819,
    -0.25188046315386997,
    0.0
   ],
   [
    0.13166871978322722,
    0.0044896675847811846,
    0.0
   ],
   [
    0.049428078894738846,
    -0.1925415128369019,
    0.0
   ],
   [
    0.0022099767977910648,
    -0.138512407729253,
    0.0
   ],
   [
    0.12452806491911772,
    -0.13394373817974176,
    0.0
   ],
   [
    0.06849218308805055,
    -0.019223764307282523,
    0.0
   ],
   [
    0.07131017097445705,
    -0.003941640214311495,
    0.0
   ],
   [
    0.14685622055865363,
    -0.17661783144914606,
    0.0
   ],
   [
    0.03594703210577809,
    -0.04596554049971048,
    0.0
   ],
   [
    0.16629433682487144,
    -0.2129771374870336,
    0.0
   ],
   [
    0.05464821837393976,
    -0.022331470762536124,
    0.0
   ],
   [
    0.1766112681129623,
    -0.006993041860456364,
    0.0
   ],
   [
    0.15498030585172257,
    -0.19590639779315017,
    0.0
   ],
   [
    -0.04904639772109535,
    -0.26704846968656853,
    0.0
   ],
   [
    0.010284031133587009,
    -0.14720182287810102,
    0.0
   ],
   [
    0.08382349326494082,
    -0.23239292898538838,
    0.0
   ]
  ],
  "positions": [
   [
    -1.1932146798451313,
    -0.8519981234895415,
    0.5439708948405175
   ],
   [
    -1.1544326548362587,
    -0.8015881083992721,
    0.6353041980417714
   ],
   [
    -1.1039802463895332,
    0.9912826453625996,
    0.47412806483119585
   ],
   [
    -0.9035271141969776,
    1.1641375249406904,
    0.548919843781498
   ],
   [
    -1.350633201464975,
    -0.10561349050289738,
    0.47535205790190144
   ],
   [
    -1.3414283188466223,
    0.21262249140893374,
    0.5098981998731648
   ],
   [
    -0.16418092908283272,
    -1.4755556117478223,
    0.6231094895838172
   ],
   [
    1.2091354826959184,
    0.6324112302522824,
    0.6148008278426966
   ],
   [
    -0.7810147233787287,
    1.0471920316828218,
    0.5392560891176773
   ],
   [
    0.7030569258679437,
    1.1305154963080275,
    0.5421527816722862
   ],
   [
    -1.2862467292708855,
    -0.5651860716973123,
    0.63480222375094
   ],
   [
    1.357673584190187,
    0.046428800332893226,
    0.4858938186055151
   ],
   [
    0.10892787126884149,
    -1.3920433146302673,
    0.6290265462217683
   ],
   [
    -0.5654484334799326,
    -1.2775696600487758,
    0.5756631906462545
   ],
   [
    1.3164512969692552,
    -0.6517788116375175,
    0.6153550571424666
   ],
   [
    -0.9287313079134868,
    1.13755209932793,
    0.5744554268851024
   ],
   [
    -0.4356841854673217,
    -1.3253711470377,
    0.46255525448506735
   ],
   [
    1.0474107322313724,
    0.8555207928453208,
    0.4604436235479533
   ],
   [
    -0.46956970352935357,
    -1.3343967800177272,
    0.47224805093045985
   ],
   [
    0.23782616960846137,
    1.4289082624834923,
    0.5459454856023356
   ],
   [
    -0.1744208352895765,
    -1.3778186515609334,
    0.6397766085290157
   ],
   [
    -1.2441216289067538,
    -0.7635115244170315,
    0.6481449809043512
   ],
   [
    0.8436089322610262,
    -1.002159456012057,
    0.5792664522808324
   ],
   [
    -1.3439599970831793,
    0.280119739994311,
    0.6346605640199834
   ],
   [
    0.8852911014403549,
    -1.0338578548824033,
    0.6483251181731486
   ]
  ]
 },
 "appearance_assets": {
  "floor_pbr": "Carpet008",
  "background_hdr": "kiara_interior_4k.hdr"
 },
 "environment_strength": 0.7041481758332266
}