{
 "objects": [
  {
   "obj_subpath": "octopus/octopus_012/octopus_012.blend",
   "obj_location": [
    -0.4956584648052488,
    -0.34042875287406604
   ],
   "obj_pose": [
    [
     0.5303064260273309,
     0.8344214987572806,
     0.1500526801423517
    ],
    [
     -0.8429723467287771,
     0.5378312401103148,
     -0.011624563566823313
    ],
    [
     -0.09040281176567078,
     -0.12032568454742432,
     0.9886096715927124
    ]
   ],
   "obj_scale": 0.6716948034243404,
   "obj_color": {
    "type": "random-mono",
    "color": [
     [
      0.29480324140316677,
      0.2104197068019295,
      0.18666087355122957
     ],
     [
      0.6147750319110817,
      0.37028820959939573,
      0.3014510641687552
     ],
     [
      0.253716279075281,
      0.17669257445604275,
      0.15500595794907296
     ],
     [
      0.011325933834419976,
      0.007630021088531549,
      0.006589408425721711
     ]
    ],
    "randomness": 0.15738473384589846,
    "scale": 3.5849416021027256,
    "specular": 0.7774984942196401,
    "roughness": 0.10436355407477692,
    "clever": false
   }
  },
  {
   "obj_subpath": "pizza/pizza_018/pizza_018.blend",
   "obj_location": [
    -0.08667382625701692,
    0.3658971566521131
   ],
   "obj_pose": [
    [
     -0.9924210796025439,
     0.12288366542917914,
     1.5740155166567756e-06
    ],
    [
     -0.12288366542917914,
     -0.9924210796025439,
     -5.17884895084864e-06
    ],
    [
     9.256903013010742e-07,
     -5.3330195441958494e-06,
     1.0
    ]
   ],
   "obj_scale": 0.6445614946424965,
   "obj_color": {
    "type": "random-multi",
    "color": [
     [
      0.29556963696918653,
      0.11679048791172653,
      0.6966930793507126
     ],
     [
      0.5407067800357128,
      0.5925240189691657,
      0.039743473917410954
     ],
     [
      0.5373262165484682,
      0.07809809078059915,
      0.2814594263397024
     ]
    ],
    "randomness": 1.0300419227110036,
    "scale": 1.4833172405812909,
    "specular": 0.7245378738187415,
    "roughness": 0.29678036593338486,
    "clever": false
   }
  },
  {
   "obj_subpath": "Cone Wave/Cone Wave/Cone Wave.blend",
   "obj_location": [
    0.3796930288850744,
    -0.46836274330533634
   ],
   "obj_pose": [
    [
     -0.8056383578623142,
     -0.5924076606028266,
     0.0
    ],
    [
     0.5924076606028266,
     -0.8056383578623142,
     0.0
    ],
    [
     0.0,
     0.0,
     1.0
    ]
   ],
   "obj_scale": 0.6229285829764312,
   "obj_color": {
    "type": "random-multi",
    "color": [
     [
      0.6483223896453839,
      0.03516830579946861,
      0.4225557293983836
     ],
     [
      0.7399537793510909,
      0.0855187467513503,
      0.7262391674457682
     ],
     [
      0.12840349645196913,
      0.9365628729547841,
      0.8167035746893617
     ],
     [
      0.6174461058881688,
      0.04495980978423353,
      0.5203656157957564
     ]
    ],
    "randomness": 3.418734199426759,
    "scale": 1.3442116875706258,
    "specular": 0.8259031559435223,
    "roughness": 0.18763477503728143,
    "clever": false
   }
  }
 ],
 "camera": {
  "track_to_point": [
   [
    -0.1874493289438843,
    -0.1788131994979504,
    0.0
   ],
   [
    0.025283296739802077,
    -0.2965049239634906,
    0.0
   ],
   [
    -0.07724740235126888,
    -0.24606841572856764,
    0.0
   ],
   [
    -0.06995746977874646,
    -0.09646287107292273,
    0.0
   ],
   [
    -0.03289938059409518,
    -0.031493821663552385,
    0.0
   ],
   [
    -0.05715288817427032,
    -0.27233293029226935,
    0.0
   ],
   [
    -0.06850752476689122,
    -0.018864830954777118,
    0.0
   ],
   [
    -0.11813371896320927,
    -0.10699148294359256,
    0.0
   ],
   [
    0.031260167478412884,
    -0.054117452853725795,
    0.0
   ],
   [
    -0.20003695673253025,
    -0.051690587126117876,
    0.0
   ],
   [
    0.07096699565108107,
    -0.13789599434106492,
    0.0
   ],
   [
    0.08137349861418876,
    -0.019142532790218242,
    0.0
   ],
   [
    -0.06797609219018742,
    -0.20947958662939492,
    0.0
   ],
   [
    -0.003615995817170134,
    -0.2575335122199178,
    0.0
   ],
   [
    0.05514301428830988,
    -0.2449290086537904,
    0.0
   ],
   [
    -0.051723404385444,
    -0.1429954368105869,
    0.0
   ],
   [
    -0.14477135797231586,
    -0.0313359673707195,
    0.0
   ],
   [
    -0.13913415731138948,
    -0.03656959905805987,
    0.0
   ],
   [
    -0.041760139746212885,
    -0.20782001238173672,
    0.0
   ],
   [
    -0.03721866827726049,
    -0.18304599948158842,
    0.0
   ],
   [
    0.0246179918532914,
    -0.2008898829739051,
    0.0
   ],
   [
    -0.06512108839460244,
    -0.07486785496827592,
    0.0
   ],
   [
    0.002908772349107483,
    -0.2547147586333538,
    0.0
   ],
   [
    0.05632576522474565,
    -0.025055318114652753,
    0.0
   ],
   [
    -0.10442550347472898,
    -0.011844711594069052,
    0.0
   ]
  ],
  "positions": [
   [
    -0.6661493585845605,
    -1.2929706979557505,
    0.4977075415143489
   ],
   [
    1.0944899690334615,
    0.8814191064968159,
    0.4588190790813666
   ],
   [
    -0.7116289096731788,
    1.2219367128970595,
    0.6258388640497047
   ],
   [
    -0.3782929555687884,
    -1.422654880860698,
    0.5313722121944101
   ],
   [
    -1.0282386181744567,
    0.8538922371578558,
    0.518781116561376
   ],
   [
    -0.43324448958786876,
    1.3535805698862704,
    0.6291343945091625
   ],
   [
    -1.428739070142266,
    -0.4474491094288331,
    0.48524599359440396
   ],
   [
    0.4506929773890297,
    -1.3974717178578917,
    0.6462655734048042
   ],
   [
    -1.4057294073961721,
    0.3928883715159133,
    0.6255332232908721
   ],
   [
    -1.267185183355011,
    -0.33951660788890375,
    0.5019472073479392
   ],
   [
    0.29211592281729837,
    1.351556957763425,
    0.6438974809013721
   ],
   [
    1.2076024193128017,
    -0.8292209662278923,
    0.5014436825689977
   ],
   [
    1.1601649010560335,
    -0.7975453070829938,
    0.5642625426512587
   ],
   [
    0.6001353996978354,
    -1.3065413103100303,
    0.6030126245675655
   ],
   [
    -1.3814563015921546,
    0.04079250110082169,
    0.5324973657142942
   ],
   [
    0.07547622584071145,
    1.3970964803111336,
    0.515924611635192
   ],
   [
    -1.3645207329968239,
    0.18104610470099972,
    0.48303673678592896
   ],
   [
    -1.0341991902841754,
    -1.0320602521103601,
    0.49583605172274037
   ],
   [
    -0.41356282649744097,
    -1.4153330458743651,
    0.5918350373275387
   ],
   [
    -1.1191071694239059,
    0.7366614033349426,
    0.6087342248927146
   ],
   [
    -0.040090244518814475,
    1.344446013631419,
    0.4629336476169367
   ],
   [
    -0.7043470569351091,
    -1.218934251777356,
    0.4570067839251699
   ],
   [
    0.15104867938468683,
    -1.3464406828146231,
    0.5189838825458303
   ],
   [
    1.3745910206187197,
    -0.450608711142523,
    0.5597881865672808
   ],
   [
    1.3921041871067361,
    0.3123257566543587,
    0.47343170040512367
   ]
  ]
 },
 "appearance_assets": {
  "floor_pbr": "Planks011",
  "background_hdr": "balcony_4k.hdr"
 },
 "environment_strength": 0.4774783469633035
}