{
 "objects": [
  {
   "obj_subpath": "frog/frog_017/frog_017.blend",
   "obj_location": [
    -0.4792753848502763,
    -0.37482616239101185
   ],
   "obj_pose": [
    [
     0.23026751996466344,
     -0.09714929298911916,
     -0.968265890351162
    ],
    [
     -0.9431164941839857,
     0.22292068151130462,
     -0.24665298483887974
    ],
    [
     0.23980866372585297,
     0.969983696937561,
     -0.04029171168804169
    ]
   ],
   "obj_scale": 0.6509099243772228,
   "obj_color": {
    "type": "random-multi",
    "color": [
     [
      0.09443127678441587,
      0.27738005211946903,
      0.6250227709132768
     ],
     [
      0.3357546742971552,
      0.11262353223491844,
      0.4891015224903424
     ]
    ],
    "randomness": 2.608039175327142,
    "scale": 1.136594732033425,
    "specular": 0.6563113051175324,
    "roughness": 0.20257723388279308,
    "clever": false
   }
  },
  {
   "obj_subpath": "keyboard/keyboard_035/keyboard_035.blend",
   "obj_location": [
    0.11840337565661718,
    0.013070011385353242
   ],
   "obj_pose": [
    [
     -0.6008694057887352,
     0.7993471904318366,
     -2.528740056656706e-08
    ],
    [
     -0.7993471904318366,
     -0.6008694057887352,
     1.9070783736143728e-08
    ],
    [
     4.975187276046178e-11,
     3.167246376278854e-08,
     1.0
    ]
   ],
   "obj_scale": 0.6127069514699537,
   "obj_color": {
    "type": "random-mono",
    "color": [
     [
      0.34598731369454594,
      0.8006217570063721,
      0.7220101606882241
     ],
     [
      0.2865058494648875,
      0.4802187231282125,
      0.44672350856611426
     ],
     [
      0.6307806197265852,
      0.8539955154323499,
      0.8153990572634652
     ],
     [
      0.2625429187353022,
      0.494526552306389,
      0.45441387711649084
     ]
    ],
    "randomness": 0.11449223777023676,
    "scale": 4.291382176110593,
    "specular": 0.6199070833074822,
    "roughness": 0.18174623436843448,
    "clever": false
   }
  },
  {
   "obj_subpath": "Arch Rounded/Arch Rounded/Arch Rounded.blend",
   "obj_location": [
    -0.4238827143919218,
    0.4027657695037491
   ],
   "obj_pose": [
    [
     0.9562995300729917,
     -0.29238879729253503,
     0.0
    ],
    [
     0.29238879729253503,
     0.9562995300729917,
     0.0
    ],
    [
     0.0,
     0.0,
     1.0
    ]
   ],
   "obj_scale": 0.6576468153702693,
   "obj_color": {
    "type": "random-multi",
    "color": [
     [
      0.14788062696004717,
      0.12371260506693749,
      0.6324112639431116
     ],
     [
      0.7707706476698866,
      0.04853728199841978,
      0.36947713253275527
     ],
     [
      0.9159440461950201,
      0.33262252917909424,
      0.1169906801466889
     ],
     [
      0.9040692124671461,
      0.8250448524829092,
      0.16717369977864038
     ]
    ],
    "randomness": 0.42352352799940207,
    "scale": 0.8777081087602756,
    "specular": 0.864239558279372,
    "roughness": 0.17069679004725907,
    "clever": true
   }
  }
 ],
 "camera": {
  "track_to_point": [
   [
    -0.27161554177202196,
    0.07198605043219006,
    0.0
   ],
   [
    -0.18918943781481387,
    0.12104710805764843,
    0.0
   ],
   [
    -0.23041769150819721,
    0.04297805195505017,
    0.0
   ],
   [
    -0.20641279530141982,
    0.020149711025557238,
    0.0
   ],
   [
    -0.38169348714581897,
    0.13862362697436106,
    0.0
   ],
   [
    -0.12902202134677968,
    0.025522366518573175,
    0.0
   ],
   [
    -0.1745951452432254,
    -0.01296295391943171,
    0.0
   ],
   [
    -0.13088082193492703,
    -0.033900952870452375,
    0.0
   ],
   [
    -0.4039992425102954,
    -0.044901460434987175,
    0.0
   ],
   [
    -0.39704043356273055,
    0.007914420686126272,
    0.0
   ],
   [
    -0.12455772245824939,
    0.05559138816350931,
    0.0
   ],
   [
    -0.3919459651238289,
    0.10434024282582027,
    0.0
   ],
   [
    -0.142442794590978,
    0.125404917315229,
    0.0
   ],
   [
    -0.3924197791290043,
    0.03867106533989928,
    0.0
   ],
   [
    -0.14302763825978923,
    0.11178158779890168,
    0.0
   ],
   [
    -0.2449479237319339,
    -0.017426610825948083,
    0.0
   ],
   [
    -0.3243492053465663,
    0.07771473783942306,
    0.0
   ],
   [
    -0.32560594370094464,
    -0.11559351541517435,
    0.0
   ],
   [
    -0.28267389447781743,
    -0.050121013458288705,
    0.0
   ],
   [
    -0.3556847336361779,
    -0.09768251305769396,
    0.0
   ],
   [
    -0.14385289084098143,
    0.04778673612291742,
    0.0
   ],
   [
    -0.3548532030396516,
    -0.13290624454412148,
    0.0
   ],
   [
    -0.3799318032228671,
    -0.1132511724431878,
    0.0
   ],
   [
    -0.31471860882136904,
    -0.047973375835574164,
    0.0
   ],
   [
    -0.19291135581074456,
    -0.09177861036475399,
    0.0
   ]
  ],
  "positions": [
   [
    0.5480590191688506,
    -1.3554395642243264,
    0.48979685130805084
   ],
   [
    0.48554685422765376,
    -1.302558893024266,
    0.48339234523482033
   ],
   [
    1.3525289585461326,
    0.45915207576341627,
    0.5323798743211641
   ],
   [
    1.1601324042917112,
    0.6349952713357921,
    0.5321827265549812
   ],
   [
    -1.4899635950438346,
    0.016215659047642206,
    0.49219118626921177
   ],
   [
    -0.7631573169583806,
    1.1683560569764377,
    0.592782329334042
   ],
   [
    -1.067554724337765,
    0.8813000596849548,
    0.494920365569891
   ],
   [
    -0.48402990381093536,
    1.4134634135238897,
    0.5455267310733504
   ],
   [
    0.9296871189367947,
    1.1753577725897633,
    0.557311475397412
   ],
   [
    0.0205687254623083,
    1.463851695313391,
    0.633425592989882
   ],
   [
    -1.2731344766136627,
    0.7452271770004724,
    0.49858662108067114
   ],
   [
    0.986610923318183,
    -1.0395224758335186,
    0.4534552921557392
   ],
   [
    1.4032465694436924,
    -0.11441710519647673,
    0.5520285670372087
   ],
   [
    -1.065729295979571,
    -0.8133345692956837,
    0.5103143966661858
   ],
   [
    -0.7222120390279022,
    1.2520037123702257,
    0.5777974889166532
   ],
   [
    -1.0766221158274127,
    0.7455007361812724,
    0.5880509348762443
   ],
   [
    -1.4417166391936524,
    0.03197413611116461,
    0.5086780082624058
   ],
   [
    -1.1795717880369916,
    -0.6906913323787234,
    0.5726805342526008
   ],
   [
    0.8074091737117375,
    -1.2536126593329737,
    0.45335843661982433
   ],
   [
    1.419542403304416,
    0.10529702501530004,
    0.4760900060685808
   ],
   [
    -1.2789225390654675,
    0.533832902021334,
    0.5052837892894552
   ],
   [
    0.2245747758691539,
    -1.3967218871056866,
    0.6212193005360898
   ],
   [
    -1.1961078976453436,
    -0.5246399520088942,
    0.5231623839217109
   ],
   [
    -1.3774983878097393,
    0.13152023644554317,
    0.520150052078898
   ],
   [
    0.718591585938712,
    1.098720781666685,
    0.6269499139371512
   ]
  ]
 },
 "appearance_assets": {
  "floor_pbr": "Fabric024",
  "background_hdr": "childrens_hospital_4k.hdr"
 },
 "environment_strength": 0.6239444708778517
}