{
 "objects": [
  {
   "obj_subpath": "piano/piano_011/piano_011.blend",
   "obj_location": [
    0.19599788234141025,
    -0.03625929546151874
   ],
   "obj_pose": [
    [
     -0.4431808465764085,
     -0.4198095437720841,
     -0.7920547007701682
    ],
    [
     -0.8964166262069536,
     0.21275589021338778,
     0.38880862816903855
    ],
    [
     0.00528872711583972,
     0.8823235630989075,
     -0.47061359882354736
    ]
   ],
   "obj_scale": 0.6532320067213337,
   "obj_color": {
    "type": "random-mono",
    "color": [
     [
      0.03415598482519909,
      0.06160636817716805,
      0.08066694713473078
     ],
     [
      0.927221787098837,
      0.9463257817655776,
      0.9595909225135718
     ],
     [
      0.13800890024917967,
      0.21832012352872257,
      0.2740854071267885
     ],
     [
      0.15067288582368343,
      0.27847698409738453,
      0.367219646631868
     ]
    ],
    "randomness": 0.5086756770029723,
    "scale": 4.289828611769657,
    "specular": 0.753745618871472,
    "roughness": 0.2726117036410587,
    "clever": false
   }
  },
  {
   "obj_subpath": "mug/mug_000/mug_000.blend",
   "obj_location": [
    -0.12630703279440447,
    0.4814298752273223
   ],
   "obj_pose": [
    [
     -0.48740129760894463,
     -0.012941642524662974,
     -0.8730821397966758
    ],
    [
     0.7532522330967821,
     -0.5119674324352472,
     -0.41291695727383715
    ],
    [
     -0.4416458010673523,
     -0.8589074015617371,
     0.2592819333076477
    ]
   ],
   "obj_scale": 0.6455802494272246,
   "obj_color": {
    "type": "random-mono",
    "color": [
     [
      0.47130715906868725,
      0.5795452912630961,
      0.7803114429712099
     ],
     [
      0.2209733342748459,
      0.4181091103915558,
      0.7837675925968559
     ],
     [
      0.802616622116975,
      0.8503102244810496,
      0.938774990211984
     ],
     [
      0.04658132386632413,
      0.0766955615267251,
      0.13255313670959185
     ]
    ],
    "randomness": 0.5571453194916047,
    "scale": 4.084092900746669,
    "specular": 0.7766056663923727,
    "roughness": 0.23338904935436014,
    "clever": true
   }
  },
  {
   "obj_subpath": "Cylinder Crinkle/Cylinder Crinkle/Cylinder Crinkle.blend",
   "obj_location": [
    -0.33352102258456096,
    -0.41682699923128974
   ],
   "obj_pose": [
    [
     0.8964429598857482,
     -0.4431591358319028,
     0.0
    ],
    [
     0.4431591358319028,
     0.8964429598857482,
     0.0
    ],
    [
     0.0,
     0.0,
     1.0
    ]
   ],
   "obj_scale": 0.6357168667146172,
   "obj_color": {
    "type": "random-multi",
    "color": [
     [
      0.5008508520244039,
      0.09994914224234996,
      0.23840540133566632
     ],
     [
      0.7587954108387863,
      0.8300196265574726,
      0.0913488362229431
     ],
     [
      0.07552283172896601,
      0.6275640568592001,
      0.8454822339838464
     ],
     [
      0.7662013409897648,
      0.48390625407224774,
      0.02557393270234254
     ]
    ],
    "randomness": 1.550837948964019,
    "scale": 0.517849062195911,
    "specular": 0.6399789790571615,
    "roughness": 0.2826945295331194,
    "clever": false
   }
  }
 ],
 "camera": {
  "track_to_point": [
   [
    -0.1721118055293578,
    0.055969389545327354,
    0.0
   ],
   [
    -0.04298526822256103,
    0.047510816094683224,
    0.0
   ],
   [
    0.04497865800574789,
    0.13854589098739,
    0.0
   ],
   [
    -0.13214043687175492,
    0.009844254119370796,
    0.0
   ],
   [
    -0.02202922918752652,
    0.04216845059265826,
    0.0
   ],
   [
    0.02663234751355524,
    -0.09551952698898768,
    0.0
   ],
   [
    -0.1937787770116005,
    0.030725029735444033,
    0.0
   ],
   [
    -0.0395747800419181,
    -0.13835500575571807,
    0.0
   ],
   [
    -0.20656556746716465,
    -0.09188629052490731,
    0.0
   ],
   [
    -0.1370869737104375,
    0.13725655742522969,
    0.0
   ],
   [
    -0.07469392669167034,
    -0.026383386472519026,
    0.0
   ],
   [
    -0.13039985626880932,
    -0.12476960672935734,
    0.0
   ],
   [
    0.016608837722875344,
    0.06001806628312887,
    0.0
   ],
   [
    -0.18615165707720308,
    -0.03799656455507514,
    0.0
   ],
   [
    -0.013675279924505415,
    -0.0864204142906121,
    0.0
   ],
   [
    0.03679620737304777,
    0.024113333895884527,
    0.0
   ],
   [
    0.02464126884031241,
    0.08711450891021462,
    0.0
   ],
   [
    -0.23358346886521097,
    -0.029340329524889443,
    0.0
   ],
   [
    -0.19604806263069197,
    0.12551462005973768,
    0.0
   ],
   [
    0.011141484929262355,
    0.1136473381939402,
    0.0
   ],
   [
    -0.1840302523618638,
    -0.0015433150320663582,
    0.0
   ],
   [
    0.021632794025550225,
    0.04238778130909602,
    0.0
   ],
   [
    -0.08020242434199513,
    -0.007133169199494768,
    0.0
   ],
   [
    -0.015766096838466484,
    0.0722213202082528,
    0.0
   ],
   [
    0.04624960031657553,
    -0.06672976910271197,
    0.0
   ]
  ],
  "positions": [
   [
    0.5533060415123708,
    -1.3468681877794264,
    0.6422383423839468
   ],
   [
    1.393821695682234,
    -0.09028726652645136,
    0.6459763355213011
   ],
   [
    -1.3310139626181527,
    0.5670119065467744,
    0.5961676327447326
   ],
   [
    1.3991242270312283,
    -0.5232510007325285,
    0.5056924913495915
   ],
   [
    0.8134752930148179,
    -1.1179575454739343,
    0.511202048459655
   ],
   [
    -1.156847314480029,
    0.6338433790812822,
    0.46059382882396305
   ],
   [
    1.398709875536519,
    0.34379473503608704,
    0.5060658085601775
   ],
   [
    -0.9312624520970958,
    1.0422730998981986,
    0.6049504274491289
   ],
   [
    -0.7780894000700549,
    -1.2135593213350726,
    0.47236468071568455
   ],
   [
    -1.31634546553632,
    0.6276697870520398,
    0.5437302853355976
   ],
   [
    0.5161018381764317,
    1.2371521285014582,
    0.4887115384233315
   ],
   [
    0.8704380909603192,
    -1.0093436849998725,
    0.5882855842977752
   ],
   [
    1.1909222233773027,
    0.7450092467132682,
    0.6097912234076033
   ],
   [
    0.22791774450435845,
    -1.3371125717020536,
    0.6119962620864112
   ],
   [
    -1.4685744322431789,
    0.0015347499433945708,
    0.5668656343728516
   ],
   [
    1.193411450450969,
    0.7931468897222217,
    0.5739760438948787
   ],
   [
    -0.37300027030568694,
    1.2932094693618863,
    0.49773486924698673
   ],
   [
    0.6912690464101536,
    1.194101910011651,
    0.5672552069764267
   ],
   [
    -0.36087071895948936,
    -1.450120693465214,
    0.6184271016983954
   ],
   [
    -1.1642544335083467,
    -0.8924258472092064,
    0.5619415959811189
   ],
   [
    -0.5324803920801805,
    -1.280701540780484,
    0.6253559451558113
   ],
   [
    -1.3939460971677446,
    0.3738295425911891,
    0.5363794437359188
   ],
   [
    1.3159364053907765,
    -0.36037112460254633,
    0.48268216255723345
   ],
   [
    -1.2355419895886168,
    -0.8063276287688924,
    0.5090266744216395
   ],
   [
    -1.1337222190589773,
    0.8641660440103084,
    0.6440177368963356
   ]
  ]
 },
 "appearance_assets": {
  "floor_pbr": "WoodFloor005",
  "background_hdr": "wooden_lounge_4k.hdr"
 },
 "environment_strength": 0.6809382341640601
}