{
 "objects": [
  {
   "obj_subpath": "sofa/sofa_031/sofa_031.blend",
   "obj_location": [
    -0.14997937947167228,
    -0.15910492781944308
   ],
   "obj_pose": [
    [
     -0.9925177483446819,
     -0.05020795283179898,
     -0.11129995735562709
    ],
    [
     0.12118903461473048,
     -0.2939115492686008,
     -0.9481188079392597
    ],
    [
     0.014890755526721478,
     -0.9545130729675293,
     0.2977970838546753
    ]
   ],
   "obj_scale": 0.6139971204780443,
   "obj_color": {
    "type": "random-multi",
    "color": [
     [
      0.976245993340463,
      0.05100453598611754,
      0.5576168241764964
     ],
     [
      0.1453091539966821,
      0.7775482261400938,
      0.629581619215235
     ]
    ],
    "randomness": 2.8413521046367323,
    "scale": 0.5697605756823682,
    "specular": 0.7435344683878224,
    "roughness": 0.16214971002174244,
    "clever": false
   }
  },
  {
   "obj_subpath": "pen/pen_003/pen_003.blend",
   "obj_location": [
    0.4108028139011908,
    0.2263040218420479
   ],
   "obj_pose": [
    [
     0.17067372135739706,
     -0.2494509321597263,
     0.9532285926985992
    ],
    [
     -0.5427027650337319,
     0.7836587632796567,
     0.3022459973167454
    ],
    [
     -0.8224014639854431,
     -0.568905234336853,
     -0.0016277480171993375
    ]
   ],
   "obj_scale": 0.6501773748279681,
   "obj_color": {
    "type": "random-mono",
    "color": [
     [
      0.11416304218540636,
      0.1063661157012549,
      0.19816652178145375
     ],
     [
      0.04363602453116202,
      0.037839958932553694,
      0.10608238454747483
     ],
     [
      0.22985082082597744,
      0.19921158429035435,
      0.5599555725368421
     ]
    ],
    "randomness": 0.45539047907116625,
    "scale": 3.023369233214818,
    "specular": 0.6797277273620672,
    "roughness": 0.13935386768909858,
    "clever": false
   }
  },
  {
   "obj_subpath": "Torus Knot Petier/Torus Knot Petier/Torus Knot Petier.blend",
   "obj_location": [
    -0.36745063276440837,
    0.4256454356000191
   ],
   "obj_pose": [
    [
     0.38840256668457346,
     0.9214897971181425,
     0.0
    ],
    [
     -0.9214897971181425,
     0.38840256668457346,
     0.0
    ],
    [
     0.0,
     0.0,
     1.0
    ]
   ],
   "obj_scale": 0.6035219972314058,
   "obj_color": {
    "type": "random-multi",
    "color": [
     [
      0.8513198673863858,
      0.1691789936299145,
      0.8931566183464829
     ],
     [
      0.4220676264427009,
      0.5396020054443695,
      0.10100766816078732
     ],
     [
      0.2963071785727518,
      0.767713935173092,
      0.16558239399051955
     ]
    ],
    "randomness": 0.6782194545491149,
    "scale": 0.7471697850229547,
    "specular": 0.7401907821083096,
    "roughness": 0.1865431795835631,
    "clever": false
   }
  }
 ],
 "camera": {
  "track_to_point": [
   [
    0.03310321970829391,
    0.13820196983871894,
    0.0
   ],
   [
    -0.096221002649515,
    0.24840805166535862,
    0.0
   ],
   [
    0.028842847674950572,
    0.14299296380001028,
    0.0
   ],
   [
    -0.14900423049441375,
    0.20452124935038793,
    0.0
   ],
   [
    0.0742978625084422,
    0.07584774236458608,
    0.0
   ],
   [
    -0.13126605004619857,
    0.034390803714008156,
    0.0
   ],
   [
    0.009527076348681912,
    0.21043261771645627,
    0.0
   ],
   [
    -0.08512921875208661,
    0.11761920515493139,
    0.0
   ],
   [
    0.07734712695801962,
    0.23042499647899037,
    0.0
   ],
   [
    -0.018818214533281863,
    0.17555235216374362,
    0.0
   ],
   [
    -0.1575596446883235,
    0.0860615709606146,
    0.0
   ],
   [
    -0.15690896329999318,
    0.27110900024259244,
    0.0
   ],
   [
    0.09053274994057833,
    0.22434611729986098,
    0.0
   ],
   [
    0.0461065779114421,
    0.20360543311963808,
    0.0
   ],
   [
    0.04807129416709913,
    0.18974673468745273,
    0.0
   ],
   [
    0.07277630027633616,
    0.15792848097067247,
    0.0
   ],
   [
    -0.04810570307904438,
    0.13040779825613266,
    0.0
   ],
   [
    -0.16522685807899376,
    0.27223852694947837,
    0.0
   ],
   [
    -0.13330441943077664,
    0.24999677962316605,
    0.0
   ],
   [
    -0.12990802574824162,
    0.2920374072636118,
    0.0
   ],
   [
    -0.10229971888836843,
    0.2426524913860583,
    0.0
   ],
   [
    0.04630371558892829,
    0.01804392524059603,
    0.0
   ],
   [
    -0.18015811207369595,
    0.04523363551043097,
    0.0
   ],
   [
    0.05934974229540127,
    0.27547261686679825,
    0.0
   ],
   [
    0.05290411743599929,
    0.24347012515751934,
    0.0
   ]
  ],
  "positions": [
   [
    -1.4142491794292567,
    0.44874506703546885,
    0.519091306804243
   ],
   [
    -1.1042804762028313,
    0.7004858846114166,
    0.5755621317436618
   ],
   [
    0.9762780387649318,
    1.119931673483905,
    0.5815099157652509
   ],
   [
    1.457658981408834,
    -0.2054026547389779,
    0.6277708459444316
   ],
   [
    -1.4563378783789083,
    -0.2133762649364717,
    0.6348446297984698
   ],
   [
    -1.324430368543022,
    -0.4606537881590384,
    0.5384097456459602
   ],
   [
    -0.9738477391436112,
    1.0408383505618668,
    0.48959615748289553
   ],
   [
    0.054414603838036917,
    1.3760782140142085,
    0.45964712474086394
   ],
   [
    -0.922484121488778,
    1.1038171776177172,
    0.5086008978367433
   ],
   [
    -1.363899635545572,
    0.44435977680525196,
    0.47795364253796485
   ],
   [
    0.7581764942874183,
    -1.0989211183559693,
    0.4860444411565606
   ],
   [
    1.479296963913351,
    -0.12898837243440495,
    0.6248309574936985
   ],
   [
    0.49491652579200357,
    -1.2810760931909602,
    0.4992120571708816
   ],
   [
    0.48794150423369503,
    -1.2152739901419094,
    0.5758199121979211
   ],
   [
    0.18700069223266738,
    -1.4079998775901674,
    0.5529901508867956
   ],
   [
    1.3192231116671311,
    0.12615077859789117,
    0.45031394231062977
   ],
   [
    -0.8722954818800353,
    1.1455459507125787,
    0.5330139105150039
   ],
   [
    1.1817439171701791,
    0.5793299442163328,
    0.5675768887107073
   ],
   [
    0.5344756476992079,
    1.350146609840454,
    0.457369243691074
   ],
   [
    1.2137395140730054,
    0.584368523938098,
    0.5079642457928356
   ],
   [
    -0.05189865038515358,
    1.465246264082623,
    0.5794787352602314
   ],
   [
    0.22250042281287938,
    1.3036783876762685,
    0.5573432336346826
   ],
   [
    1.3614316253566465,
    0.2729794288171106,
    0.5745791778379983
   ],
   [
    0.5105262490247494,
    1.3055195779915794,
    0.46458580184577947
   ],
   [
    -1.2734876898386474,
    -0.7189189478044568,
    0.47833762531140517
   ]
  ]
 },
 "appearance_assets": {
  "floor_pbr": "Fabric025",
  "background_hdr": "balcony_4k.hdr"
 },
 "environment_strength": 0.764208599903178
}