{
 "objects": [
  {
   "obj_subpath": "banana/banana_010/banana_010.blend",
   "obj_location": [
    0.33197627092985615,
    -0.05421379722125075
   ],
   "obj_pose": [
    [
     -0.32432038069658337,
     0.638179883796361,
     -0.6982426185919927
    ],
    [
     -0.20954732201046922,
     0.6713332784098732,
     0.7109159656502655
    ],
    [
     0.9224457740783691,
     0.37687939405441284,
     -0.0839981809258461
    ]
   ],
   "obj_scale": 0.6731930064719289,
   "obj_color": {
    "type": "random-mono",
    "color": [
     [
      0.17754105851154012,
      0.04983365320708033,
      0.1576689419691168
     ],
     [
      0.17669442899584642,
      0.05098666473250624,
      0.15713346981910134
     ],
     [
      0.6306520943004275,
      0.3623775398662483,
      0.5889068000602623
     ],
     [
      0.8014638019410507,
      0.5150893801784282,
      0.756902048685876
     ]
    ],
    "randomness": 0.8996434192654758,
    "scale": 2.4393397167743824,
    "specular": 0.7081449989807027,
    "roughness": 0.26716809597970265,
    "clever": false
   }
  },
  {
   "obj_subpath": "violin/violin_001/violin_001.blend",
   "obj_location": [
    -0.33664501667032465,
    -0.22104218958338073
   ],
   "obj_pose": [
    [
     -0.5234821149547983,
     -0.16374519918386607,
     -0.8361542603541766
    ],
    [
     -0.8489791300109436,
     0.017178903409500648,
     0.5281470775975929
    ],
    [
     -0.07211733609437943,
     0.9863530993461609,
     -0.14800910651683807
    ]
   ],
   "obj_scale": 0.6420300817457877,
   "obj_color": {
    "type": "random-mono",
    "color": [
     [
      0.6628898058005901,
      0.9023922340930022,
      0.7287359075205591
     ],
     [
      0.6588887774818515,
      0.7791814175833534,
      0.691960681899524
     ],
     [
      0.7259469632957423,
      0.916925746725362,
      0.7784525202945607
     ]
    ],
    "randomness": 0.17745025924040547,
    "scale": 4.842920107152967,
    "specular": 0.840126817485243,
    "roughness": 0.1035649226535481,
    "clever": false
   }
  },
  {
   "obj_subpath": "Cylinder Stack/Cylinder Stack/Cylinder Stack.blend",
   "obj_location": [
    -0.0943101091051658,
    0.39894847528125077
   ],
   "obj_pose": [
    [
     0.8813671747491493,
     0.47243190332015317,
     0.0
    ],
    [
     -0.47243190332015317,
     0.8813671747491493,
     0.0
    ],
    [
     0.0,
     0.0,
     1.0
    ]
   ],
   "obj_scale": 0.6214373504814765,
   "obj_color": {
    "type": "random-multi",
    "color": [
     [
      0.15120031138824597,
      0.8045033296709436,
      0.6921493785324745
     ],
     [
      0.5350602407757137,
      0.4044165117785977,
      0.10526216126413146
     ],
     [
      0.10813454200267136,
      0.27912680023127817,
      0.6759329347732368
     ]
    ],
    "randomness": 2.9615218027834658,
    "scale": 1.4412108568376703,
    "specular": 0.7927498837603058,
    "roughness": 0.19810379414822754,
    "clever": false
   }
  }
 ],
 "camera": {
  "track_to_point": [
   [
    -0.13396583550725097,
    0.1519039825999774,
    0.0
   ],
   [
    -0.062169855529521284,
    0.14790385788692695,
    0.0
   ],
   [
    -0.13692400966392737,
    0.09140681132046197,
    0.0
   ],
   [
    0.06440609619936599,
    -0.049479688789544486,
    0.0
   ],
   [
    0.011684532824097538,
    0.0722427934667155,
    0.0
   ],
   [
    -0.15160796009243485,
    0.13740508448533806,
    0.0
   ],
   [
    -0.07689860956157944,
    0.037466953733546936,
    0.0
   ],
   [
    -0.14502275570422515,
    -0.10177861814563952,
    0.0
   ],
   [
    0.09284905899617032,
    0.10147185055007779,
    0.0
   ],
   [
    -0.13034911503595642,
    -0.07041402843511521,
    0.0
   ],
   [
    0.099066213755278,
    0.13379310700479252,
    0.0
   ],
   [
    -0.04414718433004172,
    0.169062084803281,
    0.0
   ],
   [
    -0.1026089704066506,
    0.06962531541607109,
    0.0
   ],
   [
    0.08622228221915887,
    0.08965968724819559,
    0.0
   ],
   [
    -0.025169385624008778,
    -0.09225061680893007,
    0.0
   ],
   [
    -0.12244071216544594,
    0.14290928851152057,
    0.0
   ],
   [
    -0.14247074268547488,
    -0.02644683512752837,
    0.0
   ],
   [
    -0.18258077965446334,
    0.08611186743848315,
    0.0
   ],
   [
    0.04914848196992261,
    0.0692094750552251,
    0.0
   ],
   [
    -0.11481218389875893,
    0.11145519007379281,
    0.0
   ],
   [
    0.003358722033515865,
    0.19091650038727404,
    0.0
   ],
   [
    0.0026493540005844696,
    -0.037838711523850495,
    0.0
   ],
   [
    -0.13970517070519448,
    -0.10161347768508294,
    0.0
   ],
   [
    -0.03596411012576767,
    0.06285787283034894,
    0.0
   ],
   [
    -0.06199414167457812,
    -0.09907830689249794,
    0.0
   ]
  ],
  "positions": [
   [
    0.6152057366479595,
    -1.3206503465480222,
    0.4671750109488349
   ],
   [
    0.9970589660628586,
    -0.8781018048267324,
    0.5882579657101161
   ],
   [
    1.1369083877741457,
    -0.7699794398343786,
    0.4578920042397168
   ],
   [
    0.4791986083014467,
    1.3475361332161757,
    0.49053879044241266
   ],
   [
    -0.6441655891071677,
    1.1453920337008476,
    0.6330032767816421
   ],
   [
    0.6576752930255562,
    1.1510964856157386,
    0.48589455359066797
   ],
   [
    0.20954501109488272,
    1.3164559154543323,
    0.4761635903067775
   ],
   [
    1.365034428311836,
    0.562424611227541,
    0.5263481737565954
   ],
   [
    -0.024963026531267543,
    1.300044212816572,
    0.605153338120193
   ],
   [
    -1.400651114915167,
    0.32744863401703395,
    0.47567697014481675
   ],
   [
    1.3462273336129522,
    -0.15838330059953196,
    0.45582075477887574
   ],
   [
    1.102927160919511,
    0.6914413191477117,
    0.6305760210629685
   ],
   [
    -1.2950293287026282,
    -0.4159509306282332,
    0.5926815198286572
   ],
   [
    -0.5538079266587648,
    -1.2537220080464013,
    0.6476979858801235
   ],
   [
    -1.140648301363283,
    -0.6669642023332508,
    0.535082870201918
   ],
   [
    -0.028470146455938223,
    -1.49525696015962,
    0.6348201172432751
   ],
   [
    -0.16848574933756252,
    -1.373716159601877,
    0.6029974375465649
   ],
   [
    -1.1974225933495437,
    -0.6180803336832696,
    0.5546684901199938
   ],
   [
    1.3442126334837825,
    -0.1313168796301954,
    0.5739524070165175
   ],
   [
    -1.3834020631483495,
    0.17709409108106808,
    0.46597400200847555
   ],
   [
    0.27088397233424727,
    -1.2829655715095198,
    0.5467920804989838
   ],
   [
    1.0099203172734774,
    1.07285179749154,
    0.6298203159277496
   ],
   [
    -0.5804849375655832,
    1.311147894456325,
    0.6153481248590313
   ],
   [
    -0.9906828345313112,
    -1.0318642090622896,
    0.45133167526453
   ],
   [
    -1.3846907882898738,
    0.23348970119829493,
    0.48605339216507454
   ]
  ]
 },
 "appearance_assets": {
  "floor_pbr": "Carpet005",
  "background_hdr": "aft_lounge_4k.hdr"
 },
 "environment_strength": 0.4980820162501106
}