{
 "objects": [
  {
   "obj_subpath": "screwdriver/screwdriver_015/screwdriver_015.blend",
   "obj_location": [
    -0.31422956147784686,
    -0.2633979555685906
   ],
   "obj_pose": [
    [
     0.19800399512230976,
     -0.9355019041205838,
     0.2926270933287971
    ],
    [
     0.6305553535673156,
     0.3501326409829423,
     0.6926810524353176
    ],
    [
     -0.7504627704620361,
     0.04736396297812462,
     0.6592134237289429
    ]
   ],
   "obj_scale": 0.6140696588384456,
   "obj_color": {
    "type": "random-multi",
    "color": [
     [
      0.8240900890265666,
      0.05794604030764683,
      0.8059846908259971
     ],
     [
      0.12105990447041137,
      0.5486422620590008,
      0.17331044930791994
     ]
    ],
    "randomness": 4.344461556319697,
    "scale": 1.0599978945329398,
    "specular": 0.6534335263538753,
    "roughness": 0.10498421822386349,
    "clever": false
   }
  },
  {
   "obj_subpath": "hat/hat_031/hat_031.blend",
   "obj_location": [
    0.12955659724003077,
    0.41169601864337746
   ],
   "obj_pose": [
    [
     -0.9667911778073806,
     -0.24013495727968787,
     0.08746464414940432
    ],
    [
     0.23293389360561245,
     -0.9687685138393182,
     -0.08502590699118265
    ],
    [
     0.10515067726373672,
     -0.06182881444692612,
     0.9925323724746704
    ]
   ],
   "obj_scale": 0.6140879363268245,
   "obj_color": {
    "type": "random-multi",
    "color": [
     [
      0.15842309024049994,
      0.37960222864370885,
      0.7553056688800363
     ],
     [
      0.06055446752845306,
      0.06956127997488686,
      0.7108738636748503
     ]
    ],
    "randomness": 3.3413171147305927,
    "scale": 1.4037809731309565,
    "specular": 0.8908953726236541,
    "roughness": 0.2540479800183227,
    "clever": false
   }
  },
  {
   "obj_subpath": "Ringed  Pyramid/Ringed  Pyramid/Ringed  Pyramid.blend",
   "obj_location": [
    0.4763943105885582,
    -0.2967158092708665
   ],
   "obj_pose": [
    [
     0.9368305218524436,
     -0.3497836092867677,
     0.0
    ],
    [
     0.3497836092867677,
     0.9368305218524436,
     0.0
    ],
    [
     0.0,
     0.0,
     1.0
    ]
   ],
   "obj_scale": 0.6137723748215146,
   "obj_color": {
    "type": "random-multi",
    "color": [
     [
      0.6982386126532996,
      0.02933332168291536,
      0.7675549303036114
     ],
     [
      0.08221885159313014,
      0.789966853918729,
      0.8600124973260473
     ],
     [
      0.13428900579224878,
      0.723974986623962,
      0.5949174538321941
     ]
    ],
    "randomness": 0.22012569391759773,
    "scale": 0.9588888243410959,
    "specular": 0.8888606361805029,
    "roughness": 0.19933112074396014,
    "clever": true
   }
  }
 ],
 "camera": {
  "track_to_point": [
   [
    0.2175428211841653,
    -0.06480153850372924,
    0.0
   ],
   [
    -0.0037231675285317734,
    0.04181858986765555,
    0.0
   ],
   [
    0.02377089154459268,
    -0.040915577500822364,
    0.0
   ],
   [
    0.012301816258851073,
    0.0814476843176439,
    0.0
   ],
   [
    0.05405486775915738,
    0.09480780653548057,
    0.0
   ],
   [
    0.24715096141276433,
    -0.07277648167714745,
    0.0
   ],
   [
    -0.014579531818850494,
    0.0397561191876141,
    0.0
   ],
   [
    0.08569770417496729,
    -0.1735600598593716,
    0.0
   ],
   [
    0.20574454104693024,
    0.015921548727035606,
    0.0
   ],
   [
    0.08265475002914822,
    -0.12343516388198301,
    0.0
   ],
   [
    0.018243570317618862,
    -0.14513082832126772,
    0.0
   ],
   [
    0.16702991666319783,
    0.0897826515068453,
    0.0
   ],
   [
    0.15474500270672076,
    -0.07695105616703621,
    0.0
   ],
   [
    0.029774898292401625,
    -0.0788393152777925,
    0.0
   ],
   [
    0.018425460361446655,
    0.05207773993078982,
    0.0
   ],
   [
    0.12454599064368406,
    -0.1547291760483367,
    0.0
   ],
   [
    0.2442285007363031,
    0.019304435531106473,
    0.0
   ],
   [
    0.22066454836646587,
    -0.1056232693994106,
    0.0
   ],
   [
    0.1696707385185079,
    -0.1384436524285052,
    0.0
   ],
   [
    0.20436071136797918,
    0.02211584400172048,
    0.0
   ],
   [
    0.03141621235732958,
    0.050406290569711576,
    0.0
   ],
   [
    -0.04327016978245428,
    -0.13312611002585317,
    0.0
   ],
   [
    0.11612671744888926,
    -0.1754338268087174,
    0.0
   ],
   [
    0.21603056811239785,
    -0.1550275838868535,
    0.0
   ],
   [
    0.21919263145407486,
    0.0027360893237595996,
    0.0
   ]
  ],
  "positions": [
   [
    1.0755054427975155,
    0.8476380304186614,
    0.4535969310089912
   ],
   [
    0.840475165883535,
    -0.9947425046911443,
    0.6435760165006977
   ],
   [
    0.509461554756694,
    1.2074308209862417,
    0.5025305262814976
   ],
   [
    -0.9759094477891387,
    -0.9561363040566666,
    0.483707254700166
   ],
   [
    0.7638674237631056,
    1.1540229438692624,
    0.450754675165727
   ],
   [
    -1.1407946024054672,
    0.88472108834347,
    0.5697730025658808
   ],
   [
    0.6781761486504013,
    -1.3262151532550552,
    0.4855728072057748
   ],
   [
    -1.3178670421187801,
    -0.3312660069159162,
    0.6373785674425293
   ],
   [
    -0.9109998475746037,
    -1.0052625821351058,
    0.451955376405586
   ],
   [
    1.3068106221114972,
    -0.6288144023548619,
    0.5697355810931417
   ],
   [
    0.06766889708476839,
    1.412123505259265,
    0.5744720139096943
   ],
   [
    1.2808243433694622,
    -0.2788880448058485,
    0.459448723646126
   ],
   [
    -0.10373566549222413,
    -1.3408291875911966,
    0.5450683367062853
   ],
   [
    1.3326224367116268,
    -0.5350702551891663,
    0.5160239488212905
   ],
   [
    1.3062449983917659,
    -0.06670097620100214,
    0.4836676568936012
   ],
   [
    0.7052667219928914,
    -1.244183378584753,
    0.6227287976271346
   ],
   [
    -0.6774058228793415,
    -1.1472677861155234,
    0.5733427979518717
   ],
   [
    -1.3792196146432507,
    0.15011793751117114,
    0.6076525041079137
   ],
   [
    1.2300446062873216,
    -0.48132584553311925,
    0.47919182684023337
   ],
   [
    0.4829869864911937,
    -1.2461871540148821,
    0.469064963212247
   ],
   [
    1.2142720258344073,
    0.4692787205403954,
    0.5188052963001734
   ],
   [
    -1.2198950875945664,
    0.7708177694244019,
    0.6420674789509495
   ],
   [
    -1.2365643199158498,
    -0.8230717453561747,
    0.6381577111951722
   ],
   [
    -1.3043167547180987,
    -0.3008648870910824,
    0.5501372450886882
   ],
   [
    -1.037758730297954,
    0.8969687033264871,
    0.6458068702518975
   ]
  ]
 },
 "appearance_assets": {
  "floor_pbr": "Carpet013",
  "background_hdr": "spiaggia_di_mondello_4k.hdr"
 },
 "environment_strength": 0.658865114759221
}