{
 "objects": [
  {
   "obj_subpath": "coin/coin_014/coin_014.blend",
   "obj_location": [
    0.2611005240309754,
    -0.3036850424120038
   ],
   "obj_pose": [
    [
     0.9912017257049368,
     0.04774158399575637,
     0.12344977788058421
    ],
    [
     0.12103008466019344,
     0.05063732162046343,
     -0.9913564233075499
    ],
    [
     -0.053580090403556824,
     0.9975753426551819,
     0.04441363364458084
    ]
   ],
   "obj_scale": 0.6462349672150597,
   "obj_color": {
    "type": "random-multi",
    "color": [
     [
      0.6621421110884039,
      0.02085417026169012,
      0.36036893762041877
     ],
     [
      0.9077378752477863,
      0.06280247406040562,
      0.8696243212050132
     ],
     [
      0.035235107709528646,
      0.5409259567807906,
      0.6187047483860528
     ],
     [
      0.1409226943159384,
      0.6261431115239152,
      0.5209291558643766
     ]
    ],
    "randomness": 0.82797003063316,
    "scale": 0.7014969852924035,
    "specular": 0.8123076174768522,
    "roughness": 0.29096567472258517,
    "clever": false
   }
  },
  {
   "obj_subpath": "dog/dog_065/dog_065.blend",
   "obj_location": [
    -0.21748077756066786,
    0.10661636501519922
   ],
   "obj_pose": [
    [
     0.7263706335165567,
     -0.6873026624317303,
     0.0008282004005025319
    ],
    [
     0.6873031636196387,
     0.7263701197518597,
     -0.0008984804914191586
    ],
    [
     1.5948044165270403e-05,
     0.0012218545889481902,
     0.9999992251396179
    ]
   ],
   "obj_scale": 0.6198129212074338,
   "obj_color": {
    "type": "random-multi",
    "color": [
     [
      0.2589303943107949,
      0.9424218024234587,
      0.06952446363015174
     ],
     [
      0.9394509433358547,
      0.8771088667180676,
      0.041060688948335144
     ],
     [
      0.5976391001220747,
      0.4746320754334359,
      0.10880761436472919
     ],
     [
      0.6939492750560183,
      0.05741652404093944,
      0.08560815711769575
     ]
    ],
    "randomness": 2.0141823522210305,
    "scale": 1.4423639632844691,
    "specular": 0.8478281341144664,
    "roughness": 0.1342644918827655,
    "clever": false
   }
  },
  {
   "obj_subpath": "Organic Blob/Organic Blob/Organic Blob.blend",
   "obj_location": [
    0.3761249716865751,
    0.44206372646375713
   ],
   "obj_pose": [
    [
     -0.538973433536623,
     -0.8423227635186784,
     0.0
    ],
    [
     0.8423227635186784,
     -0.538973433536623,
     0.0
    ],
    [
     0.0,
     0.0,
     1.0
    ]
   ],
   "obj_scale": 0.6191358633845238,
   "obj_color": {
    "type": "random-mono",
    "color": [
     [
      0.5336790127088593,
      0.6001172163871826,
      0.7827321442252186
     ],
     [
      0.6926419882128588,
      0.7481759013966865,
      0.9008188234981044
     ],
     [
      0.07446981795893201,
      0.1159664005271572,
      0.23002570694537042
     ],
     [
      0.7770565161043668,
      0.8033221531178848,
      0.8755170220680906
     ]
    ],
    "randomness": 0.6086797576966059,
    "scale": 4.147843641578584,
    "specular": 0.6622595250248975,
    "roughness": 0.15506290736759779,
    "clever": false
   }
  }
 ],
 "camera": {
  "track_to_point": [
   [
    0.03613270304249466,
    -0.06046284200336864,
    0.0
   ],
   [
    0.2262813812451392,
    0.01089795650392511,
    0.0
   ],
   [
    0.23671664796413186,
    0.1987310307384928,
    0.0
   ],
   [
    0.13750580505673707,
    0.014501798975946972,
    0.0
   ],
   [
    0.04265011917324221,
    -0.05289604497178711,
    0.0
   ],
   [
    0.2589814935592861,
    -0.0044790828778353,
    0.0
   ],
   [
    0.22341841750972904,
    0.20306244101936022,
    0.0
   ],
   [
    -0.00845026390879397,
    0.0648024291819586,
    0.0
   ],
   [
    0.0956073932467359,
    0.1638359256589786,
    0.0
   ],
   [
    0.14613053723923677,
    0.19101388027477006,
    0.0
   ],
   [
    -0.00938885964779762,
    0.18356603560902746,
    0.0
   ],
   [
    0.013412735312425733,
    0.10600684312293261,
    0.0
   ],
   [
    0.0742251361632946,
    0.1623999231654179,
    0.0
   ],
   [
    0.2625289882358023,
    0.0872759627554515,
    0.0
   ],
   [
    0.11157622717526561,
    0.04884441369373904,
    0.0
   ],
   [
    0.13490799666769593,
    0.19836694129033922,
    0.0
   ],
   [
    0.27431316876838574,
    0.04238004345638202,
    0.0
   ],
   [
    0.13033329947803826,
    0.1674036565916054,
    0.0
   ],
   [
    0.20939182183437224,
    0.052964691741098816,
    0.0
   ],
   [
    0.023392527401763535,
    0.08858804209320577,
    0.0
   ],
   [
    0.24462802074501694,
    0.08408079663801189,
    0.0
   ],
   [
    0.26705080382555796,
    0.2221364109585714,
    0.0
   ],
   [
    0.09882369032139522,
    -0.0009603267879508548,
    0.0
   ],
   [
    0.2836503948779448,
    0.1414354259413388,
    0.0
   ],
   [
    0.15494510506007397,
    -0.012352947774497539,
    0.0
   ]
  ],
  "positions": [
   [
    -0.38877321645793045,
    -1.3544147220301974,
    0.47770263856626904
   ],
   [
    -0.1351153618898306,
    -1.4812251125492224,
    0.6177525717289282
   ],
   [
    -0.5007961108223138,
    -1.3637929450380937,
    0.5650869865199711
   ],
   [
    0.7606193907054403,
    -1.2703377691728428,
    0.4859995554818565
   ],
   [
    -1.3911486539689648,
    -0.12784996537016774,
    0.48380762830229623
   ],
   [
    -1.4426848618881007,
    -0.2784549849174097,
    0.6343401297319933
   ],
   [
    -1.4532166179056603,
    -0.11865095582613792,
    0.618487549747581
   ],
   [
    -1.4210173491408826,
    0.034809716419380174,
    0.4752053087925451
   ],
   [
    -0.8554586497964121,
    -1.0462284941023905,
    0.608158718703816
   ],
   [
    1.311214884622511,
    0.3625252574477421,
    0.46043607300183187
   ],
   [
    -0.40797735481659203,
    1.2634806442050956,
    0.6467917371478502
   ],
   [
    -0.5358742496309609,
    -1.1978300689203885,
    0.6439060323537852
   ],
   [
    1.2010392522208702,
    -0.8237688613916041,
    0.6367309577334777
   ],
   [
    0.014709174519173139,
    -1.4717651394466353,
    0.6424060120119415
   ],
   [
    -1.371638329790685,
    0.07721185073090026,
    0.5625507880129096
   ],
   [
    1.360927617424379,
    0.6139613805030817,
    0.5140929148302139
   ],
   [
    -1.42406593323444,
    0.15875817111553855,
    0.48783032275806293
   ],
   [
    1.2902285678231102,
    -0.46827108297544673,
    0.4603920266924338
   ],
   [
    0.2376086342798618,
    1.4132473858604298,
    0.4908884094255169
   ],
   [
    1.2319344124039768,
    -0.6924094042028882,
    0.4554384639741504
   ],
   [
    0.20003662558834098,
    1.41766629051127,
    0.5413553107622646
   ],
   [
    -1.2367345644944985,
    0.4709982223034362,
    0.5857914263964646
   ],
   [
    0.43507676216490787,
    1.3898571742319885,
    0.5449042653999353
   ],
   [
    1.149535890362601,
    0.8992386930556082,
    0.6386820443359261
   ],
   [
    -1.2303280288753389,
    -0.8146498726505158,
    0.5821570970740971
   ]
  ]
 },
 "appearance_assets": {
  "floor_pbr": "Planks011",
  "background_hdr": "music_hall_02_4k.hdr"
 },
 "environment_strength": 0.7213948505709512
}