{
 "objects": [
  {
   "obj_subpath": "chair/chair_171/chair_171.blend",
   "obj_location": [
    -0.11870038580990872,
    -0.18689064285323354
   ],
   "obj_pose": [
    [
     -0.22523253769884033,
     0.9743050368228843,
     4.074738162504574e-06
    ],
    [
     -0.9743050368228843,
     -0.22523253769884033,
     7.494463461537289e-07
    ],
    [
     1.6479530131618958e-06,
     -3.8012383356544888e-06,
     1.0
    ]
   ],
   "obj_scale": 0.6857982465637472,
   "obj_color": {
    "type": "random-multi",
    "color": [
     [
      0.16158756715828515,
      0.7076474591629258,
      0.7798600637276498
     ],
     [
      0.04113681663999891,
      0.7275267615984862,
      0.34413293028001346
     ],
     [
      0.2197751121595437,
      0.8567645113118292,
      0.5947313003711658
     ],
     [
      0.7629703128745828,
      0.15265873484044112,
      0.9283554782942511
     ]
    ],
    "randomness": 3.988954327355172,
    "scale": 0.6758190549325841,
    "specular": 0.6891138224291288,
    "roughness": 0.24279174384905483,
    "clever": false
   }
  },
  {
   "obj_subpath": "tree/tree_044/tree_044.blend",
   "obj_location": [
    0.45119257762270193,
    0.05077326847685204
   ],
   "obj_pose": [
    [
     0.550011487786347,
     -0.827156527751545,
     0.11532303023881582
    ],
    [
     0.5597733790459833,
     0.4675965006380174,
     0.6841105576144803
    ],
    [
     -0.6197911500930786,
     -0.31171390414237976,
     0.720203697681427
    ]
   ],
   "obj_scale": 0.631293135080846,
   "obj_color": {
    "type": "random-mono",
    "color": [
     [
      0.562293690832625,
      0.34041057970075195,
      0.41980649443028745
     ],
     [
      0.8114338779678025,
      0.4022784744439514,
      0.5486855955790125
     ],
     [
      0.8977883839305485,
      0.8092530371935682,
      0.8409334332553549
     ],
     [
      0.6330279757674399,
      0.21788786626453838,
      0.3664364807434152
     ]
    ],
    "randomness": 0.18507706540322555,
    "scale": 4.054791880841346,
    "specular": 0.8199153792184661,
    "roughness": 0.12119713299913677,
    "clever": true
   }
  },
  {
   "obj_subpath": "Torus Knot Fourier/Torus Knot Fourier/Torus Knot Fourier.blend",
   "obj_location": [
    -0.21272268164690067,
    0.4967997006986081
   ],
   "obj_pose": [
    [
     -0.9932069723598461,
     -0.11636111917555614,
     0.0
    ],
    [
     0.11636111917555614,
     -0.9932069723598461,
     0.0
    ],
    [
     0.0,
     0.0,
     1.0
    ]
   ],
   "obj_scale": 0.6477398611913794,
   "obj_color": {
    "type": "random-multi",
    "color": [
     [
      0.73984792857244,
      0.382545650145669,
      0.1802475851726424
     ],
     [
      0.6584444565506935,
      0.13203701120294187,
      0.022536296388868227
     ],
     [
      0.7401735212343095,
      0.9695127121550045,
      0.09160342647476849
     ],
     [
      0.8741499058593383,
      0.06684704931352081,
      0.7041091600033047
     ]
    ],
    "randomness": 2.8462487042946867,
    "scale": 1.329152912025434,
    "specular": 0.8477611194267174,
    "roughness": 0.2275711879370598,
    "clever": false
   }
  }
 ],
 "camera": {
  "track_to_point": [
   [
    -0.0018991541499140327,
    0.26108107532590574,
    0.0
   ],
   [
    0.14300639259375814,
    0.261789868409118,
    0.0
   ],
   [
    0.03918124506741535,
    0.12505669438343375,
    0.0
   ],
   [
    0.10269136466550935,
    0.21379804956254023,
    0.0
   ],
   [
    0.003554587437159966,
    0.2595214651101043,
    0.0
   ],
   [
    -0.07908885708206986,
    0.14950727432841496,
    0.0
   ],
   [
    0.03784368703562815,
    0.060027555938455435,
    0.0
   ],
   [
    0.1495888924799751,
    0.26242241064023963,
    0.0
   ],
   [
    0.09092265985300435,
    0.09496404829147671,
    0.0
   ],
   [
    0.13189405686547598,
    0.2694048359674672,
    0.0
   ],
   [
    0.07697572617081583,
    0.01258814865470248,
    0.0
   ],
   [
    0.034516432818055186,
    0.05027623297645946,
    0.0
   ],
   [
    -0.10345652559039786,
    0.11296593263933219,
    0.0
   ],
   [
    0.14730272335587308,
    -0.014314466942841692,
    0.0
   ],
   [
    0.062329604064038945,
    0.1228057342666718,
    0.0
   ],
   [
    -0.023369816560263094,
    0.2310211201223251,
    0.0
   ],
   [
    0.0904605998506672,
    0.05448240768828677,
    0.0
   ],
   [
    0.156587013235366,
    0.07486531911508304,
    0.0
   ],
   [
    -0.08356059647982866,
    0.09717491244455287,
    0.0
   ],
   [
    0.11687710907680948,
    0.2317409842622485,
    0.0
   ],
   [
    -0.10258616597060521,
    0.11385995010064717,
    0.0
   ],
   [
    0.06353735514540934,
    -0.026498592187537195,
    0.0
   ],
   [
    0.13479261932219033,
    0.07962471834372739,
    0.0
   ],
   [
    -0.07769193502326041,
    0.09134903389283443,
    0.0
   ],
   [
    -0.012965902995642507,
    0.14303619300046766,
    0.0
   ]
  ],
  "positions": [
   [
    -0.2518431000385204,
    1.3395975472848118,
    0.5254049510773597
   ],
   [
    -1.3565631896532615,
    -0.1988036843833477,
    0.4929004927958769
   ],
   [
    -0.5159403512125406,
    1.3514899407627123,
    0.46627422477405794
   ],
   [
    1.0585053409634921,
    -0.8330775381224561,
    0.5890051862512957
   ],
   [
    1.1941153027848876,
    -0.7953892090321645,
    0.5133391151724003
   ],
   [
    0.13237411495704254,
    1.2949560595096612,
    0.4830388064148781
   ],
   [
    1.2141755561687873,
    -0.6122934690226235,
    0.5514551521157484
   ],
   [
    0.05829228219294024,
    -1.4643713940218503,
    0.6465171437177444
   ],
   [
    0.4397683372604011,
    1.3819909169840667,
    0.5490447947605203
   ],
   [
    1.3279039029090292,
    0.3118367051300404,
    0.48454031823458305
   ],
   [
    1.2293881420478658,
    -0.7372444227466688,
    0.5465652783439569
   ],
   [
    -0.47169635409631294,
    -1.4213162295571096,
    0.492338520137421
   ],
   [
    1.308274615367502,
    -0.4255680268316931,
    0.5507477245409853
   ],
   [
    0.19185486811852726,
    1.2876200682148788,
    0.5902886296964289
   ],
   [
    0.8890388605791436,
    -1.065488388342913,
    0.5051772408255594
   ],
   [
    1.3684927293724136,
    -0.04534049936429673,
    0.491225882287309
   ],
   [
    -1.1544175027431838,
    -0.6173870246861559,
    0.46733531902932934
   ],
   [
    1.0855023371853314,
    -0.8358776870644145,
    0.5605111288694101
   ],
   [
    -1.4752471278313288,
    -0.20690124296593945,
    0.5821954458642485
   ],
   [
    -0.25967804604825845,
    -1.2811451243165222,
    0.5202922255350296
   ],
   [
    0.33608805065619785,
    1.2608341737223123,
    0.6011122218372936
   ],
   [
    1.2999599955248475,
    0.4160661153653072,
    0.544296633028031
   ],
   [
    1.2698021858169588,
    -0.6490327911346948,
    0.6448210914267632
   ],
   [
    0.9941950119083661,
    -1.0689701742227349,
    0.5044114979138508
   ],
   [
    1.280836684824771,
    0.23152728209856743,
    0.45930442065347354
   ]
  ]
 },
 "appearance_assets": {
  "floor_pbr": "WoodFloor028",
  "background_hdr": "hotel_room_4k.hdr"
 },
 "environment_strength": 0.7763289460137545
}