{
 "objects": [
  {
   "obj_subpath": "chicken/chicken_012/chicken_012.blend",
   "obj_location": [
    -0.001464288743945108,
    0.37622035878488225
   ],
   "obj_pose": [
    [
     0.6521167292639276,
     -0.2524528574973949,
     0.7148505870101804
    ],
    [
     0.7581185989938384,
     0.21715501335753531,
     -0.6148983124933007
    ],
    [
     -5.559890610129514e-07,
     0.9429269433021545,
     0.3329996168613434
    ]
   ],
   "obj_scale": 0.6540744847747564,
   "obj_color": {
    "type": "random-mono",
    "color": [
     [
      0.04251156735621848,
      0.020504302080456886,
      0.033665753596793344
     ],
     [
      0.9723563346856976,
      0.9130827571475826,
      0.9485313377500497
     ]
    ],
    "randomness": 0.7717788816289591,
    "scale": 4.1778206605912604,
    "specular": 0.611932588065861,
    "roughness": 0.12433585180909834,
    "clever": false
   }
  },
  {
   "obj_subpath": "guitar/guitar_006/guitar_006.blend",
   "obj_location": [
    -0.47439668202232654,
    -0.49368336958587666
   ],
   "obj_pose": [
    [
     0.006687615949165075,
     -0.06502700908492544,
     0.9978611154783921
    ],
    [
     -0.9999443171425336,
     0.007713622974893344,
     0.007204254101700297
    ],
    [
     -0.00816559698432684,
     -0.997853696346283,
     -0.06497180461883545
    ]
   ],
   "obj_scale": 0.6935976455696767,
   "obj_color": {
    "type": "random-mono",
    "color": [
     [
      0.21206427449576018,
      0.1913090163563867,
      0.11244918468263518
     ],
     [
      0.3302919180726749,
      0.30031638097214,
      0.1864239979333504
     ],
     [
      0.9832018369910713,
      0.9784294493041239,
      0.9602967097762731
     ]
    ],
    "randomness": 0.09975215134976279,
    "scale": 3.849304083967717,
    "specular": 0.6950868893971235,
    "roughness": 0.18038807491216147,
    "clever": false
   }
  },
  {
   "obj_subpath": "Atom Duo Ring.001/Atom Duo Ring.001/Atom Duo Ring.001.blend",
   "obj_location": [
    0.3182014160280595,
    -0.33082941064803717
   ],
   "obj_pose": [
    [
     -0.880820123004646,
     0.47345106495822814,
     0.0
    ],
    [
     -0.47345106495822814,
     -0.880820123004646,
     0.0
    ],
    [
     0.0,
     0.0,
     1.0
    ]
   ],
   "obj_scale": 0.6554611459913439,
   "obj_color": {
    "type": "random-mono",
    "color": [
     [
      0.7740375430311385,
      0.8583769082880844,
      0.9230851919425634
     ],
     [
      0.2631959956572274,
      0.5237194357750685,
      0.7236026648037284
     ],
     [
      0.839219267075185,
      0.8913186243867701,
      0.9312911802729014
     ]
    ],
    "randomness": 0.7263970465689981,
    "scale": 4.6764116369617295,
    "specular": 0.7510649762287054,
    "roughness": 0.18093649592588518,
    "clever": false
   }
  }
 ],
 "camera": {
  "track_to_point": [
   [
    0.036649870680826487,
    -0.1608989606781865,
    0.0
   ],
   [
    -0.14786206003536462,
    -0.28361124392163456,
    0.0
   ],
   [
    0.005878293294093485,
    -0.0037725038455330706,
    0.0
   ],
   [
    -0.1288855697654912,
    -0.21348406444797663,
    0.0
   ],
   [
    -0.04603305185763875,
    -0.23013141487589298,
    0.0
   ],
   [
    -0.0336122856105058,
    -0.047461091395177735,
    0.0
   ],
   [
    -0.060152444004626875,
    -0.21681734856660562,
    0.0
   ],
   [
    -0.18106353221763802,
    -0.0580074386715185,
    0.0
   ],
   [
    -0.13656646817048598,
    -0.23685653531113926,
    0.0
   ],
   [
    -0.18799930950321542,
    -0.09074720576954834,
    0.0
   ],
   [
    -0.002670909742313231,
    -0.0798004232255228,
    0.0
   ],
   [
    -0.015948852087020564,
    -0.27836238769370825,
    0.0
   ],
   [
    0.07499792975786534,
    -0.1648957139238988,
    0.0
   ],
   [
    -0.16628384671133695,
    -0.12207278563761201,
    0.0
   ],
   [
    -0.06441817390093982,
    -0.23162836199095546,
    0.0
   ],
   [
    -0.15765783240002695,
    -0.08397163009008218,
    0.0
   ],
   [
    -0.20146711626560565,
    -0.02421436839307367,
    0.0
   ],
   [
    0.028881114678246673,
    -0.1333444371805592,
    0.0
   ],
   [
    -0.17557080232332514,
    -0.03380987322838336,
    0.0
   ],
   [
    -0.07759480589111681,
    -0.0056008015494670715,
    0.0
   ],
   [
    0.06322961635902413,
    -0.038916393800832005,
    0.0
   ],
   [
    0.07168295647558603,
    -0.06517072436917462,
    0.0
   ],
   [
    0.04232569865183817,
    -0.1496053553923127,
    0.0
   ],
   [
    -0.16590434113283542,
    -0.07142474293554843,
    0.0
   ],
   [
    -0.1480520249122604,
    -0.1544722839772221,
    0.0
   ]
  ],
  "positions": [
   [
    -1.16273036213908,
    0.8156876496694437,
    0.4608674333066674
   ],
   [
    -0.7737323149888747,
    -1.230324900766357,
    0.5362402101216757
   ],
   [
    -0.4303545865887254,
    1.2680456378663945,
    0.55823148455144
   ],
   [
    0.841889159521957,
    1.12364525856154,
    0.4637504275454352
   ],
   [
    1.4539450360975914,
    -0.3434979008369196,
    0.48476949876934466
   ],
   [
    -1.2834946959927196,
    0.37203777900791546,
    0.6226970913860943
   ],
   [
    1.1839018200629723,
    0.7275190608883582,
    0.4848419267005603
   ],
   [
    -0.8770484999672438,
    -1.016925710318651,
    0.5807935307459349
   ],
   [
    -0.32808434965764094,
    -1.3393597095031646,
    0.4752587884281657
   ],
   [
    0.20795087531926718,
    -1.3382904267899522,
    0.6353243406989977
   ],
   [
    -1.4299810478549952,
    -0.0837417346648535,
    0.4920389495179905
   ],
   [
    -1.411568988518706,
    0.49884796897937345,
    0.6400373812781873
   ],
   [
    -0.9910892999615102,
    -1.0901710780918112,
    0.5091103016028937
   ],
   [
    -1.1907113799738802,
    -0.6791513268564358,
    0.6017273928171802
   ],
   [
    0.6872019359786374,
    1.3073343107342346,
    0.6048210922973412
   ],
   [
    1.4165229277909306,
    -0.1780139519708765,
    0.5846681481266917
   ],
   [
    -0.4469581598809296,
    -1.2942036600666118,
    0.6027241039820432
   ],
   [
    -1.3754273971734994,
    -0.033068003040365106,
    0.5661855993571536
   ],
   [
    -0.2839192200697771,
    -1.343033623004001,
    0.631451395580078
   ],
   [
    1.2038518086575551,
    0.553049500809494,
    0.49755018380039034
   ],
   [
    0.7354171395913802,
    1.2837173480127346,
    0.5692004535082924
   ],
   [
    -0.5369320428695399,
    1.1885372204587823,
    0.6204365009899955
   ],
   [
    -0.8969686951454015,
    0.9949349571692099,
    0.5230456653400826
   ],
   [
    1.153807524487695,
    0.8618780496311372,
    0.4501424541719339
   ],
   [
    -0.7779697381089197,
    -1.1803885944475934,
    0.5562690366120762
   ]
  ]
 },
 "appearance_assets": {
  "floor_pbr": "Carpet008",
  "background_hdr": "moonlit_golf_4k.hdr"
 },
 "environment_strength": 0.5582946275351252
}