{
 "objects": [
  {
   "obj_subpath": "candy/candy_055/candy_055.blend",
   "obj_location": [
    -0.021116828665919574,
    0.027500169563437704
   ],
   "obj_pose": [
    [
     -0.9909999064886589,
     0.1332368505698083,
     0.012927689542728351
    ],
    [
     -0.1333698774997857,
     -0.991015489184859,
     -0.010036770457426783
    ],
    [
     0.011474274098873138,
     -0.011670602485537529,
     0.9998660683631897
    ]
   ],
   "obj_scale": 0.6261694802558966,
   "obj_color": {
    "type": "random-multi",
    "color": [
     [
      0.17523826131205855,
      0.9756590764353812,
      0.04601189107829318
     ],
     [
      0.5437196417662873,
      0.7352791864643647,
      0.04535133476973441
     ],
     [
      0.16692873294346244,
      0.3552789716161071,
      0.794889589192313
     ],
     [
      0.7108903276634122,
      0.963094798630924,
      0.0629229125467543
     ]
    ],
    "randomness": 3.3885487923644946,
    "scale": 0.8220812403650651,
    "specular": 0.71905147648952,
    "roughness": 0.16355612593488156,
    "clever": false
   }
  },
  {
   "obj_subpath": "airplane/airplane_017/airplane_017.blend",
   "obj_location": [
    0.45643541992856973,
    0.4478342474195359
   ],
   "obj_pose": [
    [
     0.40718073224156,
     -0.8457107971862332,
     0.3449304876329511
    ],
    [
     0.8783825905651604,
     0.46608738915498255,
     0.10586094483405027
    ],
    [
     -0.250295490026474,
     0.25987640023231506,
     0.932639479637146
    ]
   ],
   "obj_scale": 0.6243621570435521,
   "obj_color": {
    "type": "random-mono",
    "color": [
     [
      0.9889724834836804,
      0.9645038556729228,
      0.9767100192350042
     ],
     [
      0.012481660395321427,
      0.0058406490861307656,
      0.009153514477870273
     ],
     [
      0.6476864015271463,
      0.22531106103272436,
      0.43601280248461327
     ]
    ],
    "randomness": 0.8619054618827596,
    "scale": 4.556534957193426,
    "specular": 0.7806462851561387,
    "roughness": 0.2969279143265341,
    "clever": false
   }
  },
  {
   "obj_subpath": "Cylinder Pointed/Cylinder Pointed/Cylinder Pointed.blend",
   "obj_location": [
    -0.4922592290455601,
    0.40561121815179146
   ],
   "obj_pose": [
    [
     0.12277320868465408,
     -0.9924347531345697,
     0.0
    ],
    [
     0.9924347531345697,
     0.12277320868465408,
     0.0
    ],
    [
     0.0,
     0.0,
     1.0
    ]
   ],
   "obj_scale": 0.6689179882991828,
   "obj_color": {
    "type": "random-multi",
    "color": [
     [
      0.9605859956411719,
      0.09813918818665235,
      0.18813031679316958
     ],
     [
      0.6779581722445529,
      0.5138681548002504,
      0.02450603118832484
     ],
     [
      0.7440110739325528,
      0.03651588844478704,
      0.778599558098876
     ],
     [
      0.28592647110524355,
      0.6425800726389682,
      0.11312241893122021
     ]
    ],
    "randomness": 4.295587644982421,
    "scale": 0.9861898380925873,
    "specular": 0.7263301722839862,
    "roughness": 0.1659609775650598,
    "clever": false
   }
  }
 ],
 "camera": {
  "track_to_point": [
   [
    0.03775551483927471,
    0.21148720342212018,
    0.0
   ],
   [
    -0.10410298808476952,
    0.1677834257938914,
    0.0
   ],
   [
    -0.12104118835428054,
    0.3676090887045432,
    0.0
   ],
   [
    -0.05508024867545033,
    0.3742429791223269,
    0.0
   ],
   [
    -0.1185900759469986,
    0.2030962231303836,
    0.0
   ],
   [
    0.06152627122727321,
    0.17778698482281327,
    0.0
   ],
   [
    0.07629595053535008,
    0.34176203900003455,
    0.0
   ],
   [
    0.023031955975462887,
    0.31424921918341286,
    0.0
   ],
   [
    0.011091042418193631,
    0.4280512500033973,
    0.0
   ],
   [
    -0.16478361600530508,
    0.3474685249137307,
    0.0
   ],
   [
    -0.06935095137228255,
    0.1692400577822321,
    0.0
   ],
   [
    -0.1308183867666413,
    0.29628556673451234,
    0.0
   ],
   [
    0.04174081388513558,
    0.39934331455275984,
    0.0
   ],
   [
    0.03282143647853279,
    0.30379115543104185,
    0.0
   ],
   [
    0.03478660037911706,
    0.3522344692110171,
    0.0
   ],
   [
    0.004546710727155335,
    0.4225699957308756,
    0.0
   ],
   [
    0.055629931396344826,
    0.39679721814635105,
    0.0
   ],
   [
    -0.012747212322017708,
    0.24512572643248845,
    0.0
   ],
   [
    0.038471875264846925,
    0.1570113480554209,
    0.0
   ],
   [
    -0.045024754506807776,
    0.4047300945538028,
    0.0
   ],
   [
    0.11241907638067604,
    0.41453086710202836,
    0.0
   ],
   [
    -0.056992991947988916,
    0.35542821369818167,
    0.0
   ],
   [
    -0.07521755232797166,
    0.2080515975183817,
    0.0
   ],
   [
    -0.004605550623938009,
    0.3973605882380674,
    0.0
   ],
   [
    -0.10008656781673128,
    0.39362801635323375,
    0.0
   ]
  ],
  "positions": [
   [
    -0.9975221612329164,
    0.9784484169236154,
    0.5962850150718785
   ],
   [
    1.1401676034592483,
    -0.8048367548156924,
    0.5795305948968504
   ],
   [
    1.1338949931737143,
    -0.7460742851334933,
    0.6440307858323124
   ],
   [
    -0.8484596690485323,
    -1.2321387176001226,
    0.580615156891424
   ],
   [
    -1.0412746062123905,
    -0.8110932916906096,
    0.588145888767996
   ],
   [
    -1.106056690068131,
    0.938934401184015,
    0.6468254694995292
   ],
   [
    1.4016377143972538,
    -0.01080710911376893,
    0.4986129540372732
   ],
   [
    -1.0146045336983294,
    0.8644426012600361,
    0.4815372883371714
   ],
   [
    0.650496424382952,
    1.24673349204916,
    0.47392734820055715
   ],
   [
    -1.3482280258561745,
    0.32319720419560244,
    0.5792843742983959
   ],
   [
    1.3531469655294697,
    0.27336241628470986,
    0.5340041875512053
   ],
   [
    0.17912417246445853,
    1.311649188178909,
    0.47072152263279626
   ],
   [
    1.0158186235218662,
    -1.0377889810749785,
    0.45141207742948525
   ],
   [
    0.8242354429911063,
    1.2022759669255378,
    0.6228802345414162
   ],
   [
    0.17087858279710225,
    1.443799731962338,
    0.5618692465076484
   ],
   [
    -1.1654158948853073,
    -0.9227764538957031,
    0.6279218026470978
   ],
   [
    -1.413420772316332,
    0.3008570560812791,
    0.6055716026984406
   ],
   [
    -0.3821675734208085,
    -1.286811006042917,
    0.5356776573554303
   ],
   [
    1.411144020681632,
    -0.17126444922753714,
    0.5674495345644576
   ],
   [
    0.2989098547423434,
    -1.4150183559847804,
    0.5641188967973737
   ],
   [
    0.5007282703742911,
    -1.3351656310999993,
    0.613228838337941
   ],
   [
    1.3293150476201243,
    0.5958065351375347,
    0.6031130366254496
   ],
   [
    -1.2146279144399121,
    0.7598421839565507,
    0.5247891492737067
   ],
   [
    0.11125086886763122,
    -1.4027752691542676,
    0.5357674763912957
   ],
   [
    1.484589426105686,
    -0.180076070513609,
    0.6495960700727156
   ]
  ]
 },
 "appearance_assets": {
  "floor_pbr": "Carpet005",
  "background_hdr": "reading_room_4k.hdr"
 },
 "environment_strength": 0.6961617739952444
}