{
 "objects": [
  {
   "obj_subpath": "pizza/pizza_014/pizza_014.blend",
   "obj_location": [
    0.1671073446662611,
    0.06918010546323639
   ],
   "obj_pose": [
    [
     0.9971905669201877,
     -0.0749064286318913,
     1.701608949552448e-05
    ],
    [
     0.07490647627315057,
     0.9971905311008621,
     0.00013955510138635382
    ],
    [
     -2.7421860067988746e-05,
     -0.0001378884189762175,
     1.0
    ]
   ],
   "obj_scale": 0.6272100751604158,
   "obj_color": {
    "type": "random-mono",
    "color": [
     [
      0.2232155729707187,
      0.44092600122627557,
      0.5065793091575544
     ],
     [
      0.19741612345791554,
      0.3215437986317237,
      0.3589760546163278
     ]
    ],
    "randomness": 0.3336155222846582,
    "scale": 3.847438878424586,
    "specular": 0.6645079948479223,
    "roughness": 0.19242808545344964,
    "clever": true
   }
  },
  {
   "obj_subpath": "chess_piece/chess_piece_023/chess_piece_023.blend",
   "obj_location": [
    -0.3605534807954981,
    0.4437652103658545
   ],
   "obj_pose": [
    [
     -0.8606667605228978,
     -0.5008885074565935,
     0.09145196632952413
    ],
    [
     -0.1430323132922208,
     0.06546310335366105,
     -0.987550693018425
    ],
    [
     0.4886660575866699,
     -0.8630325794219971,
     -0.1279851645231247
    ]
   ],
   "obj_scale": 0.6788275878857231,
   "obj_color": {
    "type": "random-mono",
    "color": [
     [
      0.9612226599333598,
      0.9714426922846807,
      0.9557127207222084
     ],
     [
      0.6908036244507488,
      0.8497565696484741,
      0.6051071182787551
     ],
     [
      0.9058246170791991,
      0.959662954932823,
      0.8767986846158289
     ]
    ],
    "randomness": 0.8828069004570815,
    "scale": 2.498028146458348,
    "specular": 0.7903901019539398,
    "roughness": 0.12408303503665329,
    "clever": false
   }
  },
  {
   "obj_subpath": "Vase Sphere/Vase Sphere/Vase Sphere.blend",
   "obj_location": [
    -0.35041724785051254,
    -0.3334481330148098
   ],
   "obj_pose": [
    [
     0.8349379732655651,
     -0.5503440567492217,
     0.0
    ],
    [
     0.5503440567492217,
     0.8349379732655651,
     0.0
    ],
    [
     0.0,
     0.0,
     1.0
    ]
   ],
   "obj_scale": 0.6850220992841692,
   "obj_color": {
    "type": "random-multi",
    "color": [
     [
      0.9559495690195702,
      0.0013498564089723386,
      0.5608727519250446
     ],
     [
      0.7045301205384289,
      0.16322010117050278,
      0.3964808922069157
     ]
    ],
    "randomness": 0.021792437752220506,
    "scale": 0.5403673435837233,
    "specular": 0.8235794025080085,
    "roughness": 0.26905128310852067,
    "clever": false
   }
  }
 ],
 "camera": {
  "track_to_point": [
   [
    -0.28549886932984836,
    0.014753668993291759,
    0.0
   ],
   [
    -0.15095106081970733,
    0.0025099208799527137,
    0.0
   ],
   [
    -0.09780382302648405,
    0.1747656414172391,
    0.0
   ],
   [
    -0.28196259007870816,
    0.0736525074941626,
    0.0
   ],
   [
    -0.1000567250141747,
    0.06541414823037359,
    0.0
   ],
   [
    -0.21036798708456902,
    -0.022015067704303774,
    0.0
   ],
   [
    -0.2628090367751775,
    0.046950645900490744,
    0.0
   ],
   [
    -0.04511002960698571,
    -0.06942712119744573,
    0.0
   ],
   [
    -0.1744209439053172,
    -0.008357223304629145,
    0.0
   ],
   [
    -0.217824887142238,
    0.009994879884651427,
    0.0
   ],
   [
    -0.07906733916636435,
    0.07823250508910909,
    0.0
   ],
   [
    -0.29869551474963896,
    -0.08183414973882097,
    0.0
   ],
   [
    -0.3010404200703244,
    0.098575731200165,
    0.0
   ],
   [
    -0.20189758456766044,
    -0.08601893566770588,
    0.0
   ],
   [
    -0.13880245557139848,
    0.13981221939017902,
    0.0
   ],
   [
    -0.24344915770710396,
    0.04559520527971019,
    0.0
   ],
   [
    -0.08662829666459457,
    -0.01732631447674144,
    0.0
   ],
   [
    -0.32710942382323593,
    0.14876871421359739,
    0.0
   ],
   [
    -0.2310851179426182,
    -0.05731072960462422,
    0.0
   ],
   [
    -0.3124183357661191,
    -0.06138464770945282,
    0.0
   ],
   [
    -0.2668972827093339,
    0.049927447545266866,
    0.0
   ],
   [
    -0.11781357398243081,
    0.1717260444449243,
    0.0
   ],
   [
    -0.040199258783000985,
    0.14363873646980477,
    0.0
   ],
   [
    -0.09677661136726617,
    0.0927464215450779,
    0.0
   ],
   [
    -0.31583927640302334,
    0.13273489496635935,
    0.0
   ]
  ],
  "positions": [
   [
    -0.15835313450433022,
    1.321425011316533,
    0.487624864982587
   ],
   [
    -1.392593060291077,
    -0.3164884439100591,
    0.48330718962849584
   ],
   [
    1.193796603078098,
    -0.8528010610967474,
    0.5285437690144505
   ],
   [
    -1.1963504125448727,
    -0.8987634506249009,
    0.5670232012157118
   ],
   [
    -1.4818596022496013,
    0.044421855304372794,
    0.5365460632124952
   ],
   [
    1.327102968315471,
    -0.49937072219371786,
    0.6197895581628157
   ],
   [
    -1.090692583493374,
    0.8069747812028518,
    0.6145849626886382
   ],
   [
    -1.3085283706679065,
    -0.5684771796647369,
    0.5007808202783715
   ],
   [
    -1.094698435069514,
    -0.9196868778173383,
    0.6252953712295992
   ],
   [
    1.1817176332545496,
    0.5628646512488369,
    0.5198876107767952
   ],
   [
    1.1619688087276965,
    -0.6498933585198665,
    0.4663109068205068
   ],
   [
    0.9883569558727308,
    -1.0764038439935035,
    0.557500526521525
   ],
   [
    1.2447563857563841,
    0.7646065395438096,
    0.5725576250927481
   ],
   [
    1.3033196103767128,
    -0.30590193077401606,
    0.6357585418632921
   ],
   [
    -0.04257172583102687,
    -1.3201289313240687,
    0.6211486696679144
   ],
   [
    0.3069690043131723,
    -1.3113888228592596,
    0.4685055667432374
   ],
   [
    -0.7360740569448445,
    -1.29658354744072,
    0.646116186180019
   ],
   [
    -1.2243414594146385,
    0.6746381847551168,
    0.4688768981001987
   ],
   [
    1.3258733398655524,
    -0.48835211212926327,
    0.5175272329463027
   ],
   [
    -0.7877605585453804,
    1.0999581347453706,
    0.602093412684488
   ],
   [
    1.1769801880281547,
    -0.6260322784281566,
    0.516141377650643
   ],
   [
    -0.7910933744762706,
    -1.1485783212718284,
    0.5835371713702776
   ],
   [
    -0.8463846039528767,
    1.1306980050758402,
    0.5827804866519308
   ],
   [
    -0.5740672060646862,
    -1.2278323568934586,
    0.5335935914191894
   ],
   [
    -1.4284244514120104,
    0.20584329209027577,
    0.5373702305408206
   ]
  ]
 },
 "appearance_assets": {
  "floor_pbr": "Fabric025",
  "background_hdr": "lapa_4k.hdr"
 },
 "environment_strength": 0.6518185809256584
}