{
 "objects": [
  {
   "obj_subpath": "bottle/bottle_056/bottle_056.blend",
   "obj_location": [
    -0.09296928910761248,
    -0.12796139072657753
   ],
   "obj_pose": [
    [
     0.01621936143548815,
     -0.4001313294741739,
     0.9163142777672043
    ],
    [
     -0.0017163809574807364,
     0.9164223183616992,
     0.40020889269220994
    ],
    [
     -0.9998669624328613,
     -0.008063877001404762,
     0.014177007600665092
    ]
   ],
   "obj_scale": 0.6755696453725586,
   "obj_color": {
    "type": "random-multi",
    "color": [
     [
      0.7126149918138277,
      0.1561049742291789,
      0.7959420076260995
     ],
     [
      0.7749845450127993,
      0.11997143280469003,
      0.6677434173951577
     ],
     [
      0.8324445128763893,
      0.7921456788062545,
      0.10192604106702219
     ]
    ],
    "randomness": 0.6646093381490398,
    "scale": 0.8260770001625983,
    "specular": 0.7147794910137957,
    "roughness": 0.10248353104360848,
    "clever": false
   }
  },
  {
   "obj_subpath": "plate/plate_004/plate_004.blend",
   "obj_location": [
    -0.2715238944299557,
    0.46335413670640846
   ],
   "obj_pose": [
    [
     -0.12392529888519803,
     0.9922915395913503,
     2.722176034759932e-05
    ],
    [
     -0.9922915395913503,
     -0.12392529888519796,
     -1.4293623431446226e-05
    ],
    [
     -1.0809976629388984e-05,
     -2.8783264497178607e-05,
     1.0
    ]
   ],
   "obj_scale": 0.6441087367375367,
   "obj_color": {
    "type": "random-multi",
    "color": [
     [
      0.7448893050740916,
      0.7137377118438528,
      0.10472158718595648
     ],
     [
      0.07679239710980335,
      0.040411164471380046,
      0.7532432269178739
     ]
    ],
    "randomness": 4.062796643073856,
    "scale": 0.739164145928658,
    "specular": 0.8399817068701237,
    "roughness": 0.21492837051309188,
    "clever": false
   }
  },
  {
   "obj_subpath": "Ico Pointy II/Ico Pointy II/Ico Pointy II.blend",
   "obj_location": [
    0.4241143297705672,
    -0.45899157098667653
   ],
   "obj_pose": [
    [
     -0.8632223624155052,
     0.5048238831768899,
     0.0
    ],
    [
     -0.5048238831768899,
     -0.8632223624155052,
     0.0
    ],
    [
     0.0,
     0.0,
     1.0
    ]
   ],
   "obj_scale": 0.6231608489922155,
   "obj_color": {
    "type": "random-multi",
    "color": [
     [
      0.721369455278809,
      0.011025644614428565,
      0.41216831114444685
     ],
     [
      0.7703295385431652,
      0.08964844177177766,
      0.6974978925848871
     ],
     [
      0.8411004808343957,
      0.24884390998603412,
      0.7626301858872523
     ],
     [
      0.8008800198343973,
      0.8975847123025269,
      0.12716707401423877
     ]
    ],
    "randomness": 0.6646021605809205,
    "scale": 0.6091156376138374,
    "specular": 0.8153114011917042,
    "roughness": 0.1595195221691473,
    "clever": false
   }
  }
 ],
 "camera": {
  "track_to_point": [
   [
    0.0246656539015835,
    0.03120811697408704,
    0.0
   ],
   [
    -0.10142749652765867,
    0.079884401747332,
    0.0
   ],
   [
    0.05906074422416098,
    -0.02938265207048882,
    0.0
   ],
   [
    0.06173790065998071,
    -0.07314487233502184,
    0.0
   ],
   [
    0.1594258373338927,
    0.06328341445250876,
    0.0
   ],
   [
    -0.11540146964269062,
    0.007891615928658668,
    0.0
   ],
   [
    -0.12801776775788318,
    -0.03757567353691224,
    0.0
   ],
   [
    0.1579701777199804,
    -0.00688820624775377,
    0.0
   ],
   [
    -0.04042890781591406,
    -0.06208729347683464,
    0.0
   ],
   [
    -0.0893520932753933,
    -0.12586144812218153,
    0.0
   ],
   [
    0.0505817231660592,
    -0.1807266318752066,
    0.0
   ],
   [
    0.034950923891643185,
    -0.08358172583596016,
    0.0
   ],
   [
    0.060742354000828655,
    0.0387344921894591,
    0.0
   ],
   [
    0.00513092241714504,
    -0.013008959487229715,
    0.0
   ],
   [
    -0.09961153817870418,
    0.06983294181662539,
    0.0
   ],
   [
    0.09655282498894456,
    -0.17836860872306828,
    0.0
   ],
   [
    -0.11719758113504204,
    -0.14749794898668073,
    0.0
   ],
   [
    -0.11774954894184954,
    -0.12298685933819635,
    0.0
   ],
   [
    -0.049637509994188034,
    -0.00543408563607789,
    0.0
   ],
   [
    -0.05965023135163436,
    -0.14573175323498627,
    0.0
   ],
   [
    0.017694562005339105,
    -0.02722343058590912,
    0.0
   ],
   [
    0.028958652392445012,
    -0.019693615893685512,
    0.0
   ],
   [
    -0.099585781445057,
    -0.011871524080735052,
    0.0
   ],
   [
    0.1659888731544114,
    -0.016934111733071577,
    0.0
   ],
   [
    0.08086454729962232,
    0.0902869503096054,
    0.0
   ]
  ],
  "positions": [
   [
    0.9566980199210199,
    1.1406734801977356,
    0.5260532905149565
   ],
   [
    1.3883954878661517,
    -0.018045796324158182,
    0.5346290355145483
   ],
   [
    0.6587579883405938,
    1.1985753032711695,
    0.6059323195060677
   ],
   [
    1.273960721398798,
    -0.5936631423547298,
    0.5466485284576025
   ],
   [
    -1.1986931523647435,
    -0.5885762604082891,
    0.5659058736678575
   ],
   [
    0.7279908071911086,
    1.0834444481385956,
    0.6044837411844137
   ],
   [
    -1.115533990749172,
    -0.9672992358862157,
    0.6455130487900228
   ],
   [
    -1.374026518574785,
    0.3886811087751519,
    0.4841239896858258
   ],
   [
    -1.1866389365582468,
    -0.7429593149160272,
    0.5005147172827422
   ],
   [
    0.7831661335950222,
    1.1303369386781041,
    0.6332949807934071
   ],
   [
    -0.05517950781826013,
    1.3401472295651744,
    0.5832400148423771
   ],
   [
    0.03914936477106506,
    1.45302252326463,
    0.6052823671057961
   ],
   [
    0.6491081021177187,
    -1.2295249850459429,
    0.4829422899127927
   ],
   [
    1.4597403975779342,
    -0.0854420935222714,
    0.5355929427157422
   ],
   [
    1.4222800063787306,
    0.46518844632640677,
    0.4879598774861669
   ],
   [
    -0.7967200345564317,
    1.0885061918926797,
    0.5604847869045942
   ],
   [
    -1.4770051170803664,
    0.056556741568042114,
    0.5686473789907586
   ],
   [
    -0.83860733336483,
    -1.2249987483192841,
    0.6283687796372313
   ],
   [
    1.4753846422818304,
    -0.09898693119260522,
    0.48847111075162475
   ],
   [
    1.2213450621144573,
    -0.4971494532725601,
    0.5513602741255906
   ],
   [
    -1.0789116336354294,
    -0.7555377013056083,
    0.6223103028125929
   ],
   [
    1.231852156488235,
    0.5600615601481426,
    0.5680655055419246
   ],
   [
    0.3542291498710453,
    -1.3855404740253183,
    0.6143465827269947
   ],
   [
    -0.44621341476457393,
    -1.231870679735634,
    0.6058711858672188
   ],
   [
    -0.24086945375702892,
    -1.3049862974265447,
    0.5827955591986818
   ]
  ]
 },
 "appearance_assets": {
  "floor_pbr": "WoodFloor028",
  "background_hdr": "cabin_4k.hdr"
 },
 "environment_strength": 0.47953747231149724
}