{
 "objects": [
  {
   "obj_subpath": "submarine/submarine_016/submarine_016.blend",
   "obj_location": [
    -0.2863150888898459,
    -0.4647876914890694
   ],
   "obj_pose": [
    [
     0.00035319102408513616,
     0.9989218317092841,
     -0.04642277550464467
    ],
    [
     0.1964826677765189,
     -0.04558719432567499,
     -0.9794469547911223
    ],
    [
     -0.9805072546005249,
     -0.00877534318715334,
     -0.19628691673278809
    ]
   ],
   "obj_scale": 0.615144129885439,
   "obj_color": {
    "type": "random-mono",
    "color": [
     [
      0.49545932610954324,
      0.565131992934379,
      0.7645075901772898
     ],
     [
      0.41801139135712817,
      0.529451314491291,
      0.8483482685498622
     ],
     [
      0.26429800077997223,
      0.334293490723442,
      0.5345928799642004
     ],
     [
      0.7251066430415533,
      0.7608233829653717,
      0.8630305565731232
     ]
    ],
    "randomness": 0.5453460937659487,
    "scale": 2.392177602806389,
    "specular": 0.8950935921861729,
    "roughness": 0.11705554651573868,
    "clever": false
   }
  },
  {
   "obj_subpath": "pen/pen_020/pen_020.blend",
   "obj_location": [
    0.2878260293747801,
    -0.0810910609762101
   ],
   "obj_pose": [
    [
     0.438501244499929,
     0.7330835775740875,
     0.5199087935062849
    ],
    [
     0.27382067107968705,
     0.44201260607037723,
     -0.8541938365219806
    ],
    [
     -0.8560016751289368,
     0.5169268250465393,
     -0.006910347379744053
    ]
   ],
   "obj_scale": 0.6531282892076944,
   "obj_color": {
    "type": "random-mono",
    "color": [
     [
      0.02165260897736119,
      0.014336761934450671,
      0.0102333879903427
     ],
     [
      0.9756136659356845,
      0.9656040893598831,
      0.9599898336938218
     ],
     [
      0.44077604396169645,
      0.24530090774436036,
      0.13566116596593403
     ]
    ],
    "randomness": 0.9565184773412018,
    "scale": 2.0273456023723013,
    "specular": 0.6603986638677773,
    "roughness": 0.18031449079128706,
    "clever": false
   }
  },
  {
   "obj_subpath": "Multi Holed Block/Multi Holed Block/Multi Holed Block.blend",
   "obj_location": [
    -0.47204608286155314,
    0.39163938981461666
   ],
   "obj_pose": [
    [
     0.040832222632084476,
     0.9991660170336679,
     0.0
    ],
    [
     -0.9991660170336679,
     0.040832222632084476,
     0.0
    ],
    [
     0.0,
     0.0,
     1.0
    ]
   ],
   "obj_scale": 0.6997876774843763,
   "obj_color": {
    "type": "random-mono",
    "color": [
     [
      0.19691366988480408,
      0.32204402847891905,
      0.5347746956252425
     ],
     [
      0.21535538085145212,
      0.32210285665574556,
      0.5035812924180272
     ],
     [
      0.12663663052147156,
      0.18304321403830026,
      0.2789384889963321
     ],
     [
      0.7146890184858019,
      0.792082124566309,
      0.9236560069878907
     ]
    ],
    "randomness": 0.5393105801061622,
    "scale": 4.376002849725593,
    "specular": 0.7438620606486636,
    "roughness": 0.29046297678617605,
    "clever": false
   }
  }
 ],
 "camera": {
  "track_to_point": [
   [
    -0.19255628038709066,
    0.06450189775151344,
    0.0
   ],
   [
    -0.2724794101822645,
    -0.054775522548631654,
    0.0
   ],
   [
    -0.3030176834210385,
    0.009183640852836385,
    0.0
   ],
   [
    -0.06596221931966179,
    -0.10106485649594718,
    0.0
   ],
   [
    -0.1214984983450377,
    -0.0816421259213512,
    0.0
   ],
   [
    -0.2737584949994897,
    0.04502438344917232,
    0.0
   ],
   [
    -0.23594789310295863,
    -0.1344368404750939,
    0.0
   ],
   [
    -0.01970714785883354,
    0.042809821887202566,
    0.0
   ],
   [
    -0.06882220810315315,
    -0.11276645110147934,
    0.0
   ],
   [
    -0.22641734432073565,
    0.07271809564239234,
    0.0
   ],
   [
    -0.06919019329009835,
    -0.14316085832549802,
    0.0
   ],
   [
    -0.1996461260589833,
    -0.13490780637565936,
    0.0
   ],
   [
    -0.28848921444078546,
    -0.19545682793426591,
    0.0
   ],
   [
    -0.21916880811135186,
    -0.013853044165601701,
    0.0
   ],
   [
    -0.17613188508128189,
    -0.14779392196219132,
    0.0
   ],
   [
    -0.09817529395578076,
    -0.15718448891924808,
    0.0
   ],
   [
    -0.14254079276787632,
    -0.01590929759262632,
    0.0
   ],
   [
    -0.03367233182096979,
    -0.19719927465350373,
    0.0
   ],
   [
    -0.2266646705137137,
    0.043099001390714604,
    0.0
   ],
   [
    -0.13518987196148965,
    -0.012680619054999669,
    0.0
   ],
   [
    -0.1924671367735702,
    0.07118619241058499,
    0.0
   ],
   [
    -0.058873214811853786,
    -0.1457591128922319,
    0.0
   ],
   [
    -0.0817497183057469,
    -0.021049832937809453,
    0.0
   ],
   [
    -0.23660863753856703,
    0.052698675387055034,
    0.0
   ],
   [
    -0.0433834308854964,
    -0.1668263033633059,
    0.0
   ]
  ],
  "positions": [
   [
    -0.20652424491955187,
    1.410761625513096,
    0.6493842217749095
   ],
   [
    -0.1660176313385053,
    1.3085431310405167,
    0.519716495669776
   ],
   [
    -0.9820733848297345,
    -1.068084477521343,
    0.4681971097748318
   ],
   [
    -0.017214577597384352,
    -1.309181019165967,
    0.5435843460303788
   ],
   [
    0.3105815912001571,
    1.400558314105234,
    0.5806125102918518
   ],
   [
    -0.37062582518653264,
    -1.354663435675411,
    0.5323301105593062
   ],
   [
    -1.3414335969141844,
    0.056993298241131696,
    0.641528458926929
   ],
   [
    1.2811080362256346,
    -0.4205599350630865,
    0.49834327328031996
   ],
   [
    -0.08866322808403848,
    -1.411423566632111,
    0.6207744847600607
   ],
   [
    -0.37478668479737587,
    1.425779122347658,
    0.5262722665698907
   ],
   [
    -1.36492847515364,
    0.2620615912113092,
    0.583260575143598
   ],
   [
    0.5264349167967985,
    1.300494665650703,
    0.5429234653707011
   ],
   [
    0.20661525993792015,
    1.2888579984014261,
    0.6255317676779739
   ],
   [
    1.3767931203078305,
    -0.1813522606352067,
    0.6139009153787389
   ],
   [
    0.5552749958992118,
    1.2846749652908713,
    0.560178994743209
   ],
   [
    1.0692938106498395,
    -0.772646868190812,
    0.5777310571332077
   ],
   [
    -1.2191287641974882,
    0.7547712541623365,
    0.474830810922472
   ],
   [
    1.3997580662572386,
    0.3492389844434728,
    0.5217326495855874
   ],
   [
    0.0024774806453153595,
    1.4628556622710416,
    0.571252803645409
   ],
   [
    -1.372694405917969,
    -0.27098741196416626,
    0.5332301342774499
   ],
   [
    0.11455917723693021,
    -1.3893113637015824,
    0.5610968810914283
   ],
   [
    0.6784795165913163,
    1.2022050637040047,
    0.4848133109162247
   ],
   [
    -1.36150568891337,
    0.4639331999880329,
    0.5392044833332542
   ],
   [
    -1.2025418813892716,
    -0.7019976505178865,
    0.6232137100420299
   ],
   [
    -1.115662332064695,
    0.7555326325153534,
    0.60403056972148
   ]
  ]
 },
 "appearance_assets": {
  "floor_pbr": "Carpet005",
  "background_hdr": "anniversary_lounge_4k.hdr"
 },
 "environment_strength": 0.5836331787091492
}