{
 "objects": [
  {
   "obj_subpath": "screwdriver/screwdriver_023/screwdriver_023.blend",
   "obj_location": [
    0.11753311667012822,
    0.3714045527162859
   ],
   "obj_pose": [
    [
     -0.46798810115522976,
     0.22332470896489304,
     -0.8550515848036894
    ],
    [
     -0.192496586435902,
     -0.9700714573303065,
     -0.1480084074625759
    ],
    [
     -0.8625150322914124,
     0.09532833099365234,
     0.49697113037109375
    ]
   ],
   "obj_scale": 0.6349277338663978,
   "obj_color": {
    "type": "random-multi",
    "color": [
     [
      0.7292717000208727,
      0.08877731942597589,
      0.5669835123311431
     ],
     [
      0.10431597371384072,
      0.5214159652159572,
      0.4260353860970749
     ]
    ],
    "randomness": 2.1257793950184665,
    "scale": 0.8176550939476878,
    "specular": 0.7208136746667224,
    "roughness": 0.19830785986482347,
    "clever": false
   }
  },
  {
   "obj_subpath": "knife/knife_022/knife_022.blend",
   "obj_location": [
    0.4790042510782563,
    -0.48153183672168853
   ],
   "obj_pose": [
    [
     -0.09149638826203005,
     0.7761709756005833,
     0.6238485567181141
    ],
    [
     0.023622843714270578,
     -0.6246082623179126,
     0.7805808633180197
    ],
    [
     0.9955251812934875,
     0.0861574038863182,
     0.038814038038253784
    ]
   ],
   "obj_scale": 0.6197618874874908,
   "obj_color": {
    "type": "random-mono",
    "color": [
     [
      0.07302567494769058,
      0.09002258515386197,
      0.12671430969759262
     ],
     [
      0.9085260642435111,
      0.9273902105322439,
      0.968112791929862
     ]
    ],
    "randomness": 0.36416361303942957,
    "scale": 2.843567819482221,
    "specular": 0.6379742033505176,
    "roughness": 0.12009946610952632,
    "clever": false
   }
  },
  {
   "obj_subpath": "Cube Hole/Cube Hole/Cube Hole.blend",
   "obj_location": [
    -0.17898349226896726,
    -0.35269531033777635
   ],
   "obj_pose": [
    [
     -0.9156306313846732,
     0.4020205801574153,
     0.0
    ],
    [
     -0.4020205801574153,
     -0.9156306313846732,
     0.0
    ],
    [
     0.0,
     0.0,
     1.0
    ]
   ],
   "obj_scale": 0.6764784366273247,
   "obj_color": {
    "type": "random-multi",
    "color": [
     [
      0.16923367661846936,
      0.13886560618192034,
      0.7550764044310253
     ],
     [
      0.10905078926283215,
      0.047496350333725346,
      0.5811909141018861
     ]
    ],
    "randomness": 2.634533819937947,
    "scale": 1.212288504681017,
    "specular": 0.8842954463418703,
    "roughness": 0.19871276238478883,
    "clever": true
   }
  }
 ],
 "camera": {
  "track_to_point": [
   [
    0.04650276864343547,
    -0.2249403176711528,
    0.0
   ],
   [
    0.09278638125384236,
    -0.134303574716017,
    0.0
   ],
   [
    0.2572793485755613,
    -0.019351928973329713,
    0.0
   ],
   [
    0.2773846619245536,
    -0.036378036981601636,
    0.0
   ],
   [
    0.1581584201898855,
    -0.12534483266924995,
    0.0
   ],
   [
    0.05897536290344195,
    -0.07628078337833682,
    0.0
   ],
   [
    0.035210397387238745,
    -0.2532461789278085,
    0.0
   ],
   [
    0.08566606183045385,
    -0.2081058693234739,
    0.0
   ],
   [
    0.1958700410333327,
    -0.2945286802694532,
    0.0
   ],
   [
    0.10982855550714941,
    -0.2815873290485825,
    0.0
   ],
   [
    0.2090023421326624,
    -0.1293439240907753,
    0.0
   ],
   [
    0.08218819107907145,
    -0.2615059313352557,
    0.0
   ],
   [
    0.2622690930343126,
    -0.1962687251518651,
    0.0
   ],
   [
    0.16127005933356223,
    -0.04123645517662128,
    0.0
   ],
   [
    0.26658287971268685,
    -0.06736678247870537,
    0.0
   ],
   [
    0.1561331748924329,
    -0.16351285825643086,
    0.0
   ],
   [
    0.2727299481197504,
    -0.23293306275415923,
    0.0
   ],
   [
    0.04801250826031017,
    -0.25707349605544133,
    0.0
   ],
   [
    0.20432793673333793,
    -0.23610233932023142,
    0.0
   ],
   [
    0.26801638138592376,
    -0.027515008266515817,
    0.0
   ],
   [
    0.15100590164987537,
    -0.1699760630596586,
    0.0
   ],
   [
    0.0429691764276922,
    -0.17791598357416052,
    0.0
   ],
   [
    0.08005233296507615,
    -0.2819247635836819,
    0.0
   ],
   [
    0.15828747345571081,
    -0.16435548176111472,
    0.0
   ],
   [
    0.22432412314520495,
    -0.025130534015796735,
    0.0
   ]
  ],
  "positions": [
   [
    -0.8141024547119031,
    -1.2513426814320447,
    0.59841318303364
   ],
   [
    -1.2830290256827788,
    0.59479195193727,
    0.5093746267712678
   ],
   [
    0.7970253730687821,
    -1.1347785650877067,
    0.5110516431398753
   ],
   [
    0.5766772121553871,
    -1.3152413858467868,
    0.5546286191104111
   ],
   [
    1.3056233917283526,
    -0.7093001523613226,
    0.5606712200502697
   ],
   [
    -0.5320761079713002,
    1.2129161148465748,
    0.5774971007318094
   ],
   [
    0.8385576235820099,
    1.1059390100674895,
    0.46978975981604004
   ],
   [
    -0.9331279289908139,
    -0.9560463637483533,
    0.5625527919875689
   ],
   [
    -1.0737425971218375,
    1.004275080798579,
    0.46548128151405715
   ],
   [
    1.3461151822529127,
    -0.34055140582930965,
    0.5760407195878421
   ],
   [
    0.2587952749488814,
    -1.4524139858431333,
    0.6470806065392474
   ],
   [
    1.1872362814139765,
    0.5345103462666928,
    0.6045989276677243
   ],
   [
    0.412505874255252,
    1.4261102521972804,
    0.5585697444558919
   ],
   [
    1.250491201078741,
    -0.43538122342534813,
    0.5636850730764345
   ],
   [
    0.20169645352598234,
    -1.4451480020597505,
    0.6196959576747623
   ],
   [
    -1.2171836142122165,
    -0.8154604163049917,
    0.516727572988863
   ],
   [
    -0.10207350097247292,
    -1.3198628764921057,
    0.5309953172176465
   ],
   [
    -0.0039942365499046175,
    1.3344789641586525,
    0.6025827893656797
   ],
   [
    0.6473795362764824,
    1.1587433428442158,
    0.5655496853625985
   ],
   [
    0.04958101100004711,
    1.4535351015363183,
    0.5441455024816242
   ],
   [
    -1.4294450673964478,
    0.14711565818526073,
    0.5063971916123119
   ],
   [
    -0.32995969686032695,
    -1.39932688451542,
    0.5309463955281257
   ],
   [
    1.0093375896557901,
    -1.0938302721966346,
    0.6076807469407159
   ],
   [
    -0.0072150134070924025,
    1.4721240300643341,
    0.5305105346834758
   ],
   [
    1.3661709160751685,
    0.13882518275749445,
    0.5231300519416991
   ]
  ]
 },
 "appearance_assets": {
  "floor_pbr": "Carpet001",
  "background_hdr": "balcony_4k.hdr"
 },
 "environment_strength": 0.7119745007788695
}