{
 "objects": [
  {
   "obj_subpath": "robot/robot_044/robot_044.blend",
   "obj_location": [
    -0.18158073321634283,
    0.10013961642795177
   ],
   "obj_pose": [
    [
     0.9266922896795672,
     0.37582083401026667,
     0.00030648744759779534
    ],
    [
     -0.3758209499201916,
     0.9266919772900799,
     0.0007811655249798249
    ],
    [
     9.558829333400354e-06,
     -0.0008390844450332224,
     0.9999996423721313
    ]
   ],
   "obj_scale": 0.6535918153483596,
   "obj_color": {
    "type": "random-mono",
    "color": [
     [
      0.4761208510348606,
      0.18970865551389415,
      0.5756904467561931
     ],
     [
      0.5933205251518151,
      0.27036845743920235,
      0.7055930027990153
     ]
    ],
    "randomness": 0.04074407321424467,
    "scale": 4.180391072956715,
    "specular": 0.8168147085577036,
    "roughness": 0.1145247257233605,
    "clever": false
   }
  },
  {
   "obj_subpath": "spade/spade_027/spade_027.blend",
   "obj_location": [
    0.48549005737187567,
    -0.036182346006841226
   ],
   "obj_pose": [
    [
     0.9502631195610534,
     -0.2715935281797316,
     -0.15243678625276838
    ],
    [
     0.14851584370992507,
     -0.0350612446928008,
     0.9882882736701062
    ],
    [
     -0.27375733852386475,
     -0.9617732167243958,
     0.007018522825092077
    ]
   ],
   "obj_scale": 0.6881091486085336,
   "obj_color": {
    "type": "random-multi",
    "color": [
     [
      0.11635894350090414,
      0.682760912496792,
      0.5145869402054801
     ],
     [
      0.5826462334889019,
      0.7047810032459283,
      0.07086006755766694
     ],
     [
      0.5465760206102023,
      0.5036316767039895,
      0.07200285872759471
     ],
     [
      0.17138967128201615,
      0.6216587782053149,
      0.026061441157266607
     ]
    ],
    "randomness": 0.9574203027697242,
    "scale": 1.4193937389079856,
    "specular": 0.8086674630898701,
    "roughness": 0.22774438573396033,
    "clever": false
   }
  },
  {
   "obj_subpath": "Torus Knot Petier/Torus Knot Petier/Torus Knot Petier.blend",
   "obj_location": [
    -0.33821533363855394,
    -0.4905641279130889
   ],
   "obj_pose": [
    [
     0.48913079788902275,
     -0.8722104462550583,
     0.0
    ],
    [
     0.8722104462550583,
     0.48913079788902275,
     0.0
    ],
    [
     0.0,
     0.0,
     1.0
    ]
   ],
   "obj_scale": 0.6497354027345541,
   "obj_color": {
    "type": "random-mono",
    "color": [
     [
      0.17884176523004536,
      0.27680912767016186,
      0.27014978793377564
     ],
     [
      0.15294958808678571,
      0.5313636389929675,
      0.5056409119210123
     ],
     [
      0.435380464030369,
      0.6600898621341812,
      0.6448152218186695
     ],
     [
      0.24818752733802618,
      0.5010462052777619,
      0.48385811528785877
     ]
    ],
    "randomness": 0.703399364313726,
    "scale": 2.578601622295688,
    "specular": 0.667207023286709,
    "roughness": 0.17747309169181572,
    "clever": false
   }
  }
 ],
 "camera": {
  "track_to_point": [
   [
    -0.017966666982305007,
    -0.25028001823238427,
    0.0
   ],
   [
    0.08548168675846934,
    -0.13684002667336326,
    0.0
   ],
   [
    -0.10914672714493717,
    -0.1892634713697126,
    0.0
   ],
   [
    -0.10763957136816851,
    -0.24427684303627162,
    0.0
   ],
   [
    -0.12945977362995714,
    -0.16952925254900947,
    0.0
   ],
   [
    -0.13257288603601025,
    -0.25050987937660574,
    0.0
   ],
   [
    0.08850113426225403,
    -0.26519559970332407,
    0.0
   ],
   [
    -0.14558257346543316,
    -0.15843397293023026,
    0.0
   ],
   [
    -0.08324704210011899,
    -0.0254606154236916,
    0.0
   ],
   [
    -0.12475139187312656,
    -0.002398160263387128,
    0.0
   ],
   [
    0.08822477974298112,
    -0.1616255688179595,
    0.0
   ],
   [
    0.02638724548309379,
    -0.11670630120498199,
    0.0
   ],
   [
    -0.08097852631123485,
    -0.19985234766179213,
    0.0
   ],
   [
    -0.15845292423331686,
    -0.1899510918136872,
    0.0
   ],
   [
    0.02596410995473461,
    -0.28911164655443133,
    0.0
   ],
   [
    -0.04325508920153516,
    -0.11212502887668355,
    0.0
   ],
   [
    -0.027970340266256527,
    -0.03166673977911233,
    0.0
   ],
   [
    -0.040088493614912984,
    -0.07211893613649706,
    0.0
   ],
   [
    -0.021774600034257935,
    -0.14675742959761254,
    0.0
   ],
   [
    0.032208290149076946,
    -0.0036652532995988807,
    0.0
   ],
   [
    0.057543497634622714,
    -0.14034290515553352,
    0.0
   ],
   [
    -0.016245898466043462,
    -0.25068920039261217,
    0.0
   ],
   [
    -0.02442355247192357,
    -0.25690550901649767,
    0.0
   ],
   [
    -0.14350644978541474,
    -0.2162006207471528,
    0.0
   ],
   [
    -0.07718161985049027,
    -0.05154439562538363,
    0.0
   ]
  ],
  "positions": [
   [
    1.1923954204988094,
    0.648204431880173,
    0.5599194479190376
   ],
   [
    -1.1643087682558644,
    0.5795164342253976,
    0.5995678441062287
   ],
   [
    1.3288777318604144,
    0.6899654967648423,
    0.5333823286569359
   ],
   [
    1.4332579886279218,
    0.2738048530078622,
    0.6156029257141487
   ],
   [
    -0.2739838876688552,
    -1.2841926706593132,
    0.5353528626607378
   ],
   [
    0.5194071680956334,
    -1.2054149623590191,
    0.5521385094971414
   ],
   [
    0.5495071898422508,
    1.3125426159660778,
    0.47568727218114165
   ],
   [
    1.330716218528911,
    0.37669724066734384,
    0.48643064071192377
   ],
   [
    -1.119390492542634,
    0.7493477078737901,
    0.5392638482607739
   ],
   [
    0.8208409052048428,
    1.1033671020954299,
    0.47221461467210524
   ],
   [
    -1.0754878262319294,
    -1.008188983926493,
    0.47949289067671735
   ],
   [
    -0.14061840106460458,
    1.4229006816953196,
    0.6098037007448341
   ],
   [
    0.727278666896683,
    -1.218125807462644,
    0.45078243683884417
   ],
   [
    0.11387282215799625,
    -1.4772982255246123,
    0.6378754002708862
   ],
   [
    0.14700667731817005,
    -1.3258019755370003,
    0.6224359208848524
   ],
   [
    1.1430929106816166,
    0.7038467973021115,
    0.5241674213810046
   ],
   [
    1.392653048700801,
    0.05554625612993008,
    0.45503938523558757
   ],
   [
    -0.15755547214257498,
    -1.2979171796778506,
    0.48013769383040306
   ],
   [
    1.4180391961819905,
    -0.44469905197616966,
    0.6097641067893276
   ],
   [
    -1.3045556141590005,
    -0.4191557427663778,
    0.598924432030794
   ],
   [
    -1.0892201021065666,
    -0.7979939517906259,
    0.5499153682198682
   ],
   [
    1.2530357696215604,
    0.642686937083385,
    0.58627265220954
   ],
   [
    -0.5993692461524699,
    -1.225787923326577,
    0.5770755667794167
   ],
   [
    -0.7446499062400345,
    1.1910457439852558,
    0.4822676784737962
   ],
   [
    0.885499844856284,
    0.9793741668213704,
    0.5867033798955136
   ]
  ]
 },
 "appearance_assets": {
  "floor_pbr": "Carpet007",
  "background_hdr": "photo_studio_01_4k.hdr"
 },
 "environment_strength": 0.7813534991660565
}