{
 "objects": [
  {
   "obj_subpath": "bottle/bottle_089/bottle_089.blend",
   "obj_location": [
    0.4342451972023823,
    -0.3704302079699915
   ],
   "obj_pose": [
    [
     -0.9910728956639271,
     0.10925992987950262,
     0.07639906756102807
    ],
    [
     -0.1100674292086441,
     -0.9939033562559851,
     -0.006427060215266171
    ],
    [
     0.07523106783628464,
     -0.014778731390833855,
     0.9970566034317017
    ]
   ],
   "obj_scale": 0.6484546453441961,
   "obj_color": {
    "type": "random-multi",
    "color": [
     [
      0.0397386925887252,
      0.8248326671331435,
      0.7517552802861692
     ],
     [
      0.08265198436091536,
      0.20568569903811096,
      0.6857805500097405
     ]
    ],
    "randomness": 3.0530701378719822,
    "scale": 1.3626148743087851,
    "specular": 0.6445867567760548,
    "roughness": 0.15720017555898036,
    "clever": false
   }
  },
  {
   "obj_subpath": "chair/chair_047/chair_047.blend",
   "obj_location": [
    0.17212532804583935,
    0.18073534440681271
   ],
   "obj_pose": [
    [
     0.9110176070130739,
     0.41236744521956187,
     -3.264587445349159e-07
    ],
    [
     -0.41236744521956187,
     0.9110176070130739,
     9.423097658640141e-08
    ],
    [
     3.3626744766479533e-07,
     4.877487924659363e-08,
     1.0
    ]
   ],
   "obj_scale": 0.6338315124756777,
   "obj_color": {
    "type": "random-multi",
    "color": [
     [
      0.05464187774337648,
      0.43320724759774265,
      0.7139902389182677
     ],
     [
      0.049343626945759445,
      0.5661490431218192,
      0.6178532828741143
     ],
     [
      0.5030271631726987,
      0.9518952572057177,
      0.08097138478943477
     ]
    ],
    "randomness": 1.120634559764346,
    "scale": 1.3886559276031325,
    "specular": 0.893861404288932,
    "roughness": 0.1500389243016796,
    "clever": false
   }
  },
  {
   "obj_subpath": "Cylinder Stack/Cylinder Stack/Cylinder Stack.blend",
   "obj_location": [
    -0.3690725195066741,
    -0.45034681018613365
   ],
   "obj_pose": [
    [
     -0.957418893527388,
     -0.2887023767079035,
     0.0
    ],
    [
     0.2887023767079035,
     -0.957418893527388,
     0.0
    ],
    [
     0.0,
     0.0,
     1.0
    ]
   ],
   "obj_scale": 0.6980195995905576,
   "obj_color": {
    "type": "random-multi",
    "color": [
     [
      0.5896557444420488,
      0.20819280247895658,
      0.05563700880905176
     ],
     [
      0.5788937956959951,
      0.26162984683627233,
      0.8278333976538139
     ],
     [
      0.5715385579248707,
      0.06448882466649697,
      0.7241969675056301
     ]
    ],
    "randomness": 1.849972026250482,
    "scale": 1.450038825256342,
    "specular": 0.8627348864301911,
    "roughness": 0.22987926182446267,
    "clever": true
   }
  }
 ],
 "camera": {
  "track_to_point": [
   [
    0.17175515359956556,
    -0.12125381996161905,
    0.0
   ],
   [
    0.05266923350142083,
    -0.08725447092661581,
    0.0
   ],
   [
    0.080587812101423,
    -0.32530784450628025,
    0.0
   ],
   [
    0.12524902665907905,
    -0.2563106166323099,
    0.0
   ],
   [
    0.14242098790610075,
    -0.3029990195404493,
    0.0
   ],
   [
    0.13038694722624627,
    -0.2686478325440088,
    0.0
   ],
   [
    0.16321491760250728,
    -0.33109636954365484,
    0.0
   ],
   [
    0.06812112434790611,
    -0.31589627138821674,
    0.0
   ],
   [
    0.05352086866190968,
    -0.06668962594492128,
    0.0
   ],
   [
    -0.015007119482242107,
    -0.2879652353255344,
    0.0
   ],
   [
    -0.06963750850306145,
    -0.16475154685937912,
    0.0
   ],
   [
    -0.03188120478248081,
    -0.30718126110848565,
    0.0
   ],
   [
    -0.04318502144140092,
    -0.30898648726690053,
    0.0
   ],
   [
    0.18244236715440665,
    -0.2555381140316863,
    0.0
   ],
   [
    0.16224577622587133,
    -0.3235397263220381,
    0.0
   ],
   [
    0.011711167391609295,
    -0.17461950149352642,
    0.0
   ],
   [
    0.13015602701192508,
    -0.21763553799678598,
    0.0
   ],
   [
    0.11832038928604834,
    -0.3569121167244867,
    0.0
   ],
   [
    -0.0013948713951647262,
    -0.311878614300711,
    0.0
   ],
   [
    0.1108693568655544,
    -0.32544892204391496,
    0.0
   ],
   [
    0.020193055071412197,
    -0.21217986396709612,
    0.0
   ],
   [
    -0.06789225473631531,
    -0.3426630355023075,
    0.0
   ],
   [
    0.06634566824401929,
    -0.34135308463179004,
    0.0
   ],
   [
    0.00017071333219217943,
    -0.2642741583781611,
    0.0
   ],
   [
    -0.025268846014196558,
    -0.06662381560797853,
    0.0
   ]
  ],
  "positions": [
   [
    -0.6923343699714128,
    -1.13440204144893,
    0.5208744419757293
   ],
   [
    -0.3543203677390435,
    1.2713795949594433,
    0.5693513950719011
   ],
   [
    -1.086970353018612,
    0.9833848516829895,
    0.4872831619528002
   ],
   [
    1.3419945305528405,
    -0.6336900603611603,
    0.5000078575102587
   ],
   [
    1.0372102803818948,
    -0.7943856102970522,
    0.5342018477580952
   ],
   [
    1.083401449476639,
    -0.8025517695215932,
    0.6363433773832121
   ],
   [
    -0.12654713715408716,
    1.294447668037925,
    0.591580797499541
   ],
   [
    0.01760501106712883,
    1.3200157181342071,
    0.6365541699989543
   ],
   [
    0.805570472114154,
    1.1126989745603495,
    0.6114963079780943
   ],
   [
    1.1489113539546656,
    -0.7028172214532978,
    0.5993425634942432
   ],
   [
    1.1480959654279488,
    0.6752786870567118,
    0.6136804530961508
   ],
   [
    -0.1577578774704202,
    -1.4131097140209052,
    0.4959180903985975
   ],
   [
    -0.5230994674594917,
    -1.2635363478928092,
    0.618932398220416
   ],
   [
    0.39911558923624685,
    -1.2986662378611136,
    0.5877387176077425
   ],
   [
    -0.8278370193672354,
    -1.161944008577009,
    0.5479793400289039
   ],
   [
    -0.4644027887521134,
    1.2498699798950335,
    0.5022179147477617
   ],
   [
    -0.4597162114486955,
    -1.299382593389322,
    0.5736934799486766
   ],
   [
    0.48341715684449754,
    -1.3939225957131174,
    0.4729382086909189
   ],
   [
    -0.485674205697864,
    -1.391994665035003,
    0.5952511493107893
   ],
   [
    1.0452529170137388,
    -0.8442821545216491,
    0.5658377811350596
   ],
   [
    0.9246598764661113,
    -0.9478912328859294,
    0.5471846596335291
   ],
   [
    1.268253162962893,
    0.7449597591775804,
    0.644209589361051
   ],
   [
    -0.2365150781413193,
    1.408420594648752,
    0.5013053981834867
   ],
   [
    1.1976123214260082,
    -0.9004652413265605,
    0.608196660564394
   ],
   [
    1.3114995991312817,
    -0.10748329112366421,
    0.45237016239623945
   ]
  ]
 },
 "appearance_assets": {
  "floor_pbr": "Planks011",
  "background_hdr": "small_empty_house_4k.hdr"
 },
 "environment_strength": 0.6710763847426757
}