{
 "objects": [
  {
   "obj_subpath": "ladder/ladder_029/ladder_029.blend",
   "obj_location": [
    -0.446331742889126,
    0.14384625304409393
   ],
   "obj_pose": [
    [
     -0.5236793068965132,
     -0.8519103887285068,
     0.0029458797213410496
    ],
    [
     0.8519102312418128,
     -0.5236850875974415,
     -0.0017018355885558046
    ],
    [
     0.002992524765431881,
     0.001618409063667059,
     0.9999942183494568
    ]
   ],
   "obj_scale": 0.6082652834276975,
   "obj_color": {
    "type": "random-multi",
    "color": [
     [
      0.12914019681164557,
      0.6397289480553366,
      0.4710213058483097
     ],
     [
      0.510013164220061,
      0.2399561951218806,
      0.1266089334523951
     ],
     [
      0.1182481135804887,
      0.5286109319780505,
      0.5136253028298595
     ]
    ],
    "randomness": 2.5306963826740505,
    "scale": 0.7146928550816734,
    "specular": 0.64666106293089,
    "roughness": 0.13670567868680347,
    "clever": false
   }
  },
  {
   "obj_subpath": "mug/mug_082/mug_082.blend",
   "obj_location": [
    0.2163742334356591,
    0.274121604108186
   ],
   "obj_pose": [
    [
     0.44869985466693396,
     0.8936825247648497,
     0.00011746467306056694
    ],
    [
     -0.8936824683266986,
     0.4486998738358877,
     -0.00026139115184343055
    ],
    [
     -0.00028630709857679904,
     1.2310052625252865e-05,
     0.9999999403953552
    ]
   ],
   "obj_scale": 0.6572420067866118,
   "obj_color": {
    "type": "random-mono",
    "color": [
     [
      0.9872849083047299,
      0.9670184670034899,
      0.9667936643690995
     ],
     [
      0.15998784336225735,
      0.08306877552986401,
      0.08221556164655042
     ],
     [
      0.5412224885053052,
      0.2704808960572533,
      0.26747773322680324
     ]
    ],
    "randomness": 0.9885916841146145,
    "scale": 2.450125508300294,
    "specular": 0.8794984861525085,
    "roughness": 0.26549620618847636,
    "clever": true
   }
  },
  {
   "obj_subpath": "Atom N Ring/Atom N Ring/Atom N Ring.blend",
   "obj_location": [
    0.027405666197291678,
    -0.4914417141930929
   ],
   "obj_pose": [
    [
     0.11938757619767675,
     -0.9928477258117903,
     0.0
    ],
    [
     0.9928477258117903,
     0.11938757619767675,
     0.0
    ],
    [
     0.0,
     0.0,
     1.0
    ]
   ],
   "obj_scale": 0.6684490569113705,
   "obj_color": {
    "type": "random-multi",
    "color": [
     [
      0.755339586454748,
      0.15543035875322067,
      0.06541104964971856
     ],
     [
      0.05333699933631608,
      0.10144153243820137,
      0.5889433153730207
     ],
     [
      0.11236211516281802,
      0.9498389493815622,
      0.497887962862084
     ]
    ],
    "randomness": 3.1883000850102485,
    "scale": 0.8646700547588887,
    "specular": 0.7226207214484559,
    "roughness": 0.12313775128152052,
    "clever": false
   }
  }
 ],
 "camera": {
  "track_to_point": [
   [
    -0.18350549816824052,
    -0.053135743745557934,
    0.0
   ],
   [
    -0.02581282732249647,
    0.03977809166075415,
    0.0
   ],
   [
    0.05921737887152913,
    0.0030622486498116767,
    0.0
   ],
   [
    -0.027719032191151002,
    -0.054504214039222246,
    0.0
   ],
   [
    -0.16994735380454634,
    0.006423584954337768,
    0.0
   ],
   [
    -0.02000677928897214,
    -0.17154129777455002,
    0.0
   ],
   [
    -0.0562542668818521,
    0.09293159097949256,
    0.0
   ],
   [
    -0.19891013715107814,
    -0.042905670356088485,
    0.0
   ],
   [
    -0.20492140431809558,
    -0.13924885420139577,
    0.0
   ],
   [
    0.03865695504654372,
    -0.06316598026767854,
    0.0
   ],
   [
    0.06006894142501902,
    0.005883312600110612,
    0.0
   ],
   [
    -0.09120471127860273,
    0.038042405494096085,
    0.0
   ],
   [
    0.033501094574479376,
    -0.13089891434815004,
    0.0
   ],
   [
    -0.11661447927873089,
    -0.08429488970623603,
    0.0
   ],
   [
    -0.13174963713013849,
    -0.06286357269635987,
    0.0
   ],
   [
    0.08218297015026617,
    -0.06297550313693605,
    0.0
   ],
   [
    -0.07339516374465709,
    0.05280714996272069,
    0.0
   ],
   [
    -0.2087652387039481,
    -0.13856167305607706,
    0.0
   ],
   [
    -0.044522900144131974,
    -0.10802288064240992,
    0.0
   ],
   [
    -0.015277343602447993,
    -0.11987799768980918,
    0.0
   ],
   [
    0.058152665145013285,
    0.06384023872385898,
    0.0
   ],
   [
    -0.14430397050677604,
    -0.01884553291978185,
    0.0
   ],
   [
    -0.12239129467896573,
    0.11333468154977945,
    0.0
   ],
   [
    -0.10438739258365108,
    -0.07980794459562299,
    0.0
   ],
   [
    0.06254319133589971,
    -0.11846419391685159,
    0.0
   ]
  ],
  "positions": [
   [
    1.339526621785198,
    -0.0013750287338200053,
    0.6110440003715537
   ],
   [
    -1.0737954031206571,
    -0.9638808268511116,
    0.5906247473959778
   ],
   [
    0.5461266111601312,
    1.2679541536268324,
    0.5345186540883794
   ],
   [
    -0.9433780530989125,
    0.9065417638874601,
    0.5439071975687337
   ],
   [
    -0.3991144671666515,
    -1.3103703853214768,
    0.5579476831852656
   ],
   [
    -0.35462000633201046,
    1.4043528878993758,
    0.6349992941012522
   ],
   [
    0.5804186061137346,
    1.3669350253948382,
    0.640470935646763
   ],
   [
    -1.2421347385779602,
    0.7857142125301207,
    0.5808031682635872
   ],
   [
    -1.266194829044369,
    0.7637309306938777,
    0.5784587617339858
   ],
   [
    -1.3798858987742064,
    -0.4353521179262176,
    0.5499587381514004
   ],
   [
    -0.8621361320316864,
    -1.1129060056463251,
    0.4581013540227
   ],
   [
    -1.0452331457036772,
    -0.8384218456788961,
    0.562942138123921
   ],
   [
    0.38901989080653393,
    -1.4418044567648665,
    0.6080106685384556
   ],
   [
    -0.9998629058522114,
    -0.8886764929606779,
    0.4732778270475851
   ],
   [
    0.32124080663780175,
    1.432694477123078,
    0.5830936449710549
   ],
   [
    0.6290711985049343,
    1.3171196202234359,
    0.6489414647909532
   ],
   [
    -1.1957593220831344,
    -0.737852684093784,
    0.6236645628258329
   ],
   [
    1.25445728795265,
    0.6747963741737381,
    0.5180610956211666
   ],
   [
    0.3095863967980528,
    1.2727924351995341,
    0.6071589289319576
   ],
   [
    -1.2432543191071557,
    -0.5986367167776847,
    0.4581280409743508
   ],
   [
    -1.2655088900578872,
    0.6491337821106348,
    0.6123372628183426
   ],
   [
    0.7297419534302916,
    -1.1767487980139404,
    0.5322989920816276
   ],
   [
    0.4724673027484112,
    -1.2458429267545148,
    0.565149868685731
   ],
   [
    -0.889120337032911,
    -1.0939787967246803,
    0.6210164568299139
   ],
   [
    1.2971017083134941,
    0.5231746664530756,
    0.6356627298100092
   ]
  ]
 },
 "appearance_assets": {
  "floor_pbr": "Carpet008",
  "background_hdr": "lebombo_4k.hdr"
 },
 "environment_strength": 0.7146755620520285
}