{
 "objects": [
  {
   "obj_subpath": "ice_cream/ice_cream_041/ice_cream_041.blend",
   "obj_location": [
    0.40580116100693,
    -0.15868600832984792
   ],
   "obj_pose": [
    [
     0.26533589491070714,
     0.06611795110984424,
     0.9618863074725014
    ],
    [
     -0.04225915793948364,
     0.9974846681693665,
     -0.056907739759218354
    ],
    [
     -0.9632294774055481,
     -0.025548841804265976,
     0.2674625813961029
    ]
   ],
   "obj_scale": 0.6902331011478408,
   "obj_color": {
    "type": "random-multi",
    "color": [
     [
      0.7690306138375272,
      0.8109844024207725,
      0.11601859791410074
     ],
     [
      0.5898173886614796,
      0.1450211276750064,
      0.3976848284479242
     ]
    ],
    "randomness": 3.9975423094676055,
    "scale": 0.5729177551195402,
    "specular": 0.6311549659501497,
    "roughness": 0.2408849734236103,
    "clever": false
   }
  },
  {
   "obj_subpath": "pencil/pencil_018/pencil_018.blend",
   "obj_location": [
    -0.15315519777106923,
    0.4401608467455711
   ],
   "obj_pose": [
    [
     -0.7991879210564963,
     0.0026371800741910186,
     -0.6010754816442784
    ],
    [
     0.601081225015524,
     0.003911045532265837,
     -0.7991783346766804
    ],
    [
     0.00024325631966348737,
     -0.999988853931427,
     -0.004710819572210312
    ]
   ],
   "obj_scale": 0.6915212871050275,
   "obj_color": {
    "type": "random-mono",
    "color": [
     [
      0.3553821489431128,
      0.2633909685571105,
      0.1578867399748729
     ],
     [
      0.8146664321124366,
      0.7008287893434766,
      0.5702689613951553
     ],
     [
      0.2007792691782853,
      0.1671747079147952,
      0.12863380325336798
     ],
     [
      0.7741931795822767,
      0.5714669445499381,
      0.3389612309508676
     ]
    ],
    "randomness": 0.3832808744577523,
    "scale": 4.7775607876359425,
    "specular": 0.745329933622662,
    "roughness": 0.18669884474097026,
    "clever": false
   }
  },
  {
   "obj_subpath": "Bee Hive/Bee Hive/Bee Hive.blend",
   "obj_location": [
    -0.3781137561466885,
    -0.33489363369490033
   ],
   "obj_pose": [
    [
     0.012430374411970738,
     0.9999227399114284,
     0.0
    ],
    [
     -0.9999227399114284,
     0.012430374411970738,
     0.0
    ],
    [
     0.0,
     0.0,
     1.0
    ]
   ],
   "obj_scale": 0.6667482820153297,
   "obj_color": {
    "type": "random-mono",
    "color": [
     [
      0.9978135033180772,
      0.9935942505015244,
      0.9975595416056183
     ],
     [
      0.7649617070112269,
      0.3897838247710075,
      0.7423793158644796
     ],
     [
      0.4617492904981645,
      0.25521666483126204,
      0.4493178526172169
     ],
     [
      0.7278434965281102,
      0.34254539511520954,
      0.7046519576712588
     ]
    ],
    "randomness": 0.781996886366883,
    "scale": 3.207635261300373,
    "specular": 0.6927847851945853,
    "roughness": 0.17151508665587054,
    "clever": false
   }
  }
 ],
 "camera": {
  "track_to_point": [
   [
    0.01923551814532718,
    -0.01833817282583622,
    0.0
   ],
   [
    0.08944684370598888,
    -0.11925087932475226,
    0.0
   ],
   [
    0.08584925532310678,
    -0.0770405278934818,
    0.0
   ],
   [
    -0.04681278544579364,
    0.08044936445100773,
    0.0
   ],
   [
    -0.011997911540086913,
    -0.02357734849259363,
    0.0
   ],
   [
    -0.1033705263056984,
    -0.11170067510480541,
    0.0
   ],
   [
    -0.028614283291324448,
    -0.029817009004358797,
    0.0
   ],
   [
    -0.12474990259321292,
    -0.1279716200547676,
    0.0
   ],
   [
    -0.06278917907154899,
    -0.050480864581055385,
    0.0
   ],
   [
    -0.002184709462097971,
    0.08061035056434745,
    0.0
   ],
   [
    0.020965242454115608,
    -0.1171792426184072,
    0.0
   ],
   [
    -0.025282055061533186,
    0.11949545231893252,
    0.0
   ],
   [
    -0.15632403758759858,
    -0.14371410797079975,
    0.0
   ],
   [
    0.07080347468133114,
    0.04741504459510382,
    0.0
   ],
   [
    -0.042634414697635535,
    -0.026056534256521047,
    0.0
   ],
   [
    -0.15200730343448354,
    -0.1559952487918667,
    0.0
   ],
   [
    -0.1734651768223478,
    0.12173241132013027,
    0.0
   ],
   [
    -0.02536325965067853,
    -0.1575561344038686,
    0.0
   ],
   [
    -0.006557560729801563,
    0.05983941661335865,
    0.0
   ],
   [
    -0.02888046411194222,
    0.11731939561306112,
    0.0
   ],
   [
    -0.15610922385183015,
    -0.07669852988002272,
    0.0
   ],
   [
    -0.042839717732811415,
    0.019766087545138172,
    0.0
   ],
   [
    -0.1264389584309812,
    -0.12214431392189917,
    0.0
   ],
   [
    -0.10766584517827613,
    0.09219106034896399,
    0.0
   ],
   [
    0.06526240869820249,
    0.06642396293816974,
    0.0
   ]
  ],
  "positions": [
   [
    0.4195660304640246,
    1.251333281681036,
    0.5360340128774449
   ],
   [
    -1.2158029895129858,
    -0.7931649167175078,
    0.5201934670828763
   ],
   [
    1.4752856732967392,
    -0.15758211279543266,
    0.539265357592258
   ],
   [
    -0.7631899916099667,
    -1.2094554707077874,
    0.633124751331076
   ],
   [
    -1.3333281074553305,
    -0.012947747301586664,
    0.5018035920197392
   ],
   [
    0.5416322328544199,
    -1.2242584687511247,
    0.5027728987029179
   ],
   [
    1.1011979743282896,
    -0.8833842156467717,
    0.6449255471923634
   ],
   [
    -1.4381212394402134,
    0.2008231674480372,
    0.47003028493391724
   ],
   [
    0.4851375952831353,
    -1.3127651639922748,
    0.4580883719747165
   ],
   [
    -0.7546193323469109,
    1.1624098265359215,
    0.5548323451582933
   ],
   [
    1.3250292886482944,
    0.3335619926789979,
    0.5426915600814513
   ],
   [
    -0.07505516487241104,
    -1.379449164101085,
    0.49456905815518953
   ],
   [
    0.42785007335445635,
    -1.403324819670687,
    0.6451532670328579
   ],
   [
    -1.2033837285536781,
    -0.8937302564591828,
    0.5878490545449293
   ],
   [
    1.4771890017071567,
    0.04395746744210502,
    0.6093721774380612
   ],
   [
    1.3684906688004552,
    -0.1063479698211797,
    0.5587362708936531
   ],
   [
    1.3406754463100974,
    0.46446792539773335,
    0.48232058231999614
   ],
   [
    -1.2421223729726087,
    -0.7416980788786148,
    0.6265831076208505
   ],
   [
    -0.013855466945156023,
    1.458500949649933,
    0.5477603511579143
   ],
   [
    1.3740554982865183,
    0.4681844507251333,
    0.5287075646143043
   ],
   [
    -0.16996514239188046,
    -1.4247212455680798,
    0.5758883827985869
   ],
   [
    -1.3259548372341414,
    0.6082433013768063,
    0.48185537864338784
   ],
   [
    -0.8618079318197195,
    1.0244071028547401,
    0.47354002701269193
   ],
   [
    1.3887995468278491,
    -0.25219204822392216,
    0.5626477154045184
   ],
   [
    -1.2368330225762654,
    -0.7630338943520415,
    0.6251560044461636
   ]
  ]
 },
 "appearance_assets": {
  "floor_pbr": "Carpet007",
  "background_hdr": "hotel_room_4k.hdr"
 },
 "environment_strength": 0.6198731061898854
}