{
 "objects": [
  {
   "obj_subpath": "chicken/chicken_008/chicken_008.blend",
   "obj_location": [
    -0.1119979454577924,
    0.006062046974403823
   ],
   "obj_pose": [
    [
     -0.06693573043760617,
     -0.9963930492145453,
     0.052158894130022795
    ],
    [
     -0.24253088100977854,
     0.06695646360712589,
     0.967830361717527
    ],
    [
     -0.9678317904472351,
     0.05213228985667229,
     -0.2461378574371338
    ]
   ],
   "obj_scale": 0.671960750744881,
   "obj_color": {
    "type": "random-multi",
    "color": [
     [
      0.780476551226973,
      0.15912384659021026,
      0.1416033490275952
     ],
     [
      0.0731459402969945,
      0.40571457520610066,
      0.5561967865016121
     ],
     [
      0.12061795693449529,
      0.32805460611597614,
      0.6394882749682977
     ],
     [
      0.11042249207045535,
      0.49801125657268863,
      0.49940637988039455
     ]
    ],
    "randomness": 1.79732076632851,
    "scale": 1.114790816156118,
    "specular": 0.6314125049922289,
    "roughness": 0.2192015887522184,
    "clever": false
   }
  },
  {
   "obj_subpath": "dog/dog_060/dog_060.blend",
   "obj_location": [
    0.49807358566190985,
    0.11626692282143902
   ],
   "obj_pose": [
    [
     -0.030866673824121445,
     0.011645054775329778,
     0.9994556839333878
    ],
    [
     0.026698018332648767,
     0.9995849442288604,
     -0.010822041286341589
    ],
    [
     -0.9991669058799744,
     0.026349443942308426,
     -0.031164761632680893
    ]
   ],
   "obj_scale": 0.6782487172811741,
   "obj_color": {
    "type": "random-mono",
    "color": [
     [
      0.7596986768782505,
      0.6912531360619705,
      0.6006490075607953
     ],
     [
      0.5556349139285272,
      0.3781436067393425,
      0.14319119037118366
     ],
     [
      0.3568906102213486,
      0.2941692071451889,
      0.21114235110295143
     ]
    ],
    "randomness": 0.742113183602603,
    "scale": 4.544004442944307,
    "specular": 0.7049088480775979,
    "roughness": 0.29975114551629956,
    "clever": false
   }
  },
  {
   "obj_subpath": "Cone Wave/Cone Wave/Cone Wave.blend",
   "obj_location": [
    -0.4934544643399632,
    -0.46067376579928054
   ],
   "obj_pose": [
    [
     -0.95055296591057,
     0.31056248807384745,
     0.0
    ],
    [
     -0.31056248807384745,
     -0.95055296591057,
     0.0
    ],
    [
     0.0,
     0.0,
     1.0
    ]
   ],
   "obj_scale": 0.6836745610488009,
   "obj_color": {
    "type": "random-mono",
    "color": [
     [
      0.9988702592392344,
      0.9977225444847306,
      0.9991869720590838
     ],
     [
      0.2549774743323354,
      0.13722711291043932,
      0.28747078232359813
     ]
    ],
    "randomness": 0.6108627167397241,
    "scale": 3.8505937743803402,
    "specular": 0.726362797533902,
    "roughness": 0.18364029399869713,
    "clever": false
   }
  }
 ],
 "camera": {
  "track_to_point": [
   [
    0.09642475345108997,
    -0.05028881093125259,
    0.0
   ],
   [
    -0.0786439926826647,
    -0.009467863387851688,
    0.0
   ],
   [
    -0.06669738247467094,
    -0.13695644217520273,
    0.0
   ],
   [
    -0.09448735162672375,
    -0.0650391742211967,
    0.0
   ],
   [
    -0.10788002097811775,
    -0.029041142305656437,
    0.0
   ],
   [
    0.012506113533187445,
    -0.13935139660062945,
    0.0
   ],
   [
    -0.15067534882135564,
    0.006179193984540282,
    0.0
   ],
   [
    0.0853134591197825,
    -0.04022107341774722,
    0.0
   ],
   [
    -0.04091438628777561,
    -0.24535898296877243,
    0.0
   ],
   [
    0.0629023963633556,
    -0.1648583269232189,
    0.0
   ],
   [
    0.05688129146495551,
    -0.20734079361133678,
    0.0
   ],
   [
    0.012346562618297495,
    0.026357209036984713,
    0.0
   ],
   [
    -0.05028118046143971,
    -0.06336596345076617,
    0.0
   ],
   [
    -0.052145228030929004,
    -0.06895187007696502,
    0.0
   ],
   [
    0.0506991671627594,
    -0.22727024593723189,
    0.0
   ],
   [
    -0.042562403837935726,
    -0.07704402527384069,
    0.0
   ],
   [
    -0.10929706026689726,
    -0.07885497581239587,
    0.0
   ],
   [
    0.03736808370339131,
    0.0036747184307953373,
    0.0
   ],
   [
    0.030753744700189344,
    -0.13152270608033673,
    0.0
   ],
   [
    -0.083342763768459,
    0.014671615403457045,
    0.0
   ],
   [
    -0.01685162952156328,
    -0.06930738215315635,
    0.0
   ],
   [
    -0.05910617305023675,
    -0.14748089108748125,
    0.0
   ],
   [
    -0.016860190926020265,
    -0.10460924529299864,
    0.0
   ],
   [
    -0.03529474067887354,
    -0.024178067402316622,
    0.0
   ],
   [
    0.02934498501449586,
    0.03446411516561168,
    0.0
   ]
  ],
  "positions": [
   [
    0.1729393879317802,
    -1.4477413999940085,
    0.4611591601846805
   ],
   [
    -0.7875420559028895,
    -1.0796375400540006,
    0.5533762999505909
   ],
   [
    1.348321729898468,
    -0.2940737864874845,
    0.5443072306293957
   ],
   [
    0.15770908553428467,
    1.3864508518954706,
    0.5313798002650547
   ],
   [
    -1.4544579877824642,
    -0.3384422585058572,
    0.5099462362872094
   ],
   [
    -1.4850342107706191,
    -0.03228344109403595,
    0.5750156997967525
   ],
   [
    -0.13711671912045686,
    -1.3384170523831638,
    0.5325063418590864
   ],
   [
    1.2683075828841461,
    0.6541742716576602,
    0.46939464987297896
   ],
   [
    -0.3477529292808771,
    -1.3844821161526022,
    0.5472639946444484
   ],
   [
    -0.8363054565101085,
    1.2162182222179914,
    0.5804722952623799
   ],
   [
    0.010218455217271698,
    -1.3469279003210586,
    0.5334122749700594
   ],
   [
    -1.3046284246059627,
    -0.7270593574491719,
    0.47421454672431723
   ],
   [
    -0.5568365218732337,
    -1.304798812380338,
    0.6488125595044488
   ],
   [
    1.3312380586548866,
    -0.007634197626799947,
    0.6446549164525421
   ],
   [
    -0.7690912500628859,
    -1.167335169969965,
    0.6423668455843914
   ],
   [
    -1.2843975071213005,
    0.303098777656869,
    0.62780184829702
   ],
   [
    -1.3692077478835858,
    -0.19277184166807115,
    0.5524365735599053
   ],
   [
    1.2514905251376305,
    0.35193388028788203,
    0.623817099220561
   ],
   [
    1.3207680138606788,
    -0.020501830651007334,
    0.6433929308150483
   ],
   [
    0.5637412487449431,
    -1.3435675207357918,
    0.49912077710377145
   ],
   [
    0.11421932457639984,
    1.3092094307092284,
    0.5732955525271616
   ],
   [
    1.4609635489805124,
    0.31066170800893483,
    0.5633097004297531
   ],
   [
    -0.3265545648763079,
    -1.4467238526974275,
    0.5628783798078321
   ],
   [
    1.412571387967406,
    0.290613056503838,
    0.5054943593135588
   ],
   [
    1.198411161335297,
    -0.5515140180780649,
    0.4983744872171979
   ]
  ]
 },
 "appearance_assets": {
  "floor_pbr": "Marble012",
  "background_hdr": "aft_lounge_4k.hdr"
 },
 "environment_strength": 0.7583705504888294
}