{
 "objects": [
  {
   "obj_subpath": "elephant/elephant_034/elephant_034.blend",
   "obj_location": [
    -0.035602346866822954,
    -0.11599913715480326
   ],
   "obj_pose": [
    [
     0.009243139462991828,
     -0.3489289434538113,
     -0.9371036271077745
    ],
    [
     -0.8088608006701431,
     0.5483870861226513,
     -0.21216923451581873
    ],
    [
     0.587927520275116,
     0.7599474787712097,
     -0.27716612815856934
    ]
   ],
   "obj_scale": 0.6142316722467763,
   "obj_color": {
    "type": "random-multi",
    "color": [
     [
      0.026640636861180497,
      0.7825739171333373,
      0.004741131824595901
     ],
     [
      0.7456816424069014,
      0.09719385665700997,
      0.7640784255113446
     ],
     [
      0.2132652662535106,
      0.38286769180807684,
      0.8526935499132431
     ],
     [
      0.6635518946536381,
      0.5360342697151226,
      0.10808354187647362
     ]
    ],
    "randomness": 3.9825165501142794,
    "scale": 0.9289896507596577,
    "specular": 0.7343912107938952,
    "roughness": 0.15342813759258028,
    "clever": false
   }
  },
  {
   "obj_subpath": "truck/truck_020/truck_020.blend",
   "obj_location": [
    0.4201686497303059,
    0.2743509715078075
   ],
   "obj_pose": [
    [
     -0.19785043687032927,
     0.9802322236673321,
     -7.89367657397991e-05
    ],
    [
     -0.9802322236673322,
     -0.19785043687032927,
     1.5617786006982824e-05
    ],
    [
     -3.086174160671362e-07,
     8.04663504823111e-05,
     1.0
    ]
   ],
   "obj_scale": 0.6951759308217415,
   "obj_color": {
    "type": "random-mono",
    "color": [
     [
      0.6665597200118314,
      0.8509842961833438,
      0.9053852650935443
     ],
     [
      0.8491170029549329,
      0.9304400257488719,
      0.9544284297161516
     ],
     [
      0.931892045491685,
      0.9641201852118578,
      0.9736267383152806
     ]
    ],
    "randomness": 0.2983685778967674,
    "scale": 4.273931089393541,
    "specular": 0.6380177296781149,
    "roughness": 0.2802881164096511,
    "clever": false
   }
  },
  {
   "obj_subpath": "Ring of Rings/Ring of Rings/Ring of Rings.blend",
   "obj_location": [
    -0.44424315083075927,
    0.34109235700115814
   ],
   "obj_pose": [
    [
     0.4837152332623235,
     -0.8752254413063962,
     0.0
    ],
    [
     0.8752254413063962,
     0.4837152332623235,
     0.0
    ],
    [
     0.0,
     0.0,
     1.0
    ]
   ],
   "obj_scale": 0.6046005842713132,
   "obj_color": {
    "type": "random-multi",
    "color": [
     [
      0.6389290446818113,
      0.006080238663994542,
      0.2632956026735655
     ],
     [
      0.8124145037687133,
      0.05478854503123032,
      0.06179971963999442
     ],
     [
      0.97675061980965,
      0.6786688257218325,
      0.07909293612548118
     ]
    ],
    "randomness": 0.8217684639216638,
    "scale": 1.1149726581392132,
    "specular": 0.693066707263494,
    "roughness": 0.2984941429942226,
    "clever": true
   }
  }
 ],
 "camera": {
  "track_to_point": [
   [
    0.09630868863151383,
    0.28702609860715705,
    0.0
   ],
   [
    0.0585576705016977,
    0.24007060364612523,
    0.0
   ],
   [
    -0.021641735488413517,
    0.29523154544656816,
    0.0
   ],
   [
    0.038851029826212455,
    0.10194276132778796,
    0.0
   ],
   [
    0.08585492564834786,
    0.24724570331325862,
    0.0
   ],
   [
    -0.07415612557916386,
    0.04207981815652978,
    0.0
   ],
   [
    -0.05066192426019177,
    0.312887053446937,
    0.0
   ],
   [
    0.03186230546447626,
    0.21634907044379273,
    0.0
   ],
   [
    -0.010098161541851353,
    0.2220319999596385,
    0.0
   ],
   [
    -0.05160479668775293,
    0.2382455603744101,
    0.0
   ],
   [
    -0.12430676749808102,
    0.25386060825209267,
    0.0
   ],
   [
    -0.13593132043660114,
    0.30746055311923953,
    0.0
   ],
   [
    -0.0524171769160975,
    0.24871715037837655,
    0.0
   ],
   [
    0.12859825858450163,
    0.22743297638546187,
    0.0
   ],
   [
    -0.07737326362077189,
    0.1848308265128781,
    0.0
   ],
   [
    0.028891409703550846,
    0.18394362147868393,
    0.0
   ],
   [
    0.05121811359219895,
    0.22300808897375823,
    0.0
   ],
   [
    0.10137667826947717,
    0.06057275243135263,
    0.0
   ],
   [
    0.11518511311494041,
    0.05253374392829635,
    0.0
   ],
   [
    0.013142273953957045,
    0.03971163006517303,
    0.0
   ],
   [
    -0.06059017415621845,
    0.05110177505016911,
    0.0
   ],
   [
    -0.0746644191777801,
    0.05853455679232475,
    0.0
   ],
   [
    -0.053536963810545235,
    0.19365825315523222,
    0.0
   ],
   [
    -0.031541331629539884,
    0.15197426598336228,
    0.0
   ],
   [
    0.0689077303258935,
    0.2530984698867128,
    0.0
   ]
  ],
  "positions": [
   [
    1.379175802672928,
    -0.32858886140280963,
    0.5915918867791443
   ],
   [
    -1.4430976716946167,
    0.1079603492261531,
    0.5385653887737387
   ],
   [
    1.2064984312480647,
    0.5852963826825833,
    0.6065391995405749
   ],
   [
    1.365878143700545,
    -0.36716550924807073,
    0.5344749599897418
   ],
   [
    -1.0967232780948581,
    -0.814814846863136,
    0.47324500404330433
   ],
   [
    -1.4679385427394172,
    -0.06375787294983251,
    0.5123100424122989
   ],
   [
    -0.7758350275919443,
    1.0596911191445115,
    0.5615099157739242
   ],
   [
    -1.0031915800832851,
    -1.050073588665697,
    0.4804102382778577
   ],
   [
    1.2332621370766461,
    0.6663960183861048,
    0.531315588767621
   ],
   [
    -1.0530575399934567,
    -0.7680952959592896,
    0.5139644285887506
   ],
   [
    1.4941653530747747,
    -0.0929368236406721,
    0.6089412627934745
   ],
   [
    0.6844560350204416,
    -1.211617755700852,
    0.5679161971834454
   ],
   [
    -0.18447982773511315,
    1.3371367106008423,
    0.5241536525836737
   ],
   [
    -1.085011276807548,
    -0.9724793294397402,
    0.45608333300943227
   ],
   [
    -0.4457439642646826,
    -1.2865414246220164,
    0.4753832180605102
   ],
   [
    -0.7702312698191017,
    1.0824885341922452,
    0.6494581877420715
   ],
   [
    -0.09078190787173035,
    -1.3741102052124095,
    0.5799558484379586
   ],
   [
    -1.3946409273695497,
    -0.28746671904545984,
    0.5263881362731897
   ],
   [
    -1.3765750935954228,
    -0.28376310968980933,
    0.5514244495076429
   ],
   [
    -1.2991730800154584,
    -0.3237149274762604,
    0.6388111029776196
   ],
   [
    -0.20246240375606153,
    -1.4344344071030317,
    0.594338661376636
   ],
   [
    0.36627037608426993,
    -1.3823258562890475,
    0.4778025371690185
   ],
   [
    0.9282687714707452,
    -0.9892751478856046,
    0.5651830974812071
   ],
   [
    -0.980912756525243,
    0.9476120344512268,
    0.5926405882637242
   ],
   [
    -0.49416992622495515,
    1.3522728389633374,
    0.6108333866346689
   ]
  ]
 },
 "appearance_assets": {
  "floor_pbr": "WoodFloor005",
  "background_hdr": "kiara_interior_4k.hdr"
 },
 "environment_strength": 0.5624690339180992
}