{
 "objects": [
  {
   "obj_subpath": "shoe/shoe_003/shoe_003.blend",
   "obj_location": [
    -0.40394903924434233,
    -0.4748865388083079
   ],
   "obj_pose": [
    [
     -0.9498641323180961,
     -0.31256381627135893,
     0.007872313356678862
    ],
    [
     0.31247903592376636,
     -0.9498679139237144,
     -0.010383399658047975
    ],
    [
     0.010723132640123367,
     -0.0074028861708939075,
     0.9999151229858398
    ]
   ],
   "obj_scale": 0.6961099720191202,
   "obj_color": {
    "type": "random-multi",
    "color": [
     [
      0.5167161101521008,
      0.17189479197448962,
      0.1133415407957975
     ],
     [
      0.6428716370314006,
      0.17759577822879183,
      0.11929184670783444
     ],
     [
      0.5582449117357808,
      0.09657811265947902,
      0.739860484715521
     ],
     [
      0.5806640255769493,
      0.6652572515411226,
      0.08011077899646302
     ]
    ],
    "randomness": 3.3735271103218185,
    "scale": 1.4858296535575843,
    "specular": 0.7038779590635789,
    "roughness": 0.28767049306098835,
    "clever": false
   }
  },
  {
   "obj_subpath": "chair/chair_049/chair_049.blend",
   "obj_location": [
    0.44404881369458427,
    0.339588561352424
   ],
   "obj_pose": [
    [
     -0.24739619395344412,
     0.9689097281459956,
     -0.003017678271428617
    ],
    [
     -0.9688435321916253,
     -0.24741455040046295,
     -0.011322370550945482
    ],
    [
     -0.011716972105205059,
     0.00012254681496415287,
     0.9999313354492188
    ]
   ],
   "obj_scale": 0.6231806033206864,
   "obj_color": {
    "type": "random-multi",
    "color": [
     [
      0.16067281655666443,
      0.8173436741206078,
      0.6676023082435778
     ],
     [
      0.7509749131909852,
      0.10491277638506047,
      0.20985903886536708
     ],
     [
      0.8628022580165213,
      0.14777443993654615,
      0.6023105482516904
     ]
    ],
    "randomness": 1.2581536039357073,
    "scale": 1.2237144376698206,
    "specular": 0.6603432751061902,
    "roughness": 0.2949636038340354,
    "clever": false
   }
  },
  {
   "obj_subpath": "Arch Rounded/Arch Rounded/Arch Rounded.blend",
   "obj_location": [
    0.2943693233107071,
    -0.36968992437578574
   ],
   "obj_pose": [
    [
     -0.9994078947123031,
     -0.03440726648140115,
     0.0
    ],
    [
     0.03440726648140115,
     -0.9994078947123031,
     0.0
    ],
    [
     0.0,
     0.0,
     1.0
    ]
   ],
   "obj_scale": 0.619096699018065,
   "obj_color": {
    "type": "random-multi",
    "color": [
     [
      0.7945702317358635,
      0.49375567940028986,
      0.06903980542415666
     ],
     [
      0.04166342844076565,
      0.167972730508329,
      0.675048179711455
     ],
     [
      0.00566904944950164,
      0.32589384084394457,
      0.6349710025292787
     ]
    ],
    "randomness": 1.9344854372135956,
    "scale": 1.3107323716261812,
    "specular": 0.8158540518419299,
    "roughness": 0.15607259962819753,
    "clever": true
   }
  }
 ],
 "camera": {
  "track_to_point": [
   [
    0.08394905564334781,
    -0.12152105483350936,
    0.0
   ],
   [
    0.06308138492739243,
    -0.126012075649974,
    0.0
   ],
   [
    0.12641348241877898,
    -0.19582323031486507,
    0.0
   ],
   [
    0.03597069020274085,
    -0.3139596999321134,
    0.0
   ],
   [
    0.2418958936476281,
    -0.10422178096889603,
    0.0
   ],
   [
    0.05824222489814958,
    -0.22655282273148952,
    0.0
   ],
   [
    0.020240895803768214,
    -0.18532539799410166,
    0.0
   ],
   [
    0.00639730812194321,
    -0.23977859941028912,
    0.0
   ],
   [
    0.22607960924646142,
    -0.26724379348594207,
    0.0
   ],
   [
    0.17306868117353214,
    -0.18569411719716458,
    0.0
   ],
   [
    0.0470851409612468,
    -0.2745314504991867,
    0.0
   ],
   [
    0.15918762261171,
    -0.018613183718342363,
    0.0
   ],
   [
    0.04580066300535601,
    -0.22345900073712066,
    0.0
   ],
   [
    0.2095158281924805,
    -0.20024649770657893,
    0.0
   ],
   [
    0.10350624386145126,
    -0.08499991935166229,
    0.0
   ],
   [
    0.21410243739469964,
    -0.09912221612073516,
    0.0
   ],
   [
    0.03130343126814751,
    -0.1304466361108072,
    0.0
   ],
   [
    0.1949819119479525,
    -0.22450432765238842,
    0.0
   ],
   [
    0.03704684915780665,
    -0.17651319302154955,
    0.0
   ],
   [
    0.09443858412497229,
    -0.04205089915001342,
    0.0
   ],
   [
    -0.024638189502729765,
    -0.2375164801763508,
    0.0
   ],
   [
    0.21885368167698815,
    -0.06744241959555719,
    0.0
   ],
   [
    0.1481545594368449,
    -0.24114010414659193,
    0.0
   ],
   [
    0.14053903756412234,
    -0.09583185417054135,
    0.0
   ],
   [
    0.1402852364656892,
    -0.23186406159418277,
    0.0
   ]
  ],
  "positions": [
   [
    -1.449866012702709,
    0.08309238133612011,
    0.6051527009250675
   ],
   [
    0.4227514418885796,
    -1.310113573815567,
    0.5479360804107081
   ],
   [
    1.0816622201199244,
    0.7786067652959169,
    0.6235189069238541
   ],
   [
    0.5001409322142538,
    -1.263908628977218,
    0.6439703663984955
   ],
   [
    0.3230536774077682,
    1.3109665789060823,
    0.4638492556461298
   ],
   [
    1.357094249068542,
    -0.2629519201720368,
    0.570447506505918
   ],
   [
    -0.6421801522550095,
    -1.330268508252246,
    0.4750879566126464
   ],
   [
    -1.2924327781980185,
    0.25170058110435056,
    0.4923229785500119
   ],
   [
    -1.2344160464233862,
    -0.42762568837813564,
    0.5936264105191603
   ],
   [
    0.8005207278227953,
    -1.0722538115607547,
    0.5225251609730077
   ],
   [
    0.10046594601493822,
    -1.306969237588695,
    0.4713403749963278
   ],
   [
    -0.9138809467972919,
    1.0488706489842388,
    0.485175377049631
   ],
   [
    -0.9806469382352696,
    1.0008117442860314,
    0.5617206865007429
   ],
   [
    -1.3633903742966884,
    0.2627273992608978,
    0.5421125061562291
   ],
   [
    0.30809949808707515,
    1.2984242228764042,
    0.5645463468638628
   ],
   [
    1.283471257148247,
    -0.611475509930948,
    0.45516956605592995
   ],
   [
    -1.362618008322066,
    0.2968321684990296,
    0.6372983755513619
   ],
   [
    0.9245030282883606,
    1.0995062530139976,
    0.46661822277263637
   ],
   [
    -0.4694145572178923,
    1.2561517650261713,
    0.6327854583943737
   ],
   [
    -0.9116440107974784,
    1.1082355851720367,
    0.5009427080888798
   ],
   [
    1.3872243758657086,
    0.04824504506085243,
    0.5294046575799191
   ],
   [
    1.124608488265871,
    -0.8140385928107772,
    0.4555462766191199
   ],
   [
    0.5804647328647405,
    1.1682562675927726,
    0.6460264763713489
   ],
   [
    -0.4985672881666936,
    1.3226011414878138,
    0.5349759106215268
   ],
   [
    1.2809755483379257,
    0.56377229944089,
    0.5476365974732509
   ]
  ]
 },
 "appearance_assets": {
  "floor_pbr": "Terrazzo001",
  "background_hdr": "hotel_room_4k.hdr"
 },
 "environment_strength": 0.7094067321643976
}