{
 "objects": [
  {
   "obj_subpath": "robot/robot_101/robot_101.blend",
   "obj_location": [
    -0.25173831085127263,
    0.06504696249973108
   ],
   "obj_pose": [
    [
     -0.3554195890908682,
     -0.0003293829223136694,
     -0.9347067821122791
    ],
    [
     -0.9347063771964075,
     -0.0008661104454929089,
     0.3554197237003515
    ],
    [
     -0.0009266285342164338,
     0.9999995827674866,
     -4.3711370523169535e-08
    ]
   ],
   "obj_scale": 0.6565565855440436,
   "obj_color": {
    "type": "random-multi",
    "color": [
     [
      0.02560365175707946,
      0.7770710160427454,
      0.22600038837367592
     ],
     [
      0.06188097809157922,
      0.7871210957726621,
      0.402169909112285
     ]
    ],
    "randomness": 2.3099246597485306,
    "scale": 1.422943613708251,
    "specular": 0.7850861675881081,
    "roughness": 0.29564257572069386,
    "clever": true
   }
  },
  {
   "obj_subpath": "chair/chair_030/chair_030.blend",
   "obj_location": [
    0.3464353564601528,
    0.43419426434026187
   ],
   "obj_pose": [
    [
     -0.876376883131103,
     0.11845455597053493,
     0.4668318974542739
    ],
    [
     -0.48157909410933397,
     -0.22903349386078706,
     -0.8459463219514546
    ],
    [
     0.006713945884257555,
     -0.9661843180656433,
     0.25776490569114685
    ]
   ],
   "obj_scale": 0.6476100508882492,
   "obj_color": {
    "type": "random-multi",
    "color": [
     [
      0.559490027140451,
      0.1151684172584182,
      0.3082183707463594
     ],
     [
      0.4971846670405175,
      0.005513285582428806,
      0.6700535846449472
     ],
     [
      0.5538931757213433,
      0.3389846179996998,
      0.04739597450670441
     ],
     [
      0.009652127753562278,
      0.609333320965069,
      0.13745961417194136
     ]
    ],
    "randomness": 0.9365569925986011,
    "scale": 0.5658425124765014,
    "specular": 0.8811227329620529,
    "roughness": 0.2930513339388344,
    "clever": false
   }
  },
  {
   "obj_subpath": "Formation Grid Vase Cube/Formation Grid Vase Cube/Formation Grid Vase Cube.blend",
   "obj_location": [
    0.18408221958156,
    -0.3999651529247552
   ],
   "obj_pose": [
    [
     -0.6775682064812227,
     -0.7354599415099501,
     0.0
    ],
    [
     0.7354599415099501,
     -0.6775682064812227,
     0.0
    ],
    [
     0.0,
     0.0,
     1.0
    ]
   ],
   "obj_scale": 0.6879639840834593,
   "obj_color": {
    "type": "random-multi",
    "color": [
     [
      0.6733569957863351,
      0.8321522092060167,
      0.2573643716357503
     ],
     [
      0.9304541183159285,
      0.10865809988428499,
      0.024269237449247694
     ],
     [
      0.014032214403562393,
      0.22349333705298885,
      0.6172213850369863
     ],
     [
      0.011331254781312916,
      0.12789924648128892,
      0.9422991365160653
     ]
    ],
    "randomness": 3.915630493676079,
    "scale": 1.0155804620223856,
    "specular": 0.8283385523610072,
    "roughness": 0.19570716140380606,
    "clever": false
   }
  }
 ],
 "camera": {
  "track_to_point": [
   [
    -0.02928758186597223,
    0.0019488558549233745,
    0.0
   ],
   [
    0.0029110979928847064,
    -0.06052041324751533,
    0.0
   ],
   [
    0.17185371196130017,
    0.1668903442503254,
    0.0
   ],
   [
    0.08341139859412812,
    0.014888761025974313,
    0.0
   ],
   [
    0.0888901873764995,
    -0.03064734404919247,
    0.0
   ],
   [
    0.03371976025676367,
    -0.10215771974690849,
    0.0
   ],
   [
    -0.045597720691859314,
    0.10321565758614826,
    0.0
   ],
   [
    0.010807242863149324,
    0.13615431185947124,
    0.0
   ],
   [
    0.03020755189737273,
    0.03741058996331698,
    0.0
   ],
   [
    0.08709747610717063,
    -0.10019567890660722,
    0.0
   ],
   [
    0.09107442645243004,
    0.15291622605639427,
    0.0
   ],
   [
    0.14189799774756634,
    -0.046674262590361205,
    0.0
   ],
   [
    0.15834458939318852,
    -0.02107072731006831,
    0.0
   ],
   [
    0.0660054699207867,
    -0.05147576636283765,
    0.0
   ],
   [
    -0.04377522727264839,
    0.17337407279670036,
    0.0
   ],
   [
    0.05968429109509163,
    -0.02586543389224475,
    0.0
   ],
   [
    0.24208499213739576,
    0.09236031183240467,
    0.0
   ],
   [
    0.1727443349163867,
    0.14940179206296533,
    0.0
   ],
   [
    0.2254107721923383,
    0.022748059263428634,
    0.0
   ],
   [
    0.14838593223008506,
    -0.058971147743319983,
    0.0
   ],
   [
    0.13723603953674185,
    -0.06220799698406528,
    0.0
   ],
   [
    0.1131246579091497,
    0.04002529058225352,
    0.0
   ],
   [
    0.17561695508239172,
    -0.0736424124397036,
    0.0
   ],
   [
    0.13408480259574157,
    -0.08139350822159486,
    0.0
   ],
   [
    0.22639490923323785,
    0.011150588981710403,
    0.0
   ]
  ],
  "positions": [
   [
    1.3791175474825814,
    -0.11328016405615596,
    0.539535131984806
   ],
   [
    -0.3242875812974604,
    1.3473377298625244,
    0.6375548091710805
   ],
   [
    -0.31893839187834155,
    1.364112835273774,
    0.618950593581143
   ],
   [
    0.24305643907746094,
    1.398614539965148,
    0.5790092783139245
   ],
   [
    -1.3220702835175375,
    -0.695614343270296,
    0.6275961652464574
   ],
   [
    0.6598096195560965,
    -1.2589928727009023,
    0.6466664599996501
   ],
   [
    0.5000332654609668,
    1.2824570583069972,
    0.5601582441820687
   ],
   [
    1.4704018660117397,
    -0.17287663495819275,
    0.4556979560452343
   ],
   [
    0.6480344521277003,
    -1.1315900699308317,
    0.6129981389464347
   ],
   [
    -1.2038852025303628,
    0.6434634777828703,
    0.6395311040091618
   ],
   [
    1.4123800642215363,
    0.04037670309859437,
    0.538387851820628
   ],
   [
    -0.8705834613072111,
    -1.0794857572109118,
    0.49996019175023
   ],
   [
    -1.2317035083150127,
    0.647806118027687,
    0.4778360867651849
   ],
   [
    -1.270177079800645,
    -0.6574773052279012,
    0.5946705354374608
   ],
   [
    0.7719516953094732,
    1.1163598391046927,
    0.5292215230156316
   ],
   [
    1.3627981020728401,
    -0.27015835564811846,
    0.5678590142461446
   ],
   [
    0.9798574421414245,
    -0.8616297530064503,
    0.4510351783556932
   ],
   [
    -1.2820484069013274,
    0.3127626337326376,
    0.4961819165546386
   ],
   [
    0.994088688042884,
    -0.9018892270400762,
    0.5291742894331734
   ],
   [
    -0.48048703450986946,
    -1.2280522200259576,
    0.6399755920223027
   ],
   [
    -1.3624966404220724,
    -0.2228553902906107,
    0.6044191791922137
   ],
   [
    -1.1388279677368165,
    0.8919465110331846,
    0.46456173816127905
   ],
   [
    0.4447150221679575,
    -1.4148719572258852,
    0.5801419814226343
   ],
   [
    -1.1222100371263117,
    -0.6754406208429619,
    0.4936786649361824
   ],
   [
    1.3093203627271015,
    0.6530305772629583,
    0.5534338194071775
   ]
  ]
 },
 "appearance_assets": {
  "floor_pbr": "Carpet014",
  "background_hdr": "moonlit_golf_4k.hdr"
 },
 "environment_strength": 0.46126509770986074
}