{
 "objects": [
  {
   "obj_subpath": "dog/dog_093/dog_093.blend",
   "obj_location": [
    0.06428541306559465,
    0.17218245745231797
   ],
   "obj_pose": [
    [
     0.8234219744951049,
     0.5674295040965052,
     -3.166136197790505e-06
    ],
    [
     -0.5674295040965052,
     0.8234219744951049,
     2.443788885440396e-06
    ],
    [
     3.993744030594826e-06,
     -2.1571040065282432e-07,
     1.0
    ]
   ],
   "obj_scale": 0.6775117657123997,
   "obj_color": {
    "type": "random-multi",
    "color": [
     [
      0.17407679235686258,
      0.3207505633926867,
      0.8531521829414647
     ],
     [
      0.6589648114704114,
      0.11873849797661283,
      0.10567151262667296
     ]
    ],
    "randomness": 0.5672928654557435,
    "scale": 1.15448782392403,
    "specular": 0.6075807205595637,
    "roughness": 0.14356844007724126,
    "clever": false
   }
  },
  {
   "obj_subpath": "tractor/tractor_005/tractor_005.blend",
   "obj_location": [
    -0.31204202897827793,
    -0.4881417018778923
   ],
   "obj_pose": [
    [
     0.24034439917338427,
     -0.9706764462977963,
     -0.0046689555766647765
    ],
    [
     0.9706876491751855,
     0.24034162586941366,
     0.001155536322754962
    ],
    [
     4.925714165437967e-07,
     -0.004809824284166098,
     0.9999884366989136
    ]
   ],
   "obj_scale": 0.6202742563196426,
   "obj_color": {
    "type": "random-mono",
    "color": [
     [
      0.8094803498705581,
      0.7370340984127304,
      0.28789340627577165
     ],
     [
      0.495908930139923,
      0.46523186883135553,
      0.27504512663837255
     ],
     [
      0.9763031670251361,
      0.9718713981938142,
      0.9443960260353306
     ]
    ],
    "randomness": 0.31762850481888794,
    "scale": 2.7894020484534776,
    "specular": 0.6783178014808593,
    "roughness": 0.12640814040396472,
    "clever": false
   }
  },
  {
   "obj_subpath": "Multi Holed Block/Multi Holed Block/Multi Holed Block.blend",
   "obj_location": [
    0.3574069424003561,
    -0.4114149127933091
   ],
   "obj_pose": [
    [
     0.22699505709019854,
     0.973895910278207,
     0.0
    ],
    [
     -0.973895910278207,
     0.22699505709019854,
     0.0
    ],
    [
     0.0,
     0.0,
     1.0
    ]
   ],
   "obj_scale": 0.6316232096576132,
   "obj_color": {
    "type": "random-multi",
    "color": [
     [
      0.6036379101198627,
      0.06695084233448284,
      0.057557768508878726
     ],
     [
      0.7645512532963749,
      0.10129270189751305,
      0.5113736860477813
     ],
     [
      0.5507544016549011,
      0.6120264542200351,
      0.021918467406913722
     ]
    ],
    "randomness": 2.62666839116459,
    "scale": 0.8211206163617445,
    "specular": 0.6271652996650687,
    "roughness": 0.17580774274611385,
    "clever": false
   }
  }
 ],
 "camera": {
  "track_to_point": [
   [
    0.1454634785562837,
    -0.2160478714547344,
    0.0
   ],
   [
    -0.03496989530869972,
    -0.12615624690190633,
    0.0
   ],
   [
    -0.09532278708002032,
    -0.31496599955410826,
    0.0
   ],
   [
    -0.09123603346476947,
    -0.31462890916848213,
    0.0
   ],
   [
    -0.08118648521435828,
    -0.24611856231090007,
    0.0
   ],
   [
    0.1692887318708519,
    -0.10502762646154232,
    0.0
   ],
   [
    -0.008554753854186387,
    -0.3407509224549587,
    0.0
   ],
   [
    -0.05070438499513298,
    -0.09362486280998886,
    0.0
   ],
   [
    0.13492038257164754,
    -0.22311789743552385,
    0.0
   ],
   [
    0.031609559075906235,
    -0.09484868104907593,
    0.0
   ],
   [
    0.1147136905079216,
    -0.25935455419856324,
    0.0
   ],
   [
    0.08602067218457851,
    -0.16452260254969367,
    0.0
   ],
   [
    0.1736813375232458,
    -0.24158552919766263,
    0.0
   ],
   [
    -0.08177738082815404,
    -0.3610322518406197,
    0.0
   ],
   [
    0.1804499934697915,
    -0.16382866080829148,
    0.0
   ],
   [
    0.09924273700751984,
    -0.10784882306906388,
    0.0
   ],
   [
    -0.039957700495919915,
    -0.3125306855938569,
    0.0
   ],
   [
    0.13831432291290643,
    -0.2282285816847796,
    0.0
   ],
   [
    0.12516856863941625,
    -0.31016676432443013,
    0.0
   ],
   [
    -0.04732689238034628,
    -0.37190853149518266,
    0.0
   ],
   [
    0.042152199949549884,
    -0.25002148188114426,
    0.0
   ],
   [
    -0.053574950559237666,
    -0.3140040347611302,
    0.0
   ],
   [
    0.07388535552319259,
    -0.3801766000351733,
    0.0
   ],
   [
    -0.04865362650783853,
    -0.17905336227042576,
    0.0
   ],
   [
    0.14323110390528718,
    -0.3610444509677726,
    0.0
   ]
  ],
  "positions": [
   [
    1.0770892103504697,
    -0.9190021699256814,
    0.579935648181181
   ],
   [
    1.3061930334378582,
    0.5174722171674152,
    0.5536243449988651
   ],
   [
    -0.5954328675768914,
    1.297347654575496,
    0.5476901784665663
   ],
   [
    0.43418653190943174,
    1.282589889657819,
    0.589617473974357
   ],
   [
    1.1681480373267707,
    -0.7243755797894003,
    0.519081573154624
   ],
   [
    -0.16101092942206655,
    1.4903650997948363,
    0.47466769177667656
   ],
   [
    -0.22817043940008755,
    1.3572006111984256,
    0.6052625249893038
   ],
   [
    -1.0822722556488564,
    0.7704893032410756,
    0.51831658433421
   ],
   [
    0.7758400481661869,
    1.1676419969105516,
    0.462689959994053
   ],
   [
    0.12695752968738816,
    -1.4743075993430348,
    0.6486748634805412
   ],
   [
    1.2711503796697492,
    -0.4396731919003061,
    0.473257254435496
   ],
   [
    -1.1586739394245174,
    -0.6399410502812377,
    0.6119143157403697
   ],
   [
    -0.14403869265096853,
    1.394589973136245,
    0.4736279686103615
   ],
   [
    -1.425498956978891,
    0.14110676300230168,
    0.5123197339378923
   ],
   [
    -1.380083390688447,
    -0.2998313318213804,
    0.5328440722250417
   ],
   [
    -0.38464708171909934,
    -1.3347365439743204,
    0.5699983390915371
   ],
   [
    1.2425421551867706,
    -0.45796220498273954,
    0.5299400426808918
   ],
   [
    1.0941136110874008,
    -0.8711884554950305,
    0.5318690786736516
   ],
   [
    -1.2468608472684028,
    0.40640870867343426,
    0.4698277088236975
   ],
   [
    -1.2787774161155325,
    -0.6506668004908412,
    0.5063034329538283
   ],
   [
    -0.5225572928143091,
    -1.3766165647369424,
    0.58085426180489
   ],
   [
    -0.2864639928608343,
    1.4013866097567134,
    0.5429985324197304
   ],
   [
    0.8770134282365,
    1.0341203164366088,
    0.5707482291044772
   ],
   [
    1.0310865131059495,
    -0.9001557163624214,
    0.5075917956849287
   ],
   [
    -1.4525536244790138,
    -0.3474605370051334,
    0.6158369492258207
   ]
  ]
 },
 "appearance_assets": {
  "floor_pbr": "Planks009",
  "background_hdr": "photo_studio_01_4k.hdr"
 },
 "environment_strength": 0.4550556509443538
}