{
 "objects": [
  {
   "obj_subpath": "bread/bread_016/bread_016.blend",
   "obj_location": [
    0.1176245830871292,
    0.3696829097709625
   ],
   "obj_pose": [
    [
     -0.5953281692314227,
     -0.8034826342247303,
     -0.00010119288216445055
    ],
    [
     0.8034826843414885,
     -0.5953281336917431,
     -6.501072700049158e-05
    ],
    [
     -8.007978976820596e-06,
     -0.00012000944116152823,
     1.0
    ]
   ],
   "obj_scale": 0.6777829430289469,
   "obj_color": {
    "type": "random-multi",
    "color": [
     [
      0.6381420882506467,
      0.14405476161223274,
      0.5783672639198416
     ],
     [
      0.625687360864427,
      0.41527541429589,
      0.11298318304047383
     ]
    ],
    "randomness": 3.421698735820323,
    "scale": 1.1690760883018343,
    "specular": 0.8361052807189537,
    "roughness": 0.18182742625736018,
    "clever": false
   }
  },
  {
   "obj_subpath": "pencil/pencil_044/pencil_044.blend",
   "obj_location": [
    -0.2736517271558552,
    -0.19690171126133305
   ],
   "obj_pose": [
    [
     0.5481717304643986,
     0.09550987703928437,
     -0.8308944609574366
    ],
    [
     -0.8184444852621712,
     -0.14329822219981198,
     -0.5564299310966683
    ],
    [
     -0.17221026122570038,
     0.9850601553916931,
     -0.0003825071034952998
    ]
   ],
   "obj_scale": 0.6803806030900106,
   "obj_color": {
    "type": "random-mono",
    "color": [
     [
      0.9957637735740529,
      0.989292144669783,
      0.9886046261947524
     ],
     [
      0.8625891189426049,
      0.7447295673327068,
      0.7322086672024217
     ],
     [
      0.7704715242159014,
      0.5203969543742052,
      0.4938300900739264
     ],
     [
      0.3624564524527828,
      0.24567667835357035,
      0.23327048921776605
     ]
    ],
    "randomness": 0.5858874892511364,
    "scale": 2.8992471888290736,
    "specular": 0.6161811086782258,
    "roughness": 0.2105065972799149,
    "clever": false
   }
  },
  {
   "obj_subpath": "Extrudy Cone Rings/Extrudy Cone Rings/Extrudy Cone Rings.blend",
   "obj_location": [
    0.3722381566265507,
    -0.27312567126412945
   ],
   "obj_pose": [
    [
     -0.37490022875000256,
     0.9270651640975384,
     0.0
    ],
    [
     -0.9270651640975384,
     -0.37490022875000256,
     0.0
    ],
    [
     0.0,
     0.0,
     1.0
    ]
   ],
   "obj_scale": 0.6707249131538571,
   "obj_color": {
    "type": "random-mono",
    "color": [
     [
      0.09348449240624732,
      0.10592905740333808,
      0.048568780561694946
     ],
     [
      0.37698469049017114,
      0.44472496874987394,
      0.1324921896037286
     ],
     [
      0.4175124884279083,
      0.461938060952114,
      0.25716889952038424
     ]
    ],
    "randomness": 0.3461976632896778,
    "scale": 3.0668218566889216,
    "specular": 0.7572681323914452,
    "roughness": 0.21814655618428686,
    "clever": false
   }
  }
 ],
 "camera": {
  "track_to_point": [
   [
    0.08278370208115819,
    -0.01251486072034691,
    0.0
   ],
   [
    0.025989837911646718,
    0.0898961251413328,
    0.0
   ],
   [
    0.16413268521696728,
    -0.16252378766403658,
    0.0
   ],
   [
    0.14084120207981848,
    -0.10255574916589302,
    0.0
   ],
   [
    -0.0257792419041996,
    -0.05478250102195187,
    0.0
   ],
   [
    0.160088878556444,
    -0.018406393439347718,
    0.0
   ],
   [
    0.102533495720689,
    0.03871819056425352,
    0.0
   ],
   [
    0.018113624749175994,
    -0.05135695889630287,
    0.0
   ],
   [
    -0.03581963803281378,
    -0.11814096901971256,
    0.0
   ],
   [
    0.09711209906160274,
    -0.1074140795685157,
    0.0
   ],
   [
    0.20446694499303014,
    -0.10968135475083053,
    0.0
   ],
   [
    0.13875999659531946,
    0.0854120367584609,
    0.0
   ],
   [
    0.1611386132001686,
    -0.012009519200525148,
    0.0
   ],
   [
    0.0705270389989336,
    -0.1234154791488926,
    0.0
   ],
   [
    -0.01658005082516932,
    -0.003194339791470213,
    0.0
   ],
   [
    -0.04047668179129939,
    0.05882414486684076,
    0.0
   ],
   [
    0.000488566795287082,
    0.08229634116825943,
    0.0
   ],
   [
    -0.015267636954947664,
    -0.15398856663907806,
    0.0
   ],
   [
    0.0911439943378201,
    0.04959085889560774,
    0.0
   ],
   [
    0.09016351338757451,
    -0.02160561860643362,
    0.0
   ],
   [
    0.09652984443618608,
    0.024228406891330295,
    0.0
   ],
   [
    0.03622154768984717,
    -0.13279506898758137,
    0.0
   ],
   [
    0.1772941133493669,
    -0.007260151013102262,
    0.0
   ],
   [
    0.06850277763957831,
    0.018435282469570546,
    0.0
   ],
   [
    0.20846367624473122,
    -0.11227121510397008,
    0.0
   ]
  ],
  "positions": [
   [
    -0.8767274991549193,
    1.18094045650519,
    0.4635538887464341
   ],
   [
    0.4532950807594802,
    -1.3240579436559996,
    0.5228016268047844
   ],
   [
    0.31579410919676615,
    1.353059970640158,
    0.4628580187762697
   ],
   [
    -1.0251417267938834,
    -0.8320485191574895,
    0.5217213026592307
   ],
   [
    0.4223197424096321,
    -1.3972811061422028,
    0.45087648017541165
   ],
   [
    1.3418593169710606,
    -0.04740059279980199,
    0.5029435839890686
   ],
   [
    -1.3567305937873764,
    0.38068260360196604,
    0.5068392257913339
   ],
   [
    -0.837695056396639,
    -1.0962747273844715,
    0.640010909012319
   ],
   [
    -1.2707534451975482,
    0.33843404180302217,
    0.5790372802735091
   ],
   [
    -0.8905272891440447,
    -1.1531294563645467,
    0.5307205430143733
   ],
   [
    0.7921088692440466,
    -1.0874667365890167,
    0.541131650488837
   ],
   [
    0.7536864715390471,
    1.2426967138252425,
    0.5561193677178055
   ],
   [
    0.6576812763086453,
    1.1759356027048422,
    0.48149535637556196
   ],
   [
    -1.1504055513722573,
    0.66596356903935,
    0.5003680709924849
   ],
   [
    -1.4923421736067723,
    0.13223164077888486,
    0.551338903691186
   ],
   [
    -0.38210144668033447,
    -1.3436221764157028,
    0.5084357591034236
   ],
   [
    0.3617388034280231,
    -1.3800124930498225,
    0.6291756153031058
   ],
   [
    1.182654845797639,
    -0.5837710262461119,
    0.5301678527504115
   ],
   [
    1.0075081304842135,
    -1.0808148478193929,
    0.4720375260698775
   ],
   [
    -1.0864417583290988,
    0.9877259543901392,
    0.5399904986233564
   ],
   [
    0.23035236829405992,
    1.3457635903662484,
    0.6156620639639503
   ],
   [
    1.28530207073526,
    0.6338905732011483,
    0.49414338114739087
   ],
   [
    0.5208273176799094,
    -1.3143514417253666,
    0.5501340276748161
   ],
   [
    -0.19854474157395582,
    1.3746781683284623,
    0.5538718872635521
   ],
   [
    -1.443276248260997,
    -0.15773222172443105,
    0.47616548071903725
   ]
  ]
 },
 "appearance_assets": {
  "floor_pbr": "Carpet001",
  "background_hdr": "colorful_studio_4k.hdr"
 },
 "environment_strength": 0.44319477040907035
}