{
 "objects": [
  {
   "obj_subpath": "frog/frog_013/frog_013.blend",
   "obj_location": [
    -0.3052757286427663,
    0.4640812806381347
   ],
   "obj_pose": [
    [
     -0.40414328704534763,
     0.9146950212620916,
     -0.0010931659712406926
    ],
    [
     -0.914223929652934,
     -0.4038961586900292,
     0.032596290091031335
    ],
    [
     0.02937413938343525,
     0.014172970317304134,
     0.9994680285453796
    ]
   ],
   "obj_scale": 0.6253581260535633,
   "obj_color": {
    "type": "random-multi",
    "color": [
     [
      0.04909775449237974,
      0.595269782954546,
      0.21477683483122573
     ],
     [
      0.3611132587249651,
      0.615679026270301,
      0.12679150480644374
     ],
     [
      0.7514695411526015,
      0.9043875235496014,
      0.009495938665058712
     ],
     [
      0.8954589868007812,
      0.038291653051736985,
      0.17459347710466985
     ]
    ],
    "randomness": 1.418844404022142,
    "scale": 0.7382209273739766,
    "specular": 0.8548892540015842,
    "roughness": 0.2950701028934769,
    "clever": true
   }
  },
  {
   "obj_subpath": "airplane/airplane_006/airplane_006.blend",
   "obj_location": [
    0.15902556876217455,
    -0.2073702329441519
   ],
   "obj_pose": [
    [
     -0.8928627879952433,
     0.4410068775589259,
     0.0911533533558745
    ],
    [
     -0.44826611831986213,
     -0.8510242185145555,
     -0.27352387500370967
    ],
    [
     -0.043052203953266144,
     -0.2850802540779114,
     0.9575362801551819
    ]
   ],
   "obj_scale": 0.6313110795130786,
   "obj_color": {
    "type": "random-mono",
    "color": [
     [
      0.9518038578990463,
      0.9312947111314285,
      0.9201803724216683
     ],
     [
      0.993905843982972,
      0.9891035967389287,
      0.9865011577860521
     ]
    ],
    "randomness": 0.5943029498063166,
    "scale": 4.247201121674797,
    "specular": 0.8675482801511556,
    "roughness": 0.2258125685397934,
    "clever": false
   }
  },
  {
   "obj_subpath": "Cylinder Pointed/Cylinder Pointed/Cylinder Pointed.blend",
   "obj_location": [
    0.3302277647250398,
    0.4087677994522616
   ],
   "obj_pose": [
    [
     -0.6298558064397506,
     0.7767120850702217,
     0.0
    ],
    [
     -0.7767120850702217,
     -0.6298558064397506,
     0.0
    ],
    [
     0.0,
     0.0,
     1.0
    ]
   ],
   "obj_scale": 0.6125067073079847,
   "obj_color": {
    "type": "random-mono",
    "color": [
     [
      0.128029466958414,
      0.2397412642566024,
      0.33362575128429584
     ],
     [
      0.5126508567666378,
      0.7023648516805829,
      0.8618037070677841
     ]
    ],
    "randomness": 0.0026623477115094163,
    "scale": 4.479989806357449,
    "specular": 0.8551378123481274,
    "roughness": 0.2273963159283017,
    "clever": false
   }
  }
 ],
 "camera": {
  "track_to_point": [
   [
    0.1411912052752153,
    0.33270917527019306,
    0.0
   ],
   [
    -0.04046636598095869,
    0.36790116784375837,
    0.0
   ],
   [
    -0.04218994048818947,
    0.3254792344144142,
    0.0
   ],
   [
    0.07516241061390547,
    0.2196413427462656,
    0.0
   ],
   [
    -0.06877347047551527,
    0.1950324159696008,
    0.0
   ],
   [
    0.19210880710057862,
    0.36928955354938875,
    0.0
   ],
   [
    0.051775667838401734,
    0.21708009889310287,
    0.0
   ],
   [
    0.15623041693763218,
    0.3152031926662509,
    0.0
   ],
   [
    0.17139954694223195,
    0.24447474833237018,
    0.0
   ],
   [
    0.1525416849242827,
    0.20889820888670854,
    0.0
   ],
   [
    0.17123793972001458,
    0.12572257574774312,
    0.0
   ],
   [
    0.11924568325788168,
    0.36452294585433453,
    0.0
   ],
   [
    0.14935014335508182,
    0.08650241535311604,
    0.0
   ],
   [
    0.027526301769589076,
    0.17414401618351516,
    0.0
   ],
   [
    -0.010285350504295868,
    0.13638553407190734,
    0.0
   ],
   [
    -0.03076557184126738,
    0.18916602139879884,
    0.0
   ],
   [
    0.17157507462578,
    0.36735653798382795,
    0.0
   ],
   [
    -0.013510168085325083,
    0.31228032960652874,
    0.0
   ],
   [
    -0.06467212469791292,
    0.16232478393035255,
    0.0
   ],
   [
    -0.04878278536328265,
    0.3055593536337529,
    0.0
   ],
   [
    0.1818225952111133,
    0.2426031067233833,
    0.0
   ],
   [
    0.08887007816584089,
    0.3046561662508919,
    0.0
   ],
   [
    0.12431764549924215,
    0.27485526571092495,
    0.0
   ],
   [
    0.06697889403862692,
    0.28710116833715726,
    0.0
   ],
   [
    0.045804524849887146,
    0.20526098436845858,
    0.0
   ]
  ],
  "positions": [
   [
    0.4183732090659937,
    1.2748574392721508,
    0.6030865638307185
   ],
   [
    0.8624353584501713,
    1.1001144960055715,
    0.4787415498656846
   ],
   [
    1.1855136063477734,
    0.8955521852939078,
    0.4827499746721476
   ],
   [
    -1.3232758891417176,
    0.1143494943726772,
    0.5311510838636289
   ],
   [
    1.0794071632936904,
    0.869925758701157,
    0.4656385686607517
   ],
   [
    -1.291749477689597,
    0.2255707802968855,
    0.6145796178612661
   ],
   [
    1.388936516013236,
    -0.5384331904247441,
    0.4735848432709311
   ],
   [
    -0.9174384730522898,
    -1.0366479305369622,
    0.6243239935942655
   ],
   [
    -0.9218570659710452,
    1.1116237266514413,
    0.524227734629555
   ],
   [
    -1.214722368613366,
    -0.5579421540928761,
    0.6092148199815645
   ],
   [
    0.4214135977992266,
    1.3528683826639862,
    0.4637134121444148
   ],
   [
    -1.0095950635233766,
    -1.0737842211351372,
    0.47905097900515886
   ],
   [
    -1.134740956667607,
    0.9672747597902646,
    0.5961182491297989
   ],
   [
    -1.4074505434723716,
    0.21632556883160858,
    0.5723205549333535
   ],
   [
    -1.3151369219657314,
    -0.5419013205093081,
    0.5577889990068128
   ],
   [
    -0.8048993023775941,
    1.1795689885667557,
    0.4657514829241733
   ],
   [
    -0.7378356974379305,
    -1.2931155422656244,
    0.4539069119357903
   ],
   [
    -0.5689695021474557,
    -1.3877651673646754,
    0.5130063973201913
   ],
   [
    -0.26884152929636845,
    -1.2950119580505999,
    0.4791587931414162
   ],
   [
    0.8356882397350589,
    1.0244764673386364,
    0.5247817026122581
   ],
   [
    0.1851671468830572,
    1.4182509216010215,
    0.6030832184607585
   ],
   [
    -1.4270988516420353,
    -0.34061411184125123,
    0.5668821327059118
   ],
   [
    1.4763469121312416,
    0.10301476326156493,
    0.5593990387590886
   ],
   [
    0.4341795230780854,
    1.3624684918133203,
    0.4876908836275111
   ],
   [
    -1.4761420710330175,
    0.24599337624257897,
    0.526990126653087
   ]
  ]
 },
 "appearance_assets": {
  "floor_pbr": "Carpet013",
  "background_hdr": "music_hall_02_4k.hdr"
 },
 "environment_strength": 0.5470058614504705
}