{
 "objects": [
  {
   "obj_subpath": "flower/flower_003/flower_003.blend",
   "obj_location": [
    -0.45304586053730533,
    -0.29207179261747174
   ],
   "obj_pose": [
    [
     0.8432097334243127,
     0.5149384792931812,
     -0.15438811011218
    ],
    [
     -0.521472134289866,
     0.8532656331700647,
     -0.002144228330585458
    ],
    [
     0.13062992691993713,
     0.08231712132692337,
     0.9880079627037048
    ]
   ],
   "obj_scale": 0.6439482777789546,
   "obj_color": {
    "type": "random-multi",
    "color": [
     [
      0.808822096113375,
      0.16865093548647403,
      0.35783294401636756
     ],
     [
      0.39233247540328614,
      0.8376974671431833,
      0.15917370033099132
     ],
     [
      0.09161885949385373,
      0.608875514194026,
      0.3591071203616225
     ],
     [
      0.0013064712116277466,
      0.24203583708280324,
      0.6428134746843648
     ]
    ],
    "randomness": 4.7690498850869805,
    "scale": 1.2377596837458529,
    "specular": 0.8779960082520337,
    "roughness": 0.18459462719460584,
    "clever": false
   }
  },
  {
   "obj_subpath": "octopus/octopus_005/octopus_005.blend",
   "obj_location": [
    0.11463723168021223,
    0.09936110057043046
   ],
   "obj_pose": [
    [
     0.4041325280134036,
     -0.9147004108885909,
     8.057534044072481e-05
    ],
    [
     0.914700410888591,
     0.4041325280134036,
     6.175924891736365e-05
    ],
    [
     -8.905433060135692e-05,
     4.874337537330575e-05,
     1.0
    ]
   ],
   "obj_scale": 0.6105428224650409,
   "obj_color": {
    "type": "random-mono",
    "color": [
     [
      0.09709495459951545,
      0.08620368618253305,
      0.06373377725029594
     ],
     [
      0.5925249390745763,
      0.4930536149161542,
      0.2878331107805988
     ],
     [
      0.27311398039138146,
      0.2218606980328734,
      0.1161194250257579
     ],
     [
      0.8743394823489814,
      0.7856334448149698,
      0.6026229350362475
     ]
    ],
    "randomness": 0.489408738446943,
    "scale": 3.7665313799827107,
    "specular": 0.783249922009817,
    "roughness": 0.2338234506534562,
    "clever": false
   }
  },
  {
   "obj_subpath": "Vase Sphere/Vase Sphere/Vase Sphere.blend",
   "obj_location": [
    0.3308266569495928,
    -0.48797830599886005
   ],
   "obj_pose": [
    [
     -0.0774517129219098,
     0.9969961043883081,
     0.0
    ],
    [
     -0.9969961043883081,
     -0.0774517129219098,
     0.0
    ],
    [
     0.0,
     0.0,
     1.0
    ]
   ],
   "obj_scale": 0.6449036256485868,
   "obj_color": {
    "type": "random-mono",
    "color": [
     [
      0.557194426182979,
      0.24015755251418186,
      0.22485938145560513
     ],
     [
      0.9158927542992686,
      0.7347156246111664,
      0.7259731755395608
     ],
     [
      0.5127146498108824,
      0.20565642695760422,
      0.19083976174200112
     ],
     [
      0.1988555899714758,
      0.09297225768961588,
      0.08786300553621429
     ]
    ],
    "randomness": 0.9061708315358045,
    "scale": 3.210905737940726,
    "specular": 0.7415473338629734,
    "roughness": 0.11160210265871687,
    "clever": false
   }
  }
 ],
 "camera": {
  "track_to_point": [
   [
    -0.1167369157662311,
    -0.34818639124796436,
    0.0
   ],
   [
    0.02325744847405936,
    -0.2300006548766817,
    0.0
   ],
   [
    -0.12105269447980105,
    -0.20400289185106468,
    0.0
   ],
   [
    -0.1281771752302186,
    -0.2556807828612319,
    0.0
   ],
   [
    -0.060806259124698475,
    -0.09438686962641285,
    0.0
   ],
   [
    -0.0966408530592939,
    -0.37241906454018814,
    0.0
   ],
   [
    0.010109892878330529,
    -0.3036971177162618,
    0.0
   ],
   [
    -0.10839308408118625,
    -0.36177809609945,
    0.0
   ],
   [
    -0.042734686495975185,
    -0.22952563402611453,
    0.0
   ],
   [
    0.0005757655673909456,
    -0.31396606042331127,
    0.0
   ],
   [
    0.10144145462871831,
    -0.3141033574255333,
    0.0
   ],
   [
    -0.12431419354985718,
    -0.18690743090739773,
    0.0
   ],
   [
    0.08145769972194741,
    -0.27490470792525684,
    0.0
   ],
   [
    0.07438480194348615,
    -0.23367191351505578,
    0.0
   ],
   [
    -0.016673549676630706,
    -0.32011092847761047,
    0.0
   ],
   [
    0.08910021242975205,
    -0.23343238040751074,
    0.0
   ],
   [
    -0.11667105735014908,
    -0.2987669894365655,
    0.0
   ],
   [
    -0.048908150585691854,
    -0.18861316774901796,
    0.0
   ],
   [
    -0.08108994334644289,
    -0.23433907798475898,
    0.0
   ],
   [
    -0.03969485514070854,
    -0.195578890123327,
    0.0
   ],
   [
    -0.15246761955303595,
    -0.3066761550847088,
    0.0
   ],
   [
    -0.08818441964350006,
    -0.3428962198568094,
    0.0
   ],
   [
    0.0677619692664789,
    -0.10521588011166727,
    0.0
   ],
   [
    -0.12298007242990212,
    -0.22101204314334513,
    0.0
   ],
   [
    0.06515711964491905,
    -0.2227412729984347,
    0.0
   ]
  ],
  "positions": [
   [
    -0.768906335624383,
    1.0883078370847306,
    0.5256822207331184
   ],
   [
    0.17073507705589377,
    1.3510155257565548,
    0.5462791505004523
   ],
   [
    0.09112902383142463,
    -1.3518852235681258,
    0.6297720679347627
   ],
   [
    1.0209603956273996,
    -0.8341129628778251,
    0.4745262305568935
   ],
   [
    -0.05560953386189681,
    -1.428961211275652,
    0.4713559063578046
   ],
   [
    0.20115453264598926,
    -1.400770770718481,
    0.5859350675992097
   ],
   [
    -1.369136307711661,
    -0.0011043741785117026,
    0.6016741207275755
   ],
   [
    -0.9717141070430387,
    -0.9982126086056021,
    0.5035697285633149
   ],
   [
    0.7308702006967165,
    -1.123182649477913,
    0.5102657226396209
   ],
   [
    1.3992781358269775,
    -0.08983716663724828,
    0.48653101472114824
   ],
   [
    -0.0826940705351315,
    -1.371294036148168,
    0.5813288097230592
   ],
   [
    0.9843098459821372,
    0.9399020699454276,
    0.5673843000866156
   ],
   [
    -1.2492214705379803,
    0.5116990938926891,
    0.5415761764117777
   ],
   [
    1.1310834850498457,
    0.7973958632867163,
    0.45192449762136516
   ],
   [
    0.7093515512602075,
    -1.0951427773699942,
    0.5858088797710279
   ],
   [
    0.9366337908999618,
    -1.0715057427396095,
    0.494486263536257
   ],
   [
    -1.15564677001604,
    -0.8902987064840344,
    0.5803774056673615
   ],
   [
    0.5985941768805094,
    -1.2942763193114264,
    0.47183985817858315
   ],
   [
    0.498692977862949,
    -1.3231201149768654,
    0.4627621246907311
   ],
   [
    0.3840323914331993,
    1.3531339479197628,
    0.5126037611483696
   ],
   [
    0.7445729647390161,
    1.159977959303118,
    0.5015169768951888
   ],
   [
    -1.2113391635294222,
    0.6478233691579263,
    0.4807040173808651
   ],
   [
    0.5055810166979184,
    1.3443622810934825,
    0.5603921906697098
   ],
   [
    -0.7868960186945266,
    -1.040981595195481,
    0.4703981079206309
   ],
   [
    0.5481797875787763,
    -1.3829996962303417,
    0.6489137915377874
   ]
  ]
 },
 "appearance_assets": {
  "floor_pbr": "Carpet006",
  "background_hdr": "balcony_4k.hdr"
 },
 "environment_strength": 0.7311920860127524
}