{
 "objects": [
  {
   "obj_subpath": "knife/knife_005/knife_005.blend",
   "obj_location": [
    0.36231556448120705,
    -0.42522865381680564
   ],
   "obj_pose": [
    [
     -0.0852504608787136,
     -0.9409593095400232,
     -0.3276093874516909
    ],
    [
     0.15768909887122534,
     -0.33740430596335047,
     0.9280584354778959
    ],
    [
     -0.983802080154419,
     0.02745698019862175,
     0.1771429032087326
    ]
   ],
   "obj_scale": 0.6325636279372365,
   "obj_color": {
    "type": "random-mono",
    "color": [
     [
      0.22110240412581705,
      0.5735390085883075,
      0.6060220696711723
     ],
     [
      0.4414139709646774,
      0.6399077613520208,
      0.6582023591210435
     ],
     [
      0.02044748484900695,
      0.056048128194687574,
      0.05932933638289693
     ]
    ],
    "randomness": 0.6175020756814564,
    "scale": 3.092307619117129,
    "specular": 0.8244423992516257,
    "roughness": 0.29320345702215833,
    "clever": false
   }
  },
  {
   "obj_subpath": "candy/candy_048/candy_048.blend",
   "obj_location": [
    0.4042563622850782,
    0.48960065795119856
   ],
   "obj_pose": [
    [
     0.6171896659821601,
     0.005591811653417821,
     0.7867945441712832
    ],
    [
     0.7867628113911844,
     0.007063005339864521,
     -0.6172150321063019
    ],
    [
     -0.009008483961224556,
     0.999959409236908,
     -4.021561107947491e-05
    ]
   ],
   "obj_scale": 0.6833675790462947,
   "obj_color": {
    "type": "random-mono",
    "color": [
     [
      0.8068835594143844,
      0.467144823804351,
      0.4502232405672628
     ],
     [
      0.8941155999382061,
      0.6799194540756905,
      0.6692508504359912
     ],
     [
      0.8807417490759532,
      0.6383830623903323,
      0.6263117491719022
     ]
    ],
    "randomness": 0.07942576915204247,
    "scale": 2.4005510292230574,
    "specular": 0.7209987077699638,
    "roughness": 0.20777357807449975,
    "clever": true
   }
  },
  {
   "obj_subpath": "Tier Stack Sphere/Tier Stack Sphere/Tier Stack Sphere.blend",
   "obj_location": [
    -0.31809968955532686,
    -0.23762976319189721
   ],
   "obj_pose": [
    [
     0.5155471952472909,
     -0.856861184482441,
     0.0
    ],
    [
     0.856861184482441,
     0.5155471952472909,
     0.0
    ],
    [
     0.0,
     0.0,
     1.0
    ]
   ],
   "obj_scale": 0.6772014117057908,
   "obj_color": {
    "type": "random-multi",
    "color": [
     [
      0.10162580887858919,
      0.539434123032446,
      0.6130586291268895
     ],
     [
      0.5280909392308237,
      0.12058832191659996,
      0.3532524366154477
     ],
     [
      0.6026416494358763,
      0.30381202256083206,
      0.04625033042399085
     ]
    ],
    "randomness": 4.103663242348284,
    "scale": 1.3570982809973473,
    "specular": 0.7481054671694214,
    "roughness": 0.26078079422720446,
    "clever": false
   }
  }
 ],
 "camera": {
  "track_to_point": [
   [
    0.2723937687556869,
    -0.18547024469898515,
    0.0
   ],
   [
    0.003585047486256099,
    0.08740035499559673,
    0.0
   ],
   [
    0.07545569223863359,
    -0.10996918096096334,
    0.0
   ],
   [
    0.2356781005419761,
    -0.05322891489711248,
    0.0
   ],
   [
    0.117353037068739,
    0.04786811924429669,
    0.0
   ],
   [
    0.16219213741256414,
    -0.12010330635500246,
    0.0
   ],
   [
    0.08670851991224755,
    0.09166868889333624,
    0.0
   ],
   [
    0.08356899924839803,
    0.04259298320135397,
    0.0
   ],
   [
    0.005655794044116896,
    0.03830493174526307,
    0.0
   ],
   [
    0.15507012088213673,
    -0.14596244898519162,
    0.0
   ],
   [
    0.021132814681777412,
    0.025648285685744822,
    0.0
   ],
   [
    0.029268485605386793,
    -0.020651271799483444,
    0.0
   ],
   [
    0.20314662270279824,
    -0.16299833248358445,
    0.0
   ],
   [
    0.025857884523916908,
    0.0813189876245034,
    0.0
   ],
   [
    0.05252246130902341,
    -0.11919037322905343,
    0.0
   ],
   [
    0.285399311259827,
    -0.11472239028663497,
    0.0
   ],
   [
    0.19794607309752751,
    -0.001747782771042282,
    0.0
   ],
   [
    0.06631765915819339,
    -0.18235140159015592,
    0.0
   ],
   [
    0.2396663648267029,
    -0.10734931413696722,
    0.0
   ],
   [
    0.1902648243372853,
    0.03553051627701951,
    0.0
   ],
   [
    0.12032432705446171,
    0.04512230812810936,
    0.0
   ],
   [
    0.17483653477734526,
    -0.014928703229749533,
    0.0
   ],
   [
    0.10159391275785669,
    -0.04236933179807533,
    0.0
   ],
   [
    0.0896822717761527,
    -0.19949654578859755,
    0.0
   ],
   [
    0.2631400730697919,
    -0.06688400084873339,
    0.0
   ]
  ],
  "positions": [
   [
    0.5827014944741888,
    1.3691097960067786,
    0.4827218089160774
   ],
   [
    -1.1918673578107564,
    0.6250603342822676,
    0.5846923564330475
   ],
   [
    1.2639281982095543,
    -0.37233729295290274,
    0.47053513376058753
   ],
   [
    -0.07249192476580721,
    -1.3012461127244006,
    0.633953791267861
   ],
   [
    -0.5303925591698319,
    -1.2044657900073168,
    0.5142413655085818
   ],
   [
    -0.46035597374087744,
    1.3312501505456185,
    0.5777051245157949
   ],
   [
    0.5533826826161576,
    1.2162672289705871,
    0.5573418700679591
   ],
   [
    0.6484666502913575,
    -1.2663514072773816,
    0.46561326095050337
   ],
   [
    1.310457745068508,
    -0.12867641327515833,
    0.5343582615548254
   ],
   [
    1.2925513575476768,
    -0.581447915697519,
    0.5010764480132222
   ],
   [
    0.1800641036869477,
    1.4462891710246237,
    0.6057113864917629
   ],
   [
    -1.268480150803252,
    -0.29405540339253244,
    0.5713096768014434
   ],
   [
    1.0615665847378626,
    0.8835488270925964,
    0.5216847624737195
   ],
   [
    -0.0497570754400369,
    -1.318059864393694,
    0.5637554487542772
   ],
   [
    1.1738653756377735,
    -0.8168277486099508,
    0.47743147855554646
   ],
   [
    -0.5834775201832807,
    -1.344054541363025,
    0.5394947032566088
   ],
   [
    -1.4233646322682407,
    0.17646149693136576,
    0.6244284079212371
   ],
   [
    -1.3980720211060966,
    -0.46870338378841814,
    0.5102685138510423
   ],
   [
    0.4955853489913388,
    -1.3302610915358968,
    0.5064553193314049
   ],
   [
    -1.3602898900079816,
    -0.09377333363640186,
    0.5107701784067136
   ],
   [
    0.0835247007936697,
    -1.303893747507004,
    0.5576934174815957
   ],
   [
    1.1740231862717556,
    -0.8253743253094589,
    0.4804567316064842
   ],
   [
    0.9192995653808066,
    0.9393374746116667,
    0.6025599887046462
   ],
   [
    -0.22937832195486613,
    -1.348461355217571,
    0.48923830726680295
   ],
   [
    0.39314366416641344,
    -1.340995060755467,
    0.605871691069354
   ]
  ]
 },
 "appearance_assets": {
  "floor_pbr": "Tiles072",
  "background_hdr": "st_fagans_interior_4k.hdr"
 },
 "environment_strength": 0.4668807829694592
}