{
 "objects": [
  {
   "obj_subpath": "cat/cat_056/cat_056.blend",
   "obj_location": [
    0.21019308660252878,
    -0.00025401224687493507
   ],
   "obj_pose": [
    [
     -0.47064917595241745,
     -0.8449466924588175,
     -0.254075679842325
    ],
    [
     -0.32750607311468416,
     0.43468941710956366,
     -0.8389188811636957
    ],
    [
     0.8192857503890991,
     -0.3116251528263092,
     -0.4813113808631897
    ]
   ],
   "obj_scale": 0.6289521335455787,
   "obj_color": {
    "type": "random-multi",
    "color": [
     [
      0.09639160303478977,
      0.5516931006759727,
      0.20350295141308478
     ],
     [
      0.0344605856275737,
      0.22396035227837058,
      0.6498830703573518
     ],
     [
      0.5302893750190734,
      0.08290912953643637,
      0.47261600984723706
     ],
     [
      0.13413926845240276,
      0.2090825834552418,
      0.6870856617539349
     ]
    ],
    "randomness": 0.1134569648050543,
    "scale": 1.005395664539948,
    "specular": 0.8977840227289746,
    "roughness": 0.17227040492038015,
    "clever": false
   }
  },
  {
   "obj_subpath": "whale/whale_008/whale_008.blend",
   "obj_location": [
    -0.4609314821506153,
    -0.2961520329497642
   ],
   "obj_pose": [
    [
     0.3643584994891235,
     -0.8460063399532984,
     0.38925076015095533
    ],
    [
     -0.7972594271153088,
     -0.4993864989762155,
     -0.3391024786347271
    ],
    [
     0.4812694191932678,
     -0.1867789626121521,
     -0.8564422726631165
    ]
   ],
   "obj_scale": 0.6408502122183217,
   "obj_color": {
    "type": "random-multi",
    "color": [
     [
      0.6088277617162795,
      0.0771365815492645,
      0.5841283164319709
     ],
     [
      0.32810063299612224,
      0.6183452879451461,
      0.09631178075991276
     ],
     [
      0.23871055948749664,
      0.49930622469188646,
      0.8180159864158495
     ],
     [
      0.6434535510088335,
      0.36113236452186026,
      0.08753545172630273
     ]
    ],
    "randomness": 4.746566959487265,
    "scale": 0.8136305686642119,
    "specular": 0.8139320427971094,
    "roughness": 0.29684599282919233,
    "clever": false
   }
  },
  {
   "obj_subpath": "Multi Holed Cylinder/Multi Holed Cylinder/Multi Holed Cylinder.blend",
   "obj_location": [
    -0.4065427384151945,
    0.36073137359733554
   ],
   "obj_pose": [
    [
     0.9851419016270148,
     -0.17174234672528832,
     0.0
    ],
    [
     0.17174234672528832,
     0.9851419016270148,
     0.0
    ],
    [
     0.0,
     0.0,
     1.0
    ]
   ],
   "obj_scale": 0.6793686673888693,
   "obj_color": {
    "type": "random-multi",
    "color": [
     [
      0.6413823761528642,
      0.33552122567501863,
      0.08962797490847019
     ],
     [
      0.1835697742255581,
      0.6561634196064813,
      0.7504250378700507
     ],
     [
      0.8222011128140075,
      0.03905960888769322,
      0.3741220713621153
     ]
    ],
    "randomness": 1.1661909600057219,
    "scale": 1.1005260037375573,
    "specular": 0.8022320731879078,
    "roughness": 0.18047147861180676,
    "clever": false
   }
  }
 ],
 "camera": {
  "track_to_point": [
   [
    -0.305398969430929,
    -0.06327058530360377,
    0.0
   ],
   [
    -0.16583952092182194,
    0.003498997766594486,
    0.0
   ],
   [
    -0.30492515212865245,
    -0.07020645033653072,
    0.0
   ],
   [
    -0.33085199484950056,
    0.127676680755721,
    0.0
   ],
   [
    -0.24229670199807446,
    0.018062695991011152,
    0.0
   ],
   [
    -0.18652293587171656,
    -0.04715646602155642,
    0.0
   ],
   [
    -0.266862878519178,
    -0.025852269835284214,
    0.0
   ],
   [
    -0.3220940742786346,
    0.02310218664239938,
    0.0
   ],
   [
    -0.1770460983380677,
    0.12197646052936409,
    0.0
   ],
   [
    -0.2389321789450787,
    -0.06863449336452856,
    0.0
   ],
   [
    -0.2820661110918065,
    0.1692587383331932,
    0.0
   ],
   [
    -0.3621934796338975,
    -0.00983644051177815,
    0.0
   ],
   [
    -0.3660300903139977,
    -0.06495044688375667,
    0.0
   ],
   [
    -0.3342098648176647,
    0.15555429756055675,
    0.0
   ],
   [
    -0.14998263167663736,
    0.03576682665819775,
    0.0
   ],
   [
    -0.23944788645284512,
    0.12842416512586494,
    0.0
   ],
   [
    -0.25340950249351935,
    -0.08856172343065322,
    0.0
   ],
   [
    -0.21870889403222304,
    0.1417865947524283,
    0.0
   ],
   [
    -0.1364810468767472,
    0.005904626834956822,
    0.0
   ],
   [
    -0.09787852960850671,
    -0.0653543118961864,
    0.0
   ],
   [
    -0.2534965825503111,
    -0.06182992436709968,
    0.0
   ],
   [
    -0.2828393467969174,
    -0.022723068454197526,
    0.0
   ],
   [
    -0.2663257477359573,
    -0.07075868016434367,
    0.0
   ],
   [
    -0.21263395323398435,
    0.05037372419580169,
    0.0
   ],
   [
    -0.3685107826862357,
    -0.015104702968723557,
    0.0
   ]
  ],
  "positions": [
   [
    -0.37095394495227507,
    1.296002600529423,
    0.5868433368406871
   ],
   [
    -0.6143629050039845,
    1.2880584676781843,
    0.6056622410001771
   ],
   [
    0.5148035646714229,
    -1.3747256847636258,
    0.5262468926128386
   ],
   [
    -0.18391080046788327,
    -1.3066851980721457,
    0.5532924540901939
   ],
   [
    -0.5377066201078833,
    1.2957533871764442,
    0.5046311783208414
   ],
   [
    1.425713045880517,
    0.11363485010395907,
    0.5607366736798469
   ],
   [
    0.18168637231665982,
    -1.4741376754800672,
    0.60871270570542
   ],
   [
    -1.244972867280088,
    0.40500603350844333,
    0.47332816446753884
   ],
   [
    0.933027409519125,
    0.9766000157529863,
    0.5535932498112521
   ],
   [
    -0.5904855781612048,
    -1.3156518605351322,
    0.5845253268028656
   ],
   [
    0.8907287703573151,
    1.0690220421412175,
    0.4604489218265782
   ],
   [
    -0.709867592309111,
    1.2197939967552711,
    0.5568074039426404
   ],
   [
    -1.3007145885783857,
    -0.4624366085904144,
    0.5301641271970906
   ],
   [
    -0.8269212962542379,
    1.126068023666875,
    0.5634085154972116
   ],
   [
    -1.4441726593915087,
    0.30661042280084966,
    0.4608142749896371
   ],
   [
    1.0235359173289653,
    0.930858460549009,
    0.5017756856823723
   ],
   [
    -1.3948403789014228,
    0.3916695942887699,
    0.46622407864934456
   ],
   [
    -1.4540547633173693,
    -0.1398537675174934,
    0.5017293193553028
   ],
   [
    0.28638437193429683,
    -1.3974683415665146,
    0.582581132805123
   ],
   [
    0.49532359106754564,
    -1.2290814296164625,
    0.5454212492088573
   ],
   [
    0.7582350039762799,
    1.2265877692716607,
    0.5446400808844607
   ],
   [
    -1.0913632790002614,
    0.7469079457685965,
    0.621107202997559
   ],
   [
    1.3819563726556852,
    0.0885593285189565,
    0.5129893983891924
   ],
   [
    1.3612007465541418,
    0.20605143870050976,
    0.5656920247368779
   ],
   [
    -0.8752238801916093,
    1.0626810719719584,
    0.6085158801555419
   ]
  ]
 },
 "appearance_assets": {
  "floor_pbr": "Tiles072",
  "background_hdr": "moonlit_golf_4k.hdr"
 },
 "environment_strength": 0.5822843363481539
}