{
 "objects": [
  {
   "obj_subpath": "cupcake/cupcake_018/cupcake_018.blend",
   "obj_location": [
    0.45034285095852244,
    -0.2843451957794121
   ],
   "obj_pose": [
    [
     -0.21118702412432225,
     0.8590762005977496,
     -0.4662489572079366
    ],
    [
     0.5199863221385551,
     0.5026508547943579,
     0.6906203122260148
    ],
    [
     0.8276559114456177,
     -0.09659302979707718,
     -0.552861213684082
    ]
   ],
   "obj_scale": 0.6288867362074447,
   "obj_color": {
    "type": "random-multi",
    "color": [
     [
      0.15371995129963578,
      0.8101574754780735,
      0.6371444403933856
     ],
     [
      0.2854020665926335,
      0.10571873400063803,
      0.6232473273052814
     ],
     [
      0.3918023965457553,
      0.117146729272678,
      0.5363931584576632
     ],
     [
      0.02746587226499464,
      0.3102621727897529,
      0.9125936762802106
     ]
    ],
    "randomness": 0.2894351190199973,
    "scale": 0.756171637041985,
    "specular": 0.8287279181260563,
    "roughness": 0.26621779694196185,
    "clever": false
   }
  },
  {
   "obj_subpath": "bread/bread_029/bread_029.blend",
   "obj_location": [
    -0.18719937133347986,
    -0.03985549737567062
   ],
   "obj_pose": [
    [
     -0.01553880921758051,
     0.9997859191866303,
     0.013663813551094969
    ],
    [
     -0.999842218702169,
     -0.015419080084325186,
     -0.008823489719912198
    ],
    [
     -0.008610917255282402,
     -0.013798763044178486,
     0.9998677372932434
    ]
   ],
   "obj_scale": 0.6600530191513014,
   "obj_color": {
    "type": "random-multi",
    "color": [
     [
      0.044550280418995225,
      0.9669772112618427,
      0.9212309694506844
     ],
     [
      0.03796454876328237,
      0.5392121831005069,
      0.6749497372108496
     ],
     [
      0.0672148536670153,
      0.13594076034332345,
      0.612881489187976
     ]
    ],
    "randomness": 4.754868196705127,
    "scale": 1.1568911925117873,
    "specular": 0.8215401061155768,
    "roughness": 0.18802482097962175,
    "clever": false
   }
  },
  {
   "obj_subpath": "100423/100423/100423.blend",
   "obj_location": [
    0.4832001354952641,
    0.4418255644067971
   ],
   "obj_pose": [
    [
     0.860550091610002,
     0.5093658212228391,
     0.0
    ],
    [
     -0.5093658212228391,
     0.860550091610002,
     0.0
    ],
    [
     0.0,
     0.0,
     1.0
    ]
   ],
   "obj_scale": 0.6401626847619684,
   "obj_color": {
    "type": "random-multi",
    "color": [
     [
      0.12922197614658715,
      0.1420308029962895,
      0.738074507548871
     ],
     [
      0.9423103560787157,
      0.14803224208427512,
      0.1583168325088976
     ],
     [
      0.8251110937806749,
      0.6260115869335258,
      0.05570298024464404
     ]
    ],
    "randomness": 2.3958782200878015,
    "scale": 0.6785479963295536,
    "specular": 0.7829747626791554,
    "roughness": 0.14271452941535434,
    "clever": false
   }
  }
 ],
 "camera": {
  "track_to_point": [
   [
    0.36104322322113563,
    0.009854946741632668,
    0.0
   ],
   [
    0.09966172928669192,
    0.17369148522267164,
    0.0
   ],
   [
    0.3836642884862447,
    0.13474794355626982,
    0.0
   ],
   [
    0.362977118748853,
    0.18047830981546997,
    0.0
   ],
   [
    0.10446522559898291,
    0.05739126576183239,
    0.0
   ],
   [
    0.18610734466180678,
    0.16270664341371066,
    0.0
   ],
   [
    0.3386660924034828,
    0.1403634486285561,
    0.0
   ],
   [
    0.15187904664512947,
    -0.05449362911931901,
    0.0
   ],
   [
    0.38642417793035977,
    -0.11024641800821391,
    0.0
   ],
   [
    0.13014148075322737,
    0.05345236426216295,
    0.0
   ],
   [
    0.2747968404074655,
    0.056734197118382255,
    0.0
   ],
   [
    0.2081965536531201,
    -0.009581284675626016,
    0.0
   ],
   [
    0.2187772072882821,
    -0.030625863055647025,
    0.0
   ],
   [
    0.17387208223834896,
    -0.1059371217317869,
    0.0
   ],
   [
    0.26607785085642643,
    0.10455011757606034,
    0.0
   ],
   [
    0.25975968128619153,
    0.09943902574019145,
    0.0
   ],
   [
    0.2908815029073053,
    0.0438358140883602,
    0.0
   ],
   [
    0.13618245367311094,
    0.02638511348080968,
    0.0
   ],
   [
    0.3857299218795814,
    -0.04508835277268563,
    0.0
   ],
   [
    0.3175898462094592,
    0.12209834877609602,
    0.0
   ],
   [
    0.3460210674706414,
    -0.06143419814692604,
    0.0
   ],
   [
    0.1237863830978009,
    0.04132846399777564,
    0.0
   ],
   [
    0.19879239864792797,
    -0.042635983274978924,
    0.0
   ],
   [
    0.39717728897622084,
    0.05249892360310123,
    0.0
   ],
   [
    0.1420795198898795,
    0.07067330690135185,
    0.0
   ]
  ],
  "positions": [
   [
    1.268463540960058,
    0.5465583019213988,
    0.5965461296341011
   ],
   [
    -1.2301174268832766,
    0.5047103313162286,
    0.6457264854263232
   ],
   [
    -1.4507429500122009,
    -0.23116486942275807,
    0.46178902995370796
   ],
   [
    -0.33533287134275563,
    1.2666318615124197,
    0.6133248857447742
   ],
   [
    0.6739899822599723,
    -1.2331820310978587,
    0.4911416069389819
   ],
   [
    -1.49885354691524,
    -0.034735540970949524,
    0.6189891434068859
   ],
   [
    1.3884650708164576,
    0.18777340999546063,
    0.5377367959444853
   ],
   [
    -1.3413174668167844,
    0.24229626840930818,
    0.6295452407438451
   ],
   [
    1.28444979407439,
    -0.5876595156178094,
    0.5853602707883937
   ],
   [
    -1.3298073876059298,
    -0.20068410758946342,
    0.5196509077325363
   ],
   [
    1.1932079885800035,
    0.8165337317195768,
    0.6220013908252151
   ],
   [
    0.7368119869723154,
    1.129140944244262,
    0.5231549401549113
   ],
   [
    0.10185176381839775,
    -1.3017500217670575,
    0.5193849097476592
   ],
   [
    -0.7150202246161315,
    1.2396920626337569,
    0.6152442625951458
   ],
   [
    -0.33870705784408206,
    1.3938350329007274,
    0.6348588976925829
   ],
   [
    0.16152288615376212,
    1.3244207486408235,
    0.4587414089343864
   ],
   [
    1.1727623970109649,
    -0.8720755629213636,
    0.6079867238013009
   ],
   [
    -0.3577630258135381,
    1.4188587203385454,
    0.5402239966621095
   ],
   [
    -0.17721421455771438,
    -1.3560426147492668,
    0.5495740467967225
   ],
   [
    0.051183231403734174,
    1.4332870471388166,
    0.6406908633607797
   ],
   [
    -1.0197200716120527,
    1.0475258782045436,
    0.5328959606885504
   ],
   [
    0.2830888046461198,
    1.4092088945330732,
    0.5230478974054313
   ],
   [
    -0.10624996504810631,
    -1.3945377146881588,
    0.516208077055453
   ],
   [
    1.351108742093997,
    0.05674097349956049,
    0.5601282085706871
   ],
   [
    -1.4856047468928515,
    0.02477213546465406,
    0.49555449010391084
   ]
  ]
 },
 "appearance_assets": {
  "floor_pbr": "Planks011",
  "background_hdr": "wooden_lounge_4k.hdr"
 },
 "environment_strength": 0.7961191496198268
}