{
 "objects": [
  {
   "obj_subpath": "plate/plate_002/plate_002.blend",
   "obj_location": [
    -0.18751823044782678,
    -0.05021447038653626
   ],
   "obj_pose": [
    [
     0.16487772838756978,
     -0.986314012815518,
     -7.658649862563768e-06
    ],
    [
     0.986314012815518,
     0.16487772838756978,
     -5.6544213019012106e-06
    ],
    [
     6.8397757786442526e-06,
     -6.621545708185295e-06,
     1.0
    ]
   ],
   "obj_scale": 0.6817468331860982,
   "obj_color": {
    "type": "random-mono",
    "color": [
     [
      0.519516955106645,
      0.7450217337397078,
      0.7034323526078228
     ],
     [
      0.21983703882981126,
      0.38271892833654414,
      0.35267895746213584
     ],
     [
      0.31339538281745694,
      0.8166155873945975,
      0.7238077231520463
     ],
     [
      0.07302169113843127,
      0.19862905529227948,
      0.1754635482354816
     ]
    ],
    "randomness": 0.8472241293285743,
    "scale": 3.3585375802239446,
    "specular": 0.7998607874843456,
    "roughness": 0.29823968950595237,
    "clever": false
   }
  },
  {
   "obj_subpath": "cup/cup_024/cup_024.blend",
   "obj_location": [
    0.3938830649567773,
    0.19466641521873862
   ],
   "obj_pose": [
    [
     0.8188647927866852,
     0.5733447081469973,
     -0.027134169342234893
    ],
    [
     -0.16309298484083212,
     0.18708813762153503,
     -0.9687098046966046
    ],
    [
     -0.5503281950950623,
     0.7976677417755127,
     0.24670840799808502
    ]
   ],
   "obj_scale": 0.6693512590259175,
   "obj_color": {
    "type": "random-multi",
    "color": [
     [
      0.24563364426276058,
      0.8282273739744944,
      0.5664079072471376
     ],
     [
      0.14381323614920805,
      0.15211011004472297,
      0.6036439181729486
     ]
    ],
    "randomness": 2.4588081126402104,
    "scale": 1.000971273381103,
    "specular": 0.8088370144884229,
    "roughness": 0.19317322733258868,
    "clever": false
   }
  },
  {
   "obj_subpath": "Organic Blob/Organic Blob/Organic Blob.blend",
   "obj_location": [
    0.40748072959778514,
    -0.43855077543607635
   ],
   "obj_pose": [
    [
     0.9694823471048155,
     0.24516112793862344,
     0.0
    ],
    [
     -0.24516112793862344,
     0.9694823471048155,
     0.0
    ],
    [
     0.0,
     0.0,
     1.0
    ]
   ],
   "obj_scale": 0.653047083676117,
   "obj_color": {
    "type": "random-mono",
    "color": [
     [
      0.08188225319463471,
      0.1397428355221101,
      0.08580345996651313
     ],
     [
      0.5882273832405305,
      0.7562250930621202,
      0.5996125738299393
     ],
     [
      0.12514291854526427,
      0.3577949601820517,
      0.14090972773488264
     ]
    ],
    "randomness": 0.8907098215333163,
    "scale": 3.4557184752590517,
    "specular": 0.8357856860341355,
    "roughness": 0.13648250377300486,
    "clever": false
   }
  }
 ],
 "camera": {
  "track_to_point": [
   [
    0.2470494620208083,
    -0.2266901021244399,
    0.0
   ],
   [
    0.2869700408289171,
    -0.17372361301328598,
    0.0
   ],
   [
    0.20759768718750063,
    -0.20875124167859702,
    0.0
   ],
   [
    0.14410853009589453,
    -0.2092758530961314,
    0.0
   ],
   [
    0.24806002227980412,
    0.01893331200093959,
    0.0
   ],
   [
    0.2098153889864577,
    0.015891393817495797,
    0.0
   ],
   [
    0.31451040300302147,
    -0.2448512284020463,
    0.0
   ],
   [
    0.21478744720105025,
    -0.13748975298349086,
    0.0
   ],
   [
    0.3344600811081264,
    -0.19223294892044485,
    0.0
   ],
   [
    0.15145230981831104,
    -0.1973970848179451,
    0.0
   ],
   [
    0.21430419727843422,
    -0.018309295089036032,
    0.0
   ],
   [
    0.2902744786252824,
    0.016939779153637674,
    0.0
   ],
   [
    0.23650494257389304,
    -0.2455387249275313,
    0.0
   ],
   [
    0.23046777003623786,
    -0.1774371238005823,
    0.0
   ],
   [
    0.13951519394611023,
    -0.2074091127692586,
    0.0
   ],
   [
    0.19922525593570523,
    -0.22071198108960685,
    0.0
   ],
   [
    0.13137630911135928,
    0.027221779365124904,
    0.0
   ],
   [
    0.13021784505973374,
    -0.19320603936842298,
    0.0
   ],
   [
    0.1324450359513975,
    0.04590503570950624,
    0.0
   ],
   [
    0.16104573293826363,
    -0.1396152751463176,
    0.0
   ],
   [
    0.19405387707331204,
    0.037062190242212606,
    0.0
   ],
   [
    0.3067986571568908,
    -0.046695983396716795,
    0.0
   ],
   [
    0.32236203081433523,
    -0.10340511484703294,
    0.0
   ],
   [
    0.07100479210343891,
    -0.15059542896706632,
    0.0
   ],
   [
    0.2362700119603246,
    -0.006095796734189113,
    0.0
   ]
  ],
  "positions": [
   [
    -1.2633659295440942,
    0.3382751813055942,
    0.4749268844618207
   ],
   [
    0.830795244414534,
    1.227856568393844,
    0.5797722713348596
   ],
   [
    1.0290509852313416,
    0.9491668142478885,
    0.48106248770959553
   ],
   [
    0.512038948436691,
    -1.2814986293307944,
    0.48054368438224615
   ],
   [
    -0.986764694620891,
    -0.9948600158819392,
    0.48670525793801284
   ],
   [
    -1.4404169430579836,
    -0.13837806569371042,
    0.5071331155365103
   ],
   [
    -1.420266888651429,
    -0.444996243458019,
    0.6489219540831175
   ],
   [
    -1.2931063619938201,
    0.39732190920841387,
    0.6378778747267558
   ],
   [
    -1.1082780865336552,
    0.7934031086218845,
    0.588312538383456
   ],
   [
    0.022991237767790513,
    -1.3603423542023994,
    0.6205342309470596
   ],
   [
    -0.7219317409458191,
    -1.2428955889198652,
    0.4873132596327225
   ],
   [
    1.4075193675071276,
    -0.07745849636357569,
    0.4859209278478961
   ],
   [
    0.9629556693490626,
    -1.1019363423983968,
    0.5587006241659624
   ],
   [
    0.14310029257383938,
    -1.3827007179824795,
    0.6463770068924493
   ],
   [
    -1.203060759877003,
    -0.7974824534963535,
    0.5621435654320094
   ],
   [
    -1.3168179023657696,
    -0.04643750676792152,
    0.4664745446281891
   ],
   [
    -0.17100080286851924,
    -1.3922289917092907,
    0.554950726939602
   ],
   [
    0.4815096410909484,
    1.3494379973194477,
    0.46517152005118495
   ],
   [
    -0.71790023624595,
    1.1177320278674414,
    0.5018615062870172
   ],
   [
    1.0003095489486007,
    -1.093153922576331,
    0.593234022956037
   ],
   [
    1.400288957350306,
    -0.4941700344632177,
    0.5825512414144567
   ],
   [
    0.44151630946025705,
    1.3412807495820671,
    0.47571245834466863
   ],
   [
    1.2927405938044803,
    0.28680382641557395,
    0.5398335926135394
   ],
   [
    1.4636965460591331,
    -0.21987099035324506,
    0.5357667055187748
   ],
   [
    -1.3770497217572093,
    -0.5129535147264007,
    0.5324037013106638
   ]
  ]
 },
 "appearance_assets": {
  "floor_pbr": "Carpet014",
  "background_hdr": "cabin_4k.hdr"
 },
 "environment_strength": 0.7463420406395258
}