{
 "objects": [
  {
   "obj_subpath": "bread/bread_014/bread_014.blend",
   "obj_location": [
    -0.31830063031153355,
    -0.08847791813637462
   ],
   "obj_pose": [
    [
     -0.562601517143353,
     0.8243539947129,
     0.06260994508856728
    ],
    [
     -0.8214225640273436,
     -0.5659517865531529,
     0.07045286409949192
    ],
    [
     0.09351230412721634,
     -0.011792333796620369,
     0.9955483078956604
    ]
   ],
   "obj_scale": 0.6285296191320584,
   "obj_color": {
    "type": "random-mono",
    "color": [
     [
      0.7071609173266713,
      0.2984996499773893,
      0.7997373461349535
     ],
     [
      0.7227754725011896,
      0.5583000819398578,
      0.7600350454080622
     ],
     [
      0.9179041775240149,
      0.8842744996836498,
      0.925522505281446
     ],
     [
      0.04286776134162193,
      0.020938456513232534,
      0.04783553511775854
     ]
    ],
    "randomness": 0.47797180654053617,
    "scale": 2.145785187481288,
    "specular": 0.7449473282130502,
    "roughness": 0.20181685993967863,
    "clever": false
   }
  },
  {
   "obj_subpath": "glass/glass_036/glass_036.blend",
   "obj_location": [
    0.4824311194724793,
    0.40609094725657147
   ],
   "obj_pose": [
    [
     -0.7357423051378539,
     -0.28454357010799547,
     -0.614587858630334
    ],
    [
     -0.5483326276300944,
     -0.28235443987347525,
     0.7871513857546897
    ],
    [
     -0.39751046895980835,
     0.9161391258239746,
     0.051715586334466934
    ]
   ],
   "obj_scale": 0.6515475034598608,
   "obj_color": {
    "type": "random-multi",
    "color": [
     [
      0.7025069005593532,
      0.7320972121020649,
      0.12482365795193684
     ],
     [
      0.055885954098851776,
      0.2228872600815861,
      0.7028261348918318
     ]
    ],
    "randomness": 4.444689688613325,
    "scale": 0.5885632058696169,
    "specular": 0.6869578455094295,
    "roughness": 0.14946455142400744,
    "clever": true
   }
  },
  {
   "obj_subpath": "Cylinder Hole Stacked/Cylinder Hole Stacked/Cylinder Hole Stacked.blend",
   "obj_location": [
    0.2915308625749038,
    -0.43551418260379027
   ],
   "obj_pose": [
    [
     -0.6961487824049403,
     0.7178975363908968,
     0.0
    ],
    [
     -0.7178975363908968,
     -0.6961487824049403,
     0.0
    ],
    [
     0.0,
     0.0,
     1.0
    ]
   ],
   "obj_scale": 0.6081139603345529,
   "obj_color": {
    "type": "random-mono",
    "color": [
     [
      0.8064565394930876,
      0.8793127334427382,
      0.5745020146748949
     ],
     [
      0.5156903794824953,
      0.5637876281278035,
      0.3625616769003256
     ]
    ],
    "randomness": 0.43357323063852515,
    "scale": 2.9102606556140254,
    "specular": 0.6014795893214016,
    "roughness": 0.2135784502425106,
    "clever": false
   }
  }
 ],
 "camera": {
  "track_to_point": [
   [
    0.06601707157215166,
    0.10538851247889602,
    0.0
   ],
   [
    0.062485563642412034,
    -0.11455730265657707,
    0.0
   ],
   [
    0.301213209997282,
    -0.07967235824751928,
    0.0
   ],
   [
    0.03520083322982903,
    -0.15103121343757703,
    0.0
   ],
   [
    0.1923474636443922,
    0.07350849654530017,
    0.0
   ],
   [
    0.26241625349086517,
    -0.14304760413810366,
    0.0
   ],
   [
    0.03158153848252872,
    -0.012914812295635243,
    0.0
   ],
   [
    0.04769578985861611,
    -0.14466068346000185,
    0.0
   ],
   [
    0.041581501963156284,
    -0.10707488752335875,
    0.0
   ],
   [
    0.027289366987603744,
    -0.11791079044833591,
    0.0
   ],
   [
    0.058072203016605234,
    -0.0006642298029570018,
    0.0
   ],
   [
    0.1721082605353479,
    -0.09693060399377076,
    0.0
   ],
   [
    0.013046353209309247,
    -0.006254978131043483,
    0.0
   ],
   [
    0.18972759651955617,
    -0.10191943781246865,
    0.0
   ],
   [
    0.25099681838457055,
    -0.11512357040700685,
    0.0
   ],
   [
    0.08531815438354769,
    -0.10122196619924068,
    0.0
   ],
   [
    0.14651901056952935,
    -0.1393188094289404,
    0.0
   ],
   [
    0.26263268153085356,
    -0.1825111657919315,
    0.0
   ],
   [
    0.208789463076498,
    -0.18775824460691645,
    0.0
   ],
   [
    0.09708967132821876,
    -0.040769881341347826,
    0.0
   ],
   [
    0.16169995737717205,
    0.06794106043896614,
    0.0
   ],
   [
    0.16691223204787423,
    0.03069968904502337,
    0.0
   ],
   [
    0.19332156751570329,
    -0.011998484996922916,
    0.0
   ],
   [
    0.2906839937327808,
    -0.12548999076275885,
    0.0
   ],
   [
    0.00911795758756001,
    -0.15984344569202488,
    0.0
   ]
  ],
  "positions": [
   [
    -0.5200082768965665,
    1.3385649425758537,
    0.5187763341220386
   ],
   [
    -0.5501658722494767,
    -1.3187013916548327,
    0.5274413098036154
   ],
   [
    -0.6819630850873005,
    1.3121663435189157,
    0.48940532975017764
   ],
   [
    -1.4036664179278382,
    -0.4534577389918723,
    0.5372082133665367
   ],
   [
    1.3552480388543728,
    -0.5423525075842919,
    0.6146973789418784
   ],
   [
    1.2763429565641715,
    0.3198190377245249,
    0.6383961064041747
   ],
   [
    0.36358467968441316,
    1.3761148152098917,
    0.5631349380495138
   ],
   [
    0.22604022684522296,
    1.3576391617866814,
    0.4688189503067169
   ],
   [
    -0.5026477449530635,
    1.3255299864574273,
    0.5290420176348949
   ],
   [
    0.9828910189029292,
    0.8604980246806646,
    0.5018651300299053
   ],
   [
    1.30639632006542,
    -0.5051489706322658,
    0.6192975376846386
   ],
   [
    0.000537863448586901,
    -1.3554785403935394,
    0.6251292569501361
   ],
   [
    -0.5538208190004968,
    1.2525697564077511,
    0.49856244650382137
   ],
   [
    0.16474161303785617,
    -1.33803187139773,
    0.4546024918919865
   ],
   [
    0.34441562161115974,
    1.2877028444879435,
    0.5200741762647172
   ],
   [
    0.5903413364165528,
    1.228158711073207,
    0.45297624229068895
   ],
   [
    -0.85381355682269,
    0.9884747945159237,
    0.6327146594036921
   ],
   [
    -0.5769076821966995,
    -1.2178008235849314,
    0.5101737610110524
   ],
   [
    1.4712513272382333,
    0.06434790530468895,
    0.46670409308787514
   ],
   [
    -1.3399285118489437,
    -0.07244577691245967,
    0.5098659867581053
   ],
   [
    0.7225807837476927,
    1.2646600637344285,
    0.5197979142565264
   ],
   [
    -1.0569946264435004,
    -0.890034118000369,
    0.5713524316908621
   ],
   [
    -1.1550228187289517,
    0.7528449730287665,
    0.5807932404348879
   ],
   [
    1.3403114339071138,
    0.06611189007268509,
    0.6306508055214961
   ],
   [
    1.4497126646516856,
    0.3300681049832232,
    0.4824630528573999
   ]
  ]
 },
 "appearance_assets": {
  "floor_pbr": "Planks018",
  "background_hdr": "small_empty_house_4k.hdr"
 },
 "environment_strength": 0.7702324882667295
}