{
 "objects": [
  {
   "obj_subpath": "screwdriver/screwdriver_021/screwdriver_021.blend",
   "obj_location": [
    0.45930444712621454,
    -0.23956088445219892
   ],
   "obj_pose": [
    [
     -0.9300693885655192,
     -0.1330280702668854,
     0.3424535531533371
    ],
    [
     0.1590374985743688,
     -0.9860613711159908,
     0.04888864357067189
    ],
    [
     0.33117663860321045,
     0.09993278235197067,
     0.9382619261741638
    ]
   ],
   "obj_scale": 0.6197717797529557,
   "obj_color": {
    "type": "random-multi",
    "color": [
     [
      0.6051574790642985,
      0.09773017526325445,
      0.43070833019430294
     ],
     [
      0.16232078463691224,
      0.9346753885075828,
      0.9058113538259746
     ],
     [
      0.13380621031008266,
      0.4594193701546063,
      0.6438851945925695
     ]
    ],
    "randomness": 3.6139655350067907,
    "scale": 1.3066040020993601,
    "specular": 0.6261824410113656,
    "roughness": 0.19018857512517903,
    "clever": true
   }
  },
  {
   "obj_subpath": "chair/chair_094/chair_094.blend",
   "obj_location": [
    0.11378676597795734,
    0.34244324208272847
   ],
   "obj_pose": [
    [
     0.9681724427341963,
     -0.25027953308241624,
     -0.0015062268212049429
    ],
    [
     0.25028402958260343,
     0.9681575104924756,
     0.005384186225008844
    ],
    [
     0.00011071318294852972,
     -0.005589805077761412,
     0.9999843835830688
    ]
   ],
   "obj_scale": 0.668695122258545,
   "obj_color": {
    "type": "random-mono",
    "color": [
     [
      0.9994240658891227,
      0.9985887567451636,
      0.9978050259524187
     ],
     [
      0.9410935626113943,
      0.9247765193272276,
      0.9094670146236883
     ]
    ],
    "randomness": 0.05005758809255023,
    "scale": 2.7676378423938766,
    "specular": 0.8120324698374972,
    "roughness": 0.266771445509625,
    "clever": false
   }
  },
  {
   "obj_subpath": "Ico Pointy I/Ico Pointy I/Ico Pointy I.blend",
   "obj_location": [
    -0.4739326363456,
    0.16746776618132841
   ],
   "obj_pose": [
    [
     -0.7447555316349116,
     0.6673373945008628,
     0.0
    ],
    [
     -0.6673373945008628,
     -0.7447555316349116,
     0.0
    ],
    [
     0.0,
     0.0,
     1.0
    ]
   ],
   "obj_scale": 0.6444979327112503,
   "obj_color": {
    "type": "random-mono",
    "color": [
     [
      0.18890111124751097,
      0.7498828578563768,
      0.6910883461666483
     ],
     [
      0.42430284603470214,
      0.7975422835040412,
      0.7584243788627355
     ]
    ],
    "randomness": 0.3775247011994025,
    "scale": 3.3555488004898124,
    "specular": 0.7578515260333878,
    "roughness": 0.24956983522505055,
    "clever": false
   }
  }
 ],
 "camera": {
  "track_to_point": [
   [
    -0.0887973140499684,
    0.18558358281805645,
    0.0
   ],
   [
    -0.033552271615421826,
    0.14174103473209249,
    0.0
   ],
   [
    -0.11109081798620138,
    0.1111923954540732,
    0.0
   ],
   [
    0.07816676836883599,
    0.142845834785699,
    0.0
   ],
   [
    0.11637089313472687,
    0.18791278760208913,
    0.0
   ],
   [
    -0.07337138511894095,
    0.03511441110767265,
    0.0
   ],
   [
    0.09324806526161616,
    0.10027116485776677,
    0.0
   ],
   [
    0.009779941780101088,
    0.014729169643881976,
    0.0
   ],
   [
    -0.02553343847419457,
    0.21493821302056884,
    0.0
   ],
   [
    0.17847875761339682,
    0.046582166849871987,
    0.0
   ],
   [
    -0.0013765173556646235,
    0.23144362543917799,
    0.0
   ],
   [
    -0.04581530413103566,
    0.007815784133634554,
    0.0
   ],
   [
    -0.034374152979747365,
    0.0016757057449858226,
    0.0
   ],
   [
    -0.04300896851253986,
    0.2347036689145097,
    0.0
   ],
   [
    -0.10323586613520774,
    0.22139148153278512,
    0.0
   ],
   [
    -0.06643192464852019,
    0.11489701057160917,
    0.0
   ],
   [
    -0.08315030030045409,
    -0.012131597530905563,
    0.0
   ],
   [
    0.02396796954393752,
    0.15058506446421985,
    0.0
   ],
   [
    0.09135986597309279,
    0.042225072277956424,
    0.0
   ],
   [
    0.033771043698588056,
    0.04663908545976621,
    0.0
   ],
   [
    -0.08147262844275077,
    -0.05432896663920392,
    0.0
   ],
   [
    0.009230328997106747,
    -0.05325818208705793,
    0.0
   ],
   [
    -0.02145461257227036,
    0.11730403575112691,
    0.0
   ],
   [
    -0.06831693347813508,
    0.03595256537099846,
    0.0
   ],
   [
    -0.040079432645018,
    -0.05960040523702184,
    0.0
   ]
  ],
  "positions": [
   [
    1.300909297254903,
    0.20386250150940036,
    0.6277850321924838
   ],
   [
    -0.23503640810296272,
    1.3238053551822417,
    0.6238185781022334
   ],
   [
    -1.0940739139577798,
    0.8727703420815336,
    0.5442739956436127
   ],
   [
    0.2980799531925967,
    -1.4323354741085526,
    0.6187839920394033
   ],
   [
    -0.4405851235801869,
    1.3768173301537017,
    0.5560512678150966
   ],
   [
    -0.017563527638817925,
    -1.4841647829170794,
    0.6361254914326095
   ],
   [
    0.1703366870096106,
    -1.415456253478344,
    0.4760301833310676
   ],
   [
    -1.1257594230752062,
    -0.8901346589258702,
    0.46265489997278
   ],
   [
    -1.2887910872994344,
    -0.18369709264759598,
    0.602448503926335
   ],
   [
    -1.1458040870687998,
    -0.6578465920906853,
    0.4883006463592286
   ],
   [
    1.3074290422802302,
    0.5485659049886022,
    0.6170671167372506
   ],
   [
    -1.1211537502999191,
    0.6581738237544372,
    0.5922110258612159
   ],
   [
    0.5760024038404539,
    1.373239099599193,
    0.5371580548804058
   ],
   [
    -0.4256999261993008,
    -1.41132925760715,
    0.5143479455000025
   ],
   [
    1.4434995703714906,
    -0.27212526503706624,
    0.6382559619173842
   ],
   [
    -0.024656181331536797,
    -1.4925511081429053,
    0.5185122745249656
   ],
   [
    0.566830815881959,
    1.3398275189159035,
    0.5893202763589531
   ],
   [
    0.9755773353715549,
    -1.0201650020760613,
    0.5205537017066426
   ],
   [
    -0.5292941231241538,
    1.2865558288343386,
    0.6462106392547244
   ],
   [
    1.078015406532004,
    -0.9835480361904323,
    0.6110143887428106
   ],
   [
    -1.1103270698230436,
    -0.6862517274623842,
    0.46470161333071164
   ],
   [
    0.43185931037217223,
    1.245411034215788,
    0.5098544585219235
   ],
   [
    1.1526559980449838,
    -0.9145064445579378,
    0.6112685492562999
   ],
   [
    1.4248826293236125,
    -0.32204664411313516,
    0.5199899267731038
   ],
   [
    -1.2821195213419327,
    -0.49435965012644845,
    0.6450886637158308
   ]
  ]
 },
 "appearance_assets": {
  "floor_pbr": "Carpet014",
  "background_hdr": "kiara_interior_4k.hdr"
 },
 "environment_strength": 0.5235700089521462
}