{
 "objects": [
  {
   "obj_subpath": "sofa/sofa_052/sofa_052.blend",
   "obj_location": [
    0.06238478389217328,
    -0.2379744637992266
   ],
   "obj_pose": [
    [
     0.7841372794680348,
     0.6205873940177499,
     9.009302983043125e-05
    ],
    [
     -0.62058739401775,
     0.7841372794680348,
     0.00011413201633690255
    ],
    [
     1.8358345243996155e-07,
     -0.00014540576376020908,
     1.0
    ]
   ],
   "obj_scale": 0.6373768538232949,
   "obj_color": {
    "type": "random-mono",
    "color": [
     [
      0.3193926298278231,
      0.6033281771374012,
      0.6373550089198528
     ],
     [
      0.935647653859536,
      0.974696226651392,
      0.9793758070361778
     ]
    ],
    "randomness": 0.0015283781640196281,
    "scale": 4.7056141965570175,
    "specular": 0.6709022599365482,
    "roughness": 0.13442475931880646,
    "clever": false
   }
  },
  {
   "obj_subpath": "apple/apple_029/apple_029.blend",
   "obj_location": [
    0.24702787306300888,
    0.3935627415933063
   ],
   "obj_pose": [
    [
     0.5683941911286988,
     -0.8188911278475939,
     0.07965768027094587
    ],
    [
     0.8080192577102616,
     0.5738333903133326,
     0.13349208770296436
    ],
    [
     -0.15502572059631348,
     -0.011511191725730896,
     0.98784339427948
    ]
   ],
   "obj_scale": 0.6883179725309984,
   "obj_color": {
    "type": "random-multi",
    "color": [
     [
      0.33482629539949155,
      0.0217090372168246,
      0.6392947212767243
     ],
     [
      0.3693086829237219,
      0.19298025666911123,
      0.7822697295699821
     ],
     [
      0.13694214438220503,
      0.04995538344653616,
      0.6155139943950857
     ],
     [
      0.0691699023524246,
      0.8068421258860401,
      0.13376368313374404
     ]
    ],
    "randomness": 1.4865740652654176,
    "scale": 0.5088485345333729,
    "specular": 0.8310235041129947,
    "roughness": 0.2018216929245586,
    "clever": false
   }
  },
  {
   "obj_subpath": "Cylinder Crinkle/Cylinder Crinkle/Cylinder Crinkle.blend",
   "obj_location": [
    -0.48326869840490017,
    0.4851382996542345
   ],
   "obj_pose": [
    [
     -0.39308302904917963,
     -0.9195029811118188,
     0.0
    ],
    [
     0.9195029811118188,
     -0.39308302904917963,
     0.0
    ],
    [
     0.0,
     0.0,
     1.0
    ]
   ],
   "obj_scale": 0.6588810902952631,
   "obj_color": {
    "type": "random-multi",
    "color": [
     [
      0.2433617900419518,
      0.847034511792764,
      0.5401832659960143
     ],
     [
      0.09486096031443725,
      0.6804897903154374,
      0.8311229804261367
     ]
    ],
    "randomness": 0.26963842489153733,
    "scale": 0.6669392474790357,
    "specular": 0.85555910737009,
    "roughness": 0.13187196619758806,
    "clever": false
   }
  }
 ],
 "camera": {
  "track_to_point": [
   [
    -0.15924839880916744,
    0.15739630169946117,
    0.0
   ],
   [
    -0.11083254165950573,
    0.35814494298898614,
    0.0
   ],
   [
    -0.1646773503146992,
    0.0915409820254176,
    0.0
   ],
   [
    -0.09492332308176402,
    0.13276994602028386,
    0.0
   ],
   [
    -0.15671184140776762,
    0.11079838564964234,
    0.0
   ],
   [
    -0.0012139939021711121,
    0.1398803889274911,
    0.0
   ],
   [
    -0.06372172198885936,
    0.2112784150787488,
    0.0
   ],
   [
    -0.06566821593971484,
    0.2975144185242854,
    0.0
   ],
   [
    -0.020818630078222045,
    0.09224537902397126,
    0.0
   ],
   [
    0.03424146763527783,
    0.3346075073700877,
    0.0
   ],
   [
    -0.09807870231097977,
    0.0830086545740931,
    0.0
   ],
   [
    -0.0009001170714409701,
    0.2025499203573955,
    0.0
   ],
   [
    -0.07628057624267495,
    0.22996192096144694,
    0.0
   ],
   [
    -0.1341537724696616,
    0.18436637121915983,
    0.0
   ],
   [
    -0.07317545723318553,
    0.2950986787548568,
    0.0
   ],
   [
    0.04566536994492845,
    0.14836495467127814,
    0.0
   ],
   [
    -0.13297093133161456,
    0.27858975856633494,
    0.0
   ],
   [
    -0.10560503419036955,
    0.2345004320995483,
    0.0
   ],
   [
    -0.029202535526375084,
    0.18598091333054184,
    0.0
   ],
   [
    -0.1714858763372879,
    0.3030914301052394,
    0.0
   ],
   [
    -0.10025310394252535,
    0.1961498122304089,
    0.0
   ],
   [
    -0.10870262457172969,
    0.131311856002862,
    0.0
   ],
   [
    -0.021643684960272497,
    0.2627140210322868,
    0.0
   ],
   [
    -0.051397023160665856,
    0.263860269081865,
    0.0
   ],
   [
    -0.050530040549993493,
    0.12112860735068237,
    0.0
   ]
  ],
  "positions": [
   [
    0.3243827910173411,
    -1.2763523494516693,
    0.5498771502672157
   ],
   [
    -1.3462538917235198,
    0.6063436965329432,
    0.5551596340350676
   ],
   [
    0.7151053188649888,
    -1.1677277518483589,
    0.5493267265341905
   ],
   [
    0.9122202001299753,
    1.1153746919315872,
    0.4957606104735305
   ],
   [
    0.9225746814125041,
    0.9375618087598975,
    0.5448514286009611
   ],
   [
    0.5141027264722547,
    1.3078641133716449,
    0.49193024148743464
   ],
   [
    0.6007971300440352,
    1.1633542998145052,
    0.5503153501386723
   ],
   [
    1.0691031706430272,
    0.8917354378824117,
    0.6427448881618104
   ],
   [
    -0.752648343044189,
    -1.1545574544237087,
    0.5360387923087095
   ],
   [
    -0.7184314015186977,
    -1.2013637777330575,
    0.4574691926510715
   ],
   [
    -0.14236935757612965,
    1.412898673377815,
    0.4981810657957718
   ],
   [
    -1.3490605657282548,
    0.03287541980081777,
    0.4545723025501675
   ],
   [
    0.7364001213209415,
    -1.2953112128302622,
    0.6331758263334168
   ],
   [
    1.2385889349338763,
    0.5554345906202893,
    0.6319876827286428
   ],
   [
    1.3828390137870528,
    0.4228103609550639,
    0.5219700252922879
   ],
   [
    0.3481244644297865,
    1.402280749107751,
    0.5047491612774315
   ],
   [
    0.3981705912740099,
    -1.3181588168361695,
    0.49434270582947315
   ],
   [
    -1.2573761452041352,
    0.44421006301281735,
    0.6022281767251847
   ],
   [
    1.1866411437776903,
    0.9140978443212093,
    0.49149594278874387
   ],
   [
    0.4769218994915048,
    1.3144383821055512,
    0.6235129841977988
   ],
   [
    -1.3604730240317893,
    -0.038046886895496186,
    0.4688136661852409
   ],
   [
    1.1732446675097064,
    -0.70808390874448,
    0.5286253810514859
   ],
   [
    1.1415702970586095,
    0.7676252105249367,
    0.451770919927828
   ],
   [
    -0.45925503707949483,
    1.4144991146207597,
    0.5492450676270598
   ],
   [
    1.3593277838578897,
    0.5077513283863677,
    0.5643490002100735
   ]
  ]
 },
 "appearance_assets": {
  "floor_pbr": "Planks009",
  "background_hdr": "cabin_4k.hdr"
 },
 "environment_strength": 0.6451798021026983
}