{
 "objects": [
  {
   "obj_subpath": "chess_piece/chess_piece_000/chess_piece_000.blend",
   "obj_location": [
    0.30621236009365116,
    0.02003873838637693
   ],
   "obj_pose": [
    [
     -0.4819747219172668,
     0.8243020611567452,
     0.2970294199042393
    ],
    [
     0.17052010544447946,
     -0.24427522195180987,
     0.9545954688191794
    ],
    [
     0.8594319224357605,
     0.5107403993606567,
     -0.022825581952929497
    ]
   ],
   "obj_scale": 0.624371683403547,
   "obj_color": {
    "type": "random-mono",
    "color": [
     [
      0.3761276432482973,
      0.25376002766601535,
      0.4349769614371398
     ],
     [
      0.7101004492275459,
      0.5885358477266883,
      0.7685635800173533
     ],
     [
      0.7206678817603159,
      0.5002307923786098,
      0.8266809992989461
     ],
     [
      0.3921083166929515,
      0.16234410147092737,
      0.5026070572761457
     ]
    ],
    "randomness": 0.04613631192105805,
    "scale": 3.6641716231412444,
    "specular": 0.7611820818625544,
    "roughness": 0.2710747604120667,
    "clever": false
   }
  },
  {
   "obj_subpath": "glass/glass_012/glass_012.blend",
   "obj_location": [
    -0.46229906585875435,
    -0.19030955187790655
   ],
   "obj_pose": [
    [
     0.6180824575287207,
     0.7861132411154236,
     0.00017530968052417562
    ],
    [
     -0.7861132411154236,
     0.6180824575287207,
     0.00013823300394739658
    ],
    [
     3.1095461849872663e-07,
     -0.00022325266036204994,
     1.0
    ]
   ],
   "obj_scale": 0.6330988524008923,
   "obj_color": {
    "type": "random-multi",
    "color": [
     [
      0.13931460542979135,
      0.2066059831036071,
      0.6790136779708642
     ],
     [
      0.013188860345805464,
      0.9726162020267166,
      0.6180047493564569
     ],
     [
      0.9862798624701217,
      0.03023944192661232,
      0.8844772997394759
     ],
     [
      0.76312311546559,
      0.6730670630222526,
      0.14249271071887515
     ]
    ],
    "randomness": 3.4610514763917655,
    "scale": 1.1979624148451724,
    "specular": 0.6078706935100685,
    "roughness": 0.13465216399247057,
    "clever": false
   }
  },
  {
   "obj_subpath": "Wave Zig Zag/Wave Zig Zag/Wave Zig Zag.blend",
   "obj_location": [
    -0.3341723326497119,
    0.46252318356649236
   ],
   "obj_pose": [
    [
     0.9461003174030101,
     -0.3238737244821251,
     0.0
    ],
    [
     0.3238737244821251,
     0.9461003174030101,
     0.0
    ],
    [
     0.0,
     0.0,
     1.0
    ]
   ],
   "obj_scale": 0.6516277189156031,
   "obj_color": {
    "type": "random-multi",
    "color": [
     [
      0.6643669278949369,
      0.010146661304133886,
      0.6259135309489022
     ],
     [
      0.30977419491747366,
      0.09430397925621703,
      0.5309896220144608
     ],
     [
      0.4023998296813377,
      0.744547583862477,
      0.09996400449960807
     ]
    ],
    "randomness": 4.0415371327176555,
    "scale": 0.5009308546183755,
    "specular": 0.6533604025302333,
    "roughness": 0.2995558578271613,
    "clever": false
   }
  }
 ],
 "camera": {
  "track_to_point": [
   [
    -0.1513836135833644,
    0.2418166845869907,
    0.0
   ],
   [
    -0.053461959400752324,
    0.10960195355898181,
    0.0
   ],
   [
    -0.3083662189306734,
    0.2398028647239089,
    0.0
   ],
   [
    -0.25549663382383847,
    0.02326457003130017,
    0.0
   ],
   [
    -0.10350724154355337,
    0.029604662840938586,
    0.0
   ],
   [
    -0.05298654293972371,
    0.008042944929494894,
    0.0
   ],
   [
    -0.25061345892238324,
    0.010890990237999484,
    0.0
   ],
   [
    -0.13355573164131104,
    0.15022954669664368,
    0.0
   ],
   [
    -0.2961364737944713,
    0.172594330008279,
    0.0
   ],
   [
    -0.12984287324632013,
    -0.014275540342914422,
    0.0
   ],
   [
    -0.10245257867197011,
    0.13932621201897627,
    0.0
   ],
   [
    -0.10369399057643208,
    0.18532253483221445,
    0.0
   ],
   [
    -0.28123383075998243,
    0.02319301784572214,
    0.0
   ],
   [
    -0.16891895071806098,
    0.010961592795804623,
    0.0
   ],
   [
    -0.2875087538790912,
    0.08368485475142895,
    0.0
   ],
   [
    -0.1851900347034607,
    0.029236318648243956,
    0.0
   ],
   [
    -0.2724761112998,
    0.09773822550559272,
    0.0
   ],
   [
    -0.28403461820082265,
    -2.9315340271771073e-05,
    0.0
   ],
   [
    -0.1605712281908953,
    0.22663392069001656,
    0.0
   ],
   [
    -0.055231459609748845,
    0.11623101742414776,
    0.0
   ],
   [
    -0.307069254660137,
    0.1728726152903159,
    0.0
   ],
   [
    -0.21960805865220076,
    0.16459471456404962,
    0.0
   ],
   [
    -0.2966972868260762,
    0.14599710870498606,
    0.0
   ],
   [
    -0.25479951225822123,
    0.08398354453660381,
    0.0
   ],
   [
    -0.16825195088736472,
    0.13177523441365743,
    0.0
   ]
  ],
  "positions": [
   [
    -1.294420072364647,
    -0.1953247221262921,
    0.5888727759017743
   ],
   [
    -1.2622427487831533,
    -0.3880237567723834,
    0.535880843323337
   ],
   [
    0.6581952030096548,
    -1.1543376934393024,
    0.48813184346620725
   ],
   [
    0.8186587138066348,
    -1.0403079448174037,
    0.4686869883216087
   ],
   [
    1.3914179610185993,
    0.5330234540313603,
    0.6431662959220832
   ],
   [
    1.3799205015947416,
    0.03686262794413216,
    0.5998399306581723
   ],
   [
    -1.388051116342435,
    0.5134935089865491,
    0.4712753911428155
   ],
   [
    -0.7573578307811083,
    -1.2135660692320551,
    0.5816045788879254
   ],
   [
    -1.2685448481257557,
    -0.6927111848973603,
    0.5640343259050993
   ],
   [
    0.7925389732617373,
    1.052188904421394,
    0.5695149441101743
   ],
   [
    1.3225545448048552,
    0.5186567125680095,
    0.6205906450963034
   ],
   [
    -0.6169372662214706,
    1.151297911837813,
    0.45070260998341244
   ],
   [
    -0.8118675153055295,
    1.0527759030811585,
    0.5325401917509505
   ],
   [
    -1.345927034774916,
    0.47445973543354064,
    0.6238038098499118
   ],
   [
    0.03352492461489167,
    -1.324488288530639,
    0.5427832147624977
   ],
   [
    -0.06522237318891691,
    -1.3837387178872416,
    0.5641432359922339
   ],
   [
    -0.3518746685214055,
    -1.2725422518438616,
    0.5250127247334124
   ],
   [
    1.4565164855951536,
    0.020886416949904375,
    0.597648804741703
   ],
   [
    1.387782202527668,
    -0.09374972092381532,
    0.493594594780241
   ],
   [
    -1.4036888984781253,
    0.42060337266979003,
    0.5461019664939464
   ],
   [
    -0.31819999441878033,
    -1.3316242295299738,
    0.5055326859756619
   ],
   [
    1.3704677896045783,
    0.40834658862306505,
    0.5084462362917146
   ],
   [
    -1.0451005312601052,
    -0.9876974927147268,
    0.47962498850346075
   ],
   [
    -1.3051783014940805,
    -0.4375301667005302,
    0.611101441061249
   ],
   [
    -0.027926677506128577,
    -1.390797627962668,
    0.5933550846572697
   ]
  ]
 },
 "appearance_assets": {
  "floor_pbr": "Terrazzo001",
  "background_hdr": "lythwood_room_4k.hdr"
 },
 "environment_strength": 0.7493666030505695
}