{
 "objects": [
  {
   "obj_subpath": "shark/shark_021/shark_021.blend",
   "obj_location": [
    0.07627888390732207,
    -0.26671710912278446
   ],
   "obj_pose": [
    [
     -0.9099660276259522,
     0.4136570122441708,
     0.029149993797886867
    ],
    [
     -0.4146828331543765,
     -0.9077150421850269,
     -0.06396535626315183
    ],
    [
     1.7035200983173127e-07,
     -0.07029430568218231,
     0.9975262880325317
    ]
   ],
   "obj_scale": 0.6650392108278024,
   "obj_color": {
    "type": "random-multi",
    "color": [
     [
      0.08980677352034483,
      0.5199258592222388,
      0.10717495124722826
     ],
     [
      0.1987203302293698,
      0.03946684162672354,
      0.6525254766199885
     ],
     [
      0.8072595672929239,
      0.4753492886434826,
      0.0049715921240344185
     ],
     [
      0.9264039914583052,
      0.9884490586899968,
      0.03419600630751063
     ]
    ],
    "randomness": 4.548604207945624,
    "scale": 0.5544244171561417,
    "specular": 0.732730336518872,
    "roughness": 0.29198581089512476,
    "clever": false
   }
  },
  {
   "obj_subpath": "cupcake/cupcake_016/cupcake_016.blend",
   "obj_location": [
    0.43801564281930394,
    0.28569613291761686
   ],
   "obj_pose": [
    [
     -0.21923807137380524,
     -0.5557655473271343,
     -0.8019097981192368
    ],
    [
     -0.48191325467250934,
     0.7763318966513193,
     -0.40628609585038755
    ],
    [
     0.8483479619026184,
     0.2973775863647461,
     -0.4380322992801666
    ]
   ],
   "obj_scale": 0.6653590653610936,
   "obj_color": {
    "type": "random-mono",
    "color": [
     [
      0.7698590921838636,
      0.7886669066006063,
      0.883090469037278
     ],
     [
      0.4500561841408073,
      0.5116423730651968,
      0.8208323313605146
     ],
     [
      0.8315266111179511,
      0.8469095625770107,
      0.924138795350691
     ]
    ],
    "randomness": 0.3127380814915911,
    "scale": 2.6496908503931014,
    "specular": 0.6728816069107839,
    "roughness": 0.2494962719520325,
    "clever": false
   }
  },
  {
   "obj_subpath": "Tier Stack Ring/Tier Stack Ring/Tier Stack Ring.blend",
   "obj_location": [
    -0.27738119980302034,
    0.38078013652423925
   ],
   "obj_pose": [
    [
     0.468310453648713,
     -0.8835639869320935,
     0.0
    ],
    [
     0.8835639869320935,
     0.468310453648713,
     0.0
    ],
    [
     0.0,
     0.0,
     1.0
    ]
   ],
   "obj_scale": 0.6865415331073818,
   "obj_color": {
    "type": "random-mono",
    "color": [
     [
      0.9191856226403428,
      0.8172259189580136,
      0.8595486437216957
     ],
     [
      0.6961084820400243,
      0.48936465187496725,
      0.5751824985796514
     ]
    ],
    "randomness": 0.5129065198798629,
    "scale": 3.2516472183819616,
    "specular": 0.8808563654003971,
    "roughness": 0.19590480764080798,
    "clever": false
   }
  }
 ],
 "camera": {
  "track_to_point": [
   [
    0.16613849375156492,
    0.029419694483539593,
    0.0
   ],
   [
    0.07236356208366478,
    0.006681201275175269,
    0.0
   ],
   [
    0.005220981574081102,
    0.2537431080701576,
    0.0
   ],
   [
    0.08426946247574955,
    0.20832119539867394,
    0.0
   ],
   [
    0.11359002032850328,
    0.1108803337644767,
    0.0
   ],
   [
    0.1439675279595109,
    0.017075207258541322,
    0.0
   ],
   [
    -0.021314420740012177,
    0.27547948581952036,
    0.0
   ],
   [
    0.04596963435932773,
    0.03373237307001861,
    0.0
   ],
   [
    0.22486852164134286,
    0.14242641478197965,
    0.0
   ],
   [
    -0.018287228794835533,
    0.2706582745248438,
    0.0
   ],
   [
    0.22251482237348424,
    -0.002769218403476492,
    0.0
   ],
   [
    0.047520448068823204,
    0.21430486588701922,
    0.0
   ],
   [
    0.03487699586919227,
    0.03717067316233452,
    0.0
   ],
   [
    -0.05603703048538104,
    0.02735324909780809,
    0.0
   ],
   [
    0.2003768274833138,
    0.28303182801615007,
    0.0
   ],
   [
    -0.02875949953828645,
    0.15263543930552706,
    0.0
   ],
   [
    -0.058915885487850136,
    0.09640904830514649,
    0.0
   ],
   [
    0.18554830888513857,
    0.21815237856564285,
    0.0
   ],
   [
    -0.057734670893565085,
    0.12077971884797653,
    0.0
   ],
   [
    0.08475109016880582,
    0.22538975483783352,
    0.0
   ],
   [
    0.13639163475528243,
    0.2264043202812258,
    0.0
   ],
   [
    0.21069045581492912,
    0.2699304661917076,
    0.0
   ],
   [
    -0.058794212412362476,
    0.21977805475476092,
    0.0
   ],
   [
    0.2118355409475024,
    -0.008476239135728703,
    0.0
   ],
   [
    0.09316331028711579,
    0.10042786280281923,
    0.0
   ]
  ],
  "positions": [
   [
    0.7246097146287979,
    1.3111324689958845,
    0.48743878744648056
   ],
   [
    0.22642956411248846,
    -1.4256285890035476,
    0.46003844190816495
   ],
   [
    -1.3070913130974893,
    0.6575342192757724,
    0.5776437178984934
   ],
   [
    0.2432133363291843,
    -1.2888392452734578,
    0.57611256136415
   ],
   [
    -0.1988066904465177,
    1.4517053417094383,
    0.5138365449668173
   ],
   [
    0.8120383645068724,
    -1.1429021063398512,
    0.623050623520645
   ],
   [
    -1.295003076950627,
    -0.4370694127306916,
    0.5489380285322782
   ],
   [
    -0.4702629222137346,
    -1.2778373733012893,
    0.47465961522805833
   ],
   [
    -0.8290941875193846,
    -1.0451268870695716,
    0.5685601506469957
   ],
   [
    0.01962330490176458,
    1.4384952904546267,
    0.4756591473514613
   ],
   [
    -0.1695370950707209,
    -1.3274839746454845,
    0.6418462086693763
   ],
   [
    0.9260492024038276,
    1.0473497765426536,
    0.6291109527040253
   ],
   [
    0.5148064274619877,
    -1.3008551297697672,
    0.48274594342775745
   ],
   [
    1.3205476992492675,
    -0.5759272630739743,
    0.5400300637685954
   ],
   [
    0.9912462387062255,
    -1.006723750614006,
    0.49383482486281643
   ],
   [
    -0.46545511722774485,
    -1.4130734402775242,
    0.6295953166317863
   ],
   [
    1.131852801136792,
    -0.7904298687281744,
    0.46804397879790743
   ],
   [
    -0.5181219221172529,
    1.2319275898204167,
    0.5879702641693174
   ],
   [
    0.42808670149922895,
    -1.263952121011923,
    0.5533796833282814
   ],
   [
    -0.4767055443741464,
    1.370674486465037,
    0.6084358799777587
   ],
   [
    1.3422921699003718,
    -0.49256734160664,
    0.5951682601097457
   ],
   [
    0.28039962530930757,
    1.4381345166229402,
    0.5146444432426351
   ],
   [
    1.2472442274485602,
    0.8322244106070115,
    0.5616914016833681
   ],
   [
    -0.12756608680688927,
    -1.3627721875506662,
    0.48864746728418074
   ],
   [
    1.1106823063340465,
    -0.8059238925666087,
    0.6293574349725022
   ]
  ]
 },
 "appearance_assets": {
  "floor_pbr": "Carpet013",
  "background_hdr": "small_empty_house_4k.hdr"
 },
 "environment_strength": 0.5014586215784049
}