{
 "objects": [
  {
   "obj_subpath": "fish/fish_014/fish_014.blend",
   "obj_location": [
    0.1041782111931544,
    -0.44781452965081825
   ],
   "obj_pose": [
    [
     -0.9145090958961076,
     -0.2750081168345308,
     -0.296721563961141
    ],
    [
     0.32702564590346417,
     -0.9342875859718871,
     -0.1419891186148375
    ],
    [
     -0.23817510902881622,
     -0.22688589990139008,
     0.9443491697311401
    ]
   ],
   "obj_scale": 0.6228893296202506,
   "obj_color": {
    "type": "random-multi",
    "color": [
     [
      0.16605717494886174,
      0.9762862972737043,
      0.08362789752769495
     ],
     [
      0.2100625417304723,
      0.1269138318107892,
      0.9584200033396488
     ]
    ],
    "randomness": 1.9408812874686805,
    "scale": 1.1074462769778923,
    "specular": 0.8243590434877074,
    "roughness": 0.2085170170749876,
    "clever": false
   }
  },
  {
   "obj_subpath": "deer_moose/deer_moose_048/deer_moose_048.blend",
   "obj_location": [
    -0.3687355583369245,
    0.27947467798728054
   ],
   "obj_pose": [
    [
     0.06722983058434524,
     0.9601274111550486,
     0.27135867951726467
    ],
    [
     -0.16959665979119481,
     0.2790130774625954,
     -0.9451924060470591
    ],
    [
     -0.983217716217041,
     0.01752360165119171,
     0.18159238994121552
    ]
   ],
   "obj_scale": 0.6771804449739629,
   "obj_color": {
    "type": "random-mono",
    "color": [
     [
      0.8946675148968738,
      0.938530421804853,
      0.9082167515982631
     ],
     [
      0.23612295919503717,
      0.42747506944530084,
      0.29523155955593877
     ],
     [
      0.3571383635596921,
      0.7904973332356999,
      0.4910027986991312
     ],
     [
      0.20387472760405412,
      0.5783980140313619,
      0.31956484063353774
     ]
    ],
    "randomness": 0.1524889349475006,
    "scale": 4.906134728809215,
    "specular": 0.6825030328685885,
    "roughness": 0.23862249866768057,
    "clever": false
   }
  },
  {
   "obj_subpath": "Infinity Icosphere/Infinity Icosphere/Infinity Icosphere.blend",
   "obj_location": [
    0.2741325059982045,
    0.3050602624754667
   ],
   "obj_pose": [
    [
     0.6123542023688531,
     0.7905835381799989,
     0.0
    ],
    [
     -0.7905835381799989,
     0.6123542023688531,
     0.0
    ],
    [
     0.0,
     0.0,
     1.0
    ]
   ],
   "obj_scale": 0.6942308238669119,
   "obj_color": {
    "type": "random-multi",
    "color": [
     [
      0.5112720508924717,
      0.42472497918776825,
      0.09446743350400888
     ],
     [
      0.8364783214704663,
      0.6538608888706694,
      0.2564329794004465
     ],
     [
      0.8632293154112195,
      0.21639646499713494,
      0.6001198748359254
     ],
     [
      0.8848854921269098,
      0.012709294615302125,
      0.4622895267061702
     ]
    ],
    "randomness": 2.558504142933784,
    "scale": 0.5508769888277101,
    "specular": 0.6876167249193442,
    "roughness": 0.1950212345337544,
    "clever": false
   }
  }
 ],
 "camera": {
  "track_to_point": [
   [
    -0.043543771891334904,
    -0.04997174197757811,
    0.0
   ],
   [
    0.0808840579673469,
    0.1080796988372684,
    0.0
   ],
   [
    -0.04059401559773229,
    0.09605853862335001,
    0.0
   ],
   [
    -0.04685196721521466,
    0.1545273733170498,
    0.0
   ],
   [
    -0.09722271203454355,
    0.17161590799351784,
    0.0
   ],
   [
    -0.10251010078473292,
    0.1537240681677584,
    0.0
   ],
   [
    -0.023336625954331003,
    -0.02832502226537479,
    0.0
   ],
   [
    -0.02652987890770475,
    0.04943276229200239,
    0.0
   ],
   [
    0.10798406953741532,
    -0.03765275487782128,
    0.0
   ],
   [
    -0.041026243705150636,
    -0.005283962250290618,
    0.0
   ],
   [
    -0.1369168728528717,
    0.03194485727354238,
    0.0
   ],
   [
    -0.10230325141202157,
    0.02476666603945813,
    0.0
   ],
   [
    0.05169046099228053,
    0.12479863242254419,
    0.0
   ],
   [
    0.14370291617583672,
    0.14612975477191514,
    0.0
   ],
   [
    0.0866569174130464,
    0.011181697925362506,
    0.0
   ],
   [
    -0.14126683811658539,
    0.15499085433997273,
    0.0
   ],
   [
    -0.11498908679096734,
    -0.010324027054754388,
    0.0
   ],
   [
    -0.018967617670997583,
    -0.015071843126093477,
    0.0
   ],
   [
    -0.05850291785862967,
    0.18951826658348891,
    0.0
   ],
   [
    0.06087348649831753,
    0.09742145602687693,
    0.0
   ],
   [
    0.13134344828092573,
    0.1873978085303054,
    0.0
   ],
   [
    -0.12373199572912619,
    -0.009072330818100889,
    0.0
   ],
   [
    -0.08099972667146986,
    -0.04265784228510521,
    0.0
   ],
   [
    0.05135833933529205,
    -0.0733677245895725,
    0.0
   ],
   [
    0.048521905128481396,
    0.04865117938270861,
    0.0
   ]
  ],
  "positions": [
   [
    -0.5641115560674365,
    -1.3196688041697107,
    0.45084681178868685
   ],
   [
    -1.1896626154281134,
    0.896646026639226,
    0.5809889346931116
   ],
   [
    1.0063583584604285,
    0.9961918834371669,
    0.6202459694338813
   ],
   [
    -0.8720249293986627,
    -1.1060409774552682,
    0.5386711856269516
   ],
   [
    -0.9806242789377242,
    0.8947712489405272,
    0.4892070676001866
   ],
   [
    -0.5965265807262254,
    1.1888979427276527,
    0.5615911802704621
   ],
   [
    0.09386417723129785,
    1.3607709788286824,
    0.5117918642397977
   ],
   [
    -0.26214851269030104,
    1.397749927561706,
    0.5145041503532708
   ],
   [
    -1.4780434065424286,
    -0.2528196481678185,
    0.47865297095959186
   ],
   [
    -1.3426794140033247,
    -0.29030341787546377,
    0.6121841340304871
   ],
   [
    -0.8322887783943212,
    1.0742789803503099,
    0.5013823236188798
   ],
   [
    0.6051181941304974,
    -1.2420384685480934,
    0.5053129480220314
   ],
   [
    0.35689501552035113,
    1.289409819682228,
    0.5457542699399521
   ],
   [
    1.0698298490395364,
    0.887784159482658,
    0.6184832763701797
   ],
   [
    0.38911216959166,
    1.2890649082824264,
    0.5654213903013298
   ],
   [
    1.1418562682039701,
    -0.9543652170991812,
    0.4683982493334042
   ],
   [
    -1.3366842670077037,
    -0.1951117781988837,
    0.455360669260784
   ],
   [
    -0.8332515019691454,
    -1.1261307352060823,
    0.45022702359208655
   ],
   [
    -1.122062789657796,
    0.9232208333057007,
    0.6457252835407834
   ],
   [
    1.0158186883164846,
    0.8129840402549853,
    0.5216581296972168
   ],
   [
    0.6325533317150073,
    1.3084028999895194,
    0.5543636455806566
   ],
   [
    -1.0640737517742864,
    -0.8776121724409208,
    0.6007456707531977
   ],
   [
    -1.0239058428449483,
    0.8150660054955392,
    0.4961789006355607
   ],
   [
    0.808118587577331,
    -1.1434928662740564,
    0.6030834744861713
   ],
   [
    1.2871509492460054,
    -0.2110943982399449,
    0.4659459136004564
   ]
  ]
 },
 "appearance_assets": {
  "floor_pbr": "Tiles071",
  "background_hdr": "st_fagans_interior_4k.hdr"
 },
 "environment_strength": 0.5883644204558104
}