{
 "objects": [
  {
   "obj_subpath": "train/train_004/train_004.blend",
   "obj_location": [
    0.41666449257361005,
    7.014744179478782e-05
   ],
   "obj_pose": [
    [
     -0.7886881570401011,
     -0.6147929476018024,
     0.0008016017372041895
    ],
    [
     0.6147926451286342,
     -0.7886885363516668,
     -0.0006275123552447349
    ],
    [
     0.001018004259094596,
     -2.092694103339454e-06,
     0.999999463558197
    ]
   ],
   "obj_scale": 0.6932251337137385,
   "obj_color": {
    "type": "random-mono",
    "color": [
     [
      0.13262818199344123,
      0.16302012056720616,
      0.25847967214566275
     ],
     [
      0.21084536913749374,
      0.29691736611580344,
      0.5672651826945164
     ],
     [
      0.3987640905420513,
      0.47826734086444406,
      0.7279830543384345
     ]
    ],
    "randomness": 0.7819308739652258,
    "scale": 4.056012650954377,
    "specular": 0.7361198675998355,
    "roughness": 0.23964699291353686,
    "clever": false
   }
  },
  {
   "obj_subpath": "marker/marker_009/marker_009.blend",
   "obj_location": [
    -0.4291770215483032,
    0.16035765740777486
   ],
   "obj_pose": [
    [
     -0.8759532381898938,
     0.32867839708536867,
     0.35309552902006425
    ],
    [
     0.3304252123295762,
     -0.12448224818770269,
     0.9355871578371655
    ],
    [
     0.3514614403247833,
     0.9362022876739502,
     0.0004370003880467266
    ]
   ],
   "obj_scale": 0.6589439818002228,
   "obj_color": {
    "type": "random-mono",
    "color": [
     [
      0.8198796032327067,
      0.7863549097609654,
      0.931365621295317
     ],
     [
      0.1822447430646151,
      0.12623116597462586,
      0.3685173087621895
     ],
     [
      0.9596256469439667,
      0.9514060262885043,
      0.9869599096012857
     ],
     [
      0.2972292458441002,
      0.1961832150928976,
      0.6332567659459435
     ]
    ],
    "randomness": 0.7543045619551424,
    "scale": 4.83004472499111,
    "specular": 0.7757211345326112,
    "roughness": 0.1352539459524761,
    "clever": false
   }
  },
  {
   "obj_subpath": "Cone Pyramid/Cone Pyramid/Cone Pyramid.blend",
   "obj_location": [
    -0.07345553454900056,
    -0.48137468384525206
   ],
   "obj_pose": [
    [
     0.8133118056773364,
     -0.581828073184743,
     0.0
    ],
    [
     0.581828073184743,
     0.8133118056773364,
     0.0
    ],
    [
     0.0,
     0.0,
     1.0
    ]
   ],
   "obj_scale": 0.6660193321127863,
   "obj_color": {
    "type": "random-multi",
    "color": [
     [
      0.1576193014865438,
      0.7341837034648427,
      0.5092119939450184
     ],
     [
      0.14979015468161835,
      0.8142622724767133,
      0.1152582789937121
     ]
    ],
    "randomness": 2.7335339874071733,
    "scale": 1.192362454872316,
    "specular": 0.6723422200871417,
    "roughness": 0.25496302158479534,
    "clever": false
   }
  }
 ],
 "camera": {
  "track_to_point": [
   [
    0.007535539628638455,
    -0.06191158598450465,
    0.0
   ],
   [
    -0.09458676825559777,
    -0.24228561493663187,
    0.0
   ],
   [
    0.08187049696440726,
    -0.21504383499952523,
    0.0
   ],
   [
    0.064146772793649,
    0.02273549689169528,
    0.0
   ],
   [
    -0.01463317532699615,
    -0.09677058676883503,
    0.0
   ],
   [
    -0.018598151355182668,
    -0.09072244827736929,
    0.0
   ],
   [
    0.09901014862571486,
    -0.21997134654929773,
    0.0
   ],
   [
    -0.06928511663136501,
    -0.252604604648206,
    0.0
   ],
   [
    -0.028022506887787346,
    -0.02523160064996978,
    0.0
   ],
   [
    0.01792238869834656,
    0.026213211394980826,
    0.0
   ],
   [
    -0.08533661719556566,
    -0.10356476750598369,
    0.0
   ],
   [
    -0.1508876950934136,
    -0.1515598056716078,
    0.0
   ],
   [
    0.10636821354515089,
    -0.1511788142998139,
    0.0
   ],
   [
    -0.038535409476814775,
    -0.13741662830067322,
    0.0
   ],
   [
    0.049356512332689145,
    -0.24757025577680897,
    0.0
   ],
   [
    0.050050164100001376,
    -0.16883221760526074,
    0.0
   ],
   [
    0.04925130078665005,
    -0.006357232083520473,
    0.0
   ],
   [
    -0.04256204185600648,
    0.0322607095955864,
    0.0
   ],
   [
    0.0345262328421731,
    0.025661577106770236,
    0.0
   ],
   [
    -0.10144323902964143,
    0.03174046630162057,
    0.0
   ],
   [
    -0.13002957712711316,
    -0.0054733466163177785,
    0.0
   ],
   [
    -0.17083156546146952,
    0.04216165092148737,
    0.0
   ],
   [
    0.06480290919192441,
    -0.23268225002810228,
    0.0
   ],
   [
    -0.10751570272018617,
    0.013006477073572428,
    0.0
   ],
   [
    -0.12661837560495748,
    -0.21833842777224988,
    0.0
   ]
  ],
  "positions": [
   [
    0.5968534939145657,
    1.2655656098496866,
    0.5898797469997062
   ],
   [
    0.821184711995474,
    -1.174344347079635,
    0.5030938929935364
   ],
   [
    1.2877070099544616,
    -0.3612686694620432,
    0.6214883926911048
   ],
   [
    1.0916356032350687,
    -0.7971876981441968,
    0.4662081696425727
   ],
   [
    1.162309982093078,
    0.7369158366470651,
    0.5194180309233807
   ],
   [
    -0.12771527679155872,
    1.4746771257489861,
    0.46052625719863927
   ],
   [
    -0.10231659436830141,
    -1.3863747630417693,
    0.6035194636251373
   ],
   [
    1.3608860234819304,
    -0.6273628545152286,
    0.46946036973846095
   ],
   [
    -1.3993775634586192,
    -0.37028162256189046,
    0.5339838177045265
   ],
   [
    -1.072811299890434,
    -0.8838495773938915,
    0.4910205999223694
   ],
   [
    0.038676627078570676,
    -1.3346874125565635,
    0.5211904025062889
   ],
   [
    0.04947461624467455,
    -1.4096047755842442,
    0.5677786458981051
   ],
   [
    0.6427537018023576,
    -1.1659468774465516,
    0.4753495928312785
   ],
   [
    0.8134146320200344,
    1.0175990525235201,
    0.5287400553710856
   ],
   [
    -0.7168208059230252,
    1.2838696915893753,
    0.5789846096648056
   ],
   [
    -1.4456728470426012,
    0.3844160063723642,
    0.5383914984631294
   ],
   [
    -1.3283097727848616,
    0.33299404980692715,
    0.5088337324272909
   ],
   [
    0.4889334925426481,
    1.265162884551735,
    0.614793350982396
   ],
   [
    0.08692602474447922,
    -1.4131008407985435,
    0.6252428629404221
   ],
   [
    1.3887341340490054,
    0.32214870601523393,
    0.5755964624939418
   ],
   [
    1.32447614703395,
    0.2400700703715949,
    0.5242741826664348
   ],
   [
    -0.7064689199428704,
    -1.2588683004557506,
    0.6348057649906946
   ],
   [
    0.4476232784164667,
    -1.4238237247629162,
    0.525428685502312
   ],
   [
    0.0909696867450636,
    1.3611201133387028,
    0.5303339483391852
   ],
   [
    -0.5267922427278823,
    1.2183453249145977,
    0.5559338148619548
   ]
  ]
 },
 "appearance_assets": {
  "floor_pbr": "Planks011",
  "background_hdr": "lythwood_lounge_4k.hdr"
 },
 "environment_strength": 0.5854506970069213
}