{
 "objects": [
  {
   "obj_subpath": "chair/chair_008/chair_008.blend",
   "obj_location": [
    -0.14550216328285004,
    -0.046755175781781566
   ],
   "obj_pose": [
    [
     -0.9104045369506769,
     0.41371916925669305,
     5.084598511542968e-06
    ],
    [
     -0.4137191692566931,
     -0.9104045369506769,
     -3.2421682351640924e-06
    ],
    [
     3.2876944260351593e-06,
     -5.055280780652538e-06,
     1.0
    ]
   ],
   "obj_scale": 0.6387759039284306,
   "obj_color": {
    "type": "random-multi",
    "color": [
     [
      0.5323879746143095,
      0.37505484387441973,
      0.1139434235763328
     ],
     [
      0.06455161167146828,
      0.5052487351016595,
      0.5665327275525064
     ],
     [
      0.8749074628559964,
      0.24763873057495867,
      0.019019777973222962
     ]
    ],
    "randomness": 3.6395995427018137,
    "scale": 0.5917095269132164,
    "specular": 0.6484633269771554,
    "roughness": 0.1895237440774133,
    "clever": false
   }
  },
  {
   "obj_subpath": "fan/fan_017/fan_017.blend",
   "obj_location": [
    0.2488024485573903,
    0.46053318278026745
   ],
   "obj_pose": [
    [
     0.4922519985886848,
     -0.8698929488785764,
     -0.031213346725816826
    ],
    [
     0.8704038450056879,
     0.4915276466022267,
     0.02824451452756806
    ],
    [
     -0.009227480739355087,
     -0.041071634739637375,
     0.9991136193275452
    ]
   ],
   "obj_scale": 0.6747257028904565,
   "obj_color": {
    "type": "random-multi",
    "color": [
     [
      0.6906226284140523,
      0.0034656334281691903,
      0.6918119404578597
     ],
     [
      0.42949448253701916,
      0.8140866833559272,
      0.12451287619104445
     ],
     [
      0.5132239575178361,
      0.002584596224245339,
      0.8072669298388476
     ]
    ],
    "randomness": 4.156371438057343,
    "scale": 0.8699123211354598,
    "specular": 0.7814333401922898,
    "roughness": 0.24305490040580785,
    "clever": false
   }
  },
  {
   "obj_subpath": "Geo Instance Crystal Cube/Geo Instance Crystal Cube/Geo Instance Crystal Cube.blend",
   "obj_location": [
    0.44665288211824195,
    -0.3600334241506963
   ],
   "obj_pose": [
    [
     -0.9644953059390884,
     0.2640999901958807,
     0.0
    ],
    [
     -0.2640999901958807,
     -0.9644953059390884,
     0.0
    ],
    [
     0.0,
     0.0,
     1.0
    ]
   ],
   "obj_scale": 0.6480874825536144,
   "obj_color": {
    "type": "random-multi",
    "color": [
     [
      0.14744560206637797,
      0.14014744942897528,
      0.9141482258947567
     ],
     [
      0.13508983379105802,
      0.056119400994974145,
      0.5761846682035637
     ],
     [
      0.738954269401045,
      0.10920772104946519,
      0.36338208036519215
     ]
    ],
    "randomness": 0.3857518072932936,
    "scale": 1.29976626734215,
    "specular": 0.6091391888201935,
    "roughness": 0.28818870026721033,
    "clever": true
   }
  }
 ],
 "camera": {
  "track_to_point": [
   [
    0.31619691950759593,
    -0.024653453902297312,
    0.0
   ],
   [
    0.2791009822845403,
    0.1048271331416814,
    0.0
   ],
   [
    0.046348506275285195,
    -0.054851031536910747,
    0.0
   ],
   [
    0.12517484618601404,
    0.042170252699696875,
    0.0
   ],
   [
    0.3256039598226589,
    0.1472809740622549,
    0.0
   ],
   [
    0.16304820119197633,
    -0.013646644873684027,
    0.0
   ],
   [
    0.10229299305239237,
    0.07727669090353537,
    0.0
   ],
   [
    0.15123591799637126,
    0.13732204911328957,
    0.0
   ],
   [
    0.2444210543848964,
    0.020991699479378234,
    0.0
   ],
   [
    0.2114058562381043,
    0.018201537483858027,
    0.0
   ],
   [
    0.17647129946235157,
    0.02544046889397314,
    0.0
   ],
   [
    0.2376044208468227,
    0.017554284792439395,
    0.0
   ],
   [
    0.32129001565268744,
    0.03453060418922574,
    0.0
   ],
   [
    0.06792698725672364,
    0.05045473999118788,
    0.0
   ],
   [
    0.06691706747353847,
    -0.02805453719580847,
    0.0
   ],
   [
    0.26520110749508713,
    -0.08463072605497549,
    0.0
   ],
   [
    0.20817092626422143,
    -0.060901669735429,
    0.0
   ],
   [
    0.057710702973522016,
    0.06622335909478352,
    0.0
   ],
   [
    0.23871050199270968,
    -0.019906750308814183,
    0.0
   ],
   [
    0.32031692623353175,
    0.03467546479902328,
    0.0
   ],
   [
    0.13565653152297286,
    0.14427391963525563,
    0.0
   ],
   [
    0.2588287178276242,
    0.0963523505468219,
    0.0
   ],
   [
    0.13426437048131,
    0.09837039409750878,
    0.0
   ],
   [
    0.17622222316647182,
    -0.06604631770004939,
    0.0
   ],
   [
    0.20352964817042904,
    -0.05940249093860163,
    0.0
   ]
  ],
  "positions": [
   [
    -1.3564176222060584,
    0.043548008968183456,
    0.5019779299589389
   ],
   [
    1.1291199818848792,
    -0.6561335086665354,
    0.46013498196353886
   ],
   [
    -0.6914747826203127,
    1.302381649626343,
    0.4767596427549325
   ],
   [
    -0.8984762557441586,
    -1.0738433717536375,
    0.5024782401525263
   ],
   [
    -0.095913486732957,
    1.4222979326994847,
    0.6465318704931795
   ],
   [
    0.808191983059616,
    1.1631462213493007,
    0.4973988591381334
   ],
   [
    -1.3578376898071804,
    0.41474708149470507,
    0.5103424134361428
   ],
   [
    -1.4506837555656096,
    0.3327167921949916,
    0.509808727520857
   ],
   [
    -1.3621634806323752,
    -0.4636999163437455,
    0.6331558656421389
   ],
   [
    1.0176226674438416,
    1.0245361116741263,
    0.49897940823427833
   ],
   [
    -0.8477419620810323,
    -1.0852239972606013,
    0.612108314001321
   ],
   [
    -0.6333580736741798,
    1.3353047160005744,
    0.4545726696919102
   ],
   [
    0.7204896274823672,
    -1.1053852484912141,
    0.6274912646241877
   ],
   [
    -1.4551973441428236,
    -0.04212227174483701,
    0.49137911127927036
   ],
   [
    1.3292655822319555,
    0.00507472877707714,
    0.4619695537318949
   ],
   [
    0.6419186393108763,
    -1.1669487471544027,
    0.47171220050828166
   ],
   [
    0.297167447866225,
    1.3432711095519925,
    0.5022926201480415
   ],
   [
    -1.2377033274436526,
    0.6217946585760091,
    0.5347669212623242
   ],
   [
    0.846714970226793,
    1.1903327054820905,
    0.6209692216035361
   ],
   [
    0.4257540334067074,
    -1.229987917395162,
    0.47475355863532825
   ],
   [
    -0.3812260768493572,
    1.4143774351471345,
    0.5615482969983807
   ],
   [
    1.2986342892781408,
    0.28268672000403167,
    0.4798830213346884
   ],
   [
    -0.2536607847313343,
    1.3681629865718705,
    0.6182532512327136
   ],
   [
    -1.060601616281299,
    -1.0380029613171666,
    0.5547830311359386
   ],
   [
    -1.2983728759481417,
    -0.5397368116072351,
    0.5505576509868837
   ]
  ]
 },
 "appearance_assets": {
  "floor_pbr": "Tiles072",
  "background_hdr": "st_fagans_interior_4k.hdr"
 },
 "environment_strength": 0.5447723137380693
}