{
 "objects": [
  {
   "obj_subpath": "fox/fox_056/fox_056.blend",
   "obj_location": [
    -0.2628178014629038,
    -0.3498644725202369
   ],
   "obj_pose": [
    [
     0.047596977270139056,
     0.6447620865747414,
     0.7628999857533348
    ],
    [
     -0.017879930300150188,
     0.7641932106206754,
     -0.6447395193212628
    ],
    [
     -0.998706579208374,
     0.017047055065631866,
     0.04790158569812775
    ]
   ],
   "obj_scale": 0.6444619228178183,
   "obj_color": {
    "type": "random-multi",
    "color": [
     [
      0.17712616586004892,
      0.36618713370153594,
      0.8029318141637303
     ],
     [
      0.8908231612387485,
      0.12281485641259726,
      0.23235314571936813
     ],
     [
      0.928983938260107,
      0.0031907295466416796,
      0.5991077611649955
     ],
     [
      0.2427290641073766,
      0.7723638645226963,
      0.08395698806735574
     ]
    ],
    "randomness": 3.8076500206699038,
    "scale": 1.2714012876961633,
    "specular": 0.8273154369657776,
    "roughness": 0.24414723053224885,
    "clever": false
   }
  },
  {
   "obj_subpath": "dragon/dragon_038/dragon_038.blend",
   "obj_location": [
    -0.034358098726830266,
    0.46199055512100984
   ],
   "obj_pose": [
    [
     -0.5378587634679958,
     0.842940422273155,
     -0.012623853158028997
    ],
    [
     -0.8428935320870657,
     -0.5379825039725437,
     -0.010260916921863586
    ],
    [
     -0.015440753661096096,
     0.005121640395373106,
     0.9998676776885986
    ]
   ],
   "obj_scale": 0.6915401413804606,
   "obj_color": {
    "type": "random-multi",
    "color": [
     [
      0.6556990647503833,
      0.6002954046659583,
      0.05642349837631677
     ],
     [
      0.8737321896273604,
      0.5551871867794962,
      0.03700030021869449
     ],
     [
      0.44401857576594006,
      0.03376719770010306,
      0.8005302577892384
     ],
     [
      0.08693981812959506,
      0.5233934101746524,
      0.17011239001280676
     ]
    ],
    "randomness": 2.6929805063973706,
    "scale": 1.373252736361503,
    "specular": 0.8587079163328797,
    "roughness": 0.25931941743121384,
    "clever": false
   }
  },
  {
   "obj_subpath": "Vase Angular/Vase Angular/Vase Angular.blend",
   "obj_location": [
    0.4129177414874202,
    -0.10627234991436063
   ],
   "obj_pose": [
    [
     -0.3800591765239164,
     0.9249621734643869,
     0.0
    ],
    [
     -0.9249621734643869,
     -0.3800591765239164,
     0.0
    ],
    [
     0.0,
     0.0,
     1.0
    ]
   ],
   "obj_scale": 0.6495158982089837,
   "obj_color": {
    "type": "random-multi",
    "color": [
     [
      0.6270236746727993,
      0.8814070841607526,
      0.1627638911654501
     ],
     [
      0.8125413155425588,
      0.1658902607900205,
      0.039499887329459527
     ]
    ],
    "randomness": 2.033333545752372,
    "scale": 1.4916690620508457,
    "specular": 0.7566214714286568,
    "roughness": 0.1273822972656134,
    "clever": true
   }
  }
 ],
 "camera": {
  "track_to_point": [
   [
    0.029320132405832366,
    0.0369084341451405,
    0.0
   ],
   [
    0.017418926009937608,
    0.004960949902457573,
    0.0
   ],
   [
    0.15158235120385252,
    0.14283334026598757,
    0.0
   ],
   [
    0.1684010580073713,
    0.13361351687704273,
    0.0
   ],
   [
    0.10069249811987613,
    -0.11889132632241642,
    0.0
   ],
   [
    -0.10102668741297077,
    0.09647805993139946,
    0.0
   ],
   [
    0.10640769403223763,
    -0.04694468109042611,
    0.0
   ],
   [
    -0.035251734139645954,
    -0.10771941592979689,
    0.0
   ],
   [
    -0.04995005151313625,
    -0.03510778504990346,
    0.0
   ],
   [
    -0.006735724649172853,
    0.13896806396298775,
    0.0
   ],
   [
    0.016831746888704063,
    -0.11020467676370072,
    0.0
   ],
   [
    0.056216397191541895,
    -0.1289509282981239,
    0.0
   ],
   [
    -0.020131570629915607,
    -0.0904505046461873,
    0.0
   ],
   [
    -0.03755496315139946,
    -0.1415017289573825,
    0.0
   ],
   [
    -0.007417793421554922,
    0.015512031790519687,
    0.0
   ],
   [
    0.13430269284831134,
    0.10872676973217957,
    0.0
   ],
   [
    0.1709879916374674,
    -0.06730761775243656,
    0.0
   ],
   [
    0.09459224081553333,
    -0.12534527827743083,
    0.0
   ],
   [
    0.09385483573346276,
    0.0005305137052191156,
    0.0
   ],
   [
    -0.09081612580543871,
    -0.1299909807392979,
    0.0
   ],
   [
    -0.058959237880732235,
    -0.09278840797109876,
    0.0
   ],
   [
    0.03437188577214101,
    0.029522574212273833,
    0.0
   ],
   [
    0.05098165839986746,
    0.1380267745282097,
    0.0
   ],
   [
    0.16568077577272064,
    -0.03854250525022236,
    0.0
   ],
   [
    -0.009449349911885577,
    0.08056789525838443,
    0.0
   ]
  ],
  "positions": [
   [
    -0.10699918642122676,
    1.4395953151071126,
    0.5778998644830851
   ],
   [
    -1.348995588305325,
    -0.1252435845748001,
    0.6487957826544459
   ],
   [
    -0.30180161904838904,
    -1.4543617085493719,
    0.5068387700054252
   ],
   [
    -0.2719042923810264,
    -1.2799910300456085,
    0.5360912211336641
   ],
   [
    0.2857101191951203,
    -1.4642461941786473,
    0.5216215656021663
   ],
   [
    1.341451489074822,
    -0.3579364420382152,
    0.46986122989739676
   ],
   [
    -0.6012120947076122,
    1.2817839339764627,
    0.562399214398271
   ],
   [
    1.258013785119128,
    -0.7551934163726076,
    0.4946383236910581
   ],
   [
    0.4175311323344041,
    1.2571305038175293,
    0.6204667729174731
   ],
   [
    1.3152093632225073,
    0.3786160781815505,
    0.47834985936455543
   ],
   [
    -1.2273364839072847,
    -0.6402120437712395,
    0.6451267860631729
   ],
   [
    -0.6842136773084238,
    -1.3159881517297296,
    0.4819524686347703
   ],
   [
    -1.1827864665807142,
    0.7603515058930443,
    0.6290770711714176
   ],
   [
    0.9055357673765836,
    1.022190323222656,
    0.5285652984136138
   ],
   [
    -0.9583337022951526,
    1.0425176173897877,
    0.4614916627934575
   ],
   [
    -0.10345018589509913,
    -1.4680592981829357,
    0.6395069326132086
   ],
   [
    1.1225516639176463,
    0.854778508658026,
    0.480004246460987
   ],
   [
    -1.2798871944054988,
    -0.3696925760930025,
    0.5657999649414202
   ],
   [
    1.291931747495894,
    -0.6976787637597587,
    0.5806089407448516
   ],
   [
    0.9515248078363717,
    -0.9907949183580524,
    0.5213376494863592
   ],
   [
    -1.30165567079357,
    -0.5530381872166236,
    0.4664088626784205
   ],
   [
    0.3374364061399306,
    -1.3619097959086166,
    0.6063993025586788
   ],
   [
    -0.4436053898240296,
    1.2492273043020865,
    0.5254243350598717
   ],
   [
    -1.4174360402012354,
    0.050571852550747455,
    0.5023217025635935
   ],
   [
    -1.1847887551666096,
    -0.7538100798876063,
    0.6264994148912472
   ]
  ]
 },
 "appearance_assets": {
  "floor_pbr": "Carpet009",
  "background_hdr": "small_empty_house_4k.hdr"
 },
 "environment_strength": 0.532202670506431
}