{
 "objects": [
  {
   "obj_subpath": "dinosaur/dinosaur_071/dinosaur_071.blend",
   "obj_location": [
    -0.043512347019167064,
    -0.03874341103032519
   ],
   "obj_pose": [
    [
     0.12308374797476404,
     -0.8642094384060304,
     0.4878446909862498
    ],
    [
     -0.4542839549164438,
     -0.48611849997948275,
     -0.7465352623890652
    ],
    [
     0.8823131322860718,
     -0.12973365187644958,
     -0.45242977142333984
    ]
   ],
   "obj_scale": 0.6024151562900274,
   "obj_color": {
    "type": "random-multi",
    "color": [
     [
      0.36604078676257534,
      0.8229412008186718,
      0.11604937528610337
     ],
     [
      0.022198600491215803,
      0.6917288779058935,
      0.08304964191259459
     ],
     [
      0.8599393549836457,
      0.06619406664888161,
      0.728648990830343
     ],
     [
      0.8682690676352881,
      0.8736529589071836,
      0.19280693032488594
     ]
    ],
    "randomness": 3.550804866271462,
    "scale": 1.0857026853073297,
    "specular": 0.6838886443187545,
    "roughness": 0.1724958548052185,
    "clever": false
   }
  },
  {
   "obj_subpath": "bunny/bunny_023/bunny_023.blend",
   "obj_location": [
    0.4030267951695845,
    0.3756480000797383
   ],
   "obj_pose": [
    [
     0.7389649969512323,
     -0.6722763144668931,
     0.04444408889060297
    ],
    [
     0.6737433258225923,
     0.7374342421883527,
     -0.047546376808830004
    ],
    [
     -0.0008102888241410255,
     0.06507901847362518,
     0.9978798031806946
    ]
   ],
   "obj_scale": 0.6104914779503219,
   "obj_color": {
    "type": "random-multi",
    "color": [
     [
      0.7712282566669451,
      0.14063091882937284,
      0.7356798589063651
     ],
     [
      0.7569364541489625,
      0.05621585277466945,
      0.5128961383116339
     ],
     [
      0.5957573050937045,
      0.03226112313860663,
      0.10755267139691518
     ]
    ],
    "randomness": 3.1253723205140123,
    "scale": 0.8923805395785241,
    "specular": 0.7356214956330319,
    "roughness": 0.18116330419407417,
    "clever": false
   }
  },
  {
   "obj_subpath": "Bee Hive/Bee Hive/Bee Hive.blend",
   "obj_location": [
    -0.494122856745252,
    0.4690098084228054
   ],
   "obj_pose": [
    [
     -0.9777331567084889,
     -0.20985202947041837,
     0.0
    ],
    [
     0.20985202947041837,
     -0.9777331567084889,
     0.0
    ],
    [
     0.0,
     0.0,
     1.0
    ]
   ],
   "obj_scale": 0.6642074051645686,
   "obj_color": {
    "type": "random-multi",
    "color": [
     [
      0.15170927778268095,
      0.7966154122300122,
      0.2976900807073348
     ],
     [
      0.5413983836260827,
      0.5844819021334718,
      0.05529032025250935
     ],
     [
      0.15732474374522099,
      0.5889773940543771,
      0.7591227714768845
     ],
     [
      0.522267433855226,
      0.022924343258563074,
      0.7585344705578659
     ]
    ],
    "randomness": 1.6575607182619956,
    "scale": 1.393989181586252,
    "specular": 0.6108390323765002,
    "roughness": 0.25678268420271744,
    "clever": false
   }
  }
 ],
 "camera": {
  "track_to_point": [
   [
    -0.1265176797795983,
    0.25892435035960604,
    0.0
   ],
   [
    0.10344119172926083,
    0.4113526661154353,
    0.0
   ],
   [
    0.07873761438088869,
    0.21289555252439285,
    0.0
   ],
   [
    0.056910517001452804,
    0.20032702679001518,
    0.0
   ],
   [
    0.020444043405305534,
    0.40578378268763293,
    0.0
   ],
   [
    -0.014648902030217348,
    0.29503967962579714,
    0.0
   ],
   [
    0.07647857496670005,
    0.3919104349718052,
    0.0
   ],
   [
    0.048057055266750554,
    0.41311734224001717,
    0.0
   ],
   [
    -0.18279434447253978,
    0.360907438077702,
    0.0
   ],
   [
    0.02420085025086713,
    0.2453411878421829,
    0.0
   ],
   [
    -0.06347590200498943,
    0.26011150946487016,
    0.0
   ],
   [
    -0.11780083317860235,
    0.216973410936177,
    0.0
   ],
   [
    0.05220062970409611,
    0.36467081913006394,
    0.0
   ],
   [
    -0.021518952488611187,
    0.3036060338475658,
    0.0
   ],
   [
    -0.008138424220015456,
    0.2532744394188885,
    0.0
   ],
   [
    0.03711995623399714,
    0.21100527929360013,
    0.0
   ],
   [
    0.06773774902932214,
    0.1672440347402817,
    0.0
   ],
   [
    0.07096021643440872,
    0.3141372255150361,
    0.0
   ],
   [
    -0.1496615548682107,
    0.19820333492599404,
    0.0
   ],
   [
    0.026447760984001895,
    0.3479823508275147,
    0.0
   ],
   [
    -0.015136204661710367,
    0.2799206184797731,
    0.0
   ],
   [
    0.03377663379882251,
    0.4028764527867946,
    0.0
   ],
   [
    -0.021004375073385373,
    0.4069631000363457,
    0.0
   ],
   [
    0.06416292245743979,
    0.3276479195520307,
    0.0
   ],
   [
    -0.12624550442574972,
    0.13530552267745766,
    0.0
   ]
  ],
  "positions": [
   [
    -0.4559538863452691,
    1.2315952332224303,
    0.49545001545798023
   ],
   [
    -0.7527075106355428,
    -1.0832270014303615,
    0.4520646964760087
   ],
   [
    -0.8592440430014434,
    1.0449607184067418,
    0.6474550075364389
   ],
   [
    0.18186270419917366,
    1.2945238049882386,
    0.48875276094934766
   ],
   [
    -0.7232027706901667,
    1.1041519678428817,
    0.4577870233162476
   ],
   [
    0.5545937676757844,
    -1.328790960889396,
    0.520696925870517
   ],
   [
    -0.08912693308506589,
    1.4501004875407786,
    0.629782325137646
   ],
   [
    -0.10542627626817899,
    1.4462894407750437,
    0.5940207347916513
   ],
   [
    0.8986923098434099,
    0.9757303106760272,
    0.5162793860498451
   ],
   [
    -1.2525038859181277,
    -0.36680782891008984,
    0.4841539547806825
   ],
   [
    -0.6579315956614136,
    -1.2670407773747638,
    0.4695172601789844
   ],
   [
    -0.8964330533295024,
    0.95019841358588,
    0.5593443929746524
   ],
   [
    -1.2903666267566472,
    -0.5894064484329162,
    0.6497334511410136
   ],
   [
    -1.371609622624041,
    -0.15782872511703228,
    0.6443723603213258
   ],
   [
    0.22000035784693833,
    -1.4138135247067516,
    0.4695774855603486
   ],
   [
    -0.8900580356411927,
    0.9686474804016204,
    0.5942117568908352
   ],
   [
    1.1494151095647154,
    -0.9147003467921866,
    0.48827929820490495
   ],
   [
    -0.7710284935928668,
    -1.1544506372863883,
    0.4521897781755115
   ],
   [
    -1.2919979747669257,
    0.33334063714387313,
    0.5246753458824748
   ],
   [
    -1.3072416552304673,
    0.02635330865498333,
    0.46378207653179915
   ],
   [
    -1.3388555223817713,
    0.2507019600296153,
    0.5298286952582648
   ],
   [
    -0.9909834167888357,
    -1.0514770282018588,
    0.6407847547874685
   ],
   [
    -0.766967418555125,
    -1.2490666902680123,
    0.5073916899391681
   ],
   [
    0.9933219267002433,
    1.0013415545522641,
    0.5131073526152549
   ],
   [
    -0.847086586818069,
    1.0081071024961645,
    0.5054450843026919
   ]
  ]
 },
 "appearance_assets": {
  "floor_pbr": "Carpet008",
  "background_hdr": "music_hall_02_4k.hdr"
 },
 "environment_strength": 0.7402772987315114
}