{
 "objects": [
  {
   "obj_subpath": "bottle/bottle_104/bottle_104.blend",
   "obj_location": [
    0.38831650253184735,
    0.0843996462561657
   ],
   "obj_pose": [
    [
     0.15306349560142826,
     -0.02318332249312647,
     0.9879443941042517
    ],
    [
     -0.9768291684269149,
     0.1477798411890778,
     0.1548092375204753
    ],
    [
     -0.1495872586965561,
     -0.9887485504150391,
     -2.6445653929840773e-05
    ]
   ],
   "obj_scale": 0.6942303045493928,
   "obj_color": {
    "type": "random-multi",
    "color": [
     [
      0.643043000822454,
      0.7182266443120596,
      0.06121880586506456
     ],
     [
      0.46909001216872925,
      0.7326930552813351,
      0.012349639626961895
     ],
     [
      0.7397488294839735,
      0.2784787757800175,
      0.04719391839756304
     ],
     [
      0.7500519588414845,
      0.6309895657985782,
      0.007978938439613725
     ]
    ],
    "randomness": 0.12121100613109947,
    "scale": 0.6046561255560926,
    "specular": 0.7922944069576171,
    "roughness": 0.12069283021723376,
    "clever": false
   }
  },
  {
   "obj_subpath": "trashcan/trashcan_042/trashcan_042.blend",
   "obj_location": [
    -0.2955582266534095,
    0.2896297214894654
   ],
   "obj_pose": [
    [
     -0.9652175936322951,
     0.26144792488582774,
     6.037960558885225e-05
    ],
    [
     -0.2614479589432035,
     -0.9652175165250807,
     -0.00023140506934736483
    ],
    [
     -2.2209237613424193e-06,
     -0.000239142362261191,
     1.0
    ]
   ],
   "obj_scale": 0.6859920746637711,
   "obj_color": {
    "type": "random-mono",
    "color": [
     [
      0.56477268186414,
      0.3827876745981378,
      0.5920820094917303
     ],
     [
      0.6400390099675359,
      0.4155267948723238,
      0.6737301240353517
     ],
     [
      0.2122560102474353,
      0.1199838340305534,
      0.22610270635210022
     ],
     [
      0.9808807968773242,
      0.9561543978835938,
      0.9845913296366702
     ]
    ],
    "randomness": 0.9154589261810121,
    "scale": 2.3185779795518195,
    "specular": 0.7563992899796965,
    "roughness": 0.12526358331794152,
    "clever": true
   }
  },
  {
   "obj_subpath": "Vase Angular/Vase Angular/Vase Angular.blend",
   "obj_location": [
    -0.42940551563800267,
    -0.435349940999763
   ],
   "obj_pose": [
    [
     0.8746294914043217,
     0.48479196854508383,
     0.0
    ],
    [
     -0.48479196854508383,
     0.8746294914043217,
     0.0
    ],
    [
     0.0,
     0.0,
     1.0
    ]
   ],
   "obj_scale": 0.6247021834959783,
   "obj_color": {
    "type": "random-multi",
    "color": [
     [
      0.7486898251385165,
      0.09257792653647046,
      0.41622150508539896
     ],
     [
      0.6079012082953559,
      0.07165581278035393,
      0.4173929441394617
     ],
     [
      0.7904859366867524,
      0.14790935699572882,
      0.8615763962765532
     ]
    ],
    "randomness": 0.03311994418954578,
    "scale": 1.0944450212114254,
    "specular": 0.6141501183591354,
    "roughness": 0.10943277684884707,
    "clever": true
   }
  }
 ],
 "camera": {
  "track_to_point": [
   [
    -0.13454674521157367,
    -0.1512482169472661,
    0.0
   ],
   [
    -0.02440328842608748,
    -0.13368091284665215,
    0.0
   ],
   [
    -0.1454543254650647,
    -0.0314844248084486,
    0.0
   ],
   [
    -0.18137990051961364,
    -0.020778103074833215,
    0.0
   ],
   [
    -0.05442862879062636,
    -0.018250548932787408,
    0.0
   ],
   [
    -0.020281971709418298,
    0.030488184103743154,
    0.0
   ],
   [
    -0.25082408244111365,
    -0.018948849231186254,
    0.0
   ],
   [
    -0.23032766633535506,
    -0.046728651829320816,
    0.0
   ],
   [
    -0.25025605189928884,
    -0.1272377975295605,
    0.0
   ],
   [
    -0.0225652802506688,
    0.060092336505306154,
    0.0
   ],
   [
    0.0006420079487926417,
    0.07927139742502651,
    0.0
   ],
   [
    -0.09350294234180338,
    0.07014931549898051,
    0.0
   ],
   [
    -0.0773056848915714,
    -0.14712655053921933,
    0.0
   ],
   [
    0.012845746838716629,
    0.0009514844358698427,
    0.0
   ],
   [
    -0.0978172800991114,
    0.008208873680087048,
    0.0
   ],
   [
    -0.16135504279730006,
    0.06529960746040342,
    0.0
   ],
   [
    -0.25585524872349796,
    0.08416537411764966,
    0.0
   ],
   [
    -0.24864538934473718,
    0.06372969354162536,
    0.0
   ],
   [
    -0.08113942474155657,
    0.050854505569246394,
    0.0
   ],
   [
    -0.018866001188928352,
    -0.0900740896458779,
    0.0
   ],
   [
    -0.22964711966715298,
    0.03774259586655804,
    0.0
   ],
   [
    -0.024091632923497627,
    -0.10742509726816943,
    0.0
   ],
   [
    -0.1107553709430023,
    -0.051750308697946126,
    0.0
   ],
   [
    -0.21046089197851453,
    0.07961395249626149,
    0.0
   ],
   [
    -0.21142877174971128,
    0.04083791242870169,
    0.0
   ]
  ],
  "positions": [
   [
    -1.0807166222500233,
    1.0151393304680423,
    0.47225364647296203
   ],
   [
    1.358448923309096,
    0.031978058740872575,
    0.5860626991191122
   ],
   [
    1.0442625707209579,
    -0.7893614938127566,
    0.5051282344881071
   ],
   [
    -0.919669632598502,
    0.9603092595337483,
    0.5246027905468684
   ],
   [
    1.2753601816208207,
    0.6296297071233969,
    0.5560154859984693
   ],
   [
    -0.26499322556992033,
    -1.4337505747736081,
    0.6207536544773358
   ],
   [
    -0.18635940528879552,
    1.4461716755585219,
    0.5206249061372442
   ],
   [
    -1.1712459258458996,
    -0.7969882600335586,
    0.464357392123483
   ],
   [
    1.323063105640495,
    -0.5172789551586053,
    0.6403948297903166
   ],
   [
    0.8854041288978324,
    1.1725598266578534,
    0.5857319160836633
   ],
   [
    1.2545828111491713,
    0.6342739262256223,
    0.555549360256782
   ],
   [
    1.4924688888104085,
    0.10967059828904721,
    0.4665750377515741
   ],
   [
    0.022246896971995927,
    1.458525200684045,
    0.5491540185181033
   ],
   [
    -1.078982130661435,
    -1.0191852437886475,
    0.4794686240316424
   ],
   [
    -1.4128491396994096,
    -0.3560430789438694,
    0.45089377002635994
   ],
   [
    -1.287119465555407,
    0.37946254072455615,
    0.6113285479031337
   ],
   [
    -0.6257307741649047,
    -1.344448191889833,
    0.5968735372198776
   ],
   [
    0.33527867187571636,
    1.3684643705864314,
    0.5712379398328356
   ],
   [
    -1.0148672949082258,
    -0.8761483556054083,
    0.5631797193989063
   ],
   [
    -0.8946979211468253,
    1.0693240593552673,
    0.5682885438153791
   ],
   [
    0.845189781107832,
    -1.1471650860256368,
    0.4904793498385084
   ],
   [
    -1.2311941931810988,
    -0.731465780993115,
    0.6070853188745375
   ],
   [
    -0.5805822300382483,
    -1.215279276919711,
    0.5524051399212155
   ],
   [
    -1.4358135475660103,
    -0.010616784835606857,
    0.5928168948398689
   ],
   [
    1.2137126967473457,
    -0.7725332646602913,
    0.6053596612543423
   ]
  ]
 },
 "appearance_assets": {
  "floor_pbr": "Fabric028",
  "background_hdr": "lebombo_4k.hdr"
 },
 "environment_strength": 0.7566671287062292
}