{
 "objects": [
  {
   "obj_subpath": "airplane/airplane_018/airplane_018.blend",
   "obj_location": [
    -0.17815607605032513,
    0.2152182042456865
   ],
   "obj_pose": [
    [
     -0.9850131621434906,
     -0.17196167286343444,
     0.013353209619054287
    ],
    [
     0.1668981905430944,
     -0.9698140179228083,
     -0.17778009709353815
    ],
    [
     0.043521493673324585,
     -0.17288710176944733,
     0.9839796423912048
    ]
   ],
   "obj_scale": 0.6053569669301886,
   "obj_color": {
    "type": "random-mono",
    "color": [
     [
      0.3090334033601255,
      0.6156030770414574,
      0.6382030407889571
     ],
     [
      0.8468799068546065,
      0.9208323311588389,
      0.9262840188233292
     ],
     [
      0.26418249276271155,
      0.506083407867155,
      0.5239160651101219
     ]
    ],
    "randomness": 0.051258643821611716,
    "scale": 4.616329388895085,
    "specular": 0.6892913119700911,
    "roughness": 0.20296939883103754,
    "clever": false
   }
  },
  {
   "obj_subpath": "fan/fan_026/fan_026.blend",
   "obj_location": [
    0.26183078485231137,
    -0.45451381838402194
   ],
   "obj_pose": [
    [
     -0.9990978165910537,
     0.04246869481479843,
     3.035916636641281e-06
    ],
    [
     -0.042468694814798445,
     -0.9990978165910538,
     1.0563749429431627e-05
    ],
    [
     3.481806061245152e-06,
     1.0425287655380089e-05,
     1.0
    ]
   ],
   "obj_scale": 0.6128247919319629,
   "obj_color": {
    "type": "random-mono",
    "color": [
     [
      0.6180193398379491,
      0.7246168557120508,
      0.5591364585796524
     ],
     [
      0.352462776176499,
      0.5100115424811675,
      0.2654351824972472
     ]
    ],
    "randomness": 0.4200996020237052,
    "scale": 2.6699639458152653,
    "specular": 0.7311461168425231,
    "roughness": 0.27458475679531946,
    "clever": true
   }
  },
  {
   "obj_subpath": "Geo Instance Crystal Cube/Geo Instance Crystal Cube/Geo Instance Crystal Cube.blend",
   "obj_location": [
    0.4319981971290242,
    0.48116811594604625
   ],
   "obj_pose": [
    [
     -0.909849366127985,
     0.41493870746955397,
     0.0
    ],
    [
     -0.41493870746955397,
     -0.909849366127985,
     0.0
    ],
    [
     0.0,
     0.0,
     1.0
    ]
   ],
   "obj_scale": 0.6051386039732551,
   "obj_color": {
    "type": "random-multi",
    "color": [
     [
      0.5339729580181878,
      0.6521397077787494,
      0.029381004456121795
     ],
     [
      0.08700814267695456,
      0.49593147061075216,
      0.8612218759052338
     ]
    ],
    "randomness": 1.5933174876914684,
    "scale": 1.4194409950402234,
    "specular": 0.6517584706633125,
    "roughness": 0.26428586691334555,
    "clever": true
   }
  }
 ],
 "camera": {
  "track_to_point": [
   [
    0.12842638095115755,
    -0.03720592467510672,
    0.0
   ],
   [
    0.285626739942461,
    0.10035954587170892,
    0.0
   ],
   [
    0.19888376928922125,
    0.06066716428582844,
    0.0
   ],
   [
    0.10769945743597262,
    0.13296412584981573,
    0.0
   ],
   [
    0.3212369027100176,
    0.0380958522859786,
    0.0
   ],
   [
    0.024029591775675346,
    0.17629249211861503,
    0.0
   ],
   [
    0.10410715210807407,
    0.15981704700342533,
    0.0
   ],
   [
    0.09246472131417285,
    0.05824210061241239,
    0.0
   ],
   [
    0.19997754370935555,
    0.22198178932342458,
    0.0
   ],
   [
    0.29278324191477856,
    0.0728676869999837,
    0.0
   ],
   [
    0.14309729315273031,
    -0.052223569179690066,
    0.0
   ],
   [
    0.040733044425284165,
    0.0885131995441184,
    0.0
   ],
   [
    0.045724823128264064,
    0.20323246352704097,
    0.0
   ],
   [
    0.21079777566956626,
    0.04994936193714644,
    0.0
   ],
   [
    0.29697868821663564,
    0.1285093979201021,
    0.0
   ],
   [
    0.05255864304076213,
    0.09871170708888341,
    0.0
   ],
   [
    0.1427894823460644,
    0.11876494475801841,
    0.0
   ],
   [
    0.1191354073974102,
    0.20207009230643083,
    0.0
   ],
   [
    0.28539303196581645,
    0.1326168241150292,
    0.0
   ],
   [
    0.11150369801550895,
    0.08470320011580545,
    0.0
   ],
   [
    0.15449116149308614,
    0.12773659629968928,
    0.0
   ],
   [
    0.026321464799502148,
    0.1350160080825099,
    0.0
   ],
   [
    0.2284891181356573,
    0.06997920886475789,
    0.0
   ],
   [
    0.26277895535991136,
    0.1705118057176465,
    0.0
   ],
   [
    0.26503026765827875,
    0.03853125939747183,
    0.0
   ]
  ],
  "positions": [
   [
    -1.0741617067588312,
    -0.9921622471738792,
    0.5634507498658331
   ],
   [
    1.249794273045496,
    0.7005460151512692,
    0.6104474357025014
   ],
   [
    1.469294201244821,
    -0.16120419735423153,
    0.6103076376414568
   ],
   [
    1.187673994362971,
    -0.8212124202561786,
    0.6386375065957612
   ],
   [
    0.16201383910408454,
    1.353777045094241,
    0.5646871420917787
   ],
   [
    1.3243701546052358,
    -0.252000256296538,
    0.6393974490705062
   ],
   [
    -0.17120815495567937,
    -1.4321275891872658,
    0.617555388670713
   ],
   [
    -1.3457658172747897,
    0.2997906002212317,
    0.5533880776366197
   ],
   [
    0.5415000669237366,
    -1.282677530321389,
    0.6122822498541165
   ],
   [
    -0.7166800545809462,
    1.1520279571601173,
    0.5113945585533672
   ],
   [
    -0.997766095485747,
    -0.9840930756338762,
    0.5903304456675755
   ],
   [
    0.36910302376996573,
    -1.2478677159909948,
    0.6069939651647429
   ],
   [
    -1.0126407450274533,
    0.8769151448456649,
    0.5429063517242099
   ],
   [
    -0.9374600874245145,
    -1.0826551980680978,
    0.552764056813103
   ],
   [
    0.9470152629178378,
    -1.1369796364984248,
    0.5287734225328888
   ],
   [
    1.2644040081805712,
    0.48073183607635167,
    0.4559663904847282
   ],
   [
    -1.0503473374727121,
    -0.9014828393416308,
    0.4635287458495947
   ],
   [
    0.891819693585108,
    -1.0461208868237635,
    0.6085601701258683
   ],
   [
    1.0312440563346483,
    -0.9763296834751466,
    0.572199377500351
   ],
   [
    -0.027745034477827116,
    1.3835226177686069,
    0.5244168024859803
   ],
   [
    1.0186293815245215,
    1.0539697315097662,
    0.6016573237443776
   ],
   [
    1.3180477346183572,
    -0.6065017801076014,
    0.5956710623274641
   ],
   [
    1.0678833099490195,
    1.0440151464927123,
    0.47666454334239766
   ],
   [
    -1.3272143703983816,
    -0.5122244725081975,
    0.5786762149728052
   ],
   [
    -0.7987045736211927,
    1.0583066067073092,
    0.5155448842823395
   ]
  ]
 },
 "appearance_assets": {
  "floor_pbr": "Carpet006",
  "background_hdr": "colorful_studio_4k.hdr"
 },
 "environment_strength": 0.6563357715909665
}