{
 "objects": [
  {
   "obj_subpath": "butterfly/butterfly_008/butterfly_008.blend",
   "obj_location": [
    -0.10078888126826868,
    0.4725939161402415
   ],
   "obj_pose": [
    [
     0.6151693204690247,
     0.07162532964006593,
     0.7851347436423921
    ],
    [
     -0.7883565760679736,
     0.04604943467429111,
     0.613492755897354
    ],
    [
     0.007786610629409552,
     -0.9963680505752563,
     0.08479449898004532
    ]
   ],
   "obj_scale": 0.6300716578503596,
   "obj_color": {
    "type": "random-multi",
    "color": [
     [
      0.7247372513865885,
      0.08710266578203274,
      0.6934244309316294
     ],
     [
      0.2743701877380869,
      0.03577261967466383,
      0.9539007562741185
     ]
    ],
    "randomness": 2.234824577672259,
    "scale": 1.376530839849368,
    "specular": 0.7475473779117079,
    "roughness": 0.17747506815395983,
    "clever": false
   }
  },
  {
   "obj_subpath": "key/key_038/key_038.blend",
   "obj_location": [
    0.10398599020059562,
    -0.4469809166654809
   ],
   "obj_pose": [
    [
     -0.03768065563423886,
     -0.2242337600074349,
     -0.9738066650998993
    ],
    [
     0.12158137238579836,
     0.9662302985149797,
     -0.22719371327586993
    ],
    [
     0.9918659925460815,
     -0.12695756554603577,
     -0.009145542979240417
    ]
   ],
   "obj_scale": 0.6132591641052547,
   "obj_color": {
    "type": "random-multi",
    "color": [
     [
      0.05153722137920469,
      0.7211300604099272,
      0.4757428909438176
     ],
     [
      0.2880802120003434,
      0.1102565128989651,
      0.8244646927976959
     ],
     [
      0.1321855967600315,
      0.7999875392515018,
      0.6801281721161498
     ],
     [
      0.7053098919611593,
      0.5220042391336414,
      0.1731731353078747
     ]
    ],
    "randomness": 3.9261850780189116,
    "scale": 1.0854592621011248,
    "specular": 0.8731309898344053,
    "roughness": 0.10947953656972649,
    "clever": false
   }
  },
  {
   "obj_subpath": "Cylinder Crinkle/Cylinder Crinkle/Cylinder Crinkle.blend",
   "obj_location": [
    -0.4800511375662858,
    -0.16431030288346649
   ],
   "obj_pose": [
    [
     0.963627949966285,
     0.267247402314363,
     0.0
    ],
    [
     -0.267247402314363,
     0.963627949966285,
     0.0
    ],
    [
     0.0,
     0.0,
     1.0
    ]
   ],
   "obj_scale": 0.6270848320859402,
   "obj_color": {
    "type": "random-multi",
    "color": [
     [
      0.9381600670596286,
      0.11594128840604223,
      0.4388013452365519
     ],
     [
      0.8110542128879172,
      0.5367557250148491,
      0.17295098989350577
     ],
     [
      0.04313719783774894,
      0.5699134881988385,
      0.10082129789481936
     ],
     [
      0.015604277942132372,
      0.6408559327942509,
      0.6607052099364155
     ]
    ],
    "randomness": 4.082178060732141,
    "scale": 0.7498956507493851,
    "specular": 0.6454174202676848,
    "roughness": 0.1922311662326713,
    "clever": false
   }
  }
 ],
 "camera": {
  "track_to_point": [
   [
    -0.28503742958686507,
    -0.004052122635751033,
    0.0
   ],
   [
    -0.11744792283879962,
    -0.01060464468175696,
    0.0
   ],
   [
    -0.06593158021114545,
    -0.08933437589151727,
    0.0
   ],
   [
    -0.17058241644044675,
    0.0328488011378008,
    0.0
   ],
   [
    -0.17969493834420752,
    0.010160625535265054,
    0.0
   ],
   [
    -0.10022379793006789,
    -0.1772963641334204,
    0.0
   ],
   [
    -0.019549377559850006,
    -0.15585354059017464,
    0.0
   ],
   [
    -0.10498865256809103,
    -0.16879977227409282,
    0.0
   ],
   [
    -0.09047939679582345,
    0.01259718957198288,
    0.0
   ],
   [
    -0.1998920099352126,
    0.007173659620301552,
    0.0
   ],
   [
    -0.155360281439623,
    -0.15423547420407438,
    0.0
   ],
   [
    -0.0333504147260231,
    -0.1022470918390983,
    0.0
   ],
   [
    -0.3003603924243082,
    -0.043919206453549,
    0.0
   ],
   [
    -0.16532811241983136,
    0.06129738411447105,
    0.0
   ],
   [
    -0.22792741984491216,
    -0.0673818822920712,
    0.0
   ],
   [
    -0.028293794255384558,
    0.05306598870390238,
    0.0
   ],
   [
    -0.17465758628218808,
    0.0942628217068916,
    0.0
   ],
   [
    -0.09077550469723616,
    -0.02503789881375971,
    0.0
   ],
   [
    -0.06821790673105424,
    -0.18266539159859813,
    0.0
   ],
   [
    -0.0821116248254827,
    -0.12279304596443932,
    0.0
   ],
   [
    -0.18946583895889013,
    -0.0030965673819898024,
    0.0
   ],
   [
    -0.2533327698068134,
    0.02426747176714602,
    0.0
   ],
   [
    -0.30701531857014125,
    -0.09796599942793993,
    0.0
   ],
   [
    -0.0754915851105451,
    -0.017403578020508716,
    0.0
   ],
   [
    -0.1515305725946497,
    -0.11401387653203604,
    0.0
   ]
  ],
  "positions": [
   [
    1.4309294423774916,
    0.09701508290962481,
    0.45395055689101704
   ],
   [
    -0.04085279745073792,
    -1.4820861275537054,
    0.5563880499863746
   ],
   [
    -1.1809591380294395,
    0.595600694434849,
    0.5146245269683444
   ],
   [
    -1.196797480597932,
    -0.8473940082195,
    0.478189198683095
   ],
   [
    1.3546227617783129,
    0.3534996407232886,
    0.4830882037974182
   ],
   [
    -1.2937298323225372,
    -0.3599848862135526,
    0.5473308115237396
   ],
   [
    -1.3421580053247972,
    -0.11688716377948011,
    0.4929715951862383
   ],
   [
    -1.0438201169692929,
    0.7903382445222707,
    0.5584537486196313
   ],
   [
    0.1597076009061391,
    -1.3529285641865663,
    0.5830192883304113
   ],
   [
    1.138295682639052,
    0.6468205372728448,
    0.6138872811773523
   ],
   [
    -0.7361384199689982,
    -1.2633997557707284,
    0.588180312483803
   ],
   [
    1.1346629232085093,
    -0.6526105728383974,
    0.463318184357494
   ],
   [
    1.092343697669573,
    0.8771466666362245,
    0.46524966658151695
   ],
   [
    1.4533906677319226,
    -0.14540797848722778,
    0.6475967220306673
   ],
   [
    -0.2222645413357599,
    -1.3445113659975785,
    0.5976552096138186
   ],
   [
    0.9259985479161881,
    1.1248251256889905,
    0.49402759283730446
   ],
   [
    -1.2185478142572708,
    -0.8527634675668839,
    0.5606728720894488
   ],
   [
    -0.8591549286871123,
    1.2170205696441372,
    0.5835846115016843
   ],
   [
    -1.1524356662434059,
    0.7650824068426997,
    0.6436995505665084
   ],
   [
    -0.6816892389990071,
    1.2340807939175336,
    0.5924759371608087
   ],
   [
    0.4943887988670844,
    1.313452191693969,
    0.5638701854524903
   ],
   [
    1.3613244829921127,
    -0.012505850696846498,
    0.5177329402424241
   ],
   [
    -0.8613025005353854,
    -0.9951505611830048,
    0.4684916431167807
   ],
   [
    1.2570888863794678,
    0.38606278349690204,
    0.5949008922690106
   ],
   [
    0.025194520937081966,
    1.37580946477195,
    0.619699011487453
   ]
  ]
 },
 "appearance_assets": {
  "floor_pbr": "Carpet005",
  "background_hdr": "balcony_4k.hdr"
 },
 "environment_strength": 0.5154158934203448
}