{
 "objects": [
  {
   "obj_subpath": "mug/mug_011/mug_011.blend",
   "obj_location": [
    -0.004614490128345028,
    0.15396941328412939
   ],
   "obj_pose": [
    [
     0.9999898794362976,
     -0.004495219797460696,
     0.00012288734379267867
    ],
    [
     0.004495219797460701,
     0.9999898794362975,
     -1.2290985902604535e-05
    ],
    [
     -0.00012283085379749537,
     1.2843268450524192e-05,
     1.0
    ]
   ],
   "obj_scale": 0.6501778194186937,
   "obj_color": {
    "type": "random-multi",
    "color": [
     [
      0.1439705634904278,
      0.7288797448079207,
      0.465960527891367
     ],
     [
      0.9529902596486286,
      0.7705875443475231,
      0.039629432901315376
     ],
     [
      0.13421948737393163,
      0.6756546631038246,
      0.5985221083377832
     ],
     [
      0.18565956995959976,
      0.521189370093176,
      0.8237797045908142
     ]
    ],
    "randomness": 4.24792821169566,
    "scale": 1.1948975613035007,
    "specular": 0.8505650170524774,
    "roughness": 0.2753179961435094,
    "clever": true
   }
  },
  {
   "obj_subpath": "dog/dog_066/dog_066.blend",
   "obj_location": [
    0.39575447046889345,
    -0.2929279781325884
   ],
   "obj_pose": [
    [
     -0.06595997227736183,
     -0.40094674447603673,
     -0.91372371434542
    ],
    [
     0.022008182296490597,
     -0.9160797038770614,
     0.4003918449429727
    ],
    [
     -0.9975795149803162,
     0.006300435867160559,
     0.06924869865179062
    ]
   ],
   "obj_scale": 0.6491101581623052,
   "obj_color": {
    "type": "random-mono",
    "color": [
     [
      0.6928026720017378,
      0.3633343739041649,
      0.2964871191825226
     ],
     [
      0.5604432869906424,
      0.23618483173442528,
      0.1703946246664929
     ],
     [
      0.8660398495975048,
      0.7677976396969968,
      0.747864850813948
     ]
    ],
    "randomness": 0.34007508744212467,
    "scale": 4.510210754947096,
    "specular": 0.7323740334198755,
    "roughness": 0.1433231518313267,
    "clever": false
   }
  },
  {
   "obj_subpath": "Ico Pointy II/Ico Pointy II/Ico Pointy II.blend",
   "obj_location": [
    -0.4815578061743935,
    -0.28000306403610975
   ],
   "obj_pose": [
    [
     0.2169939517439274,
     0.9761729482558683,
     0.0
    ],
    [
     -0.9761729482558683,
     0.2169939517439274,
     0.0
    ],
    [
     0.0,
     0.0,
     1.0
    ]
   ],
   "obj_scale": 0.6539781754497663,
   "obj_color": {
    "type": "random-multi",
    "color": [
     [
      0.9244330067437685,
      0.057116249561782295,
      0.9458326976575462
     ],
     [
      0.7799137164400706,
      0.4534099008024761,
      0.07310902595886792
     ],
     [
      0.13316830584857253,
      0.3159498147122659,
      0.5658313625599646
     ]
    ],
    "randomness": 0.33375409735947104,
    "scale": 0.6472337508561352,
    "specular": 0.6308544181764781,
    "roughness": 0.12025443454998473,
    "clever": false
   }
  }
 ],
 "camera": {
  "track_to_point": [
   [
    0.032308609640022384,
    -0.24770651238489572,
    0.0
   ],
   [
    -0.14316065958264357,
    -0.015614051068761653,
    0.0
   ],
   [
    -0.16438374620117516,
    -0.1301685458727445,
    0.0
   ],
   [
    -0.1065708956917625,
    -0.2820739681359984,
    0.0
   ],
   [
    0.09190540058830796,
    -0.1234480806438577,
    0.0
   ],
   [
    -0.0075964534671269235,
    -0.005840627435592244,
    0.0
   ],
   [
    -0.15864248254393865,
    -0.1937965005560711,
    0.0
   ],
   [
    0.021700851045580838,
    -0.022541906913538273,
    0.0
   ],
   [
    -0.1167027845109936,
    -0.0758159888332193,
    0.0
   ],
   [
    0.11946437742963836,
    -0.14230219956292614,
    0.0
   ],
   [
    0.060229148299579066,
    -0.12701662588230483,
    0.0
   ],
   [
    -0.053812952139934644,
    -0.15184283134109852,
    0.0
   ],
   [
    -0.06052729903868197,
    -0.20050224272387193,
    0.0
   ],
   [
    0.03585765857564574,
    0.004733328556710242,
    0.0
   ],
   [
    -0.10886174324001355,
    -0.17585228946687173,
    0.0
   ],
   [
    -0.07612596638576556,
    -0.270393540438664,
    0.0
   ],
   [
    0.09396902956577227,
    -0.23686549700209703,
    0.0
   ],
   [
    0.10225297925230017,
    -0.2615517493505161,
    0.0
   ],
   [
    -0.07733866920479905,
    -0.19555399370047039,
    0.0
   ],
   [
    -0.17582400470791465,
    -0.2883764098512537,
    0.0
   ],
   [
    -0.10417248400448786,
    -0.1881998001032355,
    0.0
   ],
   [
    -0.1408216685949833,
    -0.2823077997810579,
    0.0
   ],
   [
    0.006116382898112005,
    -0.005344025949690218,
    0.0
   ],
   [
    -0.12892942786583117,
    -0.20563839361231873,
    0.0
   ],
   [
    0.025741800803390336,
    -0.20006379430404908,
    0.0
   ]
  ],
  "positions": [
   [
    -0.6989089228907804,
    1.3111480392152357,
    0.5384626860675034
   ],
   [
    0.6403350487728742,
    1.317436065151266,
    0.577849509337007
   ],
   [
    0.14985407725807556,
    -1.428949558821906,
    0.5020152144058729
   ],
   [
    -1.1131720186558356,
    0.7967523515488741,
    0.47437660509709084
   ],
   [
    0.07618290947595738,
    -1.4477855288763914,
    0.4983028751808516
   ],
   [
    -1.2469506321110586,
    0.564069085409329,
    0.5774952789633925
   ],
   [
    1.3802263671084152,
    0.3184129171754922,
    0.5666221288181255
   ],
   [
    0.18918268042568542,
    1.4752789743527122,
    0.5017167235108131
   ],
   [
    -1.11694707851594,
    0.9793668337025894,
    0.6395686208385475
   ],
   [
    -1.0936330429642074,
    0.7967733945872827,
    0.516544767795368
   ],
   [
    -1.3322838844323182,
    -0.14266513382133042,
    0.6036853178685717
   ],
   [
    1.481741355920023,
    0.05919659647467247,
    0.6049180025678212
   ],
   [
    -0.35397292683456266,
    -1.3664261221855296,
    0.593742800720792
   ],
   [
    -1.3700252655864904,
    -0.49924311810461075,
    0.46991888672574794
   ],
   [
    1.1149438927809667,
    -0.9849358056900634,
    0.6466397122387424
   ],
   [
    -0.6936286299735076,
    1.1537732680110089,
    0.5763659761255563
   ],
   [
    1.3425780778556928,
    -0.5542437194781229,
    0.49176510204759954
   ],
   [
    1.1729764672935763,
    0.7984869690107664,
    0.5544697863843815
   ],
   [
    0.8853741772324053,
    1.0644679279659064,
    0.46604251296525495
   ],
   [
    -0.9462446259447949,
    -1.0203433638299946,
    0.49715072927032444
   ],
   [
    1.3126886722065576,
    -0.641994434794393,
    0.5215372440494488
   ],
   [
    1.0642845441551019,
    -0.9422576981039136,
    0.6095140944018382
   ],
   [
    0.810666228646075,
    1.1602541663794488,
    0.4979303993351536
   ],
   [
    0.990556662600045,
    -1.0989276617385717,
    0.4557996620775688
   ],
   [
    1.2576953351511202,
    -0.6412597438815062,
    0.6447568800202328
   ]
  ]
 },
 "appearance_assets": {
  "floor_pbr": "Planks011",
  "background_hdr": "photo_studio_01_4k.hdr"
 },
 "environment_strength": 0.5470466404813037
}