{
 "objects": [
  {
   "obj_subpath": "snake/snake_029/snake_029.blend",
   "obj_location": [
    0.3336689507721209,
    0.1529494829625363
   ],
   "obj_pose": [
    [
     0.5066947147313154,
     -0.8620861815037762,
     -0.0082409689663438
    ],
    [
     0.8621229740240921,
     0.5066934347491807,
     0.0023982618377792605
    ],
    [
     0.002108136424794793,
     -0.008319915272295475,
     0.9999631643295288
    ]
   ],
   "obj_scale": 0.6633526519779719,
   "obj_color": {
    "type": "random-mono",
    "color": [
     [
      0.040129900572095034,
      0.016240888794750157,
      0.053825139071814194
     ],
     [
      0.8665468680287085,
      0.7809650157406907,
      0.9156097547339537
     ],
     [
      0.6562356634810335,
      0.4118090687125364,
      0.7963620338067978
     ]
    ],
    "randomness": 0.34328402036014816,
    "scale": 2.882450300892982,
    "specular": 0.7434308379526284,
    "roughness": 0.2911924752495667,
    "clever": false
   }
  },
  {
   "obj_subpath": "bottle/bottle_060/bottle_060.blend",
   "obj_location": [
    -0.4381129877241363,
    0.19842237109361716
   ],
   "obj_pose": [
    [
     0.9625069897781819,
     -0.271256927255326,
     -0.00013376063221903534
    ],
    [
     0.2712569418468185,
     0.9625069928002595,
     5.3958678624885555e-05
    ],
    [
     0.00011410887964302674,
     -8.821910159895197e-05,
     1.0
    ]
   ],
   "obj_scale": 0.6776033590790258,
   "obj_color": {
    "type": "random-mono",
    "color": [
     [
      0.07528687461585748,
      0.1348186972907258,
      0.05082414563932272
     ],
     [
      0.3448948058847686,
      0.5890215770167541,
      0.24457859230712853
     ],
     [
      0.30866023759731126,
      0.44248623083679245,
      0.25366865737117733
     ],
     [
      0.32878948804325714,
      0.5906421758998079,
      0.22118936684763768
     ]
    ],
    "randomness": 0.8752873874816058,
    "scale": 4.213349297478967,
    "specular": 0.7881044715251093,
    "roughness": 0.21633192735849904,
    "clever": false
   }
  },
  {
   "obj_subpath": "Torus Knot Petier/Torus Knot Petier/Torus Knot Petier.blend",
   "obj_location": [
    -0.0845850274226646,
    -0.3137057998849294
   ],
   "obj_pose": [
    [
     0.7789365383963982,
     -0.6271027580477033,
     0.0
    ],
    [
     0.6271027580477033,
     0.7789365383963982,
     0.0
    ],
    [
     0.0,
     0.0,
     1.0
    ]
   ],
   "obj_scale": 0.6944329690887978,
   "obj_color": {
    "type": "random-mono",
    "color": [
     [
      0.06909429837883563,
      0.11010605710149765,
      0.03826188647130371
     ],
     [
      0.2898419558376364,
      0.36674597718798707,
      0.23202594068807358
     ],
     [
      0.6851950736995486,
      0.7950346712804737,
      0.6026182756823186
     ]
    ],
    "randomness": 0.10532486590351675,
    "scale": 3.0164018961263643,
    "specular": 0.7397174633297414,
    "roughness": 0.14438698901627608,
    "clever": false
   }
  }
 ],
 "camera": {
  "track_to_point": [
   [
    0.01778816283983882,
    -0.0728970952342074,
    0.0
   ],
   [
    -0.052425868697609,
    0.019900828698203178,
    0.0
   ],
   [
    -0.05546882410471819,
    0.12342480859539225,
    0.0
   ],
   [
    -0.213001645813244,
    -0.10237034697516569,
    0.0
   ],
   [
    -0.1344141891211078,
    -0.07630637744833048,
    0.0
   ],
   [
    -0.00380899150098947,
    0.008896533099446916,
    0.0
   ],
   [
    -0.12922550658313672,
    -0.10990167847046813,
    0.0
   ],
   [
    0.02748442057424076,
    -0.05562686787066128,
    0.0
   ],
   [
    -0.204479944515692,
    -0.06835727543199456,
    0.0
   ],
   [
    -0.03284478921709007,
    -0.08428363754432354,
    0.0
   ],
   [
    0.02525781869601197,
    -0.11731748674337249,
    0.0
   ],
   [
    -0.18321610517680248,
    -0.03845757718052053,
    0.0
   ],
   [
    -0.0003062916033502866,
    0.058913663148722074,
    0.0
   ],
   [
    -0.04901880747736655,
    -0.003198025648372729,
    0.0
   ],
   [
    -0.0714251792814836,
    -0.013285354148003073,
    0.0
   ],
   [
    -0.024952791736073857,
    -0.1357695828089433,
    0.0
   ],
   [
    -0.20931394403229947,
    0.07778055018838596,
    0.0
   ],
   [
    -0.008404587072207939,
    0.1333125555125042,
    0.0
   ],
   [
    -0.13649907142761572,
    0.15345463801803272,
    0.0
   ],
   [
    -0.004223765705159269,
    -0.10320196254538912,
    0.0
   ],
   [
    0.028732576391203538,
    -0.0613605401091696,
    0.0
   ],
   [
    -0.19019186665798082,
    -0.04895890855876222,
    0.0
   ],
   [
    -0.17074086879613448,
    0.06371944935211792,
    0.0
   ],
   [
    -0.2053086845846982,
    0.09494680260137632,
    0.0
   ],
   [
    0.06736121399526891,
    -0.01696843604607117,
    0.0
   ]
  ],
  "positions": [
   [
    1.3146498685576429,
    0.6350676428245927,
    0.47879256744091137
   ],
   [
    1.413798622847139,
    0.03057508931028298,
    0.48235758361850434
   ],
   [
    1.20184421743536,
    -0.7139593009123769,
    0.6349787237254844
   ],
   [
    1.349159456253578,
    0.2315592273442055,
    0.6284399301032852
   ],
   [
    -1.0809968755254165,
    -0.9010885470373982,
    0.6133349072729234
   ],
   [
    -0.8118212229679124,
    1.1445733282220352,
    0.5556260363191851
   ],
   [
    0.32020884054355264,
    -1.2714235261780276,
    0.45792387699975695
   ],
   [
    -1.0359888765131255,
    -0.8425408047708691,
    0.6407270242079715
   ],
   [
    0.1963235257766205,
    -1.4269687116044594,
    0.5599133088160732
   ],
   [
    1.3225420251287385,
    0.4798669839180118,
    0.5036917892690733
   ],
   [
    -1.3151160465063956,
    0.08816635532916706,
    0.5172816077514646
   ],
   [
    -0.8369321918177722,
    1.2179866064135165,
    0.6362854657501831
   ],
   [
    1.1472525966340559,
    0.8094305498021875,
    0.5801199130175969
   ],
   [
    -0.2226435138461241,
    1.3721619162672327,
    0.6050486870811727
   ],
   [
    -0.26678289929724275,
    -1.4238074328065844,
    0.5056346215549796
   ],
   [
    0.4562844472084784,
    -1.2502534920962116,
    0.6117319316950843
   ],
   [
    0.6542732515936999,
    -1.3057218387090583,
    0.4705323874756879
   ],
   [
    -1.4974971471068061,
    0.044760401798517986,
    0.6486953437286115
   ],
   [
    1.4630682786244358,
    -0.2955894248875186,
    0.5204615958057561
   ],
   [
    0.621798860899842,
    1.3286498516375567,
    0.49112806368492345
   ],
   [
    -1.379633179021413,
    0.08177224474975786,
    0.5244794295742102
   ],
   [
    1.1450199934955452,
    0.7740875436060889,
    0.46432011290567066
   ],
   [
    1.37179642583644,
    0.5351276297040852,
    0.6467429941645451
   ],
   [
    0.321551499403878,
    1.427681253562408,
    0.47118292083633995
   ],
   [
    0.42014334273548587,
    -1.2528517838818296,
    0.49809589932745957
   ]
  ]
 },
 "appearance_assets": {
  "floor_pbr": "WoodFloor028",
  "background_hdr": "umhlanga_sunrise_4k.hdr"
 },
 "environment_strength": 0.7319709100731217
}