{
 "objects": [
  {
   "obj_subpath": "bottle/bottle_084/bottle_084.blend",
   "obj_location": [
    -0.4531707238891516,
    -0.006618994703064152
   ],
   "obj_pose": [
    [
     0.26945106256257306,
     0.9629904053359806,
     -0.006751548160092639
    ],
    [
     -0.9628077398966945,
     0.2695318531437928,
     0.018809814894699434
    ],
    [
     0.01993342861533165,
     0.0014321180060505867,
     0.9998002648353577
    ]
   ],
   "obj_scale": 0.6292709053290518,
   "obj_color": {
    "type": "random-multi",
    "color": [
     [
      0.5562598397873623,
      0.42578077841021617,
      0.11629025155834727
     ],
     [
      0.03005958924937535,
      0.6255804855692948,
      0.46534285250385043
     ],
     [
      0.11794229575255522,
      0.44685413219163017,
      0.8170206356318134
     ],
     [
      0.9349331928801033,
      0.7181512019866748,
      0.13928211390655953
     ]
    ],
    "randomness": 2.720377227323929,
    "scale": 1.3399570450424858,
    "specular": 0.8842183356563602,
    "roughness": 0.2492669753002707,
    "clever": false
   }
  },
  {
   "obj_subpath": "sofa/sofa_035/sofa_035.blend",
   "obj_location": [
    0.22160289053228044,
    0.20411974873023875
   ],
   "obj_pose": [
    [
     0.9628407706090854,
     -0.2700697178952588,
     -5.800398129488555e-06
    ],
    [
     0.27006971789525874,
     0.9628407706090854,
     3.1238809596856875e-05
    ],
    [
     -2.851795898095588e-06,
     -3.164451118209399e-05,
     1.0
    ]
   ],
   "obj_scale": 0.625262403043457,
   "obj_color": {
    "type": "random-mono",
    "color": [
     [
      0.6595345718926662,
      0.8726190114075423,
      0.512757792350429
     ],
     [
      0.6818073650956806,
      0.8458908463445056,
      0.5687834154886038
     ],
     [
      0.9083342392845795,
      0.9578466430071663,
      0.8742291155958598
     ],
     [
      0.38052509568482534,
      0.4872196009542147,
      0.30703180863887036
     ]
    ],
    "randomness": 0.07826563112066787,
    "scale": 2.9344888011712715,
    "specular": 0.6727875642258159,
    "roughness": 0.24221819577624126,
    "clever": false
   }
  },
  {
   "obj_subpath": "Repeat Shrink Circle/Repeat Shrink Circle/Repeat Shrink Circle.blend",
   "obj_location": [
    0.47600082542107147,
    -0.34209443462422184
   ],
   "obj_pose": [
    [
     0.154496066392731,
     -0.9879934035554958,
     0.0
    ],
    [
     0.9879934035554958,
     0.154496066392731,
     0.0
    ],
    [
     0.0,
     0.0,
     1.0
    ]
   ],
   "obj_scale": 0.6808582437227622,
   "obj_color": {
    "type": "random-multi",
    "color": [
     [
      0.12991560448502892,
      0.7838185075434387,
      0.6921139285202025
     ],
     [
      0.35075748705181503,
      0.03694749800677766,
      0.867724739643598
     ]
    ],
    "randomness": 4.57842114770804,
    "scale": 0.6135547146755115,
    "specular": 0.7155046424709883,
    "roughness": 0.21945722198628434,
    "clever": false
   }
  }
 ],
 "camera": {
  "track_to_point": [
   [
    -0.04935972509853215,
    -0.07668928928323701,
    0.0
   ],
   [
    0.17492973530122422,
    -0.0038708152114185837,
    0.0
   ],
   [
    0.22330624163664106,
    -0.18790742523693904,
    0.0
   ],
   [
    0.10855347893173145,
    -0.19709911719005804,
    0.0
   ],
   [
    0.18898576610367077,
    0.05631876248663658,
    0.0
   ],
   [
    0.15956806799946663,
    -0.09646560487732087,
    0.0
   ],
   [
    0.22749475016504775,
    0.08736544121294126,
    0.0
   ],
   [
    0.222400618893437,
    0.07638577598867158,
    0.0
   ],
   [
    0.1035481146102501,
    -0.022617435246404118,
    0.0
   ],
   [
    -0.05024156881432587,
    -0.14871999243037282,
    0.0
   ],
   [
    0.03700058166963739,
    -0.12258483408590945,
    0.0
   ],
   [
    0.010084416713791872,
    -0.1333019285650796,
    0.0
   ],
   [
    0.010157180859316398,
    0.0482329111244272,
    0.0
   ],
   [
    0.1732752540631979,
    0.07897874033918473,
    0.0
   ],
   [
    -0.02969715826519953,
    0.015192136611992667,
    0.0
   ],
   [
    -0.023162124492165898,
    -0.1573696119907956,
    0.0
   ],
   [
    0.05273570632605934,
    0.03037346237768495,
    0.0
   ],
   [
    -0.048916681043589094,
    0.08694483055182195,
    0.0
   ],
   [
    0.12916830387290096,
    0.07789459984443892,
    0.0
   ],
   [
    -0.029342245701035358,
    -0.0589910220919149,
    0.0
   ],
   [
    0.06700979528964396,
    0.012542596901799812,
    0.0
   ],
   [
    0.06453341869087115,
    -0.1953343583794922,
    0.0
   ],
   [
    0.029984982189722884,
    -0.026515805071074157,
    0.0
   ],
   [
    -0.030220682571610258,
    -0.04660477506203723,
    0.0
   ],
   [
    0.14907827549912342,
    -0.15485645447566695,
    0.0
   ]
  ],
  "positions": [
   [
    -0.9762525269236547,
    1.1133799623997904,
    0.6187664821898428
   ],
   [
    -1.0010947764390807,
    1.010742996649693,
    0.47785986677480785
   ],
   [
    -0.1376994027206565,
    -1.2954182352131256,
    0.5465252011464891
   ],
   [
    0.6307363244324686,
    1.1967835067431394,
    0.4991074340874396
   ],
   [
    0.2975794492695363,
    1.379482768227618,
    0.5713597936324383
   ],
   [
    -0.20487025705577536,
    1.4765937861258032,
    0.48347165135067877
   ],
   [
    -1.2742125633901065,
    -0.26698615945865056,
    0.5672411301874233
   ],
   [
    -0.1105399615762314,
    -1.4394345337456533,
    0.5211542981322677
   ],
   [
    -0.6614371610569161,
    -1.1865703490612602,
    0.6128114067616739
   ],
   [
    -0.5738139645728805,
    1.3722938202225325,
    0.6216798109633989
   ],
   [
    -1.124328411387717,
    -0.9275630342989339,
    0.45638392788031207
   ],
   [
    -0.9824608814746564,
    -0.983608009404203,
    0.5108905317245311
   ],
   [
    -1.3977678180391613,
    0.046027993988998914,
    0.6458772273171234
   ],
   [
    0.25654030941846656,
    -1.310507954647317,
    0.4746645351184186
   ],
   [
    0.6748436346451968,
    1.263838896731374,
    0.6078006563308718
   ],
   [
    -0.9088278364459021,
    0.9985564105777223,
    0.48033080057388716
   ],
   [
    0.9378533332470437,
    -0.9561841907677342,
    0.4762707582674855
   ],
   [
    0.13334075238777457,
    1.456703312004114,
    0.5321971777756118
   ],
   [
    -1.0094531227223147,
    1.0492295581391182,
    0.47084170261731695
   ],
   [
    -1.3098012513218327,
    -0.3745667133751834,
    0.5250542147042617
   ],
   [
    0.32708225556095194,
    -1.2793690441227898,
    0.6307964976841085
   ],
   [
    0.6025137559627219,
    1.3415243699102508,
    0.48644925075833106
   ],
   [
    0.6679060456733745,
    -1.156720401729601,
    0.45471049083321985
   ],
   [
    1.0902593470771842,
    -1.0186949823288391,
    0.5864769961990312
   ],
   [
    0.44344123712952144,
    1.2525484851978501,
    0.5947044807192987
   ]
  ]
 },
 "appearance_assets": {
  "floor_pbr": "Planks013",
  "background_hdr": "cayley_interior_4k.hdr"
 },
 "environment_strength": 0.7051436247408946
}