{
 "objects": [
  {
   "obj_subpath": "dinosaur/dinosaur_009/dinosaur_009.blend",
   "obj_location": [
    -0.09474304074995132,
    0.007778034941939627
   ],
   "obj_pose": [
    [
     -0.34627287853513916,
     -0.8164877716197466,
     -0.4619987126708869
    ],
    [
     -0.32859173275731596,
     0.5668279658141467,
     -0.7554690681950764
    ],
    [
     0.8787050247192383,
     -0.10978949815034866,
     -0.4645683169364929
    ]
   ],
   "obj_scale": 0.6451752511520703,
   "obj_color": {
    "type": "random-multi",
    "color": [
     [
      0.5970357033514548,
      0.3810462112206072,
      0.006225811043325646
     ],
     [
      0.7658413380369878,
      0.14833033818264674,
      0.1882734478147416
     ],
     [
      0.4799390347337068,
      0.6217017620596957,
      0.04544255835043198
     ]
    ],
    "randomness": 0.01502582912515038,
    "scale": 0.7816837515787876,
    "specular": 0.603724793496959,
    "roughness": 0.10767665720819103,
    "clever": false
   }
  },
  {
   "obj_subpath": "glass/glass_026/glass_026.blend",
   "obj_location": [
    0.43755693827085285,
    -0.2849726934344442
   ],
   "obj_pose": [
    [
     0.1143027771850394,
     0.18090252636226223,
     -0.9768362875768035
    ],
    [
     -0.6431347577531815,
     -0.7359518923161683,
     -0.21154784987112793
    ],
    [
     -0.7571740746498108,
     0.6524178981781006,
     0.03222336247563362
    ]
   ],
   "obj_scale": 0.6239591162582572,
   "obj_color": {
    "type": "random-multi",
    "color": [
     [
      0.08081178000669653,
      0.7191599233665626,
      0.08961908114380837
     ],
     [
      0.25561858076941013,
      0.5818765853112442,
      0.13635259688081303
     ],
     [
      0.44191110710483417,
      0.09422337068413278,
      0.7841465526400219
     ],
     [
      0.012956049387727653,
      0.6362865209484971,
      0.43816926924291055
     ]
    ],
    "randomness": 1.3199429397456075,
    "scale": 0.7279402009234797,
    "specular": 0.654344992572854,
    "roughness": 0.27460311745432775,
    "clever": false
   }
  },
  {
   "obj_subpath": "Atom N Ring/Atom N Ring/Atom N Ring.blend",
   "obj_location": [
    0.37769561889273917,
    0.3931702107920111
   ],
   "obj_pose": [
    [
     -0.9500854999712524,
     0.3119896516623194,
     0.0
    ],
    [
     -0.3119896516623194,
     -0.9500854999712524,
     0.0
    ],
    [
     0.0,
     0.0,
     1.0
    ]
   ],
   "obj_scale": 0.6556466666181486,
   "obj_color": {
    "type": "random-mono",
    "color": [
     [
      0.39877307361040026,
      0.8291200789046134,
      0.376816945666514
     ],
     [
      0.18799793605935006,
      0.5852549241055038,
      0.1677300472420893
     ],
     [
      0.7477833996485761,
      0.8903082634358354,
      0.7405118394750397
     ]
    ],
    "randomness": 0.4520371164947514,
    "scale": 4.108536787404841,
    "specular": 0.683692429692515,
    "roughness": 0.12446180198074522,
    "clever": true
   }
  }
 ],
 "camera": {
  "track_to_point": [
   [
    0.2362297009086061,
    0.038795565755998296,
    0.0
   ],
   [
    0.10028129755152662,
    -0.079564281576501,
    0.0
   ],
   [
    0.2545887280937926,
    -0.07689407348392546,
    0.0
   ],
   [
    0.31078914273573605,
    -0.014693650038428846,
    0.0
   ],
   [
    0.19930273255460257,
    0.15315365918081728,
    0.0
   ],
   [
    0.18018311103131943,
    0.11616367840357716,
    0.0
   ],
   [
    0.29661367737051136,
    0.04653376815017135,
    0.0
   ],
   [
    0.21877176763511158,
    -0.028547022352579957,
    0.0
   ],
   [
    0.27073238333721295,
    0.15415277170681083,
    0.0
   ],
   [
    0.21475410830704098,
    -0.012488436220027668,
    0.0
   ],
   [
    0.281029765583876,
    -0.09669037797771604,
    0.0
   ],
   [
    0.11061848886795683,
    0.06726094669358668,
    0.0
   ],
   [
    0.31770611740449073,
    0.0616194115919067,
    0.0
   ],
   [
    0.25790857869303785,
    -0.04045200972870329,
    0.0
   ],
   [
    0.269220429220267,
    -0.08083093100875274,
    0.0
   ],
   [
    0.2206567364069245,
    0.021338240295126792,
    0.0
   ],
   [
    0.28771514564041095,
    0.10534198548180101,
    0.0
   ],
   [
    0.2536877339461371,
    -0.038394309519970915,
    0.0
   ],
   [
    0.18264438288015214,
    0.1711518452578645,
    0.0
   ],
   [
    0.25219788613559435,
    0.12252150789332589,
    0.0
   ],
   [
    0.25260357525998534,
    -0.09739809154662407,
    0.0
   ],
   [
    0.15514339970180624,
    0.006097630854496119,
    0.0
   ],
   [
    0.1574412451248266,
    0.05521143213160751,
    0.0
   ],
   [
    0.2629605239310001,
    0.09037146626609074,
    0.0
   ],
   [
    0.3495608122080206,
    -0.033912451070776575,
    0.0
   ]
  ],
  "positions": [
   [
    -0.42249823956355803,
    1.3815855230561025,
    0.5944445501540332
   ],
   [
    -0.7383729352167583,
    1.2048388670453247,
    0.5549578520046274
   ],
   [
    1.1604709250317922,
    0.7090043761890189,
    0.6403504499775114
   ],
   [
    1.0451280327808952,
    -0.9633903640340379,
    0.5370671049991892
   ],
   [
    0.5720917585123059,
    -1.3457578187433088,
    0.6259763316525628
   ],
   [
    0.9273247798680385,
    -1.1533872665751705,
    0.579835883305103
   ],
   [
    1.3766916639994042,
    -0.5759618940256291,
    0.5821754732055909
   ],
   [
    -1.317884338732195,
    0.0069726971221140376,
    0.5755043621092466
   ],
   [
    1.0352563046709298,
    0.9928397413887518,
    0.5886664946277116
   ],
   [
    1.1130927026048765,
    1.003217486922146,
    0.6329665029992406
   ],
   [
    1.2856748723268117,
    0.4029997261764924,
    0.5927772200665367
   ],
   [
    0.544755357479005,
    -1.1988369388602844,
    0.5346650105491747
   ],
   [
    1.4971301680349045,
    0.016569584150936557,
    0.6241277252942654
   ],
   [
    0.6463649117016655,
    -1.341813827998366,
    0.6421385325816136
   ],
   [
    0.24757477033021577,
    1.4630527351881106,
    0.5315798657144367
   ],
   [
    0.02606533742979603,
    1.3661563754123367,
    0.5721502434239936
   ],
   [
    -0.8114699202592033,
    -1.0161303556535026,
    0.6081785616361284
   ],
   [
    0.3939385774972863,
    -1.2391699170878998,
    0.4773832850229434
   ],
   [
    0.8336877925648916,
    1.1370960510493142,
    0.5984072401636773
   ],
   [
    -0.66221028517122,
    1.2587477316886149,
    0.5810999725638486
   ],
   [
    -1.262216488214316,
    -0.736377561426235,
    0.5256440742985443
   ],
   [
    -1.3778560763935706,
    -0.13103935539254738,
    0.5761826502584085
   ],
   [
    0.07802696926073412,
    -1.480435409608716,
    0.49846066793788546
   ],
   [
    -1.1506634859996667,
    0.8666302788639949,
    0.576550694727421
   ],
   [
    0.6962805035872475,
    -1.2169316740797904,
    0.6451061606915581
   ]
  ]
 },
 "appearance_assets": {
  "floor_pbr": "Planks001",
  "background_hdr": "lythwood_room_4k.hdr"
 },
 "environment_strength": 0.7853243731143275
}