{
 "objects": [
  {
   "obj_subpath": "bottle/bottle_046/bottle_046.blend",
   "obj_location": [
    0.048816616163743,
    -0.3546231628986244
   ],
   "obj_pose": [
    [
     -0.3727402704451363,
     -0.7658630477588447,
     -0.5239451045466216
    ],
    [
     -0.22939227420700734,
     -0.471060132074629,
     0.8517520590195378
    ],
    [
     -0.8991350531578064,
     0.4376712441444397,
     -9.998543100664392e-05
    ]
   ],
   "obj_scale": 0.6591259284690307,
   "obj_color": {
    "type": "random-multi",
    "color": [
     [
      0.165042426638156,
      0.8303616293673198,
      0.04629632882796331
     ],
     [
      0.04665841842891183,
      0.3143641930241072,
      0.6951553101356729
     ],
     [
      0.7585743772150052,
      0.5303803405093381,
      0.08448267043384317
     ]
    ],
    "randomness": 2.0935997304891947,
    "scale": 0.5359032120481394,
    "specular": 0.8260431093757977,
    "roughness": 0.2263876859702673,
    "clever": false
   }
  },
  {
   "obj_subpath": "dog/dog_040/dog_040.blend",
   "obj_location": [
    0.2802778826551817,
    0.33425686071889626
   ],
   "obj_pose": [
    [
     0.4024544420645766,
     0.15927787275074284,
     -0.9014771365187589
    ],
    [
     -0.8731725548301954,
     0.36256146292750524,
     -0.3257588620928255
    ],
    [
     0.2749547064304352,
     0.918248176574707,
     0.2849915325641632
    ]
   ],
   "obj_scale": 0.6224426585287914,
   "obj_color": {
    "type": "random-mono",
    "color": [
     [
      0.5367910839951031,
      0.8058846680303418,
      0.6083571205460618
     ],
     [
      0.45179676752994646,
      0.8556180753789985,
      0.5591939415695797
     ],
     [
      0.8600700072486978,
      0.9330104485340929,
      0.8794686796688848
     ]
    ],
    "randomness": 0.5424371138922264,
    "scale": 2.9939357434674783,
    "specular": 0.7501247040046453,
    "roughness": 0.2757067705578372,
    "clever": false
   }
  },
  {
   "obj_subpath": "Multi Arch/Multi Arch/Multi Arch.blend",
   "obj_location": [
    -0.42280034764165353,
    0.3186691658188163
   ],
   "obj_pose": [
    [
     -0.12786134978948335,
     0.991792052413212,
     0.0
    ],
    [
     -0.991792052413212,
     -0.12786134978948335,
     0.0
    ],
    [
     0.0,
     0.0,
     1.0
    ]
   ],
   "obj_scale": 0.6323711897524006,
   "obj_color": {
    "type": "random-mono",
    "color": [
     [
      0.8261834897893566,
      0.7634208686155382,
      0.3237014802559456
     ],
     [
      0.9710370748002441,
      0.9670549464317933,
      0.9391558718266204
     ],
     [
      0.559887357288349,
      0.5116500979057415,
      0.17369642746994718
     ]
    ],
    "randomness": 0.8233813944900316,
    "scale": 4.209160888191539,
    "specular": 0.6420711326252359,
    "roughness": 0.22953048031159953,
    "clever": true
   }
  }
 ],
 "camera": {
  "track_to_point": [
   [
    -0.16977613226398655,
    0.18940348913337618,
    0.0
   ],
   [
    -0.0287615247196292,
    0.1524286118588638,
    0.0
   ],
   [
    0.030432263869812487,
    0.01828348607376462,
    0.0
   ],
   [
    -0.05959605890703863,
    0.1803345310796285,
    0.0
   ],
   [
    -0.02439700950693474,
    0.19726610353377905,
    0.0
   ],
   [
    0.05329088903888843,
    0.10204741812997216,
    0.0
   ],
   [
    -0.11117106182531207,
    0.24280870469379823,
    0.0
   ],
   [
    -0.17640952303064827,
    0.2103999751299911,
    0.0
   ],
   [
    -0.1476324942403746,
    0.16206635122901375,
    0.0
   ],
   [
    0.11213035319868994,
    0.15891088631447353,
    0.0
   ],
   [
    0.09356659603787001,
    0.05647559642300015,
    0.0
   ],
   [
    0.10304542156111227,
    0.007213174877996789,
    0.0
   ],
   [
    0.11494947163099092,
    0.021301071464360707,
    0.0
   ],
   [
    -0.046760192852498994,
    0.16000951577470474,
    0.0
   ],
   [
    0.04169720234275556,
    -0.03734670216382742,
    0.0
   ],
   [
    0.07658247716280228,
    0.1272199727367596,
    0.0
   ],
   [
    0.05994607118933851,
    0.0474460654843534,
    0.0
   ],
   [
    0.03609193216381984,
    0.006570975140163374,
    0.0
   ],
   [
    0.004684254683418432,
    -0.029024936823127442,
    0.0
   ],
   [
    -0.08008803446787949,
    -0.04346773566904295,
    0.0
   ],
   [
    -0.13018580544548533,
    0.1479099127508937,
    0.0
   ],
   [
    0.007495767319980362,
    0.022680303799704746,
    0.0
   ],
   [
    -0.17548836653193173,
    0.20203893704244347,
    0.0
   ],
   [
    -0.03719266780870151,
    0.1005028921980133,
    0.0
   ],
   [
    0.10969892308916676,
    0.24735832540115704,
    0.0
   ]
  ],
  "positions": [
   [
    0.7916074105577091,
    1.0565615321730282,
    0.46056080961912366
   ],
   [
    0.8616515912031001,
    1.1708578713277997,
    0.485037595920254
   ],
   [
    -1.081636344963264,
    -0.9807309398537971,
    0.629574849102177
   ],
   [
    -1.4778872830879055,
    -0.16223292767766292,
    0.6362466703912113
   ],
   [
    1.4596825944863254,
    0.26036517916975116,
    0.5914936223574415
   ],
   [
    0.5053008889525016,
    -1.2321360648512192,
    0.5751733191604986
   ],
   [
    0.5471598521242003,
    -1.2191324040015414,
    0.5351971649934408
   ],
   [
    -1.4225526255984888,
    -0.18646954548774444,
    0.544030987081557
   ],
   [
    0.7272314138648839,
    1.0842848079069625,
    0.5170879278760397
   ],
   [
    0.2786312802555935,
    1.2875664873163555,
    0.6142455942087842
   ],
   [
    1.3447861851977265,
    0.014651871278730477,
    0.5999969842526703
   ],
   [
    -1.0795310619733307,
    -0.7327302891908495,
    0.5718013812986427
   ],
   [
    -0.9834702890046136,
    0.9180043656702173,
    0.470843140486709
   ],
   [
    -0.7386712988580432,
    -1.1105128328479523,
    0.6331707545561602
   ],
   [
    0.4760691798649725,
    -1.3562810813166064,
    0.6409849605866869
   ],
   [
    0.6892306351994782,
    1.2923243734868932,
    0.5515119022360073
   ],
   [
    0.9587832100150274,
    0.9947199535723985,
    0.5540393050016044
   ],
   [
    -0.8757922489641883,
    -1.2102583175562465,
    0.5324133470443049
   ],
   [
    0.7611177551512255,
    -1.0801466569458649,
    0.46784752836786775
   ],
   [
    0.7356921192833471,
    -1.0810850309738562,
    0.578530961518863
   ],
   [
    -0.8768804477802813,
    -1.0590128061041646,
    0.6429937416060181
   ],
   [
    -1.191144766084446,
    0.5824301587118947,
    0.5208552115311711
   ],
   [
    -0.1262345242327047,
    1.4006756663337965,
    0.5281465126679933
   ],
   [
    0.269801821776636,
    1.4294840542523564,
    0.47452545704240867
   ],
   [
    -0.871682632344366,
    -1.064175997781167,
    0.6127819583029562
   ]
  ]
 },
 "appearance_assets": {
  "floor_pbr": "Tiles027",
  "background_hdr": "moonlit_golf_4k.hdr"
 },
 "environment_strength": 0.501008959368229
}