{
 "objects": [
  {
   "obj_subpath": "dinosaur/dinosaur_005/dinosaur_005.blend",
   "obj_location": [
    -0.04728918331771004,
    0.05687816039491422
   ],
   "obj_pose": [
    [
     0.8642374308227311,
     0.5017628179568359,
     0.03643871581967424
    ],
    [
     -0.5019901721662396,
     0.8648671386657054,
     -0.0032792867517601365
    ],
    [
     -0.033160071820020676,
     -0.01545779500156641,
     0.9993305206298828
    ]
   ],
   "obj_scale": 0.6419945873774601,
   "obj_color": {
    "type": "random-multi",
    "color": [
     [
      0.6762366709208932,
      0.42129931427206796,
      0.08931762618868155
     ],
     [
      0.15984153224634196,
      0.6788492699168486,
      0.07668497172372246
     ]
    ],
    "randomness": 0.3658859198176534,
    "scale": 1.1007767513111695,
    "specular": 0.6798648565038369,
    "roughness": 0.20652650193014038,
    "clever": false
   }
  },
  {
   "obj_subpath": "tree/tree_004/tree_004.blend",
   "obj_location": [
    -0.4831371866198714,
    -0.37680123954078504
   ],
   "obj_pose": [
    [
     -0.8412035848950787,
     0.09236457442964342,
     0.532771380772394
    ],
    [
     0.3979930556916753,
     -0.5612193356659554,
     0.7256957868229145
    ],
    [
     0.36603018641471863,
     0.8224971890449524,
     0.4353392422199249
    ]
   ],
   "obj_scale": 0.6264941913638485,
   "obj_color": {
    "type": "random-mono",
    "color": [
     [
      0.4008059947701418,
      0.16149336503922193,
      0.11308550755987679
     ],
     [
      0.8400701294553881,
      0.744731012058976,
      0.7254459354112399
     ],
     [
      0.04922254571126758,
      0.02083307383164981,
      0.015090487198392594
     ]
    ],
    "randomness": 0.862967286571674,
    "scale": 3.7554310030333955,
    "specular": 0.7581344316234526,
    "roughness": 0.2862961689136633,
    "clever": true
   }
  },
  {
   "obj_subpath": "Vase Angular/Vase Angular/Vase Angular.blend",
   "obj_location": [
    0.42676623147674064,
    -0.4314822368247141
   ],
   "obj_pose": [
    [
     -0.6142559715389544,
     0.7891068377784692,
     0.0
    ],
    [
     -0.7891068377784692,
     -0.6142559715389544,
     0.0
    ],
    [
     0.0,
     0.0,
     1.0
    ]
   ],
   "obj_scale": 0.6318830408904028,
   "obj_color": {
    "type": "random-mono",
    "color": [
     [
      0.8283415004984443,
      0.8446752076756484,
      0.7372262352872582
     ],
     [
      0.9901317808752345,
      0.9912794683705284,
      0.9837295692169272
     ],
     [
      0.5995097720174791,
      0.660728000470494,
      0.258012580918071
     ]
    ],
    "randomness": 0.5637727970219667,
    "scale": 3.9266686603450713,
    "specular": 0.8542004681631361,
    "roughness": 0.1323589876022005,
    "clever": false
   }
  }
 ],
 "camera": {
  "track_to_point": [
   [
    -0.1379919067443914,
    -0.34620519094327296,
    0.0
   ],
   [
    -0.007570132772771659,
    -0.35970671473891475,
    0.0
   ],
   [
    0.008397204382483758,
    -0.15356894307770785,
    0.0
   ],
   [
    -0.025020702234902187,
    -0.37054770874798687,
    0.0
   ],
   [
    -0.04401629995003534,
    -0.335858263191885,
    0.0
   ],
   [
    -0.16422301970238762,
    -0.24455026438185395,
    0.0
   ],
   [
    -0.07380660625454025,
    -0.29145939740097376,
    0.0
   ],
   [
    -0.016674231004428774,
    -0.3910711069610988,
    0.0
   ],
   [
    0.0029179140114428126,
    -0.3526168528125069,
    0.0
   ],
   [
    0.05092142214350892,
    -0.2910970385649043,
    0.0
   ],
   [
    -0.14641551604665248,
    -0.3746486034821496,
    0.0
   ],
   [
    -0.10874357909988878,
    -0.24399721392873244,
    0.0
   ],
   [
    0.048260054676162956,
    -0.25481770783707447,
    0.0
   ],
   [
    0.05197964636560945,
    -0.365236461354362,
    0.0
   ],
   [
    -0.06109770752438394,
    -0.38911056790539644,
    0.0
   ],
   [
    0.08219791657191242,
    -0.28196129783809787,
    0.0
   ],
   [
    -0.07032471767807033,
    -0.287778989955618,
    0.0
   ],
   [
    0.09527371276711524,
    -0.33919029461531247,
    0.0
   ],
   [
    -0.07461179309740171,
    -0.38635878400446594,
    0.0
   ],
   [
    -0.0749520014240578,
    -0.2970568412222858,
    0.0
   ],
   [
    -0.1497487951407541,
    -0.2924304428598341,
    0.0
   ],
   [
    -0.15508881593723006,
    -0.36527963070555186,
    0.0
   ],
   [
    -0.04549126450508323,
    -0.21086376667805284,
    0.0
   ],
   [
    -0.11066309672215928,
    -0.36414735014279537,
    0.0
   ],
   [
    -0.11420015810024804,
    -0.13553635455594135,
    0.0
   ]
  ],
  "positions": [
   [
    0.0630981295321885,
    1.45548465998112,
    0.47500959585062114
   ],
   [
    -0.7016253808510212,
    -1.206306843543291,
    0.5062658675541811
   ],
   [
    1.2216284496430385,
    -0.590332785932931,
    0.48572287624605415
   ],
   [
    -0.5826805768362638,
    1.337209177451318,
    0.5167155075814711
   ],
   [
    -1.3030985583858308,
    0.6248080707556202,
    0.6045970824051292
   ],
   [
    -0.825316642476735,
    1.2299556923050532,
    0.6458225569366169
   ],
   [
    0.8046836604827691,
    -1.0297597747403175,
    0.5469742481660397
   ],
   [
    0.5297441871289841,
    1.2091753587803395,
    0.49347691222314405
   ],
   [
    0.9965738677837817,
    1.023928573860746,
    0.5330508714526491
   ],
   [
    -0.8547064776177569,
    -1.0098811982920395,
    0.5812963558943236
   ],
   [
    -0.16093678604913378,
    1.4487959400506643,
    0.6333158650709905
   ],
   [
    0.979262162783509,
    -1.0671473803750113,
    0.4814983936745828
   ],
   [
    -1.329768153317063,
    -0.5140792942618854,
    0.5276344959967587
   ],
   [
    1.3388724318401044,
    0.5835731700036112,
    0.4919203632486103
   ],
   [
    1.3763264090315996,
    0.27828789182747343,
    0.574338920488876
   ],
   [
    -1.2368912379376757,
    -0.48607573746319627,
    0.5522438395849377
   ],
   [
    1.3920749871188287,
    0.04588550869949183,
    0.5775143256551942
   ],
   [
    1.420929951676035,
    0.053735723075745125,
    0.6150843431841225
   ],
   [
    -1.366633329181769,
    0.1280838474938085,
    0.4620907877291162
   ],
   [
    1.38969635588645,
    0.4767365397418041,
    0.4893426461968187
   ],
   [
    -1.3107729949022002,
    0.4913859699225767,
    0.46291925779892495
   ],
   [
    -0.5195288464063197,
    -1.2057537513575838,
    0.4735872621574601
   ],
   [
    -1.3862137371648096,
    0.48378715369270164,
    0.6360733831917599
   ],
   [
    0.562092380989571,
    1.3827426615517022,
    0.6036482739304823
   ],
   [
    -0.20290732209486764,
    -1.3563554027797153,
    0.5869653463031426
   ]
  ]
 },
 "appearance_assets": {
  "floor_pbr": "WoodFloor005",
  "background_hdr": "kiara_interior_4k.hdr"
 },
 "environment_strength": 0.7897075759606496
}