{
 "objects": [
  {
   "obj_subpath": "sofa/sofa_051/sofa_051.blend",
   "obj_location": [
    0.30879822212924435,
    -0.311890910603998
   ],
   "obj_pose": [
    [
     0.16335433226101814,
     -0.9865674464110566,
     -6.22329891565281e-08
    ],
    [
     0.9865674464110568,
     0.16335433226101814,
     -2.0799118357970585e-09
    ],
    [
     1.2218001721464589e-08,
     -6.105727834437857e-08,
     1.0
    ]
   ],
   "obj_scale": 0.663611897499879,
   "obj_color": {
    "type": "random-multi",
    "color": [
     [
      0.22286369111318266,
      0.7975259036424206,
      0.1613383594934249
     ],
     [
      0.22698034671904704,
      0.7414130337752478,
      0.12352449901514662
     ]
    ],
    "randomness": 3.078957992651294,
    "scale": 0.8639854051991614,
    "specular": 0.634836641243323,
    "roughness": 0.21979417035619175,
    "clever": false
   }
  },
  {
   "obj_subpath": "robot/robot_034/robot_034.blend",
   "obj_location": [
    -0.4285744917473866,
    0.07352745472154698
   ],
   "obj_pose": [
    [
     -0.6553120624377445,
     0.10005953781059208,
     0.748701680580785
    ],
    [
     -0.7025180000410324,
     0.2834704520864243,
     -0.6527732785242406
    ],
    [
     -0.27755099534988403,
     -0.9537466168403625,
     -0.11546798795461655
    ]
   ],
   "obj_scale": 0.6660685807975508,
   "obj_color": {
    "type": "random-multi",
    "color": [
     [
      0.5503334554139918,
      0.10499612701390793,
      0.43164442015732873
     ],
     [
      0.6506408895632535,
      0.06886217159238261,
      0.4996827002913323
     ],
     [
      0.7381757293529183,
      0.6498110785954901,
      0.09485298039159074
     ],
     [
      0.10472603545152093,
      0.5969425507712127,
      0.15650898173323557
     ]
    ],
    "randomness": 1.6099452222555033,
    "scale": 0.5855866253200205,
    "specular": 0.6111401480410757,
    "roughness": 0.2642820985625979,
    "clever": true
   }
  },
  {
   "obj_subpath": "Tier Stack Cylinder/Tier Stack Cylinder/Tier Stack Cylinder.blend",
   "obj_location": [
    0.44838745968955296,
    0.3320010126581636
   ],
   "obj_pose": [
    [
     0.0854110338851922,
     -0.9963458010603862,
     0.0
    ],
    [
     0.9963458010603862,
     0.0854110338851922,
     0.0
    ],
    [
     0.0,
     0.0,
     1.0
    ]
   ],
   "obj_scale": 0.650899840573175,
   "obj_color": {
    "type": "random-multi",
    "color": [
     [
      0.49687374954513164,
      0.08153727558041579,
      0.9514082841700464
     ],
     [
      0.10767737744341221,
      0.553802839811068,
      0.20923112322346715
     ],
     [
      0.030831958384761715,
      0.8830060474385655,
      0.4660900767006042
     ]
    ],
    "randomness": 1.5352819311281767,
    "scale": 0.6175871522624721,
    "specular": 0.733970156781097,
    "roughness": 0.18877965398901103,
    "clever": false
   }
  }
 ],
 "camera": {
  "track_to_point": [
   [
    0.09665619415290182,
    -0.0663609105326596,
    0.0
   ],
   [
    0.16808715499627197,
    0.12443698917573766,
    0.0
   ],
   [
    0.14218355976669256,
    0.03799927607309468,
    0.0
   ],
   [
    -0.0163495799155524,
    0.03576697940935526,
    0.0
   ],
   [
    -0.002098863718283675,
    0.06747432099176058,
    0.0
   ],
   [
    0.09099047517528534,
    -0.0782616389740858,
    0.0
   ],
   [
    0.019633163239656318,
    -0.0936042922197242,
    0.0
   ],
   [
    0.024638785705613037,
    -0.020037544431361017,
    0.0
   ],
   [
    -0.007729024690173988,
    0.10586594241901033,
    0.0
   ],
   [
    0.15780947285752112,
    0.02370750405757151,
    0.0
   ],
   [
    0.08498706348833289,
    0.12760398203707918,
    0.0
   ],
   [
    0.12056549685443736,
    -0.10073991144311335,
    0.0
   ],
   [
    -0.03391238466227793,
    0.14219019284463402,
    0.0
   ],
   [
    0.20878794547982021,
    -0.011042050892371754,
    0.0
   ],
   [
    0.15194180047940997,
    0.12322298369751293,
    0.0
   ],
   [
    0.21787248700639866,
    0.149975442294856,
    0.0
   ],
   [
    0.13045809442690098,
    -0.03103686158108698,
    0.0
   ],
   [
    0.2451193732555056,
    -0.07821883401264072,
    0.0
   ],
   [
    0.09424873941952876,
    0.15468010370063245,
    0.0
   ],
   [
    0.043757542880154626,
    -0.025295650923157203,
    0.0
   ],
   [
    0.253964975022192,
    0.06337974216191207,
    0.0
   ],
   [
    0.005961321646407225,
    -0.042535844793266164,
    0.0
   ],
   [
    0.14846034369010025,
    0.08641014114850194,
    0.0
   ],
   [
    0.22331362000022126,
    -0.040085143979255985,
    0.0
   ],
   [
    0.0016882578593842429,
    -0.06220700316057427,
    0.0
   ]
  ],
  "positions": [
   [
    0.4659640365681672,
    1.4087949860689726,
    0.5354716232877716
   ],
   [
    1.3556391853147216,
    0.5154802225689155,
    0.5772856816701811
   ],
   [
    0.2642120107504022,
    1.435044726482628,
    0.5989914301782127
   ],
   [
    0.3702803856015734,
    1.3267120133932429,
    0.6461315491484604
   ],
   [
    0.6275078219732814,
    1.2249138823347394,
    0.48989706919687037
   ],
   [
    0.3910457246304959,
    1.3374413910123084,
    0.5887021411628397
   ],
   [
    -0.783344515472396,
    -1.104759541880094,
    0.45821414195981663
   ],
   [
    1.0592576928133906,
    0.7750978985086279,
    0.5627236071360598
   ],
   [
    -0.5668652959086935,
    -1.3823843472101518,
    0.5797230498413296
   ],
   [
    -0.35501550410611593,
    -1.2903800574503437,
    0.49811476890705186
   ],
   [
    -1.3784156711011488,
    0.2501599639655765,
    0.5165042183580668
   ],
   [
    -1.282492669914135,
    0.7485415100232595,
    0.5770727200162481
   ],
   [
    -1.0564382600971527,
    -0.9296852629396954,
    0.5768673378821156
   ],
   [
    -0.9422037156879113,
    -1.1358345672392065,
    0.4827594233607503
   ],
   [
    0.9478475555010032,
    1.05237299477595,
    0.5568694719908233
   ],
   [
    -1.26323432307254,
    -0.7473105204955748,
    0.49617547787124816
   ],
   [
    -0.9729819050226581,
    0.910591730401854,
    0.5779299180367246
   ],
   [
    1.0234812827858892,
    -0.9554818881569029,
    0.4794747508108772
   ],
   [
    -0.3279853123468828,
    1.387858656615058,
    0.5280085110462202
   ],
   [
    -1.3630556495003117,
    -0.29318771469633564,
    0.5861786404327046
   ],
   [
    -1.0710741597812194,
    0.8316165994350264,
    0.5619328055447964
   ],
   [
    0.25477975856630075,
    1.411343425551235,
    0.4967345297763413
   ],
   [
    -0.8523058094310966,
    -1.1989804772220325,
    0.5245710660121083
   ],
   [
    0.2516016813419732,
    -1.2869777840021783,
    0.6267652663815341
   ],
   [
    1.1737093517687833,
    -0.7217116255892279,
    0.5320238856704752
   ]
  ]
 },
 "appearance_assets": {
  "floor_pbr": "Tiles001",
  "background_hdr": "childrens_hospital_4k.hdr"
 },
 "environment_strength": 0.6452816217869949
}