{
 "objects": [
  {
   "obj_subpath": "ball/ball_001/ball_001.blend",
   "obj_location": [
    0.46511520092934666,
    -0.22092224847546793
   ],
   "obj_pose": [
    [
     0.8194207037207818,
     0.5393552410005987,
     -0.19402485978733278
    ],
    [
     -0.573055446264932,
     0.7634595152423234,
     -0.2978876228540981
    ],
    [
     -0.012537120841443539,
     0.3552822768688202,
     0.9346749782562256
    ]
   ],
   "obj_scale": 0.6021589401531707,
   "obj_color": {
    "type": "random-mono",
    "color": [
     [
      0.7658902021752731,
      0.8404040079778247,
      0.6979078639159214
     ],
     [
      0.9919274188716669,
      0.9950522170700651,
      0.9890765231775371
     ],
     [
      0.16358898122888463,
      0.2403082385900156,
      0.09359450908031441
     ],
     [
      0.9076598681812752,
      0.9589234882002308,
      0.8608897331842492
     ]
    ],
    "randomness": 0.9826798275245257,
    "scale": 3.471246249907341,
    "specular": 0.6704292253924238,
    "roughness": 0.1810172062996683,
    "clever": false
   }
  },
  {
   "obj_subpath": "sofa/sofa_044/sofa_044.blend",
   "obj_location": [
    -0.47692410442885114,
    -0.1287802092056145
   ],
   "obj_pose": [
    [
     -0.22096165832643455,
     0.975270406121948,
     -0.004854250042441195
    ],
    [
     -0.9752824396142887,
     -0.2209603122198644,
     0.0008138342922922032
    ],
    [
     -0.0002788881538435817,
     0.004914090968668461,
     0.9999879002571106
    ]
   ],
   "obj_scale": 0.6281758810436627,
   "obj_color": {
    "type": "random-mono",
    "color": [
     [
      0.8929800521770278,
      0.8392658543294395,
      0.8805701693638237
     ],
     [
      0.7929706484952795,
      0.43707395492621337,
      0.7107459027524324
     ]
    ],
    "randomness": 0.9734043893471269,
    "scale": 2.774435037765021,
    "specular": 0.8198708046631965,
    "roughness": 0.12293836363504276,
    "clever": true
   }
  },
  {
   "obj_subpath": "Fragment Sphere/Fragment Sphere/Fragment Sphere.blend",
   "obj_location": [
    0.2473542568907332,
    0.4581630570682791
   ],
   "obj_pose": [
    [
     0.6667621778817662,
     -0.7452705536557606,
     0.0
    ],
    [
     0.7452705536557606,
     0.6667621778817662,
     0.0
    ],
    [
     0.0,
     0.0,
     1.0
    ]
   ],
   "obj_scale": 0.669978002021932,
   "obj_color": {
    "type": "random-multi",
    "color": [
     [
      0.1565794195451793,
      0.8565568608547807,
      0.28919504174792404
     ],
     [
      0.536251482193858,
      0.11546127081689184,
      0.9716297185464726
     ]
    ],
    "randomness": 1.7028071074247142,
    "scale": 0.9627443772886034,
    "specular": 0.8966124748605251,
    "roughness": 0.2089305739569559,
    "clever": true
   }
  }
 ],
 "camera": {
  "track_to_point": [
   [
    0.1310073520075838,
    0.14793278830692239,
    0.0
   ],
   [
    0.01524199371012562,
    0.18222173339497214,
    0.0
   ],
   [
    0.06116496218490024,
    -0.03573587289960893,
    0.0
   ],
   [
    0.15898104769200672,
    0.1762248156404204,
    0.0
   ],
   [
    0.013800324921505763,
    0.03302828192102908,
    0.0
   ],
   [
    0.0013693775761249583,
    -0.053590853718995496,
    0.0
   ],
   [
    0.13995098698144265,
    0.10415917631542215,
    0.0
   ],
   [
    -0.02084750794376415,
    -0.01657479015097553,
    0.0
   ],
   [
    0.13745500498590796,
    -0.08350911093583804,
    0.0
   ],
   [
    0.06316286615739146,
    0.10756623721956296,
    0.0
   ],
   [
    0.13749513761082827,
    0.1307110823793967,
    0.0
   ],
   [
    0.21970373797759857,
    -0.04387773866976018,
    0.0
   ],
   [
    0.16464345552252596,
    0.07502127107159728,
    0.0
   ],
   [
    0.08648176387421545,
    -0.035942384584666906,
    0.0
   ],
   [
    0.10500575688913065,
    0.12933661848757047,
    0.0
   ],
   [
    0.08994614499929675,
    0.07483035882819686,
    0.0
   ],
   [
    0.050511455783563336,
    0.147967137132638,
    0.0
   ],
   [
    -0.06108210360265558,
    0.15330575644970681,
    0.0
   ],
   [
    0.22030161521337727,
    0.18295343124012556,
    0.0
   ],
   [
    0.20863149880211795,
    0.015271671509213047,
    0.0
   ],
   [
    0.2020792212367269,
    0.05435806507063387,
    0.0
   ],
   [
    0.15679831889501605,
    0.132236636650963,
    0.0
   ],
   [
    0.20138160827605134,
    -0.009377122738533986,
    0.0
   ],
   [
    -0.042823518261404014,
    -0.04440580202249933,
    0.0
   ],
   [
    -0.056214007305296756,
    0.06838616756137184,
    0.0
   ]
  ],
  "positions": [
   [
    1.0873548470094099,
    -0.9620310079821246,
    0.5780756730405968
   ],
   [
    -0.8703739345449217,
    1.1716586939856497,
    0.6189370906347909
   ],
   [
    1.2054441794074304,
    -0.5180769901011779,
    0.5222577375728539
   ],
   [
    -0.5134290582339831,
    -1.2960787898241732,
    0.5362201932837521
   ],
   [
    -0.8758211974046306,
    -0.9964137064799212,
    0.5468541727972269
   ],
   [
    1.0520979213890067,
    -0.9623370470996035,
    0.546217177407764
   ],
   [
    1.1049598273705328,
    -0.9214948051941425,
    0.5561047473974619
   ],
   [
    1.1479248005402605,
    0.7014074544345176,
    0.5881051014097735
   ],
   [
    1.241251991618938,
    -0.8391054198510488,
    0.6097053536403707
   ],
   [
    1.3440373791499118,
    -0.029164607223759836,
    0.6134436910805272
   ],
   [
    0.39486674206069655,
    -1.3766937786413254,
    0.6222471186659445
   ],
   [
    -0.6647190797976341,
    -1.2294887660448113,
    0.6486304212358296
   ],
   [
    -1.46320116452646,
    -0.13292615533399324,
    0.47850379990820197
   ],
   [
    1.0419661647985716,
    -0.9478976007507923,
    0.5190451318562674
   ],
   [
    1.3227851021189756,
    0.24265390165550127,
    0.6160045257018669
   ],
   [
    -1.063237623554562,
    0.9349598792425189,
    0.5865776811053046
   ],
   [
    -1.2414772798266636,
    -0.7276165990737201,
    0.599648250305862
   ],
   [
    1.4302536967385495,
    0.2979398588114717,
    0.6443257475254456
   ],
   [
    -1.184840508720204,
    0.903546973225926,
    0.5211737801683988
   ],
   [
    0.8095472076639783,
    1.1796762814953288,
    0.6101785972435005
   ],
   [
    0.5597897004522348,
    1.2405624345635855,
    0.48856110137571296
   ],
   [
    1.1664727050542956,
    -0.8761600180434393,
    0.6097296415062854
   ],
   [
    -1.1994664179312557,
    0.5202756811996728,
    0.5436753559824673
   ],
   [
    0.587282545275331,
    -1.2395527537688968,
    0.546460335571566
   ],
   [
    -0.4268336101417716,
    -1.2457371080399127,
    0.6476518668861925
   ]
  ]
 },
 "appearance_assets": {
  "floor_pbr": "Planks001",
  "background_hdr": "moonlit_golf_4k.hdr"
 },
 "environment_strength": 0.5250139182950524
}