{
 "objects": [
  {
   "obj_subpath": "chair/chair_154/chair_154.blend",
   "obj_location": [
    0.44093563003731273,
    -0.3651144798165663
   ],
   "obj_pose": [
    [
     0.13891421884932983,
     0.9903044237726538,
     0.0001376502522847199
    ],
    [
     -0.9903044392645538,
     0.13891424430869853,
     1.970031936300881e-05
    ],
    [
     3.8773603705521964e-07,
     -0.00013905231026001275,
     1.0
    ]
   ],
   "obj_scale": 0.6552826419802901,
   "obj_color": {
    "type": "random-mono",
    "color": [
     [
      0.04794518743529565,
      0.024175726484628415,
      0.0660346137417188
     ],
     [
      0.7143255288839616,
      0.61369276108509,
      0.790910733777217
     ]
    ],
    "randomness": 0.9129248624981279,
    "scale": 4.656573240797541,
    "specular": 0.7149996138948547,
    "roughness": 0.19308946664747945,
    "clever": false
   }
  },
  {
   "obj_subpath": "ladder/ladder_026/ladder_026.blend",
   "obj_location": [
    -0.29190130502554723,
    -0.008967326631811767
   ],
   "obj_pose": [
    [
     0.3420789021875495,
     -0.002200022514428165,
     0.9396686324554795
    ],
    [
     -0.9396712531377596,
     -0.0007421321383950521,
     0.3420780885189804
    ],
    [
     -5.522121500689536e-05,
     -0.9999973177909851,
     -0.0023211657535284758
    ]
   ],
   "obj_scale": 0.6234387284191564,
   "obj_color": {
    "type": "random-multi",
    "color": [
     [
      0.7728722051512601,
      0.6229638985948889,
      0.1910870077928155
     ],
     [
      0.6017681293807512,
      0.5334463219011296,
      0.14239929911095983
     ],
     [
      0.14512255280501352,
      0.8090476290878175,
      0.8963827939947595
     ],
     [
      0.7359210064716408,
      0.08888123939377701,
      0.9111724746759762
     ]
    ],
    "randomness": 0.9498818501812889,
    "scale": 1.4189705243928543,
    "specular": 0.6822908311194114,
    "roughness": 0.29310601336471187,
    "clever": false
   }
  },
  {
   "obj_subpath": "Cylinder Ringed/Cylinder Ringed/Cylinder Ringed.blend",
   "obj_location": [
    0.4065616829273335,
    0.35793048712122333
   ],
   "obj_pose": [
    [
     0.8906088834293735,
     -0.4547700702076651,
     0.0
    ],
    [
     0.4547700702076651,
     0.8906088834293735,
     0.0
    ],
    [
     0.0,
     0.0,
     1.0
    ]
   ],
   "obj_scale": 0.6517434279858989,
   "obj_color": {
    "type": "random-mono",
    "color": [
     [
      0.8095470995751048,
      0.7543900407056503,
      0.6618800129152749
     ],
     [
      0.04576059629853624,
      0.039414059005148994,
      0.028769576623057236
     ]
    ],
    "randomness": 0.4304423008724523,
    "scale": 2.1610780369639255,
    "specular": 0.8780125822794498,
    "roughness": 0.11872040592372213,
    "clever": false
   }
  }
 ],
 "camera": {
  "track_to_point": [
   [
    0.046749597656416175,
    -0.05281076979775849,
    0.0
   ],
   [
    0.14989236672700507,
    -0.04022195356137595,
    0.0
   ],
   [
    0.15137771691582816,
    -0.03433342440467868,
    0.0
   ],
   [
    0.05016093411159278,
    0.11863145297685931,
    0.0
   ],
   [
    0.12155348249167447,
    -0.0873307991322645,
    0.0
   ],
   [
    0.22381818471928458,
    -0.11314128831965829,
    0.0
   ],
   [
    0.17267390082813092,
    0.03344574869505648,
    0.0
   ],
   [
    0.12019472296969698,
    0.07935814999409374,
    0.0
   ],
   [
    0.17910643996644018,
    -0.13629208391479805,
    0.0
   ],
   [
    0.07338278064443901,
    -0.10006746550854523,
    0.0
   ],
   [
    0.2785051964816276,
    -0.008048257062653719,
    0.0
   ],
   [
    0.06414879130812037,
    0.1027805037058265,
    0.0
   ],
   [
    0.09548527723700861,
    -0.0815033619550613,
    0.0
   ],
   [
    0.1086044350833125,
    0.08520941548214461,
    0.0
   ],
   [
    0.0855587169362659,
    -0.01130173211387775,
    0.0
   ],
   [
    0.20674516449377145,
    0.12769181031792384,
    0.0
   ],
   [
    0.08360461029819426,
    -0.08842017492665578,
    0.0
   ],
   [
    0.23475035222615986,
    0.07225617980027427,
    0.0
   ],
   [
    0.26521172889265443,
    -0.07568107077929256,
    0.0
   ],
   [
    0.26179570181110834,
    0.13713939797118088,
    0.0
   ],
   [
    0.14684022816047188,
    -0.11373307282618887,
    0.0
   ],
   [
    0.23969653039595676,
    -0.09872270927041024,
    0.0
   ],
   [
    0.18430609335230974,
    0.07383831438687116,
    0.0
   ],
   [
    0.17779433451876706,
    -0.03094805175835233,
    0.0
   ],
   [
    0.18628697063159458,
    -0.10555405036360851,
    0.0
   ]
  ],
  "positions": [
   [
    -0.9088355099344565,
    -0.973553530956331,
    0.6136522831856659
   ],
   [
    -0.826871247506964,
    -1.0529898720265602,
    0.6059482508518942
   ],
   [
    0.40946806178132084,
    -1.2933948545245415,
    0.610970182547308
   ],
   [
    -1.2868316209007313,
    -0.5920519283094773,
    0.5696548102643055
   ],
   [
    -0.3160632944352327,
    -1.378520451585782,
    0.5739151396057381
   ],
   [
    1.3901460937471295,
    -0.05128930201770574,
    0.5397023614691074
   ],
   [
    1.1346247956026394,
    0.7702714837924942,
    0.5230120628078737
   ],
   [
    1.2386973079316017,
    -0.6124226619065741,
    0.5470959240439218
   ],
   [
    -0.7766205487070222,
    -1.2424024745318707,
    0.6483870091152184
   ],
   [
    -1.1499952273642722,
    0.621698896937864,
    0.5696377926809886
   ],
   [
    -1.4517476583654811,
    0.027228399461064742,
    0.6021577309355659
   ],
   [
    0.7923878516094014,
    -1.1727904077180336,
    0.588657702334109
   ],
   [
    1.0448602366371509,
    -0.974856801843711,
    0.5222355429114394
   ],
   [
    1.320668568704862,
    0.32923165057780834,
    0.46711384269284645
   ],
   [
    1.1338955219212947,
    -0.9057337320684262,
    0.6431671279804687
   ],
   [
    -1.1992961685914927,
    -0.8695983853926194,
    0.6426755575005421
   ],
   [
    -0.1000934052167767,
    -1.3379426577881348,
    0.4699769036401571
   ],
   [
    0.47849998108629377,
    1.218026001274951,
    0.4841782975030736
   ],
   [
    1.3883346874437679,
    -0.46929849739238266,
    0.5382987233317122
   ],
   [
    0.16947313182166887,
    -1.3110808994409915,
    0.4871817833186211
   ],
   [
    1.3523165244389546,
    -0.22271917721543416,
    0.6402136703822565
   ],
   [
    -1.3691794550169136,
    -0.4210713719075796,
    0.486137276655153
   ],
   [
    1.4309155526094768,
    0.10964344484459616,
    0.5493906514720661
   ],
   [
    1.1503812605123254,
    0.7223208015063626,
    0.5352690612874114
   ],
   [
    -0.4217083395221047,
    -1.4172792339321079,
    0.5912127589756538
   ]
  ]
 },
 "appearance_assets": {
  "floor_pbr": "Fabric025",
  "background_hdr": "small_empty_house_4k.hdr"
 },
 "environment_strength": 0.7442365157437749
}