{
 "objects": [
  {
   "obj_subpath": "flower/flower_039/flower_039.blend",
   "obj_location": [
    0.30153056278100776,
    0.054460252382678265
   ],
   "obj_pose": [
    [
     0.16212007614745663,
     -0.01643937473318583,
     0.9866340680244924
    ],
    [
     0.7576560718388325,
     0.6426583561574283,
     -0.11378722092670503
    ],
    [
     -0.6321980357170105,
     0.7659764885902405,
     0.11664321273565292
    ]
   ],
   "obj_scale": 0.6556038474135552,
   "obj_color": {
    "type": "random-multi",
    "color": [
     [
      0.1700446854358883,
      0.5693520483067166,
      0.0356834664561958
     ],
     [
      0.12407167652068818,
      0.6434835292953623,
      0.3235202275590278
     ]
    ],
    "randomness": 4.383443304771657,
    "scale": 1.1815172655890662,
    "specular": 0.7873574950622496,
    "roughness": 0.26852871200898554,
    "clever": false
   }
  },
  {
   "obj_subpath": "deer_moose/deer_moose_023/deer_moose_023.blend",
   "obj_location": [
    -0.32621829804140623,
    -0.15750210631199235
   ],
   "obj_pose": [
    [
     -0.13115336226867472,
     0.6569527550699612,
     -0.7424364662372596
    ],
    [
     -0.20993092024351656,
     -0.7503260933879358,
     -0.6268490628444524
    ],
    [
     -0.9688796401023865,
     0.07364700734615326,
     0.23632247745990753
    ]
   ],
   "obj_scale": 0.6598749939492462,
   "obj_color": {
    "type": "random-multi",
    "color": [
     [
      0.546209975376358,
      0.12745340507902714,
      0.36288782483156407
     ],
     [
      0.6209394912332156,
      0.7890169206518883,
      0.008234975156055202
     ],
     [
      0.7635053229531703,
      0.6177717407009381,
      0.15497393284729322
     ]
    ],
    "randomness": 2.8174422949802165,
    "scale": 1.1166767494621737,
    "specular": 0.8637010362046892,
    "roughness": 0.25943033320395914,
    "clever": false
   }
  },
  {
   "obj_subpath": "Ico Pointy I/Ico Pointy I/Ico Pointy I.blend",
   "obj_location": [
    -0.247097334657846,
    0.4429854663171853
   ],
   "obj_pose": [
    [
     -0.9994565723676037,
     0.032963008831129126,
     0.0
    ],
    [
     -0.032963008831129126,
     -0.9994565723676037,
     0.0
    ],
    [
     0.0,
     0.0,
     1.0
    ]
   ],
   "obj_scale": 0.614241055321332,
   "obj_color": {
    "type": "random-multi",
    "color": [
     [
      0.6684564648384309,
      0.7748349001906667,
      0.12105228677719382
     ],
     [
      0.6112250538382338,
      0.8224891292356646,
      0.2587268062855068
     ],
     [
      0.5368952282860159,
      0.12511748585508975,
      0.19044379956038732
     ],
     [
      0.8922213939424336,
      0.17897245985684104,
      0.017181944774698477
     ]
    ],
    "randomness": 3.091416303827435,
    "scale": 0.736832073757355,
    "specular": 0.7121175165848878,
    "roughness": 0.22656442802625126,
    "clever": false
   }
  }
 ],
 "camera": {
  "track_to_point": [
   [
    0.03755365972021593,
    0.2482155070387062,
    0.0
   ],
   [
    0.038848117535753984,
    -0.020790305564758763,
    0.0
   ],
   [
    -0.1885503008768468,
    0.10937533496873204,
    0.0
   ],
   [
    -0.18865877058563824,
    0.2340954911402331,
    0.0
   ],
   [
    -0.08484908175418732,
    0.22946519445560587,
    0.0
   ],
   [
    -0.06570261893767493,
    0.12464810215105278,
    0.0
   ],
   [
    0.04533045633624114,
    -0.024579291703759207,
    0.0
   ],
   [
    -0.18983409863222428,
    -0.0331187295588662,
    0.0
   ],
   [
    0.052434667543384966,
    0.06906449834992692,
    0.0
   ],
   [
    -0.018252279796371174,
    0.06120088047764986,
    0.0
   ],
   [
    -0.02781935988131151,
    0.13665725842276077,
    0.0
   ],
   [
    -0.053302397319876516,
    0.25732178648713927,
    0.0
   ],
   [
    -0.10468463760102037,
    0.2576545946208589,
    0.0
   ],
   [
    -0.11056868948922918,
    0.17355859266876217,
    0.0
   ],
   [
    -0.15650224458127776,
    0.18694203580969915,
    0.0
   ],
   [
    -0.1395931194021699,
    0.23495367768557707,
    0.0
   ],
   [
    0.02291751071518147,
    0.20915667728650184,
    0.0
   ],
   [
    0.056227332633771915,
    0.10957811025175539,
    0.0
   ],
   [
    0.011693845143622456,
    0.08989520947507419,
    0.0
   ],
   [
    -0.12298656491575996,
    0.13707373248193222,
    0.0
   ],
   [
    0.032469211622602495,
    0.09622668287963128,
    0.0
   ],
   [
    -0.2368884201967855,
    0.06757604755187868,
    0.0
   ],
   [
    0.052786841287951886,
    -0.017452665607935583,
    0.0
   ],
   [
    -0.029361382268879688,
    0.11769272080822336,
    0.0
   ],
   [
    -0.09289520357503994,
    0.09008520200570684,
    0.0
   ]
  ],
  "positions": [
   [
    -0.6215174066800514,
    1.3415392884126645,
    0.4807773616716732
   ],
   [
    1.0821699735783574,
    1.0145813475209098,
    0.4974774932589533
   ],
   [
    0.8366727913883717,
    -1.0226406431632304,
    0.4999113513078526
   ],
   [
    -0.4223891092979495,
    -1.3880843193832109,
    0.4603167436436458
   ],
   [
    1.321964825741087,
    0.6075828163386692,
    0.5627008443471379
   ],
   [
    1.0143132007225426,
    -0.9312153200399255,
    0.6011950191406541
   ],
   [
    -0.3464860271401971,
    -1.391080361756865,
    0.4909997672447044
   ],
   [
    -0.8886626378675817,
    0.9582708274870665,
    0.6006247281243701
   ],
   [
    0.27034887588544115,
    -1.3170475852829249,
    0.5077537548861584
   ],
   [
    1.1777571324404859,
    -0.8228237735648586,
    0.48639696869557886
   ],
   [
    -1.3881658042653444,
    0.3255334818403975,
    0.548550096880072
   ],
   [
    -0.8458257395853064,
    1.1423207540502343,
    0.6221286664282935
   ],
   [
    1.4961123633910416,
    0.025889860478463034,
    0.6204520654307567
   ],
   [
    -1.4688675525428299,
    -0.03373472211681434,
    0.6243734573360777
   ],
   [
    -0.11024143512829432,
    1.3247788102476798,
    0.5007749040189571
   ],
   [
    0.5452666867923056,
    -1.3059538401033732,
    0.6205904308729512
   ],
   [
    0.8646456933292842,
    1.011432725592003,
    0.5612339016558714
   ],
   [
    0.36694325729619476,
    1.260723977327694,
    0.6152993061434586
   ],
   [
    1.0951567287540012,
    -0.9298610695138259,
    0.5945913431264984
   ],
   [
    -0.07366385853128458,
    -1.4650552836802748,
    0.5536158904446165
   ],
   [
    0.9018011709992075,
    1.0902455396471062,
    0.5788594724125938
   ],
   [
    -0.3706888054045847,
    1.3947182060377163,
    0.5539965664171389
   ],
   [
    -1.3355783952436187,
    -0.5055870573337717,
    0.6472832644693023
   ],
   [
    -1.3295441128493675,
    -0.22184200159068287,
    0.47838963684915775
   ],
   [
    1.279959701243774,
    -0.33867112714233133,
    0.5494086292317744
   ]
  ]
 },
 "appearance_assets": {
  "floor_pbr": "Carpet009",
  "background_hdr": "reading_room_4k.hdr"
 },
 "environment_strength": 0.479684870926226
}