{
 "objects": [
  {
   "obj_subpath": "fish/fish_018/fish_018.blend",
   "obj_location": [
    -0.4438700808909546,
    -0.040581658605439275
   ],
   "obj_pose": [
    [
     0.40763341766033995,
     0.7170131034717558,
     -0.5654442467951886
    ],
    [
     0.5133678364693638,
     -0.6920498873184101,
     -0.5074646651334153
    ],
    [
     -0.755174458026886,
     -0.08342133462429047,
     -0.6501941084861755
    ]
   ],
   "obj_scale": 0.6685001401369598,
   "obj_color": {
    "type": "random-multi",
    "color": [
     [
      0.3151984367811196,
      0.8355518696831383,
      0.02656940816747233
     ],
     [
      0.668170784957146,
      0.7353622584957321,
      0.09293747733713609
     ],
     [
      0.9182416771753033,
      0.11941962885757973,
      0.7153758013586944
     ],
     [
      0.20251189550192344,
      0.8530668141418009,
      0.053483309841920845
     ]
    ],
    "randomness": 1.5751749613522426,
    "scale": 1.2432365896628892,
    "specular": 0.7062256688101323,
    "roughness": 0.1564670591477946,
    "clever": false
   }
  },
  {
   "obj_subpath": "candy/candy_052/candy_052.blend",
   "obj_location": [
    0.2745803063528056,
    -0.4367031919608637
   ],
   "obj_pose": [
    [
     0.30836252669381303,
     -0.020022036286166656,
     -0.951058164687187
    ],
    [
     0.9512662430176032,
     0.004122048797574467,
     0.3083432370715572
    ],
    [
     -0.002253351267427206,
     -0.9997910261154175,
     0.02031737193465233
    ]
   ],
   "obj_scale": 0.6114055450982935,
   "obj_color": {
    "type": "random-mono",
    "color": [
     [
      0.05246539975609517,
      0.03056944883042749,
      0.04634284378498974
     ],
     [
      0.9423972935547308,
      0.7742234325975242,
      0.8953724404171408
     ],
     [
      0.026000689960140135,
      0.011916513091447832,
      0.022062465880343173
     ]
    ],
    "randomness": 0.7852544385665022,
    "scale": 4.6862839724482,
    "specular": 0.8712916312655037,
    "roughness": 0.16369282306360045,
    "clever": false
   }
  },
  {
   "obj_subpath": "Atom Duo Ring.001/Atom Duo Ring.001/Atom Duo Ring.001.blend",
   "obj_location": [
    0.1704469567858563,
    0.34499857628912733
   ],
   "obj_pose": [
    [
     -0.2316318348584223,
     -0.9728035223415469,
     0.0
    ],
    [
     0.9728035223415469,
     -0.2316318348584223,
     0.0
    ],
    [
     0.0,
     0.0,
     1.0
    ]
   ],
   "obj_scale": 0.6987737308934211,
   "obj_color": {
    "type": "random-mono",
    "color": [
     [
      0.05139920465210518,
      0.1397170092158438,
      0.06809292255502813
     ],
     [
      0.6471103890735761,
      0.7821070228888374,
      0.6726272792848783
     ]
    ],
    "randomness": 0.30154828164180203,
    "scale": 3.683380046612476,
    "specular": 0.797243839081323,
    "roughness": 0.16940101060788232,
    "clever": false
   }
  }
 ],
 "camera": {
  "track_to_point": [
   [
    -0.038608818627121615,
    -0.16235444882890065,
    0.0
   ],
   [
    0.02915878181248151,
    0.02105121381244702,
    0.0
   ],
   [
    0.0849319721056359,
    -0.04155136239700729,
    0.0
   ],
   [
    -0.1085654142972013,
    0.03414104495936269,
    0.0
   ],
   [
    -0.014879552765175838,
    0.09434817242159854,
    0.0
   ],
   [
    0.14297692921758465,
    -0.030344929636020694,
    0.0
   ],
   [
    -0.12531101419509993,
    0.021373816788415358,
    0.0
   ],
   [
    0.011306729992551797,
    -0.057297068811779865,
    0.0
   ],
   [
    0.03767828920064261,
    -0.03942101050361509,
    0.0
   ],
   [
    0.0657961594918053,
    0.08221843224847009,
    0.0
   ],
   [
    0.0913931085293949,
    -0.12321316688348116,
    0.0
   ],
   [
    -0.035007289534952364,
    0.0028444274179542164,
    0.0
   ],
   [
    -0.046171869596854036,
    -0.05149826780558941,
    0.0
   ],
   [
    0.07245274493902128,
    -0.04721219109075194,
    0.0
   ],
   [
    0.013988078680348312,
    0.009830529875138806,
    0.0
   ],
   [
    0.09304097950608688,
    0.08942024138838645,
    0.0
   ],
   [
    -0.02910252109668247,
    0.04496482279005382,
    0.0
   ],
   [
    0.1407938433532791,
    -0.18381001308502676,
    0.0
   ],
   [
    0.08837768814139237,
    -0.09413110079779996,
    0.0
   ],
   [
    0.05631740880011656,
    -0.10893862347977237,
    0.0
   ],
   [
    -0.020268481482621264,
    -0.188730147099972,
    0.0
   ],
   [
    -0.005474908987057085,
    -0.08206232052570814,
    0.0
   ],
   [
    0.041481078787947455,
    -0.03771171618507765,
    0.0
   ],
   [
    -0.011043457734974624,
    -0.05422343651366251,
    0.0
   ],
   [
    0.11754384852972304,
    -0.14347691433982743,
    0.0
   ]
  ],
  "positions": [
   [
    1.4466596065120985,
    -0.26687898820945466,
    0.5091709645740021
   ],
   [
    -0.6704430670307099,
    -1.1396613900585417,
    0.4887776576803234
   ],
   [
    -0.732389122454239,
    -1.308603488250844,
    0.5970484594314219
   ],
   [
    1.3889157041811235,
    -0.5206275170866785,
    0.5018416087420335
   ],
   [
    1.1344818027376529,
    -0.7910698824141267,
    0.6390583752389964
   ],
   [
    0.8972787933156079,
    -1.102507452410097,
    0.4649607676327446
   ],
   [
    0.7877121245212062,
    1.0519524479126638,
    0.5486591133416616
   ],
   [
    1.305686924766698,
    0.5669415616960785,
    0.461663704277374
   ],
   [
    1.3032945728309027,
    -0.01962381932847022,
    0.4830133491764008
   ],
   [
    0.3951320742061701,
    -1.2868410747111463,
    0.6114026347100835
   ],
   [
    1.1856592748097412,
    -0.8694544410920644,
    0.6439350160316928
   ],
   [
    0.520448473709903,
    1.3536544825788295,
    0.5115849656929049
   ],
   [
    0.9352088392518284,
    1.0161027354930163,
    0.45114215833089705
   ],
   [
    1.2901836895613956,
    -0.2798956019711683,
    0.5636161565291786
   ],
   [
    -1.0702647309996658,
    -0.7627754051853038,
    0.4835231812565722
   ],
   [
    1.195068208935506,
    -0.5222946905887653,
    0.4882401059778746
   ],
   [
    -1.066033460943851,
    0.847350047502703,
    0.6439403655461206
   ],
   [
    -1.1031335544301395,
    0.7162704938212581,
    0.5650055028163281
   ],
   [
    -1.411931778580444,
    -0.2139502435322012,
    0.6221934185369691
   ],
   [
    1.4796336791277298,
    -0.046121886340240247,
    0.6034161998238889
   ],
   [
    1.3158789766601826,
    -0.0026235214658466574,
    0.4856770041857974
   ],
   [
    0.6308945013548123,
    -1.1414567056860867,
    0.6365780948866631
   ],
   [
    0.5960993326818086,
    -1.339855789795981,
    0.5545975738323881
   ],
   [
    -0.8745562890865045,
    -1.178100073693119,
    0.5081254436997855
   ],
   [
    0.8439651908234463,
    1.1577973088783473,
    0.5973241622200247
   ]
  ]
 },
 "appearance_assets": {
  "floor_pbr": "Planks001",
  "background_hdr": "lebombo_4k.hdr"
 },
 "environment_strength": 0.47010700860958615
}