{
 "objects": [
  {
   "obj_subpath": "chicken/chicken_020/chicken_020.blend",
   "obj_location": [
    -0.43820208710340947,
    -0.4946951485364911
   ],
   "obj_pose": [
    [
     0.454095884597312,
     -0.7761496938967221,
     -0.43747984804282813
    ],
    [
     0.7731153866494199,
     0.5873120896694832,
     -0.2394935174229954
    ],
    [
     0.4428200125694275,
     -0.2294693887233734,
     0.8667492270469666
    ]
   ],
   "obj_scale": 0.6178755378796705,
   "obj_color": {
    "type": "random-mono",
    "color": [
     [
      0.8228153170660182,
      0.814654283837241,
      0.9152453737867259
     ],
     [
      0.049930469910936616,
      0.04124178453703281,
      0.14833659808432337
     ]
    ],
    "randomness": 0.6530687537559227,
    "scale": 3.6899649444214897,
    "specular": 0.8874069719953107,
    "roughness": 0.2029357230006858,
    "clever": false
   }
  },
  {
   "obj_subpath": "fox/fox_004/fox_004.blend",
   "obj_location": [
    -0.08872144427641837,
    0.3082311114683084
   ],
   "obj_pose": [
    [
     -0.6729146211810997,
     0.48371203262289364,
     -0.5596504240334383
    ],
    [
     0.739151758809481,
     0.4100350990492498,
     -0.5343462537218857
    ],
    [
     -0.0289933942258358,
     -0.7732359766960144,
     -0.633455216884613
    ]
   ],
   "obj_scale": 0.66697414845224,
   "obj_color": {
    "type": "random-mono",
    "color": [
     [
      0.6201853954368491,
      0.6040067207130664,
      0.7871453890530189
     ],
     [
      0.1302700936123113,
      0.11644709639275369,
      0.2729200675400923
     ],
     [
      0.1505292973582887,
      0.13911672974461797,
      0.2683042232069156
     ]
    ],
    "randomness": 0.6353601738238382,
    "scale": 3.5309763569910166,
    "specular": 0.7538277147719085,
    "roughness": 0.22953281399675193,
    "clever": false
   }
  },
  {
   "obj_subpath": "Noodle Cube/Noodle Cube/Noodle Cube.blend",
   "obj_location": [
    0.4277557273104303,
    -0.2334544325659086
   ],
   "obj_pose": [
    [
     -0.880932973185883,
     -0.4732410556512191,
     0.0
    ],
    [
     0.4732410556512191,
     -0.880932973185883,
     0.0
    ],
    [
     0.0,
     0.0,
     1.0
    ]
   ],
   "obj_scale": 0.6507288358427886,
   "obj_color": {
    "type": "random-multi",
    "color": [
     [
      0.0486795494252098,
      0.4907628076881139,
      0.6876735476333594
     ],
     [
      0.5861152020748936,
      0.3402210183454295,
      0.05807617074503879
     ],
     [
      0.09620521880684418,
      0.5692958736049281,
      0.7492322095130542
     ],
     [
      0.8416852316557917,
      0.07244277364547425,
      0.9388694479281463
     ]
    ],
    "randomness": 4.242887137843648,
    "scale": 0.9148531357303131,
    "specular": 0.7314531076276765,
    "roughness": 0.22479962878049142,
    "clever": true
   }
  }
 ],
 "camera": {
  "track_to_point": [
   [
    -0.1411241098552712,
    -0.05247901264772717,
    0.0
   ],
   [
    -0.10511670578438864,
    -0.1710208125574827,
    0.0
   ],
   [
    -0.10177628264240156,
    -0.09848296568567946,
    0.0
   ],
   [
    -0.004030186531098323,
    -0.18944163734054992,
    0.0
   ],
   [
    -0.07628039634008613,
    -0.20689597642983854,
    0.0
   ],
   [
    0.060028496307065166,
    -0.09390345999463898,
    0.0
   ],
   [
    -0.05144952797612512,
    -0.05646675554730626,
    0.0
   ],
   [
    0.015530479800338559,
    -0.19797998780345522,
    0.0
   ],
   [
    -0.1463074470331277,
    -0.19918569310418777,
    0.0
   ],
   [
    -0.14976843612288343,
    -0.14740735962374452,
    0.0
   ],
   [
    0.012918212379453786,
    -0.14628562541320167,
    0.0
   ],
   [
    -0.16301265690971778,
    -0.21166239351759847,
    0.0
   ],
   [
    0.11507868815755981,
    -0.14216200144596636,
    0.0
   ],
   [
    -0.051212040783535334,
    -0.22979619840587825,
    0.0
   ],
   [
    -0.15434746075724035,
    -0.27946566555178826,
    0.0
   ],
   [
    -0.09131239034455768,
    -0.07221012199255974,
    0.0
   ],
   [
    0.03133691918857584,
    -0.18348040679461558,
    0.0
   ],
   [
    -0.04699479613609128,
    -0.214492173634452,
    0.0
   ],
   [
    -0.117508826481044,
    -0.00981483080964618,
    0.0
   ],
   [
    0.04310743648329149,
    -0.045461901067311405,
    0.0
   ],
   [
    -0.17607996993272673,
    -0.05276775820474178,
    0.0
   ],
   [
    0.04397625731347152,
    -0.19921524695251974,
    0.0
   ],
   [
    -0.020477555830201583,
    -0.049460658527994056,
    0.0
   ],
   [
    0.09087316208774734,
    -0.060661521766386506,
    0.0
   ],
   [
    0.10769549792433789,
    -0.03703525524801765,
    0.0
   ]
  ],
  "positions": [
   [
    1.3702432763418049,
    -0.22928433267681683,
    0.6115675888937071
   ],
   [
    0.8919252424106776,
    1.0696465532907973,
    0.5665134677339753
   ],
   [
    -1.2530518163974185,
    0.7222425236268538,
    0.5261206461839569
   ],
   [
    1.16870404388483,
    -0.60274619790118,
    0.47277322339635186
   ],
   [
    -0.3415543280812226,
    1.2817716271452078,
    0.5147039306188711
   ],
   [
    -0.15110992569957393,
    -1.418208772655812,
    0.6078009915910982
   ],
   [
    1.0216395432575915,
    -0.8379944136702301,
    0.5468025360563434
   ],
   [
    -1.228264499325196,
    0.5373044294045526,
    0.4993632022136479
   ],
   [
    -1.4624354972745266,
    0.09773225279779191,
    0.4709920164691278
   ],
   [
    -0.10292333616657452,
    -1.354067688462694,
    0.5385395040079723
   ],
   [
    1.3876216670155823,
    -0.08774966264185491,
    0.5152213165160017
   ],
   [
    -1.4048299423097463,
    -0.09777429805935711,
    0.5462981014052382
   ],
   [
    -1.3086212003978968,
    -0.3252532628190471,
    0.5313937416806687
   ],
   [
    -1.282042303866756,
    -0.29790898114268255,
    0.48443617305953685
   ],
   [
    -0.22021246079403514,
    1.3164052157853712,
    0.6283604698982329
   ],
   [
    -0.5050754181556055,
    1.3875987134260324,
    0.4507371230111473
   ],
   [
    -1.2915407844876217,
    0.6846775586632596,
    0.519824343195904
   ],
   [
    1.1043599950480547,
    0.8008696307061915,
    0.5602922139326743
   ],
   [
    -1.3676215023205225,
    0.3129969010335169,
    0.5712379905351488
   ],
   [
    -0.4724501713050911,
    1.4227472817470177,
    0.4987590435614755
   ],
   [
    0.3102515788208789,
    1.283698419889141,
    0.6465752774737757
   ],
   [
    -1.3720843433562073,
    0.5234808162925688,
    0.4909204668357582
   ],
   [
    -0.3225739996151793,
    1.3270286989442228,
    0.577669379016281
   ],
   [
    -1.3012612306069247,
    -0.36347585605849986,
    0.513386177974859
   ],
   [
    0.08315264478735566,
    1.3641350023824819,
    0.49730496003801483
   ]
  ]
 },
 "appearance_assets": {
  "floor_pbr": "Planks011",
  "background_hdr": "cabin_4k.hdr"
 },
 "environment_strength": 0.43334252089301284
}