{
 "objects": [
  {
   "obj_subpath": "stove/stove_017/stove_017.blend",
   "obj_location": [
    0.3816575552560535,
    0.2552257406159738
   ],
   "obj_pose": [
    [
     0.9992040652033297,
     -0.03989001256203681,
     4.083155841955099e-08
    ],
    [
     0.03989001256203683,
     0.9992040652033297,
     -1.9000044396263537e-07
    ],
    [
     -3.321993702343207e-08,
     1.91477994349043e-07,
     1.0
    ]
   ],
   "obj_scale": 0.6647837168418551,
   "obj_color": {
    "type": "random-multi",
    "color": [
     [
      0.5630080488507346,
      0.771623903871773,
      0.08686048413477498
     ],
     [
      0.7131437749908963,
      0.1091809033511513,
      0.06010108236872391
     ],
     [
      0.0920508059740528,
      0.9190367850975081,
      0.4127383156510234
     ],
     [
      0.09078078896896191,
      0.6205195777947181,
      0.6909347953660062
     ]
    ],
    "randomness": 2.5089725545185044,
    "scale": 1.1226309265699737,
    "specular": 0.8735417197392695,
    "roughness": 0.24996309931550398,
    "clever": true
   }
  },
  {
   "obj_subpath": "piano/piano_029/piano_029.blend",
   "obj_location": [
    -0.0501430677938981,
    -0.3141485924519206
   ],
   "obj_pose": [
    [
     0.9825429295924117,
     0.0994481316270544,
     0.1572243275949895
    ],
    [
     0.1860056605266212,
     -0.5404278681690143,
     -0.8205727109916522
    ],
    [
     0.0033639923203736544,
     0.8354925513267517,
     -0.5494915246963501
    ]
   ],
   "obj_scale": 0.6065856652755659,
   "obj_color": {
    "type": "random-multi",
    "color": [
     [
      0.5969248265131402,
      0.4201090343393974,
      0.035711296746611776
     ],
     [
      0.28091710767657074,
      0.1436438022840938,
      0.8638919835665932
     ]
    ],
    "randomness": 1.9471417721294921,
    "scale": 0.5972600934469169,
    "specular": 0.6626911538531781,
    "roughness": 0.28537346531017915,
    "clever": false
   }
  },
  {
   "obj_subpath": "Spiral Ring Cone/Spiral Ring Cone/Spiral Ring Cone.blend",
   "obj_location": [
    -0.48880228099799106,
    0.09640459841988702
   ],
   "obj_pose": [
    [
     0.6047385600565718,
     -0.796424054119854,
     0.0
    ],
    [
     0.796424054119854,
     0.6047385600565718,
     0.0
    ],
    [
     0.0,
     0.0,
     1.0
    ]
   ],
   "obj_scale": 0.6051690936150881,
   "obj_color": {
    "type": "random-multi",
    "color": [
     [
      0.5702910734783723,
      0.11119940645385096,
      0.5062030419756596
     ],
     [
      0.04360940213243503,
      0.9958035206109513,
      0.7790673479677043
     ]
    ],
    "randomness": 2.414070147449747,
    "scale": 1.1314628064167036,
    "specular": 0.6668383598805928,
    "roughness": 0.25027502937128077,
    "clever": false
   }
  }
 ],
 "camera": {
  "track_to_point": [
   [
    0.04644044668510879,
    0.005491442127683072,
    0.0
   ],
   [
    -0.024172172058335085,
    0.0030221111540778,
    0.0
   ],
   [
    -0.10118676312440808,
    -0.12619883471591192,
    0.0
   ],
   [
    -0.06076591811390023,
    -0.02449671658523339,
    0.0
   ],
   [
    -0.016761429931830725,
    0.0005627156228111829,
    0.0
   ],
   [
    -0.006021111350757315,
    -0.058322038124491174,
    0.0
   ],
   [
    -0.13319627454233632,
    0.09640571166314119,
    0.0
   ],
   [
    0.05624102437750227,
    -0.052944836226870975,
    0.0
   ],
   [
    -0.024009171245776374,
    0.06852025020198166,
    0.0
   ],
   [
    0.03566622104737945,
    -0.12886476818156914,
    0.0
   ],
   [
    0.006029922366496458,
    0.009909975023632306,
    0.0
   ],
   [
    -0.17255273138703606,
    -0.1096061439024486,
    0.0
   ],
   [
    -0.003358455828037822,
    0.047838855009061404,
    0.0
   ],
   [
    -0.1685008996883252,
    -0.033178193910073886,
    0.0
   ],
   [
    -0.17541428028787198,
    0.07838156071556757,
    0.0
   ],
   [
    -0.0018140525950982658,
    -0.03679967567687352,
    0.0
   ],
   [
    -0.08555924155711556,
    0.09113699789247082,
    0.0
   ],
   [
    0.0733764034546619,
    0.11648388135424412,
    0.0
   ],
   [
    -0.0550449086083299,
    0.16128826581028924,
    0.0
   ],
   [
    0.0759849655176173,
    0.131316791617644,
    0.0
   ],
   [
    -0.0722111005104085,
    0.1125862323481435,
    0.0
   ],
   [
    -0.07642719354240335,
    0.1213975292669617,
    0.0
   ],
   [
    0.05747165610695037,
    0.018150985801635683,
    0.0
   ],
   [
    -0.06552529959235062,
    0.1309349167928002,
    0.0
   ],
   [
    -0.19401136513872766,
    0.1026857713217528,
    0.0
   ]
  ],
  "positions": [
   [
    -1.1208891865144914,
    0.8319054285754744,
    0.6047910320131874
   ],
   [
    -0.8809050212246701,
    -1.005288466269115,
    0.45689535977102014
   ],
   [
    -1.2081895703298895,
    0.7176166852778378,
    0.48231639225853834
   ],
   [
    -0.8552690089640723,
    1.0383050668438327,
    0.6083144701384272
   ],
   [
    -1.0254901398210292,
    0.8315126861157265,
    0.5161204147270078
   ],
   [
    1.0505560596694408,
    0.8865681501578891,
    0.4806420046903785
   ],
   [
    0.08344330483069372,
    1.3399541574846836,
    0.4552711526785011
   ],
   [
    1.244395130576248,
    -0.6747946757375113,
    0.5968399785655418
   ],
   [
    -0.06257107971201167,
    -1.395936522027441,
    0.5636619065570896
   ],
   [
    -1.3893832046883712,
    0.27006232240183714,
    0.6438376060304989
   ],
   [
    -0.787565613062061,
    -1.0668545444523634,
    0.6299986106442182
   ],
   [
    -0.43448508070626296,
    1.2426686635148287,
    0.5678894812934817
   ],
   [
    1.3816285242952582,
    0.0899409455846311,
    0.579997497975345
   ],
   [
    -1.2223638461117912,
    0.47243183118418824,
    0.5894273918600359
   ],
   [
    -1.3994611044994474,
    -0.1546518783200543,
    0.5519235613472175
   ],
   [
    1.4508817164117729,
    -0.09331310928265184,
    0.48152843465834433
   ],
   [
    1.393101021420289,
    0.37572163674130005,
    0.5323246894368991
   ],
   [
    0.06114364590459578,
    -1.3318700041732814,
    0.46170416463715647
   ],
   [
    -0.7740174045145951,
    1.1877249875435172,
    0.6030900274381261
   ],
   [
    1.2886424002308174,
    -0.28206288254896145,
    0.5230642617425221
   ],
   [
    0.3186274261986923,
    1.2795601372077625,
    0.5205517806613398
   ],
   [
    1.0238130170720705,
    1.0699936844290476,
    0.5163071442427944
   ],
   [
    -0.09538424782861561,
    1.4398003409669737,
    0.47300332315571925
   ],
   [
    -1.1858632136127731,
    0.6488334533345161,
    0.45992219208974716
   ],
   [
    1.3026653853536554,
    0.5212124084364098,
    0.5485593299557154
   ]
  ]
 },
 "appearance_assets": {
  "floor_pbr": "Planks011",
  "background_hdr": "lythwood_lounge_4k.hdr"
 },
 "environment_strength": 0.71233479097764
}