{
 "objects": [
  {
   "obj_subpath": "tractor/tractor_001/tractor_001.blend",
   "obj_location": [
    0.06532079588949435,
    0.40110798177337514
   ],
   "obj_pose": [
    [
     0.5642225052684368,
     -0.8256226749741729,
     -0.00045680587338278256
    ],
    [
     0.8256228102368163,
     0.5642224046417668,
     0.00031205553600978164
    ],
    [
     9.999194361398622e-08,
     -0.0005532181239686906,
     0.9999998211860657
    ]
   ],
   "obj_scale": 0.6988351599226142,
   "obj_color": {
    "type": "random-mono",
    "color": [
     [
      0.9726076588221816,
      0.9234644694581325,
      0.9351622605900248
     ],
     [
      0.3516265758347236,
      0.16106851646952053,
      0.20642797330981238
     ],
     [
      0.9283738888013184,
      0.8430990669577139,
      0.8633974453829765
     ]
    ],
    "randomness": 0.6138692827518247,
    "scale": 4.007860514722497,
    "specular": 0.7529060095903075,
    "roughness": 0.24898284281265318,
    "clever": true
   }
  },
  {
   "obj_subpath": "Cube Hole/Cube Hole/Cube Hole.blend",
   "obj_location": [
    -0.09951643587768333,
    -0.18190716225830705
   ],
   "obj_pose": [
    [
     0.9836937574245742,
     0.17985158215574001,
     0.0
    ],
    [
     -0.17985158215574001,
     0.9836937574245742,
     0.0
    ],
    [
     0.0,
     0.0,
     1.0
    ]
   ],
   "obj_scale": 0.6911975116527608,
   "obj_color": {
    "type": "random-mono",
    "color": [
     [
      0.4204884417213364,
      0.6125437605582508,
      0.320249844655936
     ],
     [
      0.6490577504706959,
      0.749375167953508,
      0.5966995171731321
     ]
    ],
    "randomness": 0.03372045924760214,
    "scale": 3.95388333026579,
    "specular": 0.8361939839705336,
    "roughness": 0.12366679783049182,
    "clever": false
   }
  },
  {
   "obj_subpath": "Wireframe Icosphere/Wireframe Icosphere/Wireframe Icosphere.blend",
   "obj_location": [
    0.47944924641362485,
    -0.3649246688152843
   ],
   "obj_pose": [
    [
     -0.3255285146310575,
     0.9455322237565981,
     0.0
    ],
    [
     -0.9455322237565981,
     -0.3255285146310575,
     0.0
    ],
    [
     0.0,
     0.0,
     1.0
    ]
   ],
   "obj_scale": 0.6868725672369419,
   "obj_color": {
    "type": "random-mono",
    "color": [
     [
      0.8674033003285114,
      0.9310703731270609,
      0.8552525574291627
     ],
     [
      0.0475588336828978,
      0.10768679314390202,
      0.036083524007756426
     ],
     [
      0.37540682991620394,
      0.6680478786960801,
      0.3195568278787134
     ],
     [
      0.2133441033259413,
      0.30392058375388703,
      0.19605774983062346
     ]
    ],
    "randomness": 0.5361487109918711,
    "scale": 3.3099198276944835,
    "specular": 0.6222535107965487,
    "roughness": 0.20641015715661332,
    "clever": false
   }
  }
 ],
 "camera": {
  "track_to_point": [
   [
    0.2397898170142714,
    -0.19359854096861986,
    0.0
   ],
   [
    0.10262018859818614,
    -0.02917991582590459,
    0.0
   ],
   [
    0.19126244708524193,
    -0.1449900613182337,
    0.0
   ],
   [
    0.10449610967560037,
    -0.053542580590976184,
    0.0
   ],
   [
    0.1829758886509827,
    -0.07009721660022872,
    0.0
   ],
   [
    0.08556371844288899,
    -0.1399760848361506,
    0.0
   ],
   [
    0.23568910672746368,
    -0.07283261200130436,
    0.0
   ],
   [
    0.10127112126989675,
    -0.06172675740596064,
    0.0
   ],
   [
    0.2206382462807509,
    0.009738634537277253,
    0.0
   ],
   [
    0.24293876673928802,
    -0.07670816473294856,
    0.0
   ],
   [
    0.14550299907884817,
    0.06854701893779486,
    0.0
   ],
   [
    0.19428027082565424,
    -0.0747799465862993,
    0.0
   ],
   [
    0.18173601674909862,
    0.05714975120601263,
    0.0
   ],
   [
    0.24160551613418665,
    -0.1332919508180463,
    0.0
   ],
   [
    0.16742971340666793,
    -0.009933486113399413,
    0.0
   ],
   [
    0.2468394835556128,
    -0.12620940122026286,
    0.0
   ],
   [
    0.2900944440735632,
    -0.07779593556188977,
    0.0
   ],
   [
    0.08539432826078358,
    -0.01604482557002817,
    0.0
   ],
   [
    0.21081849670224007,
    0.06946169186191037,
    0.0
   ],
   [
    0.09932093744309252,
    -0.1639230977626578,
    0.0
   ],
   [
    0.16056304180104372,
    -0.008314588383602516,
    0.0
   ],
   [
    0.2969479888123341,
    -0.0463639555570946,
    0.0
   ],
   [
    0.08022646884679496,
    -0.11479325013068983,
    0.0
   ],
   [
    0.21764809035303753,
    -0.18010575982371926,
    0.0
   ],
   [
    0.08298048514861711,
    -0.14900191532049378,
    0.0
   ]
  ],
  "positions": [
   [
    -0.017999618008418712,
    -1.4069680371294986,
    0.5992162101240286
   ],
   [
    1.1533323742890318,
    0.6789560889608256,
    0.5753742789452821
   ],
   [
    -1.2026128689643136,
    0.5274243297221949,
    0.5068582568894311
   ],
   [
    0.4871704375900859,
    1.321944569117401,
    0.5606240640133422
   ],
   [
    -0.5196035425374627,
    1.3079235573926842,
    0.6138464675700852
   ],
   [
    -0.35805084060111375,
    -1.4369515092888612,
    0.6137750393434376
   ],
   [
    1.002327980394557,
    -1.018152298606746,
    0.6193893328913044
   ],
   [
    1.3305280976562348,
    0.31502395539743594,
    0.4529565507314791
   ],
   [
    0.2310282263010899,
    -1.4758434215259861,
    0.5271332397371687
   ],
   [
    1.0613181010989488,
    -0.7759536679064707,
    0.6289992654751781
   ],
   [
    0.6761926392189176,
    -1.3213361933711756,
    0.6172441523219265
   ],
   [
    1.4808641408020609,
    -0.15262716993297099,
    0.5102067884919609
   ],
   [
    0.763584599680332,
    -1.2102625113755805,
    0.5762633044769803
   ],
   [
    0.6861716296457074,
    -1.2961888315808685,
    0.6355443740413476
   ],
   [
    -1.1723014763781978,
    0.7631785927048677,
    0.5624026857604003
   ],
   [
    1.1639568263313482,
    -0.6614201003118864,
    0.4575211903468143
   ],
   [
    1.3454118526610346,
    -0.21889972212663125,
    0.5842629715082354
   ],
   [
    0.39663411917257557,
    1.2444175983369459,
    0.5771895002526495
   ],
   [
    -1.1866826572181743,
    0.5537294645713475,
    0.5412448521890325
   ],
   [
    0.9231090350554155,
    0.9932193245661937,
    0.5918663329884841
   ],
   [
    -1.3757858562340648,
    0.25672568422757663,
    0.6266276808559017
   ],
   [
    0.9558278536771367,
    0.9542495490428609,
    0.538197529202949
   ],
   [
    -1.4611744165654599,
    0.17452550730533378,
    0.576834160500739
   ],
   [
    -0.2164027998824098,
    -1.4625653797168257,
    0.4865543654827646
   ],
   [
    -0.4612590329463345,
    -1.2405556844227443,
    0.4922428815381228
   ]
  ]
 },
 "appearance_assets": {
  "floor_pbr": "Tiles072",
  "background_hdr": "colorful_studio_4k.hdr"
 },
 "environment_strength": 0.7250200245288348
}