{
 "objects": [
  {
   "obj_subpath": "closet/closet_007/closet_007.blend",
   "obj_location": [
    0.44928988778133283,
    -0.49494902573405486
   ],
   "obj_pose": [
    [
     -0.39465691944107134,
     -0.9188285440313847,
     -2.9577586673183747e-06
    ],
    [
     0.9188285440313846,
     -0.39465691944107134,
     -2.5123636644489734e-06
    ],
    [
     1.1411315199438832e-06,
     -3.709194743350963e-06,
     1.0
    ]
   ],
   "obj_scale": 0.6069988082463884,
   "obj_color": {
    "type": "random-multi",
    "color": [
     [
      0.2390377511524696,
      0.7439671756337918,
      0.009680730521077985
     ],
     [
      0.09643933390861259,
      0.7574805850028236,
      0.855189507553953
     ],
     [
      0.6392383879750504,
      0.2947836556760467,
      0.13929282938812326
     ],
     [
      0.5943906013901666,
      0.822186331404873,
      0.10559532220397183
     ]
    ],
    "randomness": 0.10501204397816877,
    "scale": 1.319098952672717,
    "specular": 0.6061093788909542,
    "roughness": 0.2739423805111274,
    "clever": false
   }
  },
  {
   "obj_subpath": "Formation Grid Box Cylinder/Formation Grid Box Cylinder/Formation Grid Box Cylinder.blend",
   "obj_location": [
    -0.07081241686839046,
    -0.11499696445145724
   ],
   "obj_pose": [
    [
     0.9983226178961307,
     -0.05789603265350914,
     0.0
    ],
    [
     0.05789603265350914,
     0.9983226178961307,
     0.0
    ],
    [
     0.0,
     0.0,
     1.0
    ]
   ],
   "obj_scale": 0.6580899218627887,
   "obj_color": {
    "type": "random-multi",
    "color": [
     [
      0.7816157716216843,
      0.5534093846223891,
      0.18971652818346518
     ],
     [
      0.1566205376789236,
      0.7059873972371282,
      0.4274966469959849
     ],
     [
      0.42523146576448134,
      0.8009856275649653,
      0.19294529179521902
     ],
     [
      0.03221211433417215,
      0.5594692742125726,
      0.6153490266955722
     ]
    ],
    "randomness": 0.7254369634759961,
    "scale": 0.6982694184692777,
    "specular": 0.8425143968569253,
    "roughness": 0.23827794197131436,
    "clever": false
   }
  },
  {
   "obj_subpath": "Vase Sphere/Vase Sphere/Vase Sphere.blend",
   "obj_location": [
    0.3072989504090867,
    0.42956861567004556
   ],
   "obj_pose": [
    [
     -0.48662837984715207,
     -0.8736090772922039,
     0.0
    ],
    [
     0.8736090772922039,
     -0.48662837984715207,
     0.0
    ],
    [
     0.0,
     0.0,
     1.0
    ]
   ],
   "obj_scale": 0.6710804122263987,
   "obj_color": {
    "type": "random-mono",
    "color": [
     [
      0.1808187997882593,
      0.23868480023024727,
      0.07253162596189114
     ],
     [
      0.8217699928018264,
      0.8627704583072195,
      0.7450440310758981
     ],
     [
      0.0038931211163763615,
      0.004693500730207612,
      0.0023953357897938616
     ]
    ],
    "randomness": 0.2605929963599368,
    "scale": 2.4712010898945587,
    "specular": 0.7535155444300166,
    "roughness": 0.20844980025251897,
    "clever": true
   }
  }
 ],
 "camera": {
  "track_to_point": [
   [
    0.18498265710829426,
    -0.03350165685682016,
    0.0
   ],
   [
    0.22291409592946854,
    -0.004497208588481266,
    0.0
   ],
   [
    0.23784300378032389,
    -0.10273864217737166,
    0.0
   ],
   [
    0.1623720584952022,
    0.02821690076080466,
    0.0
   ],
   [
    0.25963154744962713,
    0.05789098637055104,
    0.0
   ],
   [
    0.2785904353416664,
    -0.1171995741045321,
    0.0
   ],
   [
    0.26733962928536004,
    -0.2049869923331778,
    0.0
   ],
   [
    0.1281685920414254,
    -0.13198747688222018,
    0.0
   ],
   [
    0.3155895588881361,
    -0.004931311601225147,
    0.0
   ],
   [
    0.11899422857531725,
    -0.08301519829255866,
    0.0
   ],
   [
    0.2994420625793809,
    -0.1575907582037806,
    0.0
   ],
   [
    0.37858826938595197,
    0.04374214513100602,
    0.0
   ],
   [
    0.19909052030325264,
    -0.046606168479264104,
    0.0
   ],
   [
    0.2868697117200407,
    0.00644907981938031,
    0.0
   ],
   [
    0.23804693968310664,
    -0.1671945181206087,
    0.0
   ],
   [
    0.3719465796438153,
    -0.14858192475631382,
    0.0
   ],
   [
    0.14819326501170121,
    0.03967739216849092,
    0.0
   ],
   [
    0.27389519839696425,
    -0.05536400108197587,
    0.0
   ],
   [
    0.10917600911334258,
    0.059038636648596626,
    0.0
   ],
   [
    0.13081579849766212,
    -0.20402676883886608,
    0.0
   ],
   [
    0.2728200366345815,
    0.009118105711015762,
    0.0
   ],
   [
    0.08393519936328231,
    -0.17404374801551487,
    0.0
   ],
   [
    0.19172931187982145,
    -0.04646364282179624,
    0.0
   ],
   [
    0.32446020890062194,
    0.04739495318727374,
    0.0
   ],
   [
    0.13489959234780538,
    -0.01345498917602958,
    0.0
   ]
  ],
  "positions": [
   [
    -0.28107936074930173,
    1.395089920034331,
    0.616037514341818
   ],
   [
    0.018606787834768712,
    1.3472970314987678,
    0.5979030074196663
   ],
   [
    -1.3868312415439024,
    -0.33290370585650586,
    0.5210392350460292
   ],
   [
    -0.7417894544989175,
    -1.2518713545218927,
    0.4512966755630844
   ],
   [
    1.3416728676781489,
    -0.25774932156008773,
    0.5689446126793424
   ],
   [
    1.2928286334306214,
    0.5150979199075667,
    0.4502242315758877
   ],
   [
    0.09511646764851646,
    -1.3235192534615026,
    0.4926817915176394
   ],
   [
    -0.6615077725326992,
    1.2303133632484995,
    0.5719604192738406
   ],
   [
    1.2454650519367987,
    0.42376622071821934,
    0.6477368281567742
   ],
   [
    -1.410192188384912,
    -0.4691034507990603,
    0.5967147428846853
   ],
   [
    1.1394521252905607,
    -0.8102238007750991,
    0.4648907517256768
   ],
   [
    1.2536222359553533,
    0.641123424280416,
    0.593891873069494
   ],
   [
    1.0193657636642888,
    0.9195078300524121,
    0.6114527830619263
   ],
   [
    -0.35458607740029785,
    -1.4432924584178548,
    0.45677357158967136
   ],
   [
    0.3676911837101686,
    1.3093120040663573,
    0.577811355510026
   ],
   [
    1.1407761768850013,
    -0.7019671698549134,
    0.582049458413641
   ],
   [
    1.2706916153217471,
    0.41530981187138805,
    0.6234791928634988
   ],
   [
    -0.48112968672693707,
    -1.2712937541110196,
    0.5967082548763972
   ],
   [
    0.8328417690067202,
    -1.087117417006849,
    0.5699057651806609
   ],
   [
    0.6213603278668317,
    -1.196312679255902,
    0.49491360540274093
   ],
   [
    -1.2897156776205452,
    0.2486896869516096,
    0.6254036257254937
   ],
   [
    -0.567624857001688,
    -1.2862281612102224,
    0.5925831195534963
   ],
   [
    0.14948716255626057,
    -1.3777704176206351,
    0.5678287038344172
   ],
   [
    1.3028385516467063,
    -0.1901787242367067,
    0.5655326575721347
   ],
   [
    0.6720311038732728,
    1.280623337481115,
    0.5905625637399956
   ]
  ]
 },
 "appearance_assets": {
  "floor_pbr": "Planks001",
  "background_hdr": "cabin_4k.hdr"
 },
 "environment_strength": 0.7147288774153834
}