{
 "objects": [
  {
   "obj_subpath": "dog/dog_024/dog_024.blend",
   "obj_location": [
    0.05185466127974958,
    -0.1298569079556826
   ],
   "obj_pose": [
    [
     -0.9992375077286906,
     -0.03904315629004306,
     -1.1383589514584564e-05
    ],
    [
     0.039043156290043055,
     -0.9992375077286906,
     -0.00015521221636462923
    ],
    [
     -5.314934242051095e-06,
     -0.00015553832054138184,
     1.0
    ]
   ],
   "obj_scale": 0.6755424777096628,
   "obj_color": {
    "type": "random-multi",
    "color": [
     [
      0.16114235057244097,
      0.6256020538627634,
      0.11990559886552654
     ],
     [
      0.023337665766820948,
      0.581692665309328,
      0.4463213469479248
     ],
     [
      0.37565434578289253,
      0.13471077477016802,
      0.804784956810182
     ]
    ],
    "randomness": 2.8577628990114516,
    "scale": 1.1000637070140018,
    "specular": 0.8810601505845372,
    "roughness": 0.12555922373553993,
    "clever": false
   }
  },
  {
   "obj_subpath": "Wireframe Cube/Wireframe Cube/Wireframe Cube.blend",
   "obj_location": [
    0.35319496525656213,
    0.4872364559552226
   ],
   "obj_pose": [
    [
     0.21308422458714724,
     0.9770338342309821,
     0.0
    ],
    [
     -0.9770338342309821,
     0.21308422458714724,
     0.0
    ],
    [
     0.0,
     0.0,
     1.0
    ]
   ],
   "obj_scale": 0.6153241646511503,
   "obj_color": {
    "type": "random-multi",
    "color": [
     [
      0.5767779934327052,
      0.5815029870348712,
      0.02738634431267617
     ],
     [
      0.9351890810202688,
      0.1314277543760356,
      0.22491511117863847
     ],
     [
      0.22866763431601295,
      0.06823158521968054,
      0.9360597344739282
     ],
     [
      0.3209272746463199,
      0.6961094676494368,
      0.014210244848591902
     ]
    ],
    "randomness": 1.9470306279104328,
    "scale": 0.8939594174739652,
    "specular": 0.7013028038304907,
    "roughness": 0.2627378031410343,
    "clever": false
   }
  },
  {
   "obj_subpath": "Cube Hole/Cube Hole/Cube Hole.blend",
   "obj_location": [
    -0.43186798155870276,
    0.2507887029569569
   ],
   "obj_pose": [
    [
     0.9998756437809971,
     0.015770129154082865,
     0.0
    ],
    [
     -0.015770129154082865,
     0.9998756437809971,
     0.0
    ],
    [
     0.0,
     0.0,
     1.0
    ]
   ],
   "obj_scale": 0.6650049755423403,
   "obj_color": {
    "type": "random-mono",
    "color": [
     [
      0.6469794022915955,
      0.44957203489383823,
      0.5291847212981408
     ],
     [
      0.9312499791765017,
      0.7533152995553147,
      0.8250748191510993
     ]
    ],
    "randomness": 0.5931117725476395,
    "scale": 4.4276918129552705,
    "specular": 0.8908799380502214,
    "roughness": 0.1551583205076742,
    "clever": false
   }
  }
 ],
 "camera": {
  "track_to_point": [
   [
    0.025548632043923797,
    0.32645957865460296,
    0.0
   ],
   [
    0.11108691506105753,
    0.32563910489699455,
    0.0
   ],
   [
    0.005918322256362074,
    0.05724352600280175,
    0.0
   ],
   [
    0.10466130613021837,
    0.1935356051493545,
    0.0
   ],
   [
    -0.118961630437985,
    0.32718485554468674,
    0.0
   ],
   [
    -0.0007639352150943524,
    0.16008079963764604,
    0.0
   ],
   [
    -0.12543036418092585,
    0.14924630359915594,
    0.0
   ],
   [
    0.042995207656000844,
    0.2353590752369493,
    0.0
   ],
   [
    0.1355222839945933,
    0.08188613288747251,
    0.0
   ],
   [
    0.02871268612835251,
    0.2330787632967268,
    0.0
   ],
   [
    -0.14433202257938826,
    0.08198146639497648,
    0.0
   ],
   [
    0.00939603888248533,
    0.2302559586612743,
    0.0
   ],
   [
    0.12834525658550108,
    0.1105333132925607,
    0.0
   ],
   [
    0.10759645764803025,
    0.33674838124546885,
    0.0
   ],
   [
    0.07168568573852804,
    0.07818996331748274,
    0.0
   ],
   [
    -0.12514851763983081,
    0.14537419402201807,
    0.0
   ],
   [
    -0.04559001768108131,
    0.2770649159977221,
    0.0
   ],
   [
    0.024213025840952973,
    0.3177530090233752,
    0.0
   ],
   [
    0.03393469366340762,
    0.27752394344118664,
    0.0
   ],
   [
    -0.012053174720022791,
    0.09640558563566201,
    0.0
   ],
   [
    0.14039097433508405,
    0.14743022883724224,
    0.0
   ],
   [
    0.016235036937728736,
    0.18821792139390822,
    0.0
   ],
   [
    -0.12197067782340934,
    0.06939533628508493,
    0.0
   ],
   [
    0.101909878758675,
    0.28152170505960633,
    0.0
   ],
   [
    0.08629343174578724,
    0.2379857050274796,
    0.0
   ]
  ],
  "positions": [
   [
    -1.425869787898138,
    -0.20887134870950858,
    0.502723392856553
   ],
   [
    -0.43445650248168205,
    1.3275406771268636,
    0.4549830667143751
   ],
   [
    -0.23270180477412247,
    1.3152530857623574,
    0.5948207388630763
   ],
   [
    -0.43015022110426976,
    1.4205640994631645,
    0.48133410837296775
   ],
   [
    -1.018469008773801,
    0.9690570380527765,
    0.5236708293063707
   ],
   [
    -1.3484051697761517,
    0.5691334390635121,
    0.5493922657916016
   ],
   [
    -1.3840390486003809,
    -0.2348509713255545,
    0.47862747509548237
   ],
   [
    -1.3852641361659945,
    0.16565815497973527,
    0.6176900171914436
   ],
   [
    -1.384102484826296,
    0.05049696844405881,
    0.5088982630191689
   ],
   [
    1.1109146986020138,
    -0.9860875702808551,
    0.4708413800670556
   ],
   [
    1.0745466578741119,
    0.7421282387714377,
    0.584915470482817
   ],
   [
    -0.03390203666241021,
    -1.354678646905842,
    0.5096830152874648
   ],
   [
    -1.2036537351717311,
    0.8025447632541596,
    0.45236790532775145
   ],
   [
    -0.8204764566990577,
    -1.0309608757906557,
    0.47069696136310685
   ],
   [
    0.11188816493571858,
    1.333419159147049,
    0.49678815060648757
   ],
   [
    -0.6974829389353068,
    1.261729020280045,
    0.5154968886111608
   ],
   [
    -1.2642234442846703,
    -0.4047815648959217,
    0.5603359995082818
   ],
   [
    1.289226187287375,
    -0.5673496440746414,
    0.6128519668175753
   ],
   [
    1.3128957337612286,
    -0.46665371031852515,
    0.5793405531975965
   ],
   [
    1.10186716851526,
    0.772322351514498,
    0.5775392754714029
   ],
   [
    -0.9145111544989462,
    -1.169509146265322,
    0.5097838564504568
   ],
   [
    0.6266248412898837,
    1.2074628592036971,
    0.6113514767225792
   ],
   [
    -1.3843661895977257,
    -0.5004096927310608,
    0.5320200766680826
   ],
   [
    -0.10095540468220596,
    -1.4297072762027911,
    0.5789872478039727
   ],
   [
    -1.2286971172820764,
    -0.7331589511559291,
    0.5988895233341287
   ]
  ]
 },
 "appearance_assets": {
  "floor_pbr": "Planks001",
  "background_hdr": "wooden_lounge_4k.hdr"
 },
 "environment_strength": 0.4809310301059671
}