{
 "objects": [
  {
   "obj_subpath": "mug/mug_075/mug_075.blend",
   "obj_location": [
    -0.28800677743965697,
    0.35285664904927483
   ],
   "obj_pose": [
    [
     0.0966847894826562,
     0.9953150402826447,
     0.000310825231677765
    ],
    [
     -0.9953150402826447,
     0.09668478948265621,
     -9.563550576982042e-05
    ],
    [
     -0.0001252395159099251,
     -0.00030012254137545824,
     0.9999999403953552
    ]
   ],
   "obj_scale": 0.6500960000098223,
   "obj_color": {
    "type": "random-multi",
    "color": [
     [
      0.8438046509090347,
      0.6995016299493648,
      0.23357580731019745
     ],
     [
      0.7956881971970493,
      0.41662899959807004,
      0.17219924300786005
     ],
     [
      0.031048773388673512,
      0.6277071674084359,
      0.5300275303649055
     ]
    ],
    "randomness": 3.6414468215124574,
    "scale": 1.4025015535054335,
    "specular": 0.6326272604034209,
    "roughness": 0.2594044278606513,
    "clever": false
   }
  },
  {
   "obj_subpath": "Torus Knot Fourier/Torus Knot Fourier/Torus Knot Fourier.blend",
   "obj_location": [
    -0.4725297416676346,
    -0.49552688363245145
   ],
   "obj_pose": [
    [
     0.07436874712868252,
     -0.9972308105200671,
     0.0
    ],
    [
     0.9972308105200671,
     0.07436874712868252,
     0.0
    ],
    [
     0.0,
     0.0,
     1.0
    ]
   ],
   "obj_scale": 0.6128747238929015,
   "obj_color": {
    "type": "random-multi",
    "color": [
     [
      0.11378136542105632,
      0.3710358378500019,
      0.841047529947171
     ],
     [
      0.7952887341756502,
      0.16873536880071072,
      0.3782105614504644
     ]
    ],
    "randomness": 1.2772631199544464,
    "scale": 1.068795957350018,
    "specular": 0.6136730222533268,
    "roughness": 0.2657298788766659,
    "clever": true
   }
  },
  {
   "obj_subpath": "Tier Stack Cylinder/Tier Stack Cylinder/Tier Stack Cylinder.blend",
   "obj_location": [
    0.3954906162266235,
    -0.32980780068630433
   ],
   "obj_pose": [
    [
     -0.9968043062141645,
     -0.07988225781046875,
     0.0
    ],
    [
     0.07988225781046875,
     -0.9968043062141645,
     0.0
    ],
    [
     0.0,
     0.0,
     1.0
    ]
   ],
   "obj_scale": 0.6693154577714019,
   "obj_color": {
    "type": "random-multi",
    "color": [
     [
      0.4215962494729284,
      0.00743975707585165,
      0.6539131334766254
     ],
     [
      0.8298658183240994,
      0.2625936612730144,
      0.5424754222534204
     ],
     [
      0.1748927558648119,
      0.8522147216608866,
      0.6537807552104933
     ]
    ],
    "randomness": 1.217528549130673,
    "scale": 0.9106697174137941,
    "specular": 0.8801776884630872,
    "roughness": 0.1980771226275911,
    "clever": false
   }
  }
 ],
 "camera": {
  "track_to_point": [
   [
    -0.24349693222819263,
    -0.11043106367396027,
    0.0
   ],
   [
    0.015543314418359752,
    -0.08190027150461904,
    0.0
   ],
   [
    -0.04684461852994222,
    -0.050302458761215196,
    0.0
   ],
   [
    -0.1773034690258831,
    -0.24208770621447945,
    0.0
   ],
   [
    -0.06284524425523193,
    -0.12935042518608417,
    0.0
   ],
   [
    -0.24433024751675803,
    -0.20409028114695088,
    0.0
   ],
   [
    -0.11292237906180293,
    -0.1446729083128572,
    0.0
   ],
   [
    -0.07749154336116142,
    -0.07590868292290942,
    0.0
   ],
   [
    -0.03653544076406896,
    -0.1963731311040116,
    0.0
   ],
   [
    0.0044378140461339005,
    -0.2987009247196747,
    0.0
   ],
   [
    -0.22783876486905075,
    -0.14948527296020464,
    0.0
   ],
   [
    0.010265806704536126,
    -0.12125587441896704,
    0.0
   ],
   [
    -0.06955619960076052,
    -0.17553814665910825,
    0.0
   ],
   [
    -0.0037656212475734724,
    -0.307178256814584,
    0.0
   ],
   [
    -0.055761194552947965,
    -0.11727002996431538,
    0.0
   ],
   [
    -0.041801655660184275,
    -0.28250972083610226,
    0.0
   ],
   [
    -0.10596496805975998,
    -0.08427152794285611,
    0.0
   ],
   [
    -0.203231910755659,
    -0.10034798294590452,
    0.0
   ],
   [
    -0.15624559918944347,
    -0.2902706582361536,
    0.0
   ],
   [
    -0.07518901138787683,
    -0.06286509065761689,
    0.0
   ],
   [
    0.0217995693565433,
    -0.20989436292722452,
    0.0
   ],
   [
    -0.07451914626075305,
    -0.24109860170663994,
    0.0
   ],
   [
    -0.25387498652912355,
    -0.0784144862058215,
    0.0
   ],
   [
    -0.2146799313791193,
    -0.299087077202419,
    0.0
   ],
   [
    -0.05128945695812141,
    -0.14973262052717778,
    0.0
   ]
  ],
  "positions": [
   [
    0.5225720591345678,
    -1.3834509081291486,
    0.5960626541315488
   ],
   [
    0.1677444012651236,
    1.330524487275648,
    0.5713828012020944
   ],
   [
    -0.224468782445259,
    1.303856239847133,
    0.5781579707234912
   ],
   [
    -0.0216255190584747,
    1.4839342552742179,
    0.6159600925824249
   ],
   [
    -0.6090236954611855,
    -1.2997263616586672,
    0.5246504146210623
   ],
   [
    1.0975793619006626,
    -0.8451070063871349,
    0.5643239754732905
   ],
   [
    1.2693753629030347,
    0.29495612658930426,
    0.47376705034071265
   ],
   [
    -0.6731436804497949,
    1.254844778292478,
    0.5739642060719768
   ],
   [
    0.8460427041943122,
    -0.987667880017396,
    0.6022551120786936
   ],
   [
    1.0332426187184758,
    -1.0700211203419034,
    0.5304070891187882
   ],
   [
    -0.908751857112791,
    -1.1088241422660654,
    0.5033424741330781
   ],
   [
    0.13462374203435956,
    1.3750759740239658,
    0.5501306335964566
   ],
   [
    0.9890935805700252,
    -1.0719194247203248,
    0.48701988547210157
   ],
   [
    -1.2465987450127585,
    -0.7928549296041456,
    0.580259664463903
   ],
   [
    0.16535932598642653,
    -1.3172499306795176,
    0.6076965469280552
   ],
   [
    0.09136099169386663,
    1.4088217979019955,
    0.47531350247391185
   ],
   [
    1.0480029646471274,
    0.9546002422370707,
    0.5788955895409
   ],
   [
    0.4916911571443955,
    1.3533506063564478,
    0.6250544326018403
   ],
   [
    0.17120566585685562,
    -1.4139865657363084,
    0.4613782952640112
   ],
   [
    0.05117249461773326,
    -1.31857984474333,
    0.5843911864272815
   ],
   [
    -0.39106687648023064,
    1.4081066141388678,
    0.45693775600286424
   ],
   [
    -0.39037922787297574,
    1.4028681484233925,
    0.5666027067224738
   ],
   [
    -0.7242583406852867,
    -1.2445302246272154,
    0.6482689099568706
   ],
   [
    -0.10362440622800184,
    1.3982459588631098,
    0.47387628628239076
   ],
   [
    0.5001474154125818,
    1.2684851807579687,
    0.4751387533965504
   ]
  ]
 },
 "appearance_assets": {
  "floor_pbr": "Fabric024",
  "background_hdr": "moonlit_golf_4k.hdr"
 },
 "environment_strength": 0.6803699871282574
}