{
 "objects": [
  {
   "obj_subpath": "sofa/sofa_042/sofa_042.blend",
   "obj_location": [
    0.07449521218394228,
    -0.1929742594001338
   ],
   "obj_pose": [
    [
     0.3170861135121065,
     0.9483967461695959,
     4.1285855891846895e-06
    ],
    [
     -0.9483967461695959,
     0.3170861135121066,
     5.877379313529034e-07
    ],
    [
     -7.517082281083276e-07,
     -4.1019006857823115e-06,
     1.0
    ]
   ],
   "obj_scale": 0.688348209106477,
   "obj_color": {
    "type": "random-mono",
    "color": [
     [
      0.06802386772987344,
      0.15284494573218274,
      0.05814825513098845
     ],
     [
      0.02198756011877665,
      0.06214321350874727,
      0.01731228734608617
     ],
     [
      0.3078133205348804,
      0.7190629882982195,
      0.2599320332899774
     ]
    ],
    "randomness": 0.35677714947577943,
    "scale": 2.209785422331617,
    "specular": 0.6778289199038428,
    "roughness": 0.20770002887434852,
    "clever": false
   }
  },
  {
   "obj_subpath": "42370/42370/42370.blend",
   "obj_location": [
    -0.4078631696775179,
    0.30082162030523585
   ],
   "obj_pose": [
    [
     0.40432872544329646,
     0.9146137336501128,
     0.0
    ],
    [
     -0.9146137336501128,
     0.40432872544329646,
     0.0
    ],
    [
     0.0,
     0.0,
     1.0
    ]
   ],
   "obj_scale": 0.6892080073559036,
   "obj_color": {
    "type": "random-multi",
    "color": [
     [
      0.7148172751982506,
      0.015002143527800382,
      0.060967677291785226
     ],
     [
      0.26273640277730015,
      0.14212838349694235,
      0.8248423878485885
     ]
    ],
    "randomness": 3.3115424890955447,
    "scale": 0.6089713606275814,
    "specular": 0.6996414222799625,
    "roughness": 0.1253502053151886,
    "clever": false
   }
  },
  {
   "obj_subpath": "Cube Hole/Cube Hole/Cube Hole.blend",
   "obj_location": [
    0.4517844802369365,
    0.289131713685872
   ],
   "obj_pose": [
    [
     -0.9332286125422512,
     -0.35928311501163657,
     0.0
    ],
    [
     0.35928311501163657,
     -0.9332286125422512,
     0.0
    ],
    [
     0.0,
     0.0,
     1.0
    ]
   ],
   "obj_scale": 0.6234469335543815,
   "obj_color": {
    "type": "random-multi",
    "color": [
     [
      0.6315371862884414,
      0.052692716575259424,
      0.55865839699804
     ],
     [
      0.6547621068708832,
      0.24444733177806022,
      0.1531830888475475
     ],
     [
      0.1277737724942889,
      0.3301184416408356,
      0.8446519447550428
     ],
     [
      0.028086446121282194,
      0.34972761286625487,
      0.7007198898917479
     ]
    ],
    "randomness": 1.2943458287751508,
    "scale": 1.139622274339232,
    "specular": 0.6282719283673884,
    "roughness": 0.13275014835780236,
    "clever": false
   }
  }
 ],
 "camera": {
  "track_to_point": [
   [
    0.1736942490594215,
    0.12627278235883688,
    0.0
   ],
   [
    0.15268594839477362,
    0.18893047340373242,
    0.0
   ],
   [
    0.09679431877466568,
    0.030595750274481387,
    0.0
   ],
   [
    0.05062267004379865,
    0.22664156728650922,
    0.0
   ],
   [
    0.1514505697504867,
    0.09035665952858761,
    0.0
   ],
   [
    -0.03590834827804577,
    0.10357433288172475,
    0.0
   ],
   [
    0.10080066731992235,
    0.07983395388528328,
    0.0
   ],
   [
    0.06809422254556954,
    0.0624704080441153,
    0.0
   ],
   [
    0.1583402228706386,
    0.2105180809674548,
    0.0
   ],
   [
    -0.05454909319141454,
    0.15292205526198016,
    0.0
   ],
   [
    0.05222103612627197,
    0.2710648451665364,
    0.0
   ],
   [
    0.05767861781069051,
    0.08707759584904075,
    0.0
   ],
   [
    0.08942236939475437,
    0.26682531052623515,
    0.0
   ],
   [
    0.1251993057162763,
    0.12318491375114113,
    0.0
   ],
   [
    0.0489655710037813,
    0.2412034639101764,
    0.0
   ],
   [
    -0.10026414857971838,
    -0.008191888022207244,
    0.0
   ],
   [
    -0.06442976369452744,
    0.22759572896071098,
    0.0
   ],
   [
    0.15877615315725985,
    0.06182896898560439,
    0.0
   ],
   [
    -0.08803628139316688,
    0.10710410454208211,
    0.0
   ],
   [
    0.013504136198833318,
    0.10639836602910427,
    0.0
   ],
   [
    0.07297311265755363,
    0.01505173460111428,
    0.0
   ],
   [
    -0.05348762730487102,
    0.12561899255321723,
    0.0
   ],
   [
    -0.06995007398071354,
    0.14744939645499133,
    0.0
   ],
   [
    0.1851643931779844,
    0.19547294285577524,
    0.0
   ],
   [
    0.07870661412240057,
    0.1538219306768861,
    0.0
   ]
  ],
  "positions": [
   [
    0.19286094584461735,
    1.3460874937177325,
    0.47349110042229064
   ],
   [
    1.0521920704676828,
    -0.8212951328790036,
    0.5010160368234565
   ],
   [
    1.2328140966243772,
    -0.6805920809599864,
    0.47982039267041326
   ],
   [
    -0.5340359580076367,
    -1.322343192129504,
    0.5147537364885455
   ],
   [
    0.777678529833609,
    1.1289992265088014,
    0.47035492862275474
   ],
   [
    -1.483409611234918,
    -0.22206505166592355,
    0.5346692936384795
   ],
   [
    -0.005675550656925147,
    -1.458828925557541,
    0.5498282970430092
   ],
   [
    0.9589359065838813,
    -1.0625601520611958,
    0.47956497164259443
   ],
   [
    -0.9428500219841138,
    -0.9448058376324008,
    0.5240746215285961
   ],
   [
    -1.278864353845846,
    0.5266502066352889,
    0.5994345352266691
   ],
   [
    -1.3158021723509283,
    0.6551070585881056,
    0.5341244787654386
   ],
   [
    0.08309823261491489,
    -1.3839682582686117,
    0.49992896128536113
   ],
   [
    1.2337444527077115,
    -0.6830470331718559,
    0.6470593956826276
   ],
   [
    -1.0162795708716885,
    -1.075845437253437,
    0.5113087796635272
   ],
   [
    0.9024948605641514,
    1.0432375460013312,
    0.5941044529655446
   ],
   [
    -0.07428922089930805,
    1.4360932099189987,
    0.5876437149605113
   ],
   [
    1.3370484606666848,
    -0.3837941617755123,
    0.6254688092942625
   ],
   [
    -0.44596387298243634,
    1.2269438497647416,
    0.4957069633422676
   ],
   [
    1.3759480422099806,
    0.41721758777026713,
    0.5853099083422527
   ],
   [
    -1.4642146612847728,
    -0.2728242185271373,
    0.5471023326486029
   ],
   [
    -0.20163276265327562,
    -1.4006908144198702,
    0.5892481962703136
   ],
   [
    -0.27718381456932095,
    1.3734445547389267,
    0.6334204405946557
   ],
   [
    -0.9660984489867646,
    0.9085899010238486,
    0.5711010918172792
   ],
   [
    -1.0215445683274476,
    -1.0716082052855114,
    0.46052536273241923
   ],
   [
    1.3955216454136004,
    -0.48739433690103623,
    0.6187567410384036
   ]
  ]
 },
 "appearance_assets": {
  "floor_pbr": "Carpet013",
  "background_hdr": "kiara_interior_4k.hdr"
 },
 "environment_strength": 0.631933603459043
}