{
 "objects": [
  {
   "obj_subpath": "airplane/airplane_015/airplane_015.blend",
   "obj_location": [
    -0.49323295560290625,
    0.0370720655398844
   ],
   "obj_pose": [
    [
     0.6728407771682011,
     0.7174608499367352,
     0.18037508112454625
    ],
    [
     -0.7389648413144062,
     0.6403154343901359,
     0.20958787688607117
    ],
    [
     0.03487414866685867,
     -0.2743101119995117,
     0.9610087275505066
    ]
   ],
   "obj_scale": 0.6611153089744403,
   "obj_color": {
    "type": "random-mono",
    "color": [
     [
      0.366464473346157,
      0.4012293060382691,
      0.21687027192120112
     ],
     [
      0.7622110967631252,
      0.8062126283841609,
      0.5728710805858785
     ],
     [
      0.7120209112376646,
      0.805138469870919,
      0.3113330395096421
     ]
    ],
    "randomness": 0.0390520754665864,
    "scale": 3.9922450531638307,
    "specular": 0.612353733296005,
    "roughness": 0.17863725473982833,
    "clever": false
   }
  },
  {
   "obj_subpath": "Cube Hole/Cube Hole/Cube Hole.blend",
   "obj_location": [
    0.39905339918351623,
    -0.042129286360412244
   ],
   "obj_pose": [
    [
     0.7245910006235826,
     -0.6891791362304255,
     0.0
    ],
    [
     0.6891791362304255,
     0.7245910006235826,
     0.0
    ],
    [
     0.0,
     0.0,
     1.0
    ]
   ],
   "obj_scale": 0.6551918689524534,
   "obj_color": {
    "type": "random-multi",
    "color": [
     [
      0.06228073373576959,
      0.4975167194370653,
      0.991088338402417
     ],
     [
      0.4710505265396285,
      0.024264108599493683,
      0.6455894612651725
     ]
    ],
    "randomness": 3.26626229890055,
    "scale": 1.0955435558920974,
    "specular": 0.7887160107327144,
    "roughness": 0.17405774253708253,
    "clever": false
   }
  },
  {
   "obj_subpath": "Vase Angular/Vase Angular/Vase Angular.blend",
   "obj_location": [
    -0.07302075628524585,
    -0.48129702335579083
   ],
   "obj_pose": [
    [
     0.9324032932461181,
     -0.3614195605439658,
     0.0
    ],
    [
     0.3614195605439658,
     0.9324032932461181,
     0.0
    ],
    [
     0.0,
     0.0,
     1.0
    ]
   ],
   "obj_scale": 0.6731041948291737,
   "obj_color": {
    "type": "random-multi",
    "color": [
     [
      0.20213117593984797,
      0.371373100379338,
      0.846899481230834
     ],
     [
      0.4615065996472004,
      0.27912680440040716,
      0.8203804257000735
     ],
     [
      0.2273605641549573,
      0.9268486681564942,
      0.05716895907444819
     ],
     [
      0.7118267987643275,
      0.4753650499372005,
      0.009621226513268799
     ]
    ],
    "randomness": 3.0833361637154812,
    "scale": 1.1759933111489604,
    "specular": 0.8236632074174688,
    "roughness": 0.25455044629785484,
    "clever": false
   }
  }
 ],
 "camera": {
  "track_to_point": [
   [
    -0.12863970029288588,
    -0.24944554189112747,
    0.0
   ],
   [
    0.06058400319123602,
    -0.28728579249224395,
    0.0
   ],
   [
    -0.143958932117017,
    -0.025238083673735145,
    0.0
   ],
   [
    0.007141347100428928,
    -0.08619996421978798,
    0.0
   ],
   [
    -0.16465323487073472,
    -0.21973084105506543,
    0.0
   ],
   [
    -0.171027451145992,
    -0.13300367286768106,
    0.0
   ],
   [
    0.012368064488066231,
    -0.19187459099386367,
    0.0
   ],
   [
    -0.11131336610937509,
    -0.20560581352426593,
    0.0
   ],
   [
    0.03492068352724683,
    -0.07763864591396197,
    0.0
   ],
   [
    -0.14581673691922065,
    -0.26605907059831324,
    0.0
   ],
   [
    -0.12833916155729735,
    -0.015006447365921272,
    0.0
   ],
   [
    0.03924843359931001,
    -0.1638591994013848,
    0.0
   ],
   [
    -0.15789445442225228,
    -0.2734989331138452,
    0.0
   ],
   [
    -0.13882129676586025,
    -0.11717880489247681,
    0.0
   ],
   [
    0.023908628392375612,
    -0.17019106675478374,
    0.0
   ],
   [
    -0.10222146292407469,
    -0.2645972161608763,
    0.0
   ],
   [
    -0.11332858722136757,
    -0.17656690032213976,
    0.0
   ],
   [
    -0.1016592443831977,
    -0.02724763975913097,
    0.0
   ],
   [
    -0.07262287953761035,
    -0.0252910237744865,
    0.0
   ],
   [
    0.010903795586877062,
    -0.0700641076619081,
    0.0
   ],
   [
    -0.10547850491218483,
    -0.0899697075704459,
    0.0
   ],
   [
    0.044239533837702814,
    -0.25833098988626924,
    0.0
   ],
   [
    -0.07294416567891016,
    -0.051944856105110515,
    0.0
   ],
   [
    -0.09779128989838909,
    -0.3045058118948838,
    0.0
   ],
   [
    -0.1519725726251494,
    -0.2561769465534767,
    0.0
   ]
  ],
  "positions": [
   [
    -0.21409430992493553,
    -1.4704882856277646,
    0.581907611172891
   ],
   [
    -1.1966069109845092,
    0.8209338595036009,
    0.49191478414302114
   ],
   [
    -1.2314994140202191,
    0.4772858329104182,
    0.4979442954989132
   ],
   [
    -0.09786368928973227,
    -1.3269148987478887,
    0.58374537260402
   ],
   [
    1.20692965581833,
    0.5036551017756827,
    0.5143807998679235
   ],
   [
    0.23699883993110266,
    -1.3016226040390042,
    0.6173761478634276
   ],
   [
    -0.7363010976965053,
    1.2033043676970612,
    0.6157348251843732
   ],
   [
    0.15398003230263438,
    -1.2945457277206032,
    0.5903357574318754
   ],
   [
    -0.7533083013407644,
    -1.181259317428891,
    0.6315612990995126
   ],
   [
    0.6375021090922643,
    -1.2295856134013365,
    0.4626341200359638
   ],
   [
    -0.483014646826884,
    1.4057411904202022,
    0.5247564128507805
   ],
   [
    0.9548905843122787,
    0.8938950296050193,
    0.5998951121585223
   ],
   [
    -0.5469301322271112,
    -1.300059224878483,
    0.6097861362544119
   ],
   [
    1.2116113343856234,
    0.6838299259760471,
    0.6097941765272151
   ],
   [
    1.3346382080630437,
    0.005850568168299062,
    0.5864158416744883
   ],
   [
    0.19861354514255972,
    1.3477266176291367,
    0.5327298959783917
   ],
   [
    1.3273111607723642,
    -0.33645768006823734,
    0.631102328401526
   ],
   [
    -0.028009238549218034,
    -1.4933578033960133,
    0.5097246069282506
   ],
   [
    1.2480897050403366,
    0.49187878876183283,
    0.518028961176838
   ],
   [
    -1.133300502302433,
    0.8522067413349557,
    0.4635887599611941
   ],
   [
    -1.266031594862144,
    -0.38204098838546496,
    0.6291525429288531
   ],
   [
    1.382112529475558,
    0.32967520552231977,
    0.519967009462675
   ],
   [
    -1.3217989252428268,
    -0.4802167839676546,
    0.6026492419587406
   ],
   [
    -0.5256128659346219,
    1.3415520819481161,
    0.4754524346945745
   ],
   [
    -1.166261112192193,
    -0.7576148117782071,
    0.5643684634612497
   ]
  ]
 },
 "appearance_assets": {
  "floor_pbr": "Tiles001",
  "background_hdr": "wooden_lounge_4k.hdr"
 },
 "environment_strength": 0.7860565357371004
}