{
 "objects": [
  {
   "obj_subpath": "elephant/elephant_012/elephant_012.blend",
   "obj_location": [
    0.4305959595682287,
    -0.006144991618105
   ],
   "obj_pose": [
    [
     -0.19686639472838405,
     0.8555599199435342,
     0.4788119216415066
    ],
    [
     -0.14414613784001362,
     -0.5083196122981625,
     0.8490188883505987
    ],
    [
     0.9697760343551636,
     0.09812440723180771,
     0.22339670360088348
    ]
   ],
   "obj_scale": 0.6687541324341247,
   "obj_color": {
    "type": "random-mono",
    "color": [
     [
      0.48579610295107256,
      0.4838422537524609,
      0.8332305521926804
     ],
     [
      0.14668213617627934,
      0.14598809398850343,
      0.27009706780544906
     ],
     [
      0.0536959774323197,
      0.05330726371871505,
      0.12281724589810364
     ]
    ],
    "randomness": 0.697833832563744,
    "scale": 4.428698527226917,
    "specular": 0.7436607589281121,
    "roughness": 0.26672268346759276,
    "clever": true
   }
  },
  {
   "obj_subpath": "Vase Sphere/Vase Sphere/Vase Sphere.blend",
   "obj_location": [
    -0.18493141699742954,
    -0.25755403493190043
   ],
   "obj_pose": [
    [
     0.7120737437013559,
     0.70210468131977,
     0.0
    ],
    [
     -0.70210468131977,
     0.7120737437013559,
     0.0
    ],
    [
     0.0,
     0.0,
     1.0
    ]
   ],
   "obj_scale": 0.6386473645912809,
   "obj_color": {
    "type": "random-multi",
    "color": [
     [
      0.10981541503153613,
      0.43409320406731466,
      0.7807840791792916
     ],
     [
      0.22526728426161513,
      0.819327576976652,
      0.5615316816972173
     ],
     [
      0.5750946545484314,
      0.1322737170310272,
      0.3356681917898695
     ]
    ],
    "randomness": 3.781771598061434,
    "scale": 0.8089333149829347,
    "specular": 0.7586291739252637,
    "roughness": 0.1247164804291572,
    "clever": true
   }
  },
  {
   "obj_subpath": "Doughnut Split Thread Round/Doughnut Split Thread Round/Doughnut Split Thread Round.blend",
   "obj_location": [
    -0.15635517114060893,
    0.4562407197178767
   ],
   "obj_pose": [
    [
     -0.9116121380731624,
     0.41105146845337687,
     0.0
    ],
    [
     -0.41105146845337687,
     -0.9116121380731624,
     0.0
    ],
    [
     0.0,
     0.0,
     1.0
    ]
   ],
   "obj_scale": 0.6039712845350667,
   "obj_color": {
    "type": "random-multi",
    "color": [
     [
      0.08016248339913556,
      0.972281570805602,
      0.9915957712438846
     ],
     [
      0.5497132277992035,
      0.6812402690989613,
      0.15357298202798497
     ]
    ],
    "randomness": 0.7110182443639768,
    "scale": 0.9364242063300888,
    "specular": 0.7507969864661379,
    "roughness": 0.17707342059427084,
    "clever": false
   }
  }
 ],
 "camera": {
  "track_to_point": [
   [
    0.1440397355995371,
    0.16599787780004452,
    0.0
   ],
   [
    0.1022120377985896,
    0.04525381021928929,
    0.0
   ],
   [
    0.016574800419757525,
    0.17179104799433523,
    0.0
   ],
   [
    -0.11664822296439374,
    0.004293059822439452,
    0.0
   ],
   [
    0.012602389938703402,
    -0.04002905979178914,
    0.0
   ],
   [
    -0.10109232529369776,
    -0.04354913097064925,
    0.0
   ],
   [
    -0.11695069382595134,
    0.21164539107806016,
    0.0
   ],
   [
    -0.029326871715132426,
    0.03138928456846789,
    0.0
   ],
   [
    0.023986281352293127,
    -0.07987947496469705,
    0.0
   ],
   [
    -0.02549993919340637,
    0.11797365333647425,
    0.0
   ],
   [
    0.12139390400056273,
    0.19398388013919235,
    0.0
   ],
   [
    -0.017026602524517872,
    0.1240665468723853,
    0.0
   ],
   [
    0.1137764941982136,
    -0.018366782779315777,
    0.0
   ],
   [
    -0.002599276197875377,
    0.08357895909318314,
    0.0
   ],
   [
    0.1524998998424374,
    0.20435427317687407,
    0.0
   ],
   [
    -0.07158484774065359,
    0.1783933582497084,
    0.0
   ],
   [
    0.026669409228199954,
    0.12142826818328095,
    0.0
   ],
   [
    -0.017974776926072796,
    -0.06778480038623874,
    0.0
   ],
   [
    -0.10247542453314719,
    0.038585532694245334,
    0.0
   ],
   [
    0.16699606397172256,
    -0.007622001349099239,
    0.0
   ],
   [
    0.028004872902224132,
    0.13154195377828512,
    0.0
   ],
   [
    0.09955960678444013,
    0.043025445089431014,
    0.0
   ],
   [
    -0.01032148835499495,
    -0.07645216455707324,
    0.0
   ],
   [
    -0.01772448391016705,
    0.09502141903223099,
    0.0
   ],
   [
    0.033338387292849866,
    -0.05018458715271848,
    0.0
   ]
  ],
  "positions": [
   [
    0.07101146436971206,
    -1.4479390557052079,
    0.5570301952250507
   ],
   [
    -1.2584571639897324,
    -0.7622873823254095,
    0.4986118953527492
   ],
   [
    -0.14753741630125966,
    1.4664611589148797,
    0.544426288633074
   ],
   [
    1.214376083368685,
    -0.6477803382002938,
    0.6015354119735437
   ],
   [
    1.1483969253108628,
    -0.7975007355650937,
    0.5944196534392445
   ],
   [
    1.3436534206869188,
    0.008798098703513385,
    0.6166972341650658
   ],
   [
    0.9416144228358921,
    -1.0878710061035548,
    0.4853884929022351
   ],
   [
    -1.144667889826779,
    0.8197022174025335,
    0.5688261900867349
   ],
   [
    0.7459495762438226,
    1.0722338479829645,
    0.6235125538418818
   ],
   [
    -1.0272177845061088,
    1.057757658032849,
    0.4880599402516749
   ],
   [
    0.9988162335823831,
    -1.0920010369264468,
    0.5790825480822499
   ],
   [
    1.2903383437043316,
    0.3975947864536595,
    0.621770859376797
   ],
   [
    -1.3270050398044915,
    0.6517117641547904,
    0.531613254610709
   ],
   [
    0.0864305707220849,
    -1.3194598906492503,
    0.628689334818503
   ],
   [
    -1.4235455770724885,
    -0.14481175025738496,
    0.5081407496828481
   ],
   [
    -1.0335644696928865,
    -0.9894582806989776,
    0.5958341636047189
   ],
   [
    0.6174456720304619,
    -1.2792066084810152,
    0.5449877146327202
   ],
   [
    -0.966844034268554,
    -0.8771543867270194,
    0.49602670609133825
   ],
   [
    1.42294133276039,
    -0.2868141349212109,
    0.45909523576733086
   ],
   [
    -1.3423562201464463,
    -0.22888211512614268,
    0.5454438628117269
   ],
   [
    0.6615626925780043,
    -1.3416246350086012,
    0.598222031458437
   ],
   [
    -0.7501777179776685,
    1.2492271962698955,
    0.4650167034706824
   ],
   [
    0.2891666762400359,
    -1.4301537583989843,
    0.49132968040095604
   ],
   [
    1.2468974639513037,
    0.5617895441440173,
    0.6200010214500329
   ],
   [
    0.06713500605749424,
    -1.3891981175142416,
    0.6350379858743506
   ]
  ]
 },
 "appearance_assets": {
  "floor_pbr": "WoodFloor005",
  "background_hdr": "small_empty_house_4k.hdr"
 },
 "environment_strength": 0.5469126543013927
}