{
 "objects": [
  {
   "obj_subpath": "key/key_029/key_029.blend",
   "obj_location": [
    -0.3377671834970376,
    0.37614120508546667
   ],
   "obj_pose": [
    [
     -0.01242276569095108,
     -0.9432386240174795,
     -0.3318833547907155
    ],
    [
     0.013309176893615977,
     0.33172358443261135,
     -0.9432827134912561
    ],
    [
     0.9998342394828796,
     -0.01613527536392212,
     0.008432804606854916
    ]
   ],
   "obj_scale": 0.6604773308751729,
   "obj_color": {
    "type": "random-mono",
    "color": [
     [
      0.450744094355462,
      0.1420657876623606,
      0.48828947014045626
     ],
     [
      0.8152923150361895,
      0.4936483469953916,
      0.8544147392144297
     ]
    ],
    "randomness": 0.316943676405833,
    "scale": 4.019811818516732,
    "specular": 0.6728139943687461,
    "roughness": 0.2614567932815489,
    "clever": true
   }
  },
  {
   "obj_subpath": "Tier Stack Cube/Tier Stack Cube/Tier Stack Cube.blend",
   "obj_location": [
    0.13802236345237062,
    -0.06238778741244977
   ],
   "obj_pose": [
    [
     0.6810324824075933,
     0.7322532061423501,
     0.0
    ],
    [
     -0.7322532061423501,
     0.6810324824075933,
     0.0
    ],
    [
     0.0,
     0.0,
     1.0
    ]
   ],
   "obj_scale": 0.6583519564304724,
   "obj_color": {
    "type": "random-mono",
    "color": [
     [
      0.19409476082038307,
      0.11156619614605012,
      0.3674995970778767
     ],
     [
      0.26439532300289914,
      0.1569582472048639,
      0.49013666008126416
     ],
     [
      0.7109581739569238,
      0.6566263137803023,
      0.8251175241730586
     ]
    ],
    "randomness": 0.7284367951511658,
    "scale": 3.7723362292140523,
    "specular": 0.821004470386692,
    "roughness": 0.18573176972674343,
    "clever": true
   }
  },
  {
   "obj_subpath": "Fragment Sphere/Fragment Sphere/Fragment Sphere.blend",
   "obj_location": [
    -0.4517833551314838,
    -0.2261913981882624
   ],
   "obj_pose": [
    [
     0.636237877593663,
     0.7714929443067584,
     0.0
    ],
    [
     -0.7714929443067584,
     0.636237877593663,
     0.0
    ],
    [
     0.0,
     0.0,
     1.0
    ]
   ],
   "obj_scale": 0.6806103778615694,
   "obj_color": {
    "type": "random-mono",
    "color": [
     [
      0.1624900852310357,
      0.4444304854641631,
      0.4259447289941157
     ],
     [
      0.09674719260559222,
      0.34504535199252523,
      0.3287653889131207
     ],
     [
      0.5060257760831341,
      0.8722533503786649,
      0.8482412054521291
     ]
    ],
    "randomness": 0.3403012168859523,
    "scale": 3.089884600944069,
    "specular": 0.8079673303491203,
    "roughness": 0.10238649747721887,
    "clever": false
   }
  }
 ],
 "camera": {
  "track_to_point": [
   [
    -0.2734365843143536,
    0.004688851376227682,
    0.0
   ],
   [
    -0.3070152387454598,
    -0.05073312610681238,
    0.0
   ],
   [
    -0.14093320941582924,
    -0.06806112142760923,
    0.0
   ],
   [
    -0.3290555986685574,
    0.08470568696987657,
    0.0
   ],
   [
    -0.15358300442472791,
    -0.013112388268444797,
    0.0
   ],
   [
    -0.253312307863184,
    0.08190642013876345,
    0.0
   ],
   [
    -0.36127559970148915,
    0.12327611487186879,
    0.0
   ],
   [
    -0.12285757621992516,
    0.1385155617230481,
    0.0
   ],
   [
    -0.24795563677630117,
    -0.08941364689131567,
    0.0
   ],
   [
    -0.34101727492435513,
    0.028801268580621098,
    0.0
   ],
   [
    -0.2638549470061121,
    -0.08802902366943316,
    0.0
   ],
   [
    -0.28028962683913455,
    -0.07971823097066821,
    0.0
   ],
   [
    -0.1858186189802028,
    0.1137743203813549,
    0.0
   ],
   [
    -0.2599124178620048,
    -0.04676294139990515,
    0.0
   ],
   [
    -0.23780101008859292,
    -0.040665477632268146,
    0.0
   ],
   [
    -0.15975867961150378,
    0.13962581110354536,
    0.0
   ],
   [
    -0.17743798707035274,
    0.13856040108340636,
    0.0
   ],
   [
    -0.2776444289138775,
    0.13058588169729082,
    0.0
   ],
   [
    -0.1332559764851694,
    0.14153096768523518,
    0.0
   ],
   [
    -0.3315326438706071,
    0.013128307965068142,
    0.0
   ],
   [
    -0.14211308015583096,
    0.0673057225484647,
    0.0
   ],
   [
    -0.3338902020052652,
    -0.07869017363786285,
    0.0
   ],
   [
    -0.30466514339058426,
    -0.012512492658444743,
    0.0
   ],
   [
    -0.2976398492084241,
    0.0070098985353314325,
    0.0
   ],
   [
    -0.12426471865211494,
    0.13978568363403251,
    0.0
   ]
  ],
  "positions": [
   [
    -0.36424404906902524,
    1.27269998187724,
    0.5271851253959368
   ],
   [
    0.3809092158772041,
    -1.3974432972972517,
    0.5155028807975885
   ],
   [
    0.9887194759515135,
    0.8444352666217565,
    0.6138120358193195
   ],
   [
    -1.257717850508141,
    -0.8056554391581429,
    0.6413526153621345
   ],
   [
    0.8490338464069909,
    1.1597234052682481,
    0.49367958970964504
   ],
   [
    -1.328114935071483,
    0.20048030758605592,
    0.5852010895004319
   ],
   [
    -0.28035432081463696,
    1.3338251347045098,
    0.5126279101606271
   ],
   [
    -0.08705864077279696,
    -1.4437216912603983,
    0.5664497346463911
   ],
   [
    0.5773613277825739,
    -1.2573472749954673,
    0.4829569597546196
   ],
   [
    -0.9579339981539708,
    -1.1423502318052536,
    0.49927584095858346
   ],
   [
    0.8265741446194497,
    -1.1632000778738874,
    0.4929918010762903
   ],
   [
    -0.6742951491294825,
    -1.2501253981204565,
    0.6405494136450007
   ],
   [
    0.06971335596713986,
    1.4582755932095572,
    0.578375124634087
   ],
   [
    1.1527189573148884,
    0.839153538464708,
    0.5158632642313667
   ],
   [
    -0.44275532503627774,
    1.296126456658013,
    0.47489982375478673
   ],
   [
    -0.8925030037595174,
    -1.1160739658434102,
    0.6026928583688279
   ],
   [
    0.6346454089909149,
    1.2024468700370776,
    0.5042880618160582
   ],
   [
    0.6245661239711681,
    1.2913298115930145,
    0.5421740029976296
   ],
   [
    1.3651025595571966,
    -0.444914456467936,
    0.4514784436361659
   ],
   [
    1.351961435893593,
    0.34233911322199256,
    0.6152219445642391
   ],
   [
    0.47498136851182265,
    1.4163823587651323,
    0.6299659849366415
   ],
   [
    0.48076972814864277,
    -1.2265030932423922,
    0.6175309461014045
   ],
   [
    -0.6557804524353695,
    1.1487828424016648,
    0.4590646763509308
   ],
   [
    0.7738255198505422,
    1.2722941766100015,
    0.4525326251166309
   ],
   [
    1.1478021641251421,
    -0.6119011303009435,
    0.579365513930759
   ]
  ]
 },
 "appearance_assets": {
  "floor_pbr": "Marble012",
  "background_hdr": "childrens_hospital_4k.hdr"
 },
 "environment_strength": 0.6732107589233605
}