{
 "objects": [
  {
   "obj_subpath": "chair/chair_066/chair_066.blend",
   "obj_location": [
    0.4343303486426582,
    0.04514451672084774
   ],
   "obj_pose": [
    [
     -0.3633151880294955,
     0.9316625417097142,
     -0.0026502703171023875
    ],
    [
     -0.9316662509113949,
     -0.36331419481610594,
     0.000869387127383636
    ],
    [
     -0.00015290536975953728,
     0.002785028889775276,
     0.9999961256980896
    ]
   ],
   "obj_scale": 0.6693165912435357,
   "obj_color": {
    "type": "random-mono",
    "color": [
     [
      0.18658318965936055,
      0.19875178922087675,
      0.32025006964125563
     ],
     [
      0.4318368824698021,
      0.4582898945073707,
      0.7224119455500054
     ]
    ],
    "randomness": 0.1962822904519409,
    "scale": 4.94002270483678,
    "specular": 0.7511334736279022,
    "roughness": 0.14031673411044615,
    "clever": true
   }
  },
  {
   "obj_subpath": "Tier Stack Cylinder/Tier Stack Cylinder/Tier Stack Cylinder.blend",
   "obj_location": [
    -0.2835288315218071,
    -0.38210888362899487
   ],
   "obj_pose": [
    [
     0.8740330194942534,
     0.4858665257390738,
     0.0
    ],
    [
     -0.4858665257390738,
     0.8740330194942534,
     0.0
    ],
    [
     0.0,
     0.0,
     1.0
    ]
   ],
   "obj_scale": 0.6897686941993851,
   "obj_color": {
    "type": "random-mono",
    "color": [
     [
      0.10902865426324834,
      0.20218059194690643,
      0.12030458892188857
     ],
     [
      0.29683324237751973,
      0.6817773531025759,
      0.3434302831659218
     ]
    ],
    "randomness": 0.26923600553804317,
    "scale": 3.2122676309611187,
    "specular": 0.7047366714486194,
    "roughness": 0.11780981343035382,
    "clever": false
   }
  },
  {
   "obj_subpath": "Doughnut Split Thread Round/Doughnut Split Thread Round/Doughnut Split Thread Round.blend",
   "obj_location": [
    -0.46787196994571323,
    0.47856145376889137
   ],
   "obj_pose": [
    [
     0.9283674524524193,
     0.37166365604805246,
     0.0
    ],
    [
     -0.37166365604805246,
     0.9283674524524193,
     0.0
    ],
    [
     0.0,
     0.0,
     1.0
    ]
   ],
   "obj_scale": 0.6588947401324181,
   "obj_color": {
    "type": "random-multi",
    "color": [
     [
      0.02451142616217572,
      0.9307041196426491,
      0.7518321475492104
     ],
     [
      0.18103777573085,
      0.20716958871418734,
      0.7974271177660425
     ],
     [
      0.8890425096226553,
      0.07050977687920601,
      0.25293187991362764
     ],
     [
      0.8238754072109676,
      0.3319760535392446,
      0.17547587772929918
     ]
    ],
    "randomness": 3.77559091205306,
    "scale": 1.2675524910099072,
    "specular": 0.61733208648818,
    "roughness": 0.10928487438076505,
    "clever": false
   }
  }
 ],
 "camera": {
  "track_to_point": [
   [
    -0.14144107543461623,
    0.0493217515061905,
    0.0
   ],
   [
    -0.029654366950491284,
    0.023340002844919716,
    0.0
   ],
   [
    -0.2210476127786432,
    -0.054773663710317166,
    0.0
   ],
   [
    0.009805559849024842,
    0.002057686975117004,
    0.0
   ],
   [
    -0.09315055520138749,
    -0.05062914410995682,
    0.0
   ],
   [
    -0.24832789262196162,
    -0.027482986307647908,
    0.0
   ],
   [
    -0.08289605604616576,
    0.10314582916593859,
    0.0
   ],
   [
    -0.19458914274988137,
    -0.06220373029646481,
    0.0
   ],
   [
    0.02771424159735139,
    0.0031697975284962765,
    0.0
   ],
   [
    -0.044927003841535085,
    0.05064253182586706,
    0.0
   ],
   [
    -0.22077108969248466,
    0.11313071992062967,
    0.0
   ],
   [
    -0.08931326955979269,
    -0.023890391895660334,
    0.0
   ],
   [
    0.019633048534878378,
    0.0606852209673254,
    0.0
   ],
   [
    -0.0479575433109343,
    -0.053101435922216986,
    0.0
   ],
   [
    -0.09355855045406686,
    -0.02892392183642503,
    0.0
   ],
   [
    -0.06743019015239185,
    0.0864957168309563,
    0.0
   ],
   [
    0.012291797600960747,
    -0.017104724406573082,
    0.0
   ],
   [
    0.023272122965576708,
    0.04505170557319296,
    0.0
   ],
   [
    -0.014842066238878654,
    -0.002327756652251489,
    0.0
   ],
   [
    -0.06474002813531324,
    0.01005233583963347,
    0.0
   ],
   [
    -0.19432657775118783,
    0.09192685562518932,
    0.0
   ],
   [
    -0.22788100984998794,
    0.13129433720397132,
    0.0
   ],
   [
    0.006977153930494279,
    0.1185865545317317,
    0.0
   ],
   [
    -0.18867670892960878,
    0.1551074931813163,
    0.0
   ],
   [
    -0.06944756369001764,
    0.03156350035380276,
    0.0
   ]
  ],
  "positions": [
   [
    -1.237341206549814,
    0.6198682453485302,
    0.5493871275507813
   ],
   [
    -0.12414679027116317,
    1.4020888325685807,
    0.6460678211478463
   ],
   [
    0.8486980541818993,
    1.1770343729972224,
    0.5433343993112612
   ],
   [
    1.3208235465277836,
    -0.2136813069655872,
    0.4620477688095162
   ],
   [
    0.022880735624081956,
    -1.4979441047903197,
    0.5896152324456081
   ],
   [
    -0.23194150819928933,
    -1.296009979466782,
    0.6302575043099634
   ],
   [
    -0.7286890728841138,
    1.2542414137397864,
    0.5327164480731451
   ],
   [
    0.7083174997728501,
    -1.2143271990685967,
    0.5691203291517833
   ],
   [
    -1.3440899086735012,
    -0.4465285559104303,
    0.4657572965817708
   ],
   [
    1.3210293607393315,
    -0.36240231143709634,
    0.5030920346555442
   ],
   [
    -1.4457860927803057,
    -0.1305236242612859,
    0.5015956898445222
   ],
   [
    1.4519316367131994,
    0.24155089111583603,
    0.5652362707044732
   ],
   [
    1.40654036213982,
    -0.19339596396694037,
    0.45419420955370593
   ],
   [
    0.6685760216382488,
    1.3140078650984206,
    0.5830648076702036
   ],
   [
    -1.1117292403913346,
    -0.7221901400664703,
    0.5721161576376539
   ],
   [
    1.3856015420981984,
    -0.4475743257303744,
    0.568988336986104
   ],
   [
    -1.336202324662282,
    -0.1244283720275735,
    0.6093384103310253
   ],
   [
    0.2836341039853207,
    -1.2999955239580399,
    0.5202713696435021
   ],
   [
    -0.5735224825356808,
    1.3628905890998753,
    0.45993353528849984
   ],
   [
    -0.37828053615033397,
    -1.2933248405527997,
    0.47002416322796964
   ],
   [
    -0.7419331649365146,
    -1.1059934746928468,
    0.5030902206246766
   ],
   [
    0.34260012741531115,
    1.318446401071243,
    0.595418853805409
   ],
   [
    1.2478920345327749,
    0.7446821572830365,
    0.46054689444318103
   ],
   [
    -1.4369298287009704,
    -0.30194948615466827,
    0.6050775603386451
   ],
   [
    0.4809330320181934,
    -1.3684342662696238,
    0.5100433558942559
   ]
  ]
 },
 "appearance_assets": {
  "floor_pbr": "Carpet005",
  "background_hdr": "kiara_interior_4k.hdr"
 },
 "environment_strength": 0.7323113038603962
}