{
 "objects": [
  {
   "obj_subpath": "boat/boat_030/boat_030.blend",
   "obj_location": [
    -0.4616585934706102,
    -0.04941601246729388
   ],
   "obj_pose": [
    [
     -0.9122748108070166,
     0.4082955590702753,
     -0.03239394788846116
    ],
    [
     -0.40953386558739113,
     -0.9081486765628947,
     0.08687901159012494
    ],
    [
     0.006053795572370291,
     0.092523954808712,
     0.9956920742988586
    ]
   ],
   "obj_scale": 0.6652151711992925,
   "obj_color": {
    "type": "random-multi",
    "color": [
     [
      0.07419647257746409,
      0.7223513107527841,
      0.5279980202359448
     ],
     [
      0.8801424184244332,
      0.27622579548111403,
      0.11669873862765012
     ]
    ],
    "randomness": 3.5336480909836663,
    "scale": 0.7857260407453662,
    "specular": 0.6353811321627884,
    "roughness": 0.13901798106493557,
    "clever": false
   }
  },
  {
   "obj_subpath": "Fragment Crystal/Fragment Crystal/Fragment Crystal.blend",
   "obj_location": [
    0.19610382828330342,
    -0.25792725267021555
   ],
   "obj_pose": [
    [
     0.41684917119917436,
     -0.9089756699002243,
     0.0
    ],
    [
     0.9089756699002243,
     0.41684917119917436,
     0.0
    ],
    [
     0.0,
     0.0,
     1.0
    ]
   ],
   "obj_scale": 0.6478957883288143,
   "obj_color": {
    "type": "random-mono",
    "color": [
     [
      0.2557040689494175,
      0.3084880962002196,
      0.20234346918349183
     ],
     [
      0.7559010879618777,
      0.8906054105166072,
      0.6197253579739039
     ],
     [
      0.8091386654921301,
      0.8509440086753713,
      0.7668766725775177
     ]
    ],
    "randomness": 0.12315823004665005,
    "scale": 2.629306636902349,
    "specular": 0.6127398301945914,
    "roughness": 0.16567486672208415,
    "clever": true
   }
  },
  {
   "obj_subpath": "Atom N Ring/Atom N Ring/Atom N Ring.blend",
   "obj_location": [
    -0.030502336452840506,
    0.3924622263191675
   ],
   "obj_pose": [
    [
     -0.059854872021771324,
     0.9982070898842872,
     0.0
    ],
    [
     -0.9982070898842872,
     -0.059854872021771324,
     0.0
    ],
    [
     0.0,
     0.0,
     1.0
    ]
   ],
   "obj_scale": 0.6641208580130865,
   "obj_color": {
    "type": "random-mono",
    "color": [
     [
      0.019253068327575052,
      0.005761878587319757,
      0.008317636543713244
     ],
     [
      0.9105782064849899,
      0.7802092097830489,
      0.8049061866251904
     ],
     [
      0.9542532267742936,
      0.9279288163477302,
      0.9329156872383165
     ]
    ],
    "randomness": 0.4497561035830061,
    "scale": 3.5360628328463246,
    "specular": 0.8371743946339728,
    "roughness": 0.1762737049647502,
    "clever": false
   }
  }
 ],
 "camera": {
  "track_to_point": [
   [
    -0.118316867400967,
    -0.0109795432285692,
    0.0
   ],
   [
    -0.1843416018674218,
    0.1431135021869138,
    0.0
   ],
   [
    -0.03547690092518366,
    -0.06305663713036294,
    0.0
   ],
   [
    -0.24795105400763742,
    0.1053438021358106,
    0.0
   ],
   [
    -0.1872357956685446,
    0.13336773896509932,
    0.0
   ],
   [
    -0.17435076162020413,
    0.002199920612575068,
    0.0
   ],
   [
    -0.20208676743368317,
    -0.05952496840087271,
    0.0
   ],
   [
    -0.0461636301434315,
    0.07471507673518313,
    0.0
   ],
   [
    -0.1824703744416586,
    0.08254777919151277,
    0.0
   ],
   [
    -0.08126706344726178,
    -0.013715619671876053,
    0.0
   ],
   [
    -0.102362269477285,
    0.15255048272583668,
    0.0
   ],
   [
    -0.02785724044738938,
    -0.08419050425811045,
    0.0
   ],
   [
    -0.04628202560588218,
    -0.004149340463829823,
    0.0
   ],
   [
    -0.12367516959922681,
    -0.06059881241476189,
    0.0
   ],
   [
    -0.006598209641612673,
    -0.00881839629563308,
    0.0
   ],
   [
    -0.01715430939436649,
    0.01013435103094279,
    0.0
   ],
   [
    -0.0653294759688122,
    0.17051496323355828,
    0.0
   ],
   [
    0.04083567679668329,
    -0.051614090624226575,
    0.0
   ],
   [
    -0.054282917032218436,
    0.050632143048697065,
    0.0
   ],
   [
    -0.2473026041509868,
    -0.021629829356746302,
    0.0
   ],
   [
    -0.1566540985803176,
    -0.052757623284789126,
    0.0
   ],
   [
    -0.18966945912619912,
    -0.07437978000599654,
    0.0
   ],
   [
    -0.1641947308238954,
    0.004711698183509416,
    0.0
   ],
   [
    -0.2418113752897323,
    0.13353957438844025,
    0.0
   ],
   [
    0.034515563794259047,
    -0.10302620501600693,
    0.0
   ]
  ],
  "positions": [
   [
    1.339111109757437,
    -0.3078204142782925,
    0.5591781267142598
   ],
   [
    -1.2171014308414436,
    0.5479679969635406,
    0.6365003423243645
   ],
   [
    -0.5626691291559657,
    -1.1866181096253727,
    0.5723387812574426
   ],
   [
    -1.3314079560910996,
    0.14949717977768723,
    0.6280840010223226
   ],
   [
    -0.3961315373860135,
    -1.4282884644442546,
    0.45682256250163267
   ],
   [
    0.6734668835694276,
    -1.1147753271305711,
    0.5625421167382088
   ],
   [
    0.4573834493642341,
    -1.2294785973785471,
    0.596437732170676
   ],
   [
    -0.03501424055865444,
    -1.3476641798169295,
    0.607893351028548
   ],
   [
    0.6675099953049204,
    -1.131344312725081,
    0.4556609287275231
   ],
   [
    1.2519913929952302,
    0.5473555423853734,
    0.5771071950787351
   ],
   [
    -0.018863471343408197,
    1.315523347747398,
    0.638804174369453
   ],
   [
    1.3412512115783957,
    0.1522342362400469,
    0.622132154920256
   ],
   [
    -1.100752403406065,
    -0.7742905767937162,
    0.6217729351522872
   ],
   [
    -1.4005957897875423,
    -0.14726437391728794,
    0.6436776803559696
   ],
   [
    -1.380158642892613,
    0.46321291476313436,
    0.48525120214971107
   ],
   [
    1.3499092359257687,
    0.0073573443946932365,
    0.6319526533103326
   ],
   [
    1.3286119396213185,
    -0.4207703600858954,
    0.4882526398484899
   ],
   [
    1.0645518490806414,
    -0.8834127579640441,
    0.46705454186892686
   ],
   [
    1.3305455384953917,
    0.5644071515653607,
    0.5624264496479364
   ],
   [
    -1.3043513118050127,
    0.03884057689616752,
    0.5337759771323596
   ],
   [
    -1.0082635851170956,
    -1.0835828685447242,
    0.5257609102882617
   ],
   [
    0.43426664652437197,
    1.387652790092207,
    0.4599231565743415
   ],
   [
    1.39821565630455,
    -0.20247049781042073,
    0.4724917009944616
   ],
   [
    -1.4631105010744667,
    0.1739308979379988,
    0.5730821806496226
   ],
   [
    1.4010803150005802,
    -0.2806392514826393,
    0.4853224310322232
   ]
  ]
 },
 "appearance_assets": {
  "floor_pbr": "Tiles027",
  "background_hdr": "umhlanga_sunrise_4k.hdr"
 },
 "environment_strength": 0.5787722965408664
}