{
 "objects": [
  {
   "obj_subpath": "elephant/elephant_045/elephant_045.blend",
   "obj_location": [
    0.10432357737908526,
    -0.2899153413549972
   ],
   "obj_pose": [
    [
     0.327262148133029,
     0.871530629639808,
     0.3651490527589213
    ],
    [
     -0.1209010416817166,
     0.42187167799317354,
     -0.8985583904921838
    ],
    [
     -0.937167227268219,
     0.24991726875305176,
     0.24343159794807434
    ]
   ],
   "obj_scale": 0.6238761377950479,
   "obj_color": {
    "type": "random-mono",
    "color": [
     [
      0.07132583286865704,
      0.13247776417687446,
      0.20683814133122055
     ],
     [
      0.4017555423756084,
      0.5793810126191985,
      0.7953725058879738
     ],
     [
      0.710773467607454,
      0.7701762069496265,
      0.8424095772944107
     ]
    ],
    "randomness": 0.9902786442956567,
    "scale": 3.39718506451991,
    "specular": 0.6345059899179325,
    "roughness": 0.20297515579462944,
    "clever": false
   }
  },
  {
   "obj_subpath": "Arch Cube v2/Arch Cube v2/Arch Cube v2.blend",
   "obj_location": [
    -0.12985941804220413,
    0.4456004473392007
   ],
   "obj_pose": [
    [
     0.1925602576512996,
     -0.9812851507962734,
     0.0
    ],
    [
     0.9812851507962734,
     0.1925602576512996,
     0.0
    ],
    [
     0.0,
     0.0,
     1.0
    ]
   ],
   "obj_scale": 0.6970080728770838,
   "obj_color": {
    "type": "random-multi",
    "color": [
     [
      0.1513157785864916,
      0.6463458942722831,
      0.6444505642556476
     ],
     [
      0.2764736407096722,
      0.042874242830474696,
      0.8085545447829061
     ],
     [
      0.5926506705341998,
      0.6499122302319373,
      0.05094851292069613
     ],
     [
      0.7959222738275458,
      0.6924987014547439,
      0.174051228134666
     ]
    ],
    "randomness": 4.890367835714863,
    "scale": 1.2973612627473199,
    "specular": 0.688160502074494,
    "roughness": 0.10149071942908368,
    "clever": false
   }
  },
  {
   "obj_subpath": "93073/93073/93073.blend",
   "obj_location": [
    -0.4779597382781806,
    -0.051021601185558096
   ],
   "obj_pose": [
    [
     0.8913214040095443,
     0.45337198276300084,
     0.0
    ],
    [
     -0.45337198276300084,
     0.8913214040095443,
     0.0
    ],
    [
     0.0,
     0.0,
     1.0
    ]
   ],
   "obj_scale": 0.6738767505926554,
   "obj_color": {
    "type": "random-multi",
    "color": [
     [
      0.8336870756433906,
      0.17712107830597673,
      0.11935715370432753
     ],
     [
      0.6729128876778396,
      0.07050234407652134,
      0.41133356701888957
     ]
    ],
    "randomness": 4.150523682382876,
    "scale": 1.2126932350530342,
    "specular": 0.8443895624916469,
    "roughness": 0.18622695754014448,
    "clever": false
   }
  }
 ],
 "camera": {
  "track_to_point": [
   [
    -0.13831276683689955,
    -0.10343984228015021,
    0.0
   ],
   [
    -0.27777101935373627,
    0.07838576123619162,
    0.0
   ],
   [
    -0.029070230249200635,
    0.13161661751627632,
    0.0
   ],
   [
    -0.29342785372620883,
    -0.09989067776916943,
    0.0
   ],
   [
    -0.2840216388122005,
    -0.011814561283471088,
    0.0
   ],
   [
    -0.08669994564264147,
    -0.03363483753325446,
    0.0
   ],
   [
    -0.05231024019536157,
    0.09175616921966143,
    0.0
   ],
   [
    -0.07748784050181703,
    0.03674446768935862,
    0.0
   ],
   [
    -0.2868781532497662,
    0.11218586922568266,
    0.0
   ],
   [
    -0.023740497661479953,
    -0.042977587660201315,
    0.0
   ],
   [
    -0.07973205231241617,
    0.13919715764578589,
    0.0
   ],
   [
    -0.036818348571463044,
    0.18461570750899364,
    0.0
   ],
   [
    -0.09048786012078008,
    0.11924405888321443,
    0.0
   ],
   [
    -0.2104561799103017,
    -0.058455459381137616,
    0.0
   ],
   [
    -0.06521843286140278,
    -0.020244976487761614,
    0.0
   ],
   [
    -0.2887734292436259,
    0.14169377055641008,
    0.0
   ],
   [
    -0.24029150665347937,
    -0.03589188690272121,
    0.0
   ],
   [
    -0.06526556898720776,
    0.015759536395938044,
    0.0
   ],
   [
    -0.15454633299081286,
    -0.08959081119487056,
    0.0
   ],
   [
    -0.301871641031759,
    0.03214509257173916,
    0.0
   ],
   [
    -0.31279155699021655,
    -0.09669154881948652,
    0.0
   ],
   [
    -0.1441670829549401,
    0.02934581411375114,
    0.0
   ],
   [
    -0.13404408046323146,
    -0.08302587227263616,
    0.0
   ],
   [
    -0.13899250186548087,
    0.07590500962200919,
    0.0
   ],
   [
    -0.16619960937144088,
    -0.03290346316728542,
    0.0
   ]
  ],
  "positions": [
   [
    0.9549034668141644,
    -1.0235669534548413,
    0.5480009873712888
   ],
   [
    1.0377814797684302,
    0.8574115566692534,
    0.48322680739138335
   ],
   [
    1.2746073381540433,
    0.6083244623926336,
    0.5679009689090794
   ],
   [
    1.2507240746985937,
    0.5612185176676682,
    0.512718696174484
   ],
   [
    -1.4076888956592983,
    -0.2137544524924075,
    0.4620731298604365
   ],
   [
    0.9128636820479353,
    -0.9661779252124791,
    0.6221771947237144
   ],
   [
    -1.454900728463223,
    -0.3301680084626802,
    0.45297134123267574
   ],
   [
    -1.3041977998478085,
    0.16039111814289556,
    0.550064153468536
   ],
   [
    1.0802733722005615,
    0.7449883683310002,
    0.5413209315964314
   ],
   [
    0.4215756208533187,
    1.2451128847125223,
    0.4523713976280298
   ],
   [
    -0.017224024757397375,
    -1.4280953187349488,
    0.5442644383913978
   ],
   [
    1.2679434564422312,
    0.28835971539695593,
    0.4818816433630259
   ],
   [
    1.1465247894174595,
    -0.7456236362159614,
    0.6443769061733007
   ],
   [
    0.4754529745347184,
    1.4134229644020415,
    0.4533400959933052
   ],
   [
    -1.0356731556596865,
    0.8911772566453487,
    0.585535357326838
   ],
   [
    -1.2129657992542995,
    -0.8070569000196548,
    0.5579587749395156
   ],
   [
    1.4127566672811303,
    0.34923183134059427,
    0.47776687273055746
   ],
   [
    -0.6818016111678237,
    -1.1663986473841408,
    0.5777394736912203
   ],
   [
    -1.3879439586177895,
    0.5686627144041732,
    0.6175829092987903
   ],
   [
    1.0810375562141188,
    0.8063064601459878,
    0.566825050019441
   ],
   [
    0.8729151428918672,
    1.0631415176627086,
    0.5257181865955562
   ],
   [
    1.3514545116971293,
    -0.5630202135058046,
    0.46249082612787096
   ],
   [
    -0.22697882903516262,
    1.4136272266764065,
    0.4526978264761611
   ],
   [
    1.0609742549157168,
    0.7713208757786996,
    0.510322863000075
   ],
   [
    -1.393910993013163,
    0.1512340818753452,
    0.561041350499372
   ]
  ]
 },
 "appearance_assets": {
  "floor_pbr": "Planks018",
  "background_hdr": "lythwood_lounge_4k.hdr"
 },
 "environment_strength": 0.6510152118157893
}