{
 "objects": [
  {
   "obj_subpath": "snake/snake_017/snake_017.blend",
   "obj_location": [
    0.14840604881643715,
    0.24293709515170292
   ],
   "obj_pose": [
    [
     -0.8981897656365244,
     0.4394073847328901,
     -0.013278934166226075
    ],
    [
     -0.43942133647235926,
     -0.8982787987686764,
     -0.002004315356952768
    ],
    [
     -0.012808896601200104,
     0.004034791607409716,
     0.9999098181724548
    ]
   ],
   "obj_scale": 0.6809039760478612,
   "obj_color": {
    "type": "random-mono",
    "color": [
     [
      0.6203712601691981,
      0.44826370637112056,
      0.7236268584584122
     ],
     [
      0.725599016093806,
      0.6100020383942881,
      0.7949512021506273
     ]
    ],
    "randomness": 0.5221602859032627,
    "scale": 2.0028889090865762,
    "specular": 0.8381509694157212,
    "roughness": 0.13107567540886336,
    "clever": false
   }
  },
  {
   "obj_subpath": "Cube Wave/Cube Wave/Cube Wave.blend",
   "obj_location": [
    -0.4515551028244953,
    0.18893586200811985
   ],
   "obj_pose": [
    [
     -0.7181745130529023,
     -0.6958630388238958,
     0.0
    ],
    [
     0.6958630388238958,
     -0.7181745130529023,
     0.0
    ],
    [
     0.0,
     0.0,
     1.0
    ]
   ],
   "obj_scale": 0.6049868040480774,
   "obj_color": {
    "type": "random-mono",
    "color": [
     [
      0.6472671148632562,
      0.5817227185801332,
      0.7259461995062748
     ],
     [
      0.7987008036113612,
      0.7361789706496684,
      0.8737516220883688
     ]
    ],
    "randomness": 0.15409006667657776,
    "scale": 3.7868090913098666,
    "specular": 0.7320736874685877,
    "roughness": 0.1225388674840303,
    "clever": false
   }
  },
  {
   "obj_subpath": "Fragment Icosphere/Fragment Icosphere/Fragment Icosphere.blend",
   "obj_location": [
    0.48491888304001385,
    -0.31799216401513875
   ],
   "obj_pose": [
    [
     -0.07438713599951428,
     0.997229438994753,
     0.0
    ],
    [
     -0.997229438994753,
     -0.07438713599951428,
     0.0
    ],
    [
     0.0,
     0.0,
     1.0
    ]
   ],
   "obj_scale": 0.6770331375621272,
   "obj_color": {
    "type": "random-multi",
    "color": [
     [
      0.1311519732148082,
      0.06029094434853499,
      0.8330986316387486
     ],
     [
      0.7877283763922514,
      0.0712884170651149,
      0.10068071010384454
     ]
    ],
    "randomness": 0.3811084090840672,
    "scale": 0.9301430845007269,
    "specular": 0.88368434286631,
    "roughness": 0.14878925212524513,
    "clever": false
   }
  }
 ],
 "camera": {
  "track_to_point": [
   [
    0.17695619093208279,
    -0.08845926968279666,
    0.0
   ],
   [
    -0.03428176431448168,
    0.13113924812505987,
    0.0
   ],
   [
    0.05224438346003504,
    0.06509057662484055,
    0.0
   ],
   [
    -0.02783431963829061,
    0.17301533979378542,
    0.0
   ],
   [
    -0.00933281802549267,
    -0.06659517114410912,
    0.0
   ],
   [
    0.03150836890496202,
    -0.013898288149617001,
    0.0
   ],
   [
    0.03663272855958255,
    -0.005800831288985488,
    0.0
   ],
   [
    0.006065128835258712,
    0.18167032778062864,
    0.0
   ],
   [
    0.13774429105971225,
    0.0660499376366302,
    0.0
   ],
   [
    -0.08038103376719988,
    0.0033048469494963775,
    0.0
   ],
   [
    0.00012515598025589214,
    0.06297175876547728,
    0.0
   ],
   [
    0.16263630945834587,
    -0.02628108217774553,
    0.0
   ],
   [
    -0.0412129349499539,
    0.15078634388230178,
    0.0
   ],
   [
    0.07440633059876403,
    -0.07353476748021914,
    0.0
   ],
   [
    0.13469983538521696,
    0.016395487413199163,
    0.0
   ],
   [
    0.000543647170488451,
    -0.08937234093172486,
    0.0
   ],
   [
    0.05186558246397838,
    0.10150644043958537,
    0.0
   ],
   [
    0.12817266721809562,
    0.17429955046655793,
    0.0
   ],
   [
    0.17869286519574581,
    -0.09836917213690113,
    0.0
   ],
   [
    0.09676474610454389,
    0.0872351352304484,
    0.0
   ],
   [
    0.006722682426287777,
    -0.02310115915903143,
    0.0
   ],
   [
    0.0935912619266781,
    -0.10016111653075271,
    0.0
   ],
   [
    0.19026619891513566,
    0.15241945715142907,
    0.0
   ],
   [
    0.19733476683260467,
    0.16069949548102808,
    0.0
   ],
   [
    -0.04924939259405811,
    0.02678778565311988,
    0.0
   ]
  ],
  "positions": [
   [
    0.7711016949716868,
    1.1406170878287616,
    0.6063484982500402
   ],
   [
    0.9147792703382122,
    -1.1103384477548022,
    0.5732880134498096
   ],
   [
    1.1256506574486302,
    0.7277840166860774,
    0.6275649179075884
   ],
   [
    0.6004847886195172,
    1.2943179399906772,
    0.4979352146917476
   ],
   [
    1.4948714426860075,
    0.11116178115507577,
    0.5384705689389382
   ],
   [
    -1.1738533580735815,
    0.642061253173093,
    0.6215804550833438
   ],
   [
    0.7300963310023155,
    -1.1920756198322302,
    0.4527236472674261
   ],
   [
    -0.6147369434537753,
    -1.3366235083090146,
    0.6355792829323474
   ],
   [
    -0.429822943304823,
    1.4057921654739536,
    0.5493877860158123
   ],
   [
    -0.05005024575398879,
    1.4333024635867901,
    0.6232320998926477
   ],
   [
    -1.3705911157269195,
    0.17765025765804837,
    0.6488186627073261
   ],
   [
    -0.0065524363096153455,
    -1.3159757615117125,
    0.4589490519340765
   ],
   [
    1.1544700838554518,
    -0.9195857027516909,
    0.5897702503067723
   ],
   [
    -1.2384549881233295,
    -0.41685133384638007,
    0.5521396831407454
   ],
   [
    0.5711009740186149,
    1.2972800601031325,
    0.5927973219296193
   ],
   [
    0.0537187603087926,
    1.306716371334353,
    0.5350040182683123
   ],
   [
    0.3503920685148462,
    -1.3011977908067338,
    0.5816409496822714
   ],
   [
    -1.4485502939795993,
    -0.1730440302696837,
    0.4716923066865282
   ],
   [
    0.3059728738903293,
    1.331249834957932,
    0.5373613776245315
   ],
   [
    -0.5418385133257804,
    1.190921788297775,
    0.6102475919993922
   ],
   [
    -1.1152466210937484,
    -0.862295800496227,
    0.5825216932915269
   ],
   [
    -0.23012979167147232,
    -1.341441383789447,
    0.5843880910417172
   ],
   [
    1.3218884570858922,
    0.12591931226191355,
    0.47794439864068955
   ],
   [
    1.3352374846491684,
    -0.5528640231910354,
    0.5953668133819711
   ],
   [
    1.2786049596869384,
    0.7167795323819779,
    0.6473175971250604
   ]
  ]
 },
 "appearance_assets": {
  "floor_pbr": "Carpet009",
  "background_hdr": "lythwood_room_4k.hdr"
 },
 "environment_strength": 0.697820251630296
}