{
 "objects": [
  {
   "obj_subpath": "car/car_017/car_017.blend",
   "obj_location": [
    -0.36131087844438503,
    0.3791060642141033
   ],
   "obj_pose": [
    [
     -0.9838041926743637,
     -0.17924643927686634,
     -1.2865221154663873e-05
    ],
    [
     0.17924643927686634,
     -0.9838041926743637,
     -7.024134585307488e-05
    ],
    [
     -6.634539317929011e-08,
     -7.140977686503902e-05,
     1.0
    ]
   ],
   "obj_scale": 0.6966318408165129,
   "obj_color": {
    "type": "random-multi",
    "color": [
     [
      0.27363976066316287,
      0.7144721995846802,
      0.05321341907501986
     ],
     [
      0.6678593243679436,
      0.11623149365199625,
      0.754706200357227
     ]
    ],
    "randomness": 0.6911279031652284,
    "scale": 1.0993513399510295,
    "specular": 0.7366954396992919,
    "roughness": 0.27219918859125913,
    "clever": false
   }
  },
  {
   "obj_subpath": "Arch Rounded/Arch Rounded/Arch Rounded.blend",
   "obj_location": [
    0.470174985891998,
    -0.20525168815234152
   ],
   "obj_pose": [
    [
     0.8025290455893153,
     0.5966130496272293,
     0.0
    ],
    [
     -0.5966130496272293,
     0.8025290455893153,
     0.0
    ],
    [
     0.0,
     0.0,
     1.0
    ]
   ],
   "obj_scale": 0.6824419455248618,
   "obj_color": {
    "type": "random-multi",
    "color": [
     [
      0.7150810604854766,
      0.92898861113553,
      0.056908334542812855
     ],
     [
      0.14408140263762625,
      0.7158550627198769,
      0.8636409616137202
     ],
     [
      0.6348117828101143,
      0.4389348426189027,
      0.018498135178512953
     ],
     [
      0.11591208386820828,
      0.4074408071786992,
      0.7392153611382527
     ]
    ],
    "randomness": 1.0909056730448796,
    "scale": 1.0443790011933038,
    "specular": 0.7762933962357664,
    "roughness": 0.20878969333631808,
    "clever": false
   }
  },
  {
   "obj_subpath": "59771/59771/59771.blend",
   "obj_location": [
    -0.455064368117702,
    -0.35144282561380835
   ],
   "obj_pose": [
    [
     0.9217236419210819,
     0.38784729975047816,
     0.0
    ],
    [
     -0.38784729975047816,
     0.9217236419210819,
     0.0
    ],
    [
     0.0,
     0.0,
     1.0
    ]
   ],
   "obj_scale": 0.6666443180238465,
   "obj_color": {
    "type": "random-mono",
    "color": [
     [
      0.44222798541164776,
      0.8561105219656289,
      0.4559850265691697
     ],
     [
      0.40088808289063527,
      0.8455782312666268,
      0.4156691382221524
     ],
     [
      0.8887583788856541,
      0.9518025011766547,
      0.8908539023941315
     ]
    ],
    "randomness": 0.2001680510096009,
    "scale": 4.263010272226855,
    "specular": 0.8978042068239007,
    "roughness": 0.19164614898134996,
    "clever": false
   }
  }
 ],
 "camera": {
  "track_to_point": [
   [
    -0.1295278263097278,
    0.0829706133038206,
    0.0
   ],
   [
    -0.17712546328243478,
    -0.17749741497099766,
    0.0
   ],
   [
    -0.1942474839190764,
    -0.16297560348699236,
    0.0
   ],
   [
    -0.17892688226803372,
    -0.020500039276197722,
    0.0
   ],
   [
    -0.012455226474616138,
    -0.18958468935714134,
    0.0
   ],
   [
    -0.05442616222677388,
    -0.11726579070397322,
    0.0
   ],
   [
    -0.05639772869487425,
    0.05829493458461483,
    0.0
   ],
   [
    -0.15687995123569815,
    -0.019096386902975597,
    0.0
   ],
   [
    -0.11199507035557887,
    -0.16869720921123904,
    0.0
   ],
   [
    -0.17496690309871735,
    0.01632789901168536,
    0.0
   ],
   [
    -0.1906557623141008,
    -0.05869279435605514,
    0.0
   ],
   [
    -0.254745563568525,
    -0.19316103201750373,
    0.0
   ],
   [
    -0.18719400482636583,
    -0.042854567149566196,
    0.0
   ],
   [
    0.024711340007661592,
    -0.2013641397958597,
    0.0
   ],
   [
    -0.05383496497035983,
    -0.1399828874511617,
    0.0
   ],
   [
    -0.0889976776462261,
    0.02469137353777321,
    0.0
   ],
   [
    -0.2467437450766733,
    0.021393569046845397,
    0.0
   ],
   [
    -0.10861964716147146,
    -0.08273094413182011,
    0.0
   ],
   [
    -0.0018155536221753088,
    -0.12413751489536443,
    0.0
   ],
   [
    -0.11342089843725756,
    -0.005245465592264707,
    0.0
   ],
   [
    -0.2618484083164418,
    -0.15613538542606706,
    0.0
   ],
   [
    -0.15736906278531182,
    0.060540064670550515,
    0.0
   ],
   [
    0.021247508342785187,
    0.041685549181723465,
    0.0
   ],
   [
    -0.06503970849768964,
    0.012009592188376418,
    0.0
   ],
   [
    -0.12294016625002757,
    -0.15804059035471643,
    0.0
   ]
  ],
  "positions": [
   [
    -0.7123909341958652,
    -1.2379696949849512,
    0.456891106279454
   ],
   [
    -1.0032781691652481,
    -0.9727896293250743,
    0.503800214118922
   ],
   [
    -0.35646194321583746,
    -1.4439224400207218,
    0.6310235183765862
   ],
   [
    -0.014205053428769019,
    1.4110398650227916,
    0.61146168839839
   ],
   [
    0.36271492182969356,
    -1.3796942472697482,
    0.5006838926119371
   ],
   [
    -0.7371280973017872,
    1.2386060793670124,
    0.5927794125472641
   ],
   [
    1.4614847677169658,
    -0.08930509260355951,
    0.46671416569074625
   ],
   [
    -1.2779418192502643,
    -0.37577975104406924,
    0.5384057125794852
   ],
   [
    -1.258640831198321,
    -0.49016574157163695,
    0.5153992808370217
   ],
   [
    1.1366911202152608,
    0.7991940594410077,
    0.47296496966727525
   ],
   [
    -1.3663857305670646,
    0.42212157123728433,
    0.5121085032503138
   ],
   [
    0.1932610917739477,
    1.3610726427496012,
    0.512981824257092
   ],
   [
    1.1938453309929504,
    0.8985102248533364,
    0.5314857818773555
   ],
   [
    -1.124817934667055,
    -0.8276180049206147,
    0.6022247416623732
   ],
   [
    -1.3925408982062581,
    0.027907387052424366,
    0.4786486411226096
   ],
   [
    0.9003469308167114,
    1.1776916712822398,
    0.6185335615064105
   ],
   [
    -0.3678639265087721,
    -1.3604661680864059,
    0.48314016717595826
   ],
   [
    0.38942340885277993,
    -1.438867583186005,
    0.590009923134915
   ],
   [
    0.31718728801336193,
    1.3305892907395762,
    0.49853885789842084
   ],
   [
    1.321275332336604,
    -0.14784599894685868,
    0.6318039469848239
   ],
   [
    -1.382592246246182,
    -0.1685434610185217,
    0.579648619870923
   ],
   [
    1.2997832454754201,
    0.721730591394939,
    0.45250524479774246
   ],
   [
    -1.011195317922791,
    -0.9624266050460193,
    0.5005776127233464
   ],
   [
    0.5144827279675352,
    -1.377212587168502,
    0.56753873325373
   ],
   [
    -0.702296349793845,
    -1.1575246994087036,
    0.5094555035029193
   ]
  ]
 },
 "appearance_assets": {
  "floor_pbr": "Carpet014",
  "background_hdr": "hotel_room_4k.hdr"
 },
 "environment_strength": 0.6206478026799228
}