{
 "objects": [
  {
   "obj_subpath": "deer_moose/deer_moose_011/deer_moose_011.blend",
   "obj_location": [
    0.0015714417041142736,
    -0.17211220182985754
   ],
   "obj_pose": [
    [
     -0.0466950224233853,
     -0.9949278698402713,
     -0.0890961253560958
    ],
    [
     0.1963153383507193,
     -0.09659437104072108,
     0.9757714168884104
    ],
    [
     -0.9794283509254456,
     0.02807273529469967,
     0.1998300850391388
    ]
   ],
   "obj_scale": 0.6938451991140866,
   "obj_color": {
    "type": "random-mono",
    "color": [
     [
      0.12308639258115264,
      0.2101051039361602,
      0.1399997233903018
     ],
     [
      0.8101004227021522,
      0.9481216791804261,
      0.8369268274277737
     ],
     [
      0.21095026631068758,
      0.3276491533599907,
      0.2336323636549252
     ],
     [
      0.12570927146637023,
      0.39935959415241407,
      0.17889712453325132
     ]
    ],
    "randomness": 0.2785226923237738,
    "scale": 4.172872279990983,
    "specular": 0.6634456714900582,
    "roughness": 0.2728948846420829,
    "clever": false
   }
  },
  {
   "obj_subpath": "Cylinder Pointed/Cylinder Pointed/Cylinder Pointed.blend",
   "obj_location": [
    -0.12428237147124233,
    0.48353323756245103
   ],
   "obj_pose": [
    [
     0.9925767348459176,
     0.12162000428637121,
     0.0
    ],
    [
     -0.12162000428637121,
     0.9925767348459176,
     0.0
    ],
    [
     0.0,
     0.0,
     1.0
    ]
   ],
   "obj_scale": 0.6332743763849646,
   "obj_color": {
    "type": "random-mono",
    "color": [
     [
      0.5511060681640486,
      0.660458847339148,
      0.7079324242841668
     ],
     [
      0.22141642203193734,
      0.4540579688841895,
      0.5550551859500134
     ],
     [
      0.6901970449794793,
      0.8290367872831597,
      0.8893116082708027
     ]
    ],
    "randomness": 0.09285253361958612,
    "scale": 3.6182570980239674,
    "specular": 0.6560664510197372,
    "roughness": 0.24221308819610976,
    "clever": true
   }
  },
  {
   "obj_subpath": "Fragment Sphere/Fragment Sphere/Fragment Sphere.blend",
   "obj_location": [
    0.4992715585594405,
    0.2924050340982163
   ],
   "obj_pose": [
    [
     0.6235174630029681,
     0.7818094226410567,
     0.0
    ],
    [
     -0.7818094226410567,
     0.6235174630029681,
     0.0
    ],
    [
     0.0,
     0.0,
     1.0
    ]
   ],
   "obj_scale": 0.6127008021045192,
   "obj_color": {
    "type": "random-multi",
    "color": [
     [
      0.623648755013125,
      0.17671613245657924,
      0.8136168027957611
     ],
     [
      0.809415153421884,
      0.08368346976976027,
      0.8834819745585837
     ],
     [
      0.9042669787546318,
      0.3410742110398729,
      0.15931216796230885
     ],
     [
      0.5873963711850433,
      0.13574235131615175,
      0.5152573993757795
     ]
    ],
    "randomness": 3.7293238324300426,
    "scale": 1.3145142448127678,
    "specular": 0.7845109645836681,
    "roughness": 0.225607033381008,
    "clever": false
   }
  }
 ],
 "camera": {
  "track_to_point": [
   [
    0.0633209789304506,
    0.264292749017501,
    0.0
   ],
   [
    -0.0171183329778124,
    0.1636947156655647,
    0.0
   ],
   [
    0.254439915960899,
    0.1548677764086484,
    0.0
   ],
   [
    0.23449616157441552,
    0.33463966782349436,
    0.0
   ],
   [
    0.17886518772442134,
    0.21973710918204672,
    0.0
   ],
   [
    0.11110169292582794,
    0.22236862311304484,
    0.0
   ],
   [
    0.09208031827503275,
    0.12143739160312586,
    0.0
   ],
   [
    0.1879376391828062,
    0.33578395897762137,
    0.0
   ],
   [
    0.20258504321723778,
    0.2958780045932337,
    0.0
   ],
   [
    0.06645298153207133,
    0.2877241017703858,
    0.0
   ],
   [
    -0.010528563438460342,
    0.32810997732688046,
    0.0
   ],
   [
    0.22044818186454068,
    0.21473729763995006,
    0.0
   ],
   [
    0.23445461293503986,
    0.34783104205500737,
    0.0
   ],
   [
    0.173429185086164,
    0.2734800251766023,
    0.0
   ],
   [
    0.048655232271784685,
    0.16741869331007164,
    0.0
   ],
   [
    0.16991395435130502,
    0.24209275345092532,
    0.0
   ],
   [
    0.04822783426356214,
    0.10772741119310708,
    0.0
   ],
   [
    0.18369404196520805,
    0.22652215290091987,
    0.0
   ],
   [
    0.06301138044515023,
    0.1927400931260598,
    0.0
   ],
   [
    -0.01196179187227328,
    0.12284162686536645,
    0.0
   ],
   [
    0.10970390860199963,
    0.07548409010529764,
    0.0
   ],
   [
    -0.01902377516230261,
    0.2819573096346252,
    0.0
   ],
   [
    0.016917378007438713,
    0.14038561783064463,
    0.0
   ],
   [
    0.06357863373993589,
    0.2387884248015001,
    0.0
   ],
   [
    0.04883084789498339,
    0.06649673617416565,
    0.0
   ]
  ],
  "positions": [
   [
    0.507237401722829,
    -1.2705901132094486,
    0.5912286626293173
   ],
   [
    1.3676312548441307,
    0.6135428594301707,
    0.5461030501807036
   ],
   [
    -1.1051376186365536,
    0.7759489819982321,
    0.6028381051364688
   ],
   [
    -0.29326672161800443,
    1.3058075062934071,
    0.4637556047103409
   ],
   [
    -0.5931100981622087,
    -1.2774743971026201,
    0.4896120695653401
   ],
   [
    1.2219171394958317,
    0.7615825427728639,
    0.6293889735168112
   ],
   [
    -1.1564651123962324,
    -0.7959809227283118,
    0.5951600192113995
   ],
   [
    0.024851590343783026,
    1.4531233979526788,
    0.6189367272142687
   ],
   [
    0.47370829820440274,
    1.260988716417476,
    0.5590312520431099
   ],
   [
    -0.9838547185222785,
    -1.0791812081340626,
    0.6497979359921299
   ],
   [
    -0.5751821582046116,
    -1.3546727499532578,
    0.6091897960938875
   ],
   [
    0.216086816080675,
    1.2972997048668162,
    0.637702223555485
   ],
   [
    0.07333219461328579,
    -1.3099963918078281,
    0.49188133799052675
   ],
   [
    -0.5231353680103167,
    -1.275615697677079,
    0.5082673037950012
   ],
   [
    1.4085629987269577,
    -0.060094245091528255,
    0.4865355802379014
   ],
   [
    -0.9301698146446119,
    -1.1374506604907915,
    0.6042381576339774
   ],
   [
    0.7745145074476614,
    1.146164139270008,
    0.6411472660721123
   ],
   [
    -0.5965396751256877,
    -1.2977616766210462,
    0.49816326723306165
   ],
   [
    -1.357314465287089,
    -0.024542494636792846,
    0.5032721292776547
   ],
   [
    -1.0998505395402063,
    -0.8064486148172857,
    0.5615860946750109
   ],
   [
    1.2967908365492022,
    -0.6768029795551563,
    0.6058579748026461
   ],
   [
    1.0493123548864405,
    0.883335042639871,
    0.5365877400049366
   ],
   [
    1.0133860796239895,
    0.9425143353310502,
    0.46796896366804813
   ],
   [
    0.9885703617103369,
    1.073215294520821,
    0.5178176353836638
   ],
   [
    0.27148165599860746,
    1.2790470324759877,
    0.5659086781938132
   ]
  ]
 },
 "appearance_assets": {
  "floor_pbr": "Fabric028",
  "background_hdr": "cayley_interior_4k.hdr"
 },
 "environment_strength": 0.7486405436602463
}