{
 "objects": [
  {
   "obj_subpath": "pencil/pencil_006/pencil_006.blend",
   "obj_location": [
    0.45538189447317234,
    0.032502003369961896
   ],
   "obj_pose": [
    [
     -0.8106102183431116,
     -0.4114578612071141,
     0.41666952352133
    ],
    [
     0.3717162491630269,
     0.18825679989562755,
     0.9090579857436711
    ],
    [
     -0.45247992873191833,
     0.8917745351791382,
     0.00034269739990122616
    ]
   ],
   "obj_scale": 0.6896526835193174,
   "obj_color": {
    "type": "random-mono",
    "color": [
     [
      0.3361370653662106,
      0.21004434220838664,
      0.5940296032215866
     ],
     [
      0.37270160445490685,
      0.28236032181639237,
      0.5574731128281138
     ],
     [
      0.35760059686047563,
      0.23286944176364477,
      0.6127083725668669
     ]
    ],
    "randomness": 0.6697485999702639,
    "scale": 2.0025130878402693,
    "specular": 0.713346090581333,
    "roughness": 0.2483680044497893,
    "clever": false
   }
  },
  {
   "obj_subpath": "Tier Stack Cylinder/Tier Stack Cylinder/Tier Stack Cylinder.blend",
   "obj_location": [
    -0.33399827092813206,
    -0.005004407190030036
   ],
   "obj_pose": [
    [
     0.06621742536687068,
     0.9978052177543385,
     0.0
    ],
    [
     -0.9978052177543385,
     0.06621742536687068,
     0.0
    ],
    [
     0.0,
     0.0,
     1.0
    ]
   ],
   "obj_scale": 0.6088065900079127,
   "obj_color": {
    "type": "random-multi",
    "color": [
     [
      0.165715882349583,
      0.8547046330190671,
      0.17177274415896768
     ],
     [
      0.6275115236718658,
      0.20871780665579898,
      0.014540108644429894
     ]
    ],
    "randomness": 2.282217210196163,
    "scale": 1.0781085110414304,
    "specular": 0.641118448231193,
    "roughness": 0.21243128116238436,
    "clever": false
   }
  },
  {
   "obj_subpath": "Wireframe Cube/Wireframe Cube/Wireframe Cube.blend",
   "obj_location": [
    0.029343970942214415,
    0.49501351892747425
   ],
   "obj_pose": [
    [
     -0.020863952897885462,
     0.9997823240433263,
     0.0
    ],
    [
     -0.9997823240433263,
     -0.020863952897885462,
     0.0
    ],
    [
     0.0,
     0.0,
     1.0
    ]
   ],
   "obj_scale": 0.6061723484449163,
   "obj_color": {
    "type": "random-multi",
    "color": [
     [
      0.45968264205449366,
      0.7134315760915759,
      0.01994187659611968
     ],
     [
      0.3874468503458696,
      0.7979594285737821,
      0.03956247494873233
     ],
     [
      0.07024303962188438,
      0.6519296618398444,
      0.22278135407272817
     ],
     [
      0.124690098203806,
      0.05434818068311653,
      0.6520117837461357
     ]
    ],
    "randomness": 3.628169950650151,
    "scale": 1.0159811553103475,
    "specular": 0.7634869270116127,
    "roughness": 0.17159257302320732,
    "clever": false
   }
  }
 ],
 "camera": {
  "track_to_point": [
   [
    0.14003131543760516,
    0.07989101556192385,
    0.0
   ],
   [
    -0.07213236128598105,
    0.3165103929415898,
    0.0
   ],
   [
    0.13573232800177706,
    0.2927395417011349,
    0.0
   ],
   [
    -0.07652955137178463,
    0.031029428179807195,
    0.0
   ],
   [
    -0.04797928811098253,
    0.08934626212863536,
    0.0
   ],
   [
    -0.045474127737097865,
    0.16076837171617878,
    0.0
   ],
   [
    0.1530531086875193,
    0.08287241665955584,
    0.0
   ],
   [
    0.11644208514747209,
    0.1989484647806706,
    0.0
   ],
   [
    0.17568273960035646,
    0.19886332421050718,
    0.0
   ],
   [
    0.07145964297694105,
    0.060622015372940194,
    0.0
   ],
   [
    0.07081894363521349,
    0.2723435354441454,
    0.0
   ],
   [
    0.09814607247376597,
    0.1791101908942982,
    0.0
   ],
   [
    -0.009314222114623578,
    0.3171269716153868,
    0.0
   ],
   [
    0.1024580863077994,
    0.041220358625190356,
    0.0
   ],
   [
    0.15662616139283553,
    0.1522985901820145,
    0.0
   ],
   [
    -0.017275035035039348,
    0.12465692320909878,
    0.0
   ],
   [
    0.09376846759058421,
    0.09236922276809519,
    0.0
   ],
   [
    0.05580376608369118,
    0.08442435488169446,
    0.0
   ],
   [
    0.06209607641414989,
    0.10150551687298644,
    0.0
   ],
   [
    -0.058160596903496,
    0.0917829178034737,
    0.0
   ],
   [
    -0.08859511170214943,
    0.19513329227060394,
    0.0
   ],
   [
    0.030050102392424373,
    0.2826649384361452,
    0.0
   ],
   [
    0.19959507522736802,
    0.12720820164841634,
    0.0
   ],
   [
    -0.06550989496537388,
    0.06251540273997719,
    0.0
   ],
   [
    0.04496786180393692,
    0.29019572273906447,
    0.0
   ]
  ],
  "positions": [
   [
    1.082419231011749,
    -0.9352791339238918,
    0.49659604660709483
   ],
   [
    0.20724052545719573,
    1.4082829378799897,
    0.6439041344122503
   ],
   [
    1.4140479756268505,
    0.07484191011545871,
    0.5764024655575044
   ],
   [
    -0.8147990691293732,
    -1.1869749541786765,
    0.5071022634946685
   ],
   [
    -0.15270145252158382,
    -1.435641001495179,
    0.6341717298190711
   ],
   [
    -0.666770378323597,
    1.1470336159502084,
    0.587353024036406
   ],
   [
    -1.0484748914292659,
    0.9516483026444191,
    0.4543460523274734
   ],
   [
    -1.151623017851222,
    -0.8078564393778844,
    0.5989510422794531
   ],
   [
    -0.2532105883675614,
    -1.3641132501553566,
    0.5961934980002421
   ],
   [
    -0.08752554564664267,
    -1.3360059967755442,
    0.4834483589850592
   ],
   [
    0.9266479936014494,
    -0.9585930876931955,
    0.49669412627620774
   ],
   [
    -0.6115764190414693,
    1.1962460305893834,
    0.45252575268610873
   ],
   [
    -0.26884457435493453,
    1.3192090290749359,
    0.5494030338574891
   ],
   [
    0.9093374253699714,
    -1.0394589982307967,
    0.4771302447534772
   ],
   [
    1.0793938712228162,
    0.8527530576890459,
    0.5624385069284796
   ],
   [
    1.2230179103917183,
    0.49779921438264785,
    0.6123209011168329
   ],
   [
    -0.21462689894472692,
    -1.4707498556701677,
    0.5272487151467521
   ],
   [
    -0.10394469272699437,
    1.3212556866849148,
    0.5383864107024869
   ],
   [
    -0.7934581516885898,
    1.218538435413635,
    0.5663505781867503
   ],
   [
    0.9903695140917712,
    1.1168949452486687,
    0.4502990811286786
   ],
   [
    1.3827641074147585,
    0.4231928459506007,
    0.5514669750721937
   ],
   [
    -1.162858736029154,
    0.80947439436513,
    0.4825247777452583
   ],
   [
    0.6774440077536925,
    1.2721388932823565,
    0.5041276803068939
   ],
   [
    -0.6911131070336528,
    1.307686318351312,
    0.5122345407382451
   ],
   [
    0.3086641486555545,
    -1.350203503511283,
    0.47956453326939424
   ]
  ]
 },
 "appearance_assets": {
  "floor_pbr": "Planks001",
  "background_hdr": "lythwood_room_4k.hdr"
 },
 "environment_strength": 0.5136760673936485
}