{
 "objects": [
  {
   "obj_subpath": "bottle/bottle_091/bottle_091.blend",
   "obj_location": [
    0.18671979114433535,
    0.18594513528845047
   ],
   "obj_pose": [
    [
     0.4402252060845375,
     0.8978873050143928,
     0.00035488135986275513
    ],
    [
     -0.8978873843389172,
     0.44022517757055485,
     0.00016292664389079212
    ],
    [
     -9.937935828929767e-06,
     -0.00039036793168634176,
     0.9999999403953552
    ]
   ],
   "obj_scale": 0.6500588228263819,
   "obj_color": {
    "type": "random-multi",
    "color": [
     [
      0.05941341919358034,
      0.6461400765861282,
      0.39989304125280645
     ],
     [
      0.12340101236283618,
      0.3202609785565853,
      0.9589138167614777
     ],
     [
      0.1639898035220706,
      0.6950079550687911,
      0.6232851899471525
     ],
     [
      0.7593677556246332,
      0.9967847937304795,
      0.04684853442036996
     ]
    ],
    "randomness": 0.7893716359618064,
    "scale": 1.116133154761605,
    "specular": 0.8623474931261873,
    "roughness": 0.16207877329829126,
    "clever": false
   }
  },
  {
   "obj_subpath": "Cylinder Crinkle/Cylinder Crinkle/Cylinder Crinkle.blend",
   "obj_location": [
    -0.44556541638252545,
    0.3959833557767314
   ],
   "obj_pose": [
    [
     -0.14315209143536742,
     0.9897007015849186,
     0.0
    ],
    [
     -0.9897007015849186,
     -0.14315209143536742,
     0.0
    ],
    [
     0.0,
     0.0,
     1.0
    ]
   ],
   "obj_scale": 0.6824934360059809,
   "obj_color": {
    "type": "random-multi",
    "color": [
     [
      0.43243268165656945,
      0.574799156291691,
      0.09315940149354207
     ],
     [
      0.9295949918892245,
      0.07192270053965077,
      0.9423981308619971
     ],
     [
      0.007654966495369675,
      0.6113994075392015,
      0.4811109161886663
     ],
     [
      0.7280535950431349,
      0.043156149417450496,
      0.9762089288563353
     ]
    ],
    "randomness": 2.428892571899145,
    "scale": 1.0139520333617056,
    "specular": 0.6711222702493148,
    "roughness": 0.2806833123427145,
    "clever": true
   }
  },
  {
   "obj_subpath": "Torus Knot Yufoil/Torus Knot Yufoil/Torus Knot Yufoil.blend",
   "obj_location": [
    -0.16374706774670922,
    -0.3840893304123708
   ],
   "obj_pose": [
    [
     -0.04854178586051801,
     -0.9988211526722247,
     0.0
    ],
    [
     0.9988211526722247,
     -0.04854178586051801,
     0.0
    ],
    [
     0.0,
     0.0,
     1.0
    ]
   ],
   "obj_scale": 0.6750255100325513,
   "obj_color": {
    "type": "random-multi",
    "color": [
     [
      0.10403054430996073,
      0.40034743036248854,
      0.6423485650413325
     ],
     [
      0.7781593438253597,
      0.6354223117881638,
      0.10995060452731553
     ],
     [
      0.19338742955891094,
      0.15598491532970526,
      0.72278788660553
     ]
    ],
    "randomness": 1.9426110358681399,
    "scale": 0.5967797679828375,
    "specular": 0.7951086087206484,
    "roughness": 0.26551998968892243,
    "clever": false
   }
  }
 ],
 "camera": {
  "track_to_point": [
   [
    -0.0012165260819994583,
    -0.008893350913917242,
    0.0
   ],
   [
    -0.19564888693777038,
    0.19268673693284386,
    0.0
   ],
   [
    -0.2626422501217702,
    0.05711083608104861,
    0.0
   ],
   [
    -0.16270715128145546,
    0.13932303531512247,
    0.0
   ],
   [
    -0.13961372473953315,
    0.20598148456238005,
    0.0
   ],
   [
    -0.11183476268677917,
    0.04360074941820247,
    0.0
   ],
   [
    -0.14785672521098572,
    0.16993259225310084,
    0.0
   ],
   [
    -0.0612130380536455,
    0.17443705826181413,
    0.0
   ],
   [
    -0.13187393093058344,
    -0.04497841695598498,
    0.0
   ],
   [
    -0.050343627917316974,
    -0.019816210581549698,
    0.0
   ],
   [
    -0.2838694897434801,
    -0.006622837662602674,
    0.0
   ],
   [
    -0.17299607419935614,
    -0.07147688262459814,
    0.0
   ],
   [
    -0.24017435963104627,
    0.045772265340073226,
    0.0
   ],
   [
    -0.013310735271454599,
    0.04829999944285546,
    0.0
   ],
   [
    -0.1318222558540324,
    0.03800339377934575,
    0.0
   ],
   [
    -0.1265898394655023,
    0.16309416295352633,
    0.0
   ],
   [
    -0.18387422396027092,
    0.1093118560411726,
    0.0
   ],
   [
    -0.2467980722812787,
    0.11026109003204532,
    0.0
   ],
   [
    -0.10848671778932695,
    0.08222784008441561,
    0.0
   ],
   [
    -0.16133995699859585,
    -0.06434345265902877,
    0.0
   ],
   [
    -0.10850553954195336,
    0.10760069568201633,
    0.0
   ],
   [
    -0.05401749842187975,
    0.18175678705524909,
    0.0
   ],
   [
    -0.1100262292020659,
    0.08619138766285916,
    0.0
   ],
   [
    -0.07921115163438869,
    -0.05784142016034749,
    0.0
   ],
   [
    -0.22483934207999778,
    0.16359991428030754,
    0.0
   ]
  ],
  "positions": [
   [
    1.3564608937667662,
    0.26090689396958355,
    0.5488091465214303
   ],
   [
    -1.4465614312742523,
    0.2691776261698336,
    0.6052837642630056
   ],
   [
    1.4210865121380942,
    0.3287072268965835,
    0.6340222784725336
   ],
   [
    -0.6255548680247296,
    1.3498870921734842,
    0.6170035404320888
   ],
   [
    1.2601241128308924,
    -0.8125399194612423,
    0.46472662545386906
   ],
   [
    0.3852374304682125,
    1.3215832804601189,
    0.6139893313356447
   ],
   [
    0.36282862905068053,
    1.2616329929679904,
    0.46300434444649535
   ],
   [
    0.07851504262253017,
    1.366555537814374,
    0.5000320686914168
   ],
   [
    0.0341273467762408,
    -1.493936047472239,
    0.6288890204860516
   ],
   [
    -0.027656728808809983,
    1.3590392537802707,
    0.45213802167551437
   ],
   [
    0.7519000937409585,
    -1.2495812043998042,
    0.5124669982770775
   ],
   [
    1.2925726011020229,
    0.6263264088390107,
    0.6187350369807741
   ],
   [
    0.6690943667127248,
    1.334110987524376,
    0.5525037467775763
   ],
   [
    -0.9918617641838353,
    1.0557355480809942,
    0.5283099134448084
   ],
   [
    1.2320807119189048,
    0.6950780610050445,
    0.5064180704861991
   ],
   [
    1.223460091449284,
    -0.5870795413340532,
    0.6307097507345188
   ],
   [
    0.44265111549248115,
    1.2698912671331695,
    0.560211793403711
   ],
   [
    -1.2402500819207039,
    0.5515645555094628,
    0.5472690613026996
   ],
   [
    0.715564910781949,
    1.26879413347499,
    0.4739980979145604
   ],
   [
    1.0279653650614973,
    -0.8894921211464878,
    0.48873443813768
   ],
   [
    0.10081765169491133,
    -1.4851815140957934,
    0.6026157642534291
   ],
   [
    1.4552449748842042,
    -0.08943635446703473,
    0.5320930763757561
   ],
   [
    0.6979595980093912,
    1.1967697091644696,
    0.5374572961644656
   ],
   [
    -0.8275112054858205,
    1.1618859029740878,
    0.5610528948433952
   ],
   [
    0.45385074183950547,
    -1.2511670998582891,
    0.4651316950355489
   ]
  ]
 },
 "appearance_assets": {
  "floor_pbr": "Carpet001",
  "background_hdr": "reading_room_4k.hdr"
 },
 "environment_strength": 0.5743431195913148
}