{
 "objects": [
  {
   "obj_subpath": "mug/mug_016/mug_016.blend",
   "obj_location": [
    0.01794734258337516,
    -0.213744992054554
   ],
   "obj_pose": [
    [
     -0.7853835154321324,
     -0.3248152318990323,
     0.526941924573734
    ],
    [
     0.49651003541889016,
     0.17780188098660166,
     0.8496259704568159
    ],
    [
     -0.36966273188591003,
     0.9289141893386841,
     0.021631337702274323
    ]
   ],
   "obj_scale": 0.6618339542663653,
   "obj_color": {
    "type": "random-mono",
    "color": [
     [
      0.1058505028834366,
      0.05371785668597,
      0.039626870903325465
     ],
     [
      0.4152756753370633,
      0.19382108348375793,
      0.13396389738415965
     ],
     [
      0.9800418617500544,
      0.9671139343500182,
      0.9636196317492456
     ]
    ],
    "randomness": 0.6347883217432372,
    "scale": 2.4383597540871365,
    "specular": 0.730825933259205,
    "roughness": 0.1429656317816826,
    "clever": false
   }
  },
  {
   "obj_subpath": "Cylinder Ringed/Cylinder Ringed/Cylinder Ringed.blend",
   "obj_location": [
    0.4981363504640096,
    0.27444564020975526
   ],
   "obj_pose": [
    [
     -0.7812890973903958,
     0.6241693250223859,
     0.0
    ],
    [
     -0.6241693250223859,
     -0.7812890973903958,
     0.0
    ],
    [
     0.0,
     0.0,
     1.0
    ]
   ],
   "obj_scale": 0.6741240082440982,
   "obj_color": {
    "type": "random-mono",
    "color": [
     [
      0.7190538629807394,
      0.3022293158715815,
      0.6937169047003607
     ],
     [
      0.07242469781474914,
      0.02101661735814897,
      0.06929982333497883
     ],
     [
      0.2804139866149866,
      0.07928632090458598,
      0.26818830722427683
     ],
     [
      0.09737634101782312,
      0.04851968892281265,
      0.09440655681380868
     ]
    ],
    "randomness": 0.504062769062208,
    "scale": 3.1797274275579444,
    "specular": 0.6295031966765658,
    "roughness": 0.19645983145820553,
    "clever": false
   }
  },
  {
   "obj_subpath": "Arch Rounded/Arch Rounded/Arch Rounded.blend",
   "obj_location": [
    -0.4620166789730953,
    0.23614304588517643
   ],
   "obj_pose": [
    [
     0.9907077900131531,
     -0.13600762775393907,
     0.0
    ],
    [
     0.13600762775393907,
     0.9907077900131531,
     0.0
    ],
    [
     0.0,
     0.0,
     1.0
    ]
   ],
   "obj_scale": 0.6946459005669146,
   "obj_color": {
    "type": "random-multi",
    "color": [
     [
      0.03792245486300028,
      0.7092084483716795,
      0.5800774272547371
     ],
     [
      0.14904071527996166,
      0.5903432908422678,
      0.07213445573164134
     ],
     [
      0.3675801265288986,
      0.0389255965130435,
      0.6068833031395163
     ]
    ],
    "randomness": 4.826275035406242,
    "scale": 1.1849204856867621,
    "specular": 0.8090000472986469,
    "roughness": 0.27870081573457917,
    "clever": false
   }
  }
 ],
 "camera": {
  "track_to_point": [
   [
    -0.005418613155023455,
    0.0009342280981224499,
    0.0
   ],
   [
    0.09031903125206353,
    0.2462032636647084,
    0.0
   ],
   [
    -0.09586674585044958,
    0.22301915111518023,
    0.0
   ],
   [
    0.06268657985316567,
    -0.04715887092876876,
    0.0
   ],
   [
    -0.04878436007026239,
    0.22645241183728104,
    0.0
   ],
   [
    0.09363592280366459,
    0.15288299441405362,
    0.0
   ],
   [
    0.003929266792282143,
    0.20012260710855106,
    0.0
   ],
   [
    0.07950873593469124,
    0.036327088223358325,
    0.0
   ],
   [
    -0.10541829698501921,
    0.19344212067316907,
    0.0
   ],
   [
    -0.11781490153256638,
    0.002273761177369868,
    0.0
   ],
   [
    -0.061091597629957806,
    0.18984454105532633,
    0.0
   ],
   [
    -0.07803779357907101,
    -0.030284722778708376,
    0.0
   ],
   [
    -0.1208317431442302,
    -0.00264306491710066,
    0.0
   ],
   [
    -0.018250848618240778,
    0.06236527611917457,
    0.0
   ],
   [
    -0.07853858938436922,
    0.2204581469088362,
    0.0
   ],
   [
    -0.07251254673514912,
    0.2072685577614189,
    0.0
   ],
   [
    -0.13172551363050805,
    -0.049559570733158934,
    0.0
   ],
   [
    0.0507637989460214,
    0.11643358829164434,
    0.0
   ],
   [
    0.05319600964737076,
    0.10451171029676311,
    0.0
   ],
   [
    0.0578770320175197,
    0.00812593860908259,
    0.0
   ],
   [
    -0.014525571560986189,
    -0.013953551450192198,
    0.0
   ],
   [
    -0.0281189445543049,
    0.05038828962591371,
    0.0
   ],
   [
    0.12066102333528642,
    0.24618082079138948,
    0.0
   ],
   [
    -0.13151347982878944,
    0.1470415820070381,
    0.0
   ],
   [
    -0.01794975321269064,
    0.17624987147132976,
    0.0
   ]
  ],
  "positions": [
   [
    0.9265790168489904,
    -1.0937556694460415,
    0.5969234689512537
   ],
   [
    -1.0279517048841487,
    -0.8448311046585153,
    0.5326629687587949
   ],
   [
    -0.8521381961245179,
    1.069297325950422,
    0.5276902056990436
   ],
   [
    1.2175330368264874,
    0.8212689879615621,
    0.534958005345459
   ],
   [
    -1.0600066789088505,
    -1.0606461590906116,
    0.5328825006225847
   ],
   [
    -1.3411241245752867,
    -0.08550745753611684,
    0.5714126969817316
   ],
   [
    0.6624559372526413,
    1.1232445766197485,
    0.6380272479130926
   ],
   [
    1.2040306307461965,
    0.5521175001091827,
    0.5091432350820171
   ],
   [
    -0.027211281591085244,
    -1.4690953874266857,
    0.45760812896658837
   ],
   [
    0.49068787670499797,
    1.321730558554059,
    0.6275181821454222
   ],
   [
    1.335608995810776,
    0.6131574259933044,
    0.5599288943440575
   ],
   [
    1.2978491964763645,
    0.6413144552651336,
    0.6033270784490024
   ],
   [
    -1.0307682491186363,
    -1.0129385358053575,
    0.6495375933147018
   ],
   [
    0.5341513481667682,
    1.210089825133063,
    0.6379170671542393
   ],
   [
    -1.4129890227040045,
    0.13136620506964647,
    0.6098069430971609
   ],
   [
    -1.2629085554980484,
    0.4147584059734703,
    0.5762383475912125
   ],
   [
    0.577549636759987,
    -1.2457909941173924,
    0.6427643741687479
   ],
   [
    -0.9555558275847532,
    0.8926264964440355,
    0.6197943695030446
   ],
   [
    1.3534298505332671,
    -0.273964127346652,
    0.48984456363366713
   ],
   [
    -1.3502619831185343,
    0.3835730398453058,
    0.5361189466445844
   ],
   [
    -0.7530819769767675,
    1.2714386640049218,
    0.5408054245132834
   ],
   [
    0.17493317937029865,
    1.4073780750663218,
    0.5730914893484061
   ],
   [
    -1.254235556568336,
    0.5344437273708084,
    0.5114765080978745
   ],
   [
    -1.2630633759976728,
    -0.6851709050658024,
    0.5879145510430778
   ],
   [
    0.9237957880633374,
    0.968013340496414,
    0.64498800741511
   ]
  ]
 },
 "appearance_assets": {
  "floor_pbr": "Carpet008",
  "background_hdr": "colorful_studio_4k.hdr"
 },
 "environment_strength": 0.7334611811876903
}