{
 "objects": [
  {
   "obj_subpath": "chess_piece/chess_piece_037/chess_piece_037.blend",
   "obj_location": [
    0.19881964440884448,
    -0.27201853644812635
   ],
   "obj_pose": [
    [
     0.9829782889889331,
     0.18370884170614882,
     -0.0021867104024704104
    ],
    [
     -0.18364021463608096,
     0.982826674496736,
     0.018112422970578915
    ],
    [
     0.005476569291204214,
     -0.01740255020558834,
     0.9998335838317871
    ]
   ],
   "obj_scale": 0.6580046525311325,
   "obj_color": {
    "type": "random-multi",
    "color": [
     [
      0.054532287109610555,
      0.21322514552842037,
      0.7720013944717776
     ],
     [
      0.14374460488123886,
      0.6485994890500905,
      0.44039461071562347
     ],
     [
      0.5532684390702296,
      0.049331504274999105,
      0.32531548386806874
     ]
    ],
    "randomness": 0.8339080092752765,
    "scale": 0.5317218416429005,
    "specular": 0.6073308089201263,
    "roughness": 0.26021431918029825,
    "clever": true
   }
  },
  {
   "obj_subpath": "Noodle Cube/Noodle Cube/Noodle Cube.blend",
   "obj_location": [
    -0.31782149789254344,
    0.3860409905874116
   ],
   "obj_pose": [
    [
     0.6714629932926293,
     -0.7410380885207606,
     0.0
    ],
    [
     0.7410380885207606,
     0.6714629932926293,
     0.0
    ],
    [
     0.0,
     0.0,
     1.0
    ]
   ],
   "obj_scale": 0.6758709822594682,
   "obj_color": {
    "type": "random-multi",
    "color": [
     [
      0.419280942455595,
      0.6229530333513452,
      0.14125176493338643
     ],
     [
      0.12007088301499202,
      0.7464339208316871,
      0.3991047948367259
     ],
     [
      0.3049114191023592,
      0.6504794587147134,
      0.0027626848426567374
     ],
     [
      0.5099836274044892,
      0.014194106141056873,
      0.8033530165875844
     ]
    ],
    "randomness": 3.4897241065370026,
    "scale": 1.4349330049405375,
    "specular": 0.8157787440780218,
    "roughness": 0.18558743859096158,
    "clever": true
   }
  },
  {
   "obj_subpath": "Tier Stack Cylinder/Tier Stack Cylinder/Tier Stack Cylinder.blend",
   "obj_location": [
    -0.4364671779009719,
    -0.3030631382569031
   ],
   "obj_pose": [
    [
     0.9519373020162952,
     0.30629295295507014,
     0.0
    ],
    [
     -0.30629295295507014,
     0.9519373020162952,
     0.0
    ],
    [
     0.0,
     0.0,
     1.0
    ]
   ],
   "obj_scale": 0.6362513497830137,
   "obj_color": {
    "type": "random-multi",
    "color": [
     [
      0.047213082418802066,
      0.5704113162634815,
      0.3518907700784366
     ],
     [
      0.555490837379159,
      0.42796829657794333,
      0.05518421713536925
     ],
     [
      0.8246694071819378,
      0.2476673144181616,
      0.6920620149356241
     ],
     [
      0.06029694757926862,
      0.8362761644373786,
      0.4933880506885785
     ]
    ],
    "randomness": 0.39359962572355633,
    "scale": 1.1343076984385285,
    "specular": 0.7013076873842485,
    "roughness": 0.17414518072905738,
    "clever": false
   }
  }
 ],
 "camera": {
  "track_to_point": [
   [
    -0.1111819524112288,
    -0.12096416331592877,
    0.0
   ],
   [
    -0.1584615193224412,
    0.01817961137586445,
    0.0
   ],
   [
    -0.059232065561622804,
    -0.017564351294040784,
    0.0
   ],
   [
    -0.13447513814797374,
    -0.02056693986647902,
    0.0
   ],
   [
    -0.10399975885804502,
    -0.1994900671428898,
    0.0
   ],
   [
    -0.25588623726300586,
    -0.1477904052025699,
    0.0
   ],
   [
    -0.12203152684090807,
    0.0527206757423266,
    0.0
   ],
   [
    -0.10778775908329935,
    -0.10584943340803007,
    0.0
   ],
   [
    -0.15060560304170403,
    0.003823544745577459,
    0.0
   ],
   [
    -0.15681992195087247,
    -0.08449263818747925,
    0.0
   ],
   [
    -0.21084234079051356,
    -0.21239558835852018,
    0.0
   ],
   [
    -0.3340804802027213,
    -0.003129855712783333,
    0.0
   ],
   [
    -0.21470259455986668,
    -0.17025856566605563,
    0.0
   ],
   [
    -0.2958094084373959,
    -0.02836947059391333,
    0.0
   ],
   [
    -0.06617484449432876,
    -0.07233362803775457,
    0.0
   ],
   [
    -0.09289137174267592,
    0.07101091101266345,
    0.0
   ],
   [
    -0.25498019268287947,
    -0.1713057088781082,
    0.0
   ],
   [
    -0.23942458880824646,
    -0.2048450803631855,
    0.0
   ],
   [
    -0.2277267653894674,
    -0.08138471798770715,
    0.0
   ],
   [
    -0.21369868660364325,
    -0.09896691430277675,
    0.0
   ],
   [
    -0.2525955176915343,
    0.0502364865150985,
    0.0
   ],
   [
    -0.17309140191565833,
    -0.00905347131732169,
    0.0
   ],
   [
    -0.18342140331071846,
    -0.08918760017991224,
    0.0
   ],
   [
    -0.30476668182735683,
    -0.11890939242196007,
    0.0
   ],
   [
    -0.06932689902945355,
    -0.1636397729115291,
    0.0
   ]
  ],
  "positions": [
   [
    -0.7258429004545005,
    1.1233817801256456,
    0.6080051381662337
   ],
   [
    1.32361653305673,
    -0.44150041726393996,
    0.5114072629807797
   ],
   [
    -1.2935141608321918,
    -0.7167399787894428,
    0.46101610195749926
   ],
   [
    0.3238436229814742,
    -1.2663350763159258,
    0.48451350879221833
   ],
   [
    -1.2251679360352268,
    0.8378917509312532,
    0.5299670966377267
   ],
   [
    0.6880336075796121,
    -1.3097483629010784,
    0.5253793858735638
   ],
   [
    -1.0136603681891954,
    -0.8834733798024943,
    0.5965820260784945
   ],
   [
    0.03943736641762828,
    1.3464221798253129,
    0.643105910127799
   ],
   [
    -0.8541179204507726,
    1.1011600831088078,
    0.5518886268948969
   ],
   [
    -0.35861839856627403,
    -1.3048937202585242,
    0.5425363734639592
   ],
   [
    1.296353796801713,
    -0.24532222609230858,
    0.5926269700502199
   ],
   [
    -0.9789979202753101,
    0.9829547817501708,
    0.457808544653794
   ],
   [
    -0.06220407056024916,
    -1.3866451977760426,
    0.48400585926938483
   ],
   [
    1.316417450888381,
    -0.6473892794949166,
    0.5351854768733992
   ],
   [
    -1.3389707981082781,
    -0.4004664332647073,
    0.47935740991099235
   ],
   [
    0.7725142423784428,
    1.0819189883979976,
    0.6384618330019465
   ],
   [
    -1.3765147095220822,
    0.4554238236133524,
    0.5918445096003028
   ],
   [
    -0.9915165588751468,
    1.0463023534607965,
    0.6436714342923469
   ],
   [
    -1.0534711827850591,
    0.9378023789606444,
    0.499835302836744
   ],
   [
    -0.07932268576688709,
    -1.3043986133809855,
    0.5321207729694135
   ],
   [
    -0.7913237357710617,
    1.212220431129066,
    0.5833888677981397
   ],
   [
    1.3390810097642065,
    -0.5667917224573448,
    0.456944124559028
   ],
   [
    1.2373573181529756,
    0.5673781426294897,
    0.5910823823798508
   ],
   [
    -1.4015791171564607,
    0.18412608678955827,
    0.6002506710392554
   ],
   [
    -0.977803486887137,
    0.9521533971277395,
    0.5738768000690224
   ]
  ]
 },
 "appearance_assets": {
  "floor_pbr": "Fabric024",
  "background_hdr": "balcony_4k.hdr"
 },
 "environment_strength": 0.7599065032101036
}