{
 "objects": [
  {
   "obj_subpath": "elephant/elephant_020/elephant_020.blend",
   "obj_location": [
    0.4686664413935294,
    0.19761849349831195
   ],
   "obj_pose": [
    [
     -0.9349393991525152,
     -0.3205265088349864,
     -0.15215458387718106
    ],
    [
     -0.19991251304857846,
     0.12159824342827463,
     0.9722390836478173
    ],
    [
     -0.2931266725063324,
     0.9394022822380066,
     -0.17776425182819366
    ]
   ],
   "obj_scale": 0.6614479380287225,
   "obj_color": {
    "type": "random-multi",
    "color": [
     [
      0.8984089302507423,
      0.14280989000619915,
      0.5377768596972365
     ],
     [
      0.1491477196329564,
      0.10008245100645852,
      0.5142935999937824
     ],
     [
      0.7435044428963651,
      0.93186712325139,
      0.0388624848068051
     ]
    ],
    "randomness": 4.562850455308743,
    "scale": 0.8581883651704865,
    "specular": 0.7544973584098684,
    "roughness": 0.18883576196821417,
    "clever": false
   }
  },
  {
   "obj_subpath": "Torus Knot Cinquefoli/Torus Knot Cinquefoli/Torus Knot Cinquefoli.blend",
   "obj_location": [
    -0.15128554018882023,
    0.0025859747419271217
   ],
   "obj_pose": [
    [
     0.6147933298947529,
     0.7886882536952871,
     0.0
    ],
    [
     -0.7886882536952871,
     0.6147933298947529,
     0.0
    ],
    [
     0.0,
     0.0,
     1.0
    ]
   ],
   "obj_scale": 0.6456119122561303,
   "obj_color": {
    "type": "random-mono",
    "color": [
     [
      0.5655491915596191,
      0.8356857679232963,
      0.7465142713186295
     ],
     [
      0.5385195870557529,
      0.7908265543726938,
      0.7075405729543641
     ],
     [
      0.7893848878541414,
      0.8701000060485558,
      0.8434561210000951
     ],
     [
      0.6975301475617897,
      0.8587591124523106,
      0.8055377816394345
     ]
    ],
    "randomness": 0.43329000113218974,
    "scale": 4.989515258459376,
    "specular": 0.612546905911935,
    "roughness": 0.11529439943987972,
    "clever": false
   }
  },
  {
   "obj_subpath": "Spiral Ring Cone/Spiral Ring Cone/Spiral Ring Cone.blend",
   "obj_location": [
    0.31443786358131653,
    -0.444030567608112
   ],
   "obj_pose": [
    [
     -0.9813702486341976,
     -0.1921260916576744,
     0.0
    ],
    [
     0.1921260916576744,
     -0.9813702486341976,
     0.0
    ],
    [
     0.0,
     0.0,
     1.0
    ]
   ],
   "obj_scale": 0.6190125172960783,
   "obj_color": {
    "type": "random-mono",
    "color": [
     [
      0.22937591121831594,
      0.09523680990460012,
      0.2417413310160286
     ],
     [
      0.5311954291179839,
      0.2503024887703683,
      0.557089140135839
     ]
    ],
    "randomness": 0.2720257040039844,
    "scale": 3.5478051345873416,
    "specular": 0.8008505814262965,
    "roughness": 0.29127412204733505,
    "clever": false
   }
  }
 ],
 "camera": {
  "track_to_point": [
   [
    0.25957323346691374,
    -0.06056888657668437,
    0.0
   ],
   [
    0.12415245858581346,
    0.027993747670124372,
    0.0
   ],
   [
    0.35072805529842865,
    -0.12387117092931603,
    0.0
   ],
   [
    0.3006164351623101,
    -0.155266169005983,
    0.0
   ],
   [
    0.17506834699654006,
    -0.06408626205130312,
    0.0
   ],
   [
    0.2659646843078183,
    -0.025123231236186053,
    0.0
   ],
   [
    0.2861249705083386,
    -0.17670781395583945,
    0.0
   ],
   [
    0.15761048393267502,
    -0.08384756735762151,
    0.0
   ],
   [
    0.2754681502722228,
    0.06412841579863678,
    0.0
   ],
   [
    0.20824283260080667,
    0.007321757860301134,
    0.0
   ],
   [
    0.31595993157005664,
    -0.044226797717643415,
    0.0
   ],
   [
    0.17470042585417456,
    -0.21063987054635014,
    0.0
   ],
   [
    0.07452435901081048,
    0.02481516161258475,
    0.0
   ],
   [
    0.30857564139406035,
    0.060793731785048,
    0.0
   ],
   [
    0.1783605553792826,
    -0.15757820095095987,
    0.0
   ],
   [
    0.1696293194402283,
    -0.2275995466967643,
    0.0
   ],
   [
    0.2872028459493655,
    -0.11740120626257809,
    0.0
   ],
   [
    0.07635889958150541,
    -0.1007784264653883,
    0.0
   ],
   [
    0.2531115431978088,
    -0.026704934915358733,
    0.0
   ],
   [
    0.22085234401149031,
    0.028891282238615826,
    0.0
   ],
   [
    0.2422106836749719,
    -0.025963623597887106,
    0.0
   ],
   [
    0.3529869112888506,
    -0.16188673460109831,
    0.0
   ],
   [
    0.18159411987646895,
    -0.18700791097703068,
    0.0
   ],
   [
    0.170757044600704,
    -0.13732935220904377,
    0.0
   ],
   [
    0.1272467894215305,
    0.025689033483875315,
    0.0
   ]
  ],
  "positions": [
   [
    -0.7420359769261423,
    1.238355531048332,
    0.4871916026755743
   ],
   [
    0.05527044487285427,
    1.485939298362513,
    0.6043392019772862
   ],
   [
    0.9890626171157542,
    -0.8749718828749282,
    0.520023680132164
   ],
   [
    1.1249842675792485,
    0.6998451735753018,
    0.5827472747562621
   ],
   [
    0.9658800890687851,
    1.0490551885835209,
    0.48704903565338653
   ],
   [
    1.3242482468789094,
    0.05727159401275581,
    0.6343964619498383
   ],
   [
    -0.9375117949872581,
    -1.1705084133645083,
    0.5205251932712027
   ],
   [
    -0.9564214571664171,
    0.910654041097509,
    0.5321579780159738
   ],
   [
    0.07968845618496219,
    -1.4446675890068874,
    0.5843649416075
   ],
   [
    -1.2582334239240707,
    -0.7433873966420933,
    0.4500735762240996
   ],
   [
    -1.3238925562572788,
    0.6769246860733302,
    0.45789124964345335
   ],
   [
    1.0021492119014024,
    0.8501873699274581,
    0.5579399652694057
   ],
   [
    0.3246033272487996,
    1.3950152184850733,
    0.6079910051162749
   ],
   [
    -0.4210684004277192,
    -1.2675080930114369,
    0.6047813321293745
   ],
   [
    -0.08718649013887232,
    1.3147899984862415,
    0.5273789623391621
   ],
   [
    0.9224811172115668,
    -1.0383803791824808,
    0.542725991413993
   ],
   [
    -1.3648317098866851,
    -0.06145962931002775,
    0.5038733507515347
   ],
   [
    0.9581794109956718,
    -1.0509381217583733,
    0.5683410019932468
   ],
   [
    -0.00822889328253535,
    1.4536334475812054,
    0.6485292462903941
   ],
   [
    -0.00013036974619588646,
    -1.41971765744795,
    0.457460078601537
   ],
   [
    1.4397612241311861,
    -0.2567854234279167,
    0.5688503290774274
   ],
   [
    0.203169699995076,
    1.3468018350039848,
    0.632088865657894
   ],
   [
    -0.9126081455728005,
    -1.1120585616675112,
    0.4530219430354978
   ],
   [
    0.5683404002528102,
    1.2568167061124471,
    0.5354084170591464
   ],
   [
    -1.316122652148553,
    -0.6223373395585926,
    0.469000341257187
   ]
  ]
 },
 "appearance_assets": {
  "floor_pbr": "WoodFloor028",
  "background_hdr": "cabin_4k.hdr"
 },
 "environment_strength": 0.6903604314849774
}