{
 "objects": [
  {
   "obj_subpath": "pen/pen_014/pen_014.blend",
   "obj_location": [
    -0.013223035122709725,
    -0.35852196958689253
   ],
   "obj_pose": [
    [
     -0.234796400654616,
     -0.12787226151261386,
     -0.9635970932694459
    ],
    [
     -0.833231113435036,
     -0.4840410344587865,
     0.26726429059657775
    ],
    [
     -0.5005962252616882,
     0.8656517267227173,
     0.0071039507165551186
    ]
   ],
   "obj_scale": 0.6505064612570726,
   "obj_color": {
    "type": "random-mono",
    "color": [
     [
      0.2905769852909308,
      0.5900176115445335,
      0.1592241281428015
     ],
     [
      0.40294286272195523,
      0.6192258534270253,
      0.30806799842217003
     ],
     [
      0.4057755848621997,
      0.7363821257372928,
      0.26075146345582534
     ]
    ],
    "randomness": 0.31964084569847184,
    "scale": 2.2337033053462205,
    "specular": 0.6663204698336769,
    "roughness": 0.29411555383373045,
    "clever": false
   }
  },
  {
   "obj_subpath": "Atom N Ring/Atom N Ring/Atom N Ring.blend",
   "obj_location": [
    -0.2852176620722586,
    0.26156064390346
   ],
   "obj_pose": [
    [
     0.9989099691451294,
     -0.04667840552628743,
     0.0
    ],
    [
     0.04667840552628743,
     0.9989099691451294,
     0.0
    ],
    [
     0.0,
     0.0,
     1.0
    ]
   ],
   "obj_scale": 0.6117335245487595,
   "obj_color": {
    "type": "random-multi",
    "color": [
     [
      0.8383064749168339,
      0.1717856411214458,
      0.5719317466959484
     ],
     [
      0.531640313662959,
      0.13799975866368608,
      0.6916237563043752
     ]
    ],
    "randomness": 3.0007273214584886,
    "scale": 0.9390676352015621,
    "specular": 0.6186866164665812,
    "roughness": 0.2538319322578028,
    "clever": false
   }
  },
  {
   "obj_subpath": "Ico Pointy I/Ico Pointy I/Ico Pointy I.blend",
   "obj_location": [
    0.38955737583945904,
    0.49712212448266546
   ],
   "obj_pose": [
    [
     -0.37938500611296966,
     0.9252388973322847,
     0.0
    ],
    [
     -0.9252388973322847,
     -0.37938500611296966,
     0.0
    ],
    [
     0.0,
     0.0,
     1.0
    ]
   ],
   "obj_scale": 0.6733560794632152,
   "obj_color": {
    "type": "random-multi",
    "color": [
     [
      0.10391703164983948,
      0.029620691192848603,
      0.9143900955236818
     ],
     [
      0.7021158505270751,
      0.5086687830988481,
      0.14825468259352126
     ]
    ],
    "randomness": 2.905378912588742,
    "scale": 1.2545003436089104,
    "specular": 0.8927302135578907,
    "roughness": 0.22186431512562788,
    "clever": true
   }
  }
 ],
 "camera": {
  "track_to_point": [
   [
    -0.03737171446859898,
    0.13782005067747302,
    0.0
   ],
   [
    0.1147791612560541,
    0.04129958672765091,
    0.0
   ],
   [
    0.013187054555595063,
    0.2591692940647942,
    0.0
   ],
   [
    -0.09360374669547146,
    0.24337664818447735,
    0.0
   ],
   [
    0.12282542793777652,
    0.04303998287809285,
    0.0
   ],
   [
    0.025505036126563064,
    0.27323936644189606,
    0.0
   ],
   [
    0.14681978245506427,
    0.24899013037747347,
    0.0
   ],
   [
    -0.09992105458271057,
    0.10574308342347812,
    0.0
   ],
   [
    0.04932376291992467,
    0.19729779508181391,
    0.0
   ],
   [
    0.10583220157739089,
    0.06170442766900343,
    0.0
   ],
   [
    0.0830318493923667,
    0.09887020886314844,
    0.0
   ],
   [
    -0.010498164722249442,
    0.029357408618467695,
    0.0
   ],
   [
    -0.04772490348651984,
    0.273160642570376,
    0.0
   ],
   [
    -0.07525903509916941,
    0.04136329932316202,
    0.0
   ],
   [
    0.09509259662582191,
    0.004390628153831372,
    0.0
   ],
   [
    0.05969689482410036,
    0.07208871236171699,
    0.0
   ],
   [
    0.17333593718145068,
    0.07261455630141851,
    0.0
   ],
   [
    0.09904146164902793,
    0.008526795917206939,
    0.0
   ],
   [
    -0.01892442739002048,
    0.1826191864317907,
    0.0
   ],
   [
    -0.013060411044869335,
    0.1660342636223748,
    0.0
   ],
   [
    0.15806555169021974,
    0.0893983828766813,
    0.0
   ],
   [
    -0.06400259679489463,
    0.24972038010314007,
    0.0
   ],
   [
    0.08381201248017127,
    0.274033969348803,
    0.0
   ],
   [
    -0.011985963340688074,
    0.08125155199340263,
    0.0
   ],
   [
    0.09317402374470381,
    0.21029003122154513,
    0.0
   ]
  ],
  "positions": [
   [
    0.014216509713083827,
    -1.4260758663716113,
    0.6185535130810078
   ],
   [
    0.10824664277185354,
    -1.4277244230035775,
    0.6089533317628956
   ],
   [
    1.1523571581604475,
    -0.6732066161559079,
    0.5940294415044431
   ],
   [
    0.40542981885444884,
    -1.3054324475724253,
    0.570691426426924
   ],
   [
    1.3292783092061782,
    0.28945970202830584,
    0.5230799353165669
   ],
   [
    0.4645476682440342,
    -1.2922464110059835,
    0.47510353123705396
   ],
   [
    0.07984238971989989,
    -1.4184075195052923,
    0.6403469300793154
   ],
   [
    -1.1775949911348207,
    0.6393838725005163,
    0.6103415722005392
   ],
   [
    -1.1992220071488588,
    -0.8425868872415833,
    0.5446248476908913
   ],
   [
    1.2136790254926983,
    -0.8326354065793621,
    0.5308689601210316
   ],
   [
    -1.125746837083349,
    0.9363140643983912,
    0.5271600492676789
   ],
   [
    -0.980332056830229,
    1.1142724408967497,
    0.5233467448666951
   ],
   [
    -0.034943959360527556,
    -1.4216687202087934,
    0.5044397690218854
   ],
   [
    0.9571223490821188,
    -1.1325403706415884,
    0.5850213922494586
   ],
   [
    -0.9292473782148926,
    1.1696331338310078,
    0.46298138745780726
   ],
   [
    1.377059064881587,
    0.10437264622031328,
    0.5518852188993137
   ],
   [
    -1.4843627966729587,
    0.15364100586554075,
    0.5572915829581021
   ],
   [
    1.2255003818322754,
    -0.7262396773818927,
    0.5691094102359808
   ],
   [
    1.2944475331930223,
    -0.46367278213924445,
    0.4961558449801181
   ],
   [
    1.2838652411867066,
    -0.5634348790074367,
    0.6441896586635456
   ],
   [
    -1.3411299917974269,
    0.2424232340560096,
    0.5764161140759266
   ],
   [
    -1.297091303853788,
    -0.7107580871471783,
    0.4697001344765733
   ],
   [
    -1.3383493696182438,
    -0.2533556887194578,
    0.4828564304490437
   ],
   [
    -0.8397921677958358,
    1.0097571813755848,
    0.6396929043788908
   ],
   [
    1.114627164366025,
    0.7918790943302788,
    0.5532634387409291
   ]
  ]
 },
 "appearance_assets": {
  "floor_pbr": "Fabric025",
  "background_hdr": "fireplace_4k.hdr"
 },
 "environment_strength": 0.6497640140511205
}