{
 "objects": [
  {
   "obj_subpath": "whale/whale_028/whale_028.blend",
   "obj_location": [
    -0.30144170643589185,
    0.2632038592361191
   ],
   "obj_pose": [
    [
     -0.9412537321224523,
     -0.3376945358304693,
     0.001953234928919374
    ],
    [
     0.337700005071605,
     -0.9412311954492509,
     0.0065239890472848
    ],
    [
     -0.0003646698605734855,
     0.006800336297601461,
     0.9999768137931824
    ]
   ],
   "obj_scale": 0.6869812656152114,
   "obj_color": {
    "type": "random-mono",
    "color": [
     [
      0.8531899734446339,
      0.7821317260673102,
      0.9184561558778461
     ],
     [
      0.9506385761111129,
      0.9225680196330655,
      0.9764210591826372
     ],
     [
      0.5570533634910699,
      0.45376234924728376,
      0.6519249713362392
     ],
     [
      0.38296492645557806,
      0.1905513947167562,
      0.5596945409421324
     ]
    ],
    "randomness": 0.17301374720699714,
    "scale": 4.2735208827095805,
    "specular": 0.7591625319800408,
    "roughness": 0.10069461050661635,
    "clever": false
   }
  },
  {
   "obj_subpath": "Multi Holed Block/Multi Holed Block/Multi Holed Block.blend",
   "obj_location": [
    0.3172716495802128,
    0.3374782960604048
   ],
   "obj_pose": [
    [
     0.9896095208301733,
     -0.14378107066743823,
     0.0
    ],
    [
     0.14378107066743823,
     0.9896095208301733,
     0.0
    ],
    [
     0.0,
     0.0,
     1.0
    ]
   ],
   "obj_scale": 0.6922446831656094,
   "obj_color": {
    "type": "random-multi",
    "color": [
     [
      0.03873877856056995,
      0.5995125014357352,
      0.619800442290463
     ],
     [
      0.11387053990042628,
      0.44828891236657675,
      0.6550457183777485
     ],
     [
      0.15684291512977774,
      0.004916369871557191,
      0.6659901490950905
     ]
    ],
    "randomness": 2.591366043906365,
    "scale": 0.74448113068786,
    "specular": 0.8062875914012759,
    "roughness": 0.2111098995368747,
    "clever": true
   }
  },
  {
   "obj_subpath": "Cone Wave/Cone Wave/Cone Wave.blend",
   "obj_location": [
    -0.40136293926135314,
    -0.49468577640361644
   ],
   "obj_pose": [
    [
     -0.9992050165947082,
     0.03986646224546258,
     0.0
    ],
    [
     -0.03986646224546258,
     -0.9992050165947082,
     0.0
    ],
    [
     0.0,
     0.0,
     1.0
    ]
   ],
   "obj_scale": 0.6058074957956852,
   "obj_color": {
    "type": "random-mono",
    "color": [
     [
      0.08794298308461349,
      0.09546731934869795,
      0.1597367352288532
     ],
     [
      0.6123385671452327,
      0.630052287247551,
      0.7813547282980219
     ]
    ],
    "randomness": 0.08331633370431335,
    "scale": 4.256290636175841,
    "specular": 0.77483262106797,
    "roughness": 0.2608882991418975,
    "clever": false
   }
  }
 ],
 "camera": {
  "track_to_point": [
   [
    0.013990080467556093,
    0.15020881338974282,
    0.0
   ],
   [
    -0.10576878786360469,
    0.10210045938977735,
    0.0
   ],
   [
    -0.03294402769100602,
    0.07108760504323952,
    0.0
   ],
   [
    -0.19962707056587276,
    0.060750529545618076,
    0.0
   ],
   [
    -0.2013599825388925,
    -0.10146473333051778,
    0.0
   ],
   [
    -0.14256349275670904,
    0.17383275018481206,
    0.0
   ],
   [
    -0.12406267172201563,
    0.1214201226992119,
    0.0
   ],
   [
    -0.260576057610308,
    0.02545404932810244,
    0.0
   ],
   [
    -0.015022688977603144,
    -0.06069444061151538,
    0.0
   ],
   [
    0.008962490409576779,
    0.127618117143582,
    0.0
   ],
   [
    -0.09983521629230901,
    -0.08665854929628913,
    0.0
   ],
   [
    -0.02276660632820879,
    0.15309590054820596,
    0.0
   ],
   [
    -0.2247881264750845,
    0.06524985012447526,
    0.0
   ],
   [
    -0.0416927684737885,
    -0.010654623674704808,
    0.0
   ],
   [
    -0.025794516537312212,
    -0.06226927549973796,
    0.0
   ],
   [
    -0.17453624741025264,
    0.11766047050705555,
    0.0
   ],
   [
    -0.12818447593382126,
    -0.07237448376684494,
    0.0
   ],
   [
    0.01763346893672904,
    0.17429467733857887,
    0.0
   ],
   [
    -0.2693181193485109,
    0.054145476416270016,
    0.0
   ],
   [
    0.005315781190872254,
    0.145604073469749,
    0.0
   ],
   [
    -0.2693567362844602,
    0.18134018360575718,
    0.0
   ],
   [
    -0.27446643122774633,
    0.0643893403405919,
    0.0
   ],
   [
    -0.08475253030839097,
    0.14033896822645323,
    0.0
   ],
   [
    -0.11378179216851608,
    -0.011942670222296295,
    0.0
   ],
   [
    -0.20346881534520156,
    -0.008189168525705795,
    0.0
   ]
  ],
  "positions": [
   [
    -1.3050863185210382,
    -0.30296844798682765,
    0.6328029899483427
   ],
   [
    0.40845249147458257,
    1.3210511277247436,
    0.6253645358385906
   ],
   [
    -0.8014031108387029,
    -1.1584274041024605,
    0.5014408854026653
   ],
   [
    -0.22282107156506953,
    1.4379731443591712,
    0.5597558037269749
   ],
   [
    -1.1912978551182039,
    0.8073673272778941,
    0.576233751595614
   ],
   [
    -0.4726224700225501,
    1.2273363498891068,
    0.5499995653656593
   ],
   [
    1.2709138608754942,
    0.6539209177925969,
    0.46667974305074417
   ],
   [
    -0.07416411476700818,
    1.3967181061644678,
    0.5425263019041633
   ],
   [
    -0.7779843177871505,
    1.062507496914265,
    0.5143713436669004
   ],
   [
    0.2203609718053707,
    -1.3577205908081145,
    0.4898771670935427
   ],
   [
    0.6918912197064295,
    1.1048314974988518,
    0.4831364206846047
   ],
   [
    -0.5722559880775971,
    1.3565010991970599,
    0.605200065368855
   ],
   [
    1.2507422020982573,
    0.5318451486258859,
    0.5955503990990878
   ],
   [
    -1.2682787815428611,
    0.6944921394394671,
    0.5585305514500314
   ],
   [
    -0.5183122021215861,
    -1.1937586460044423,
    0.590164477878492
   ],
   [
    1.2454480602815123,
    -0.4370475666518457,
    0.5116118421795459
   ],
   [
    0.9907239620525287,
    -0.9463040080131562,
    0.5505240524016553
   ],
   [
    0.3598158721918754,
    1.386021953428381,
    0.6313169928887946
   ],
   [
    1.3367411213368583,
    -0.14185220504533513,
    0.4565422083708794
   ],
   [
    -1.0195195923451303,
    1.0021084367501383,
    0.4804294668859296
   ],
   [
    1.3823946370956715,
    -0.22533117956662468,
    0.5740056893688381
   ],
   [
    1.0623824299030755,
    -0.9218772055762344,
    0.5878813705953359
   ],
   [
    -0.407715336371369,
    -1.3986928903957454,
    0.5653344166256358
   ],
   [
    1.0005965441955906,
    0.9786364425569414,
    0.5831434763597402
   ],
   [
    -0.8930697405917452,
    1.1642183956536263,
    0.563683878172482
   ]
  ]
 },
 "appearance_assets": {
  "floor_pbr": "Carpet006",
  "background_hdr": "lebombo_4k.hdr"
 },
 "environment_strength": 0.6911431579505072
}