{
 "objects": [
  {
   "obj_subpath": "fridge/fridge_026/fridge_026.blend",
   "obj_location": [
    -0.11093173596023798,
    -0.4917889621975634
   ],
   "obj_pose": [
    [
     0.006502242132652574,
     0.8175892411024189,
     -0.5757652255618695
    ],
    [
     0.004579015140430024,
     0.5757470321118144,
     0.8176150564909834
    ],
    [
     0.9999683499336243,
     -0.007952769286930561,
     -1.067813428790032e-07
    ]
   ],
   "obj_scale": 0.6360206437972628,
   "obj_color": {
    "type": "random-mono",
    "color": [
     [
      0.8688318033371312,
      0.4978959841822308,
      0.6452581341299004
     ],
     [
      0.8203944351566594,
      0.5827551481134032,
      0.6771624133122971
     ],
     [
      0.8226034353803561,
      0.6984971690107599,
      0.7478010250683078
     ]
    ],
    "randomness": 0.6194975430982033,
    "scale": 3.350652823439103,
    "specular": 0.6979353780285402,
    "roughness": 0.21922472810201532,
    "clever": true
   }
  },
  {
   "obj_subpath": "43664/43664/43664.blend",
   "obj_location": [
    0.04032234386792166,
    0.26344403836442654
   ],
   "obj_pose": [
    [
     -0.9449011586863957,
     -0.32735577024562573,
     0.0
    ],
    [
     0.32735577024562573,
     -0.9449011586863957,
     0.0
    ],
    [
     0.0,
     0.0,
     1.0
    ]
   ],
   "obj_scale": 0.6830321867703509,
   "obj_color": {
    "type": "random-multi",
    "color": [
     [
      0.16682024856117597,
      0.8385529524791476,
      0.07820786250887257
     ],
     [
      0.280290117769992,
      0.00242472628635948,
      0.6317288988522518
     ],
     [
      0.1504974902795605,
      0.9094435612875232,
      0.5943443017630172
     ],
     [
      0.15059446435430646,
      0.2486475092043875,
      0.7415881038307257
     ]
    ],
    "randomness": 2.168407401002864,
    "scale": 0.716676710504548,
    "specular": 0.7139193116945134,
    "roughness": 0.168786704837029,
    "clever": false
   }
  },
  {
   "obj_subpath": "Cylinder Crinkle/Cylinder Crinkle/Cylinder Crinkle.blend",
   "obj_location": [
    0.42441766084726507,
    -0.20881938437629566
   ],
   "obj_pose": [
    [
     0.9804168566905617,
     -0.19693345860213488,
     0.0
    ],
    [
     0.19693345860213488,
     0.9804168566905617,
     0.0
    ],
    [
     0.0,
     0.0,
     1.0
    ]
   ],
   "obj_scale": 0.6574775230117461,
   "obj_color": {
    "type": "random-mono",
    "color": [
     [
      0.47990283913759973,
      0.1352227791380533,
      0.2318030290885692
     ],
     [
      0.4775285762149371,
      0.29550776817699237,
      0.3465104723558262
     ],
     [
      0.7952729038738597,
      0.5902311848296204,
      0.6476844081916047
     ]
    ],
    "randomness": 0.2394953535457245,
    "scale": 3.9986207850895994,
    "specular": 0.8964074346803435,
    "roughness": 0.15904353990515144,
    "clever": false
   }
  }
 ],
 "camera": {
  "track_to_point": [
   [
    0.23014887869149595,
    -0.12237362832242066,
    0.0
   ],
   [
    0.26656164960902307,
    -0.2885940788481085,
    0.0
   ],
   [
    0.17569068909651897,
    -0.1444744864307853,
    0.0
   ],
   [
    -0.015949997695488882,
    -0.10616348758095961,
    0.0
   ],
   [
    0.18039255770562915,
    -0.19639684069670282,
    0.0
   ],
   [
    0.05697200334161777,
    -0.17184592469048166,
    0.0
   ],
   [
    0.00986773346562278,
    -0.26982927278534763,
    0.0
   ],
   [
    0.1861982167564054,
    -0.27250231625486887,
    0.0
   ],
   [
    0.09138708283669608,
    -0.18408730514132637,
    0.0
   ],
   [
    0.049282654930289466,
    -0.06858389490578837,
    0.0
   ],
   [
    -0.01900205685321274,
    -0.1319998866830756,
    0.0
   ],
   [
    0.1715303622352603,
    -0.2897232822528527,
    0.0
   ],
   [
    0.06697876444632272,
    -0.034247240205139695,
    0.0
   ],
   [
    0.07673221591942005,
    -0.1329999479337077,
    0.0
   ],
   [
    0.1254182399734622,
    -0.021188373986142595,
    0.0
   ],
   [
    0.18373334045020973,
    -0.2553115009160801,
    0.0
   ],
   [
    0.23876349766577018,
    -0.18719526109007117,
    0.0
   ],
   [
    0.14787458055599878,
    -0.16628034203501132,
    0.0
   ],
   [
    0.012531226234563098,
    -0.19009776960500188,
    0.0
   ],
   [
    0.02235378535882454,
    -0.27611627798847094,
    0.0
   ],
   [
    0.04310496183756718,
    -0.11795854950352183,
    0.0
   ],
   [
    0.26651367400509207,
    -0.022957079750790033,
    0.0
   ],
   [
    0.26041683572537966,
    -0.19680110964818998,
    0.0
   ],
   [
    0.1840226478882684,
    -0.024078116899289237,
    0.0
   ],
   [
    0.1438192884003905,
    -0.18332017285467694,
    0.0
   ]
  ],
  "positions": [
   [
    1.1398627630753513,
    -0.9317429900659212,
    0.5039704676256743
   ],
   [
    -0.34213498179862334,
    1.2633675176858081,
    0.489623229200005
   ],
   [
    -1.2474329166950087,
    0.3788238216436553,
    0.5547219305735294
   ],
   [
    0.8930800397036583,
    -1.014635233784472,
    0.49568200578245414
   ],
   [
    -1.3345016553766544,
    -0.1637584712078755,
    0.6176510296836938
   ],
   [
    1.0737556004330713,
    -0.891984251600377,
    0.4817061688370786
   ],
   [
    -1.1685855267500338,
    0.7155984178435116,
    0.5006833176070434
   ],
   [
    -1.2469264033175258,
    0.7132081364057655,
    0.5747599538044232
   ],
   [
    -0.544429565853806,
    1.2125068863459496,
    0.5505058128377618
   ],
   [
    -0.8959990933912657,
    1.1874044109750193,
    0.5019937586428407
   ],
   [
    0.9514452689434859,
    1.095988161619253,
    0.5917761679413865
   ],
   [
    0.1532873540319605,
    -1.3909197184082285,
    0.6480412974407832
   ],
   [
    -1.4300411103274722,
    -0.18418256403073546,
    0.591066615967899
   ],
   [
    0.4554867829591273,
    1.2861485063822256,
    0.5115476335728831
   ],
   [
    0.837478469769984,
    1.0629772507608362,
    0.6473076700086235
   ],
   [
    0.8972824073472804,
    1.191319424890038,
    0.5339879273842847
   ],
   [
    1.3213703492249989,
    0.11317668498221217,
    0.5967611516073689
   ],
   [
    1.1526426297242407,
    0.9137663984017355,
    0.6455904819269197
   ],
   [
    1.2824010702246558,
    0.5039999504985484,
    0.6225061263520558
   ],
   [
    1.350923705088207,
    0.025822930544655953,
    0.6259449239310892
   ],
   [
    -1.4112759249814513,
    -0.2708363597088554,
    0.6001344281054084
   ],
   [
    -1.401378104773764,
    0.12528160681691963,
    0.5221689493525272
   ],
   [
    -1.185164034310343,
    0.8530172394935794,
    0.5079586329724157
   ],
   [
    -0.5072672591029721,
    1.3138531462261558,
    0.46670277113878694
   ],
   [
    -0.5588292971776261,
    -1.3758179616898942,
    0.6390916613966785
   ]
  ]
 },
 "appearance_assets": {
  "floor_pbr": "Carpet009",
  "background_hdr": "reading_room_4k.hdr"
 },
 "environment_strength": 0.668921434084901
}