{
 "objects": [
  {
   "obj_subpath": "fox/fox_041/fox_041.blend",
   "obj_location": [
    0.2044180771716474,
    0.05944426343821663
   ],
   "obj_pose": [
    [
     0.021793525891938777,
     -0.9970864666880425,
     -0.07309991926636805
    ],
    [
     -0.03623041922124099,
     -0.0738569106230862,
     0.9966104921395569
    ],
    [
     -0.9991058111190796,
     -0.019071217626333237,
     -0.037734463810920715
    ]
   ],
   "obj_scale": 0.6494919237734875,
   "obj_color": {
    "type": "random-multi",
    "color": [
     [
      0.46849077974085096,
      0.7944004018381021,
      0.09845385764807169
     ],
     [
      0.09083233676154157,
      0.24403086183235115,
      0.8731835702326816
     ]
    ],
    "randomness": 3.746339463178419,
    "scale": 1.14933414606167,
    "specular": 0.7257418652955168,
    "roughness": 0.26016078477543836,
    "clever": false
   }
  },
  {
   "obj_subpath": "Extrudy Sphere Rings/Extrudy Sphere Rings/Extrudy Sphere Rings.blend",
   "obj_location": [
    -0.4812921172194147,
    0.10043513297497741
   ],
   "obj_pose": [
    [
     -0.6363387587973054,
     0.7714097381108853,
     0.0
    ],
    [
     -0.7714097381108853,
     -0.6363387587973054,
     0.0
    ],
    [
     0.0,
     0.0,
     1.0
    ]
   ],
   "obj_scale": 0.6550548331078971,
   "obj_color": {
    "type": "random-mono",
    "color": [
     [
      0.888540332079687,
      0.5869550435071966,
      0.6937715521203148
     ],
     [
      0.5652754558225785,
      0.3053374535603304,
      0.39740318391789153
     ],
     [
      0.6040704958532209,
      0.21450142085276436,
      0.35248032775554133
     ],
     [
      0.8908858681718418,
      0.6904456599588419,
      0.7614382581997632
     ]
    ],
    "randomness": 0.9474874050425383,
    "scale": 2.2369504229439046,
    "specular": 0.6157382581080337,
    "roughness": 0.2027227082239781,
    "clever": false
   }
  },
  {
   "obj_subpath": "93073/93073/93073.blend",
   "obj_location": [
    -0.1653520354447353,
    -0.4908202606256955
   ],
   "obj_pose": [
    [
     0.9800469994906191,
     -0.19876588940116074,
     0.0
    ],
    [
     0.19876588940116074,
     0.9800469994906191,
     0.0
    ],
    [
     0.0,
     0.0,
     1.0
    ]
   ],
   "obj_scale": 0.6425270990327192,
   "obj_color": {
    "type": "random-mono",
    "color": [
     [
      0.028325275510333453,
      0.03881310746760534,
      0.09903722919566485
     ],
     [
      0.3555498215458287,
      0.4057790816613521,
      0.6942098162337352
     ]
    ],
    "randomness": 0.7739501374305087,
    "scale": 3.926305715112769,
    "specular": 0.6103109705500801,
    "roughness": 0.2909220543080826,
    "clever": false
   }
  }
 ],
 "camera": {
  "track_to_point": [
   [
    -0.17336340440823683,
    -0.1263142004241387,
    0.0
   ],
   [
    -0.18173170848912337,
    -0.06832193550397804,
    0.0
   ],
   [
    -0.14319849189954612,
    -0.10872408492916023,
    0.0
   ],
   [
    -0.10840775352576135,
    -0.06793957251672574,
    0.0
   ],
   [
    -0.18376256050888784,
    -0.1718535696162249,
    0.0
   ],
   [
    -0.11128232895745141,
    -0.23294803530654562,
    0.0
   ],
   [
    -0.27710806177359304,
    -0.061228234631714215,
    0.0
   ],
   [
    -0.16342897364511644,
    -0.1135142730399167,
    0.0
   ],
   [
    -0.25133709991495007,
    -0.09599173687535871,
    0.0
   ],
   [
    -0.10677224167970695,
    0.014291977776270212,
    0.0
   ],
   [
    -0.2229065327564081,
    -0.14697204784972323,
    0.0
   ],
   [
    -0.040199877524349004,
    -0.02027887164930696,
    0.0
   ],
   [
    -0.06285705987445739,
    0.03965700768296963,
    0.0
   ],
   [
    -0.197030746473273,
    -0.007323830592909988,
    0.0
   ],
   [
    -0.06059878699888896,
    -0.15338535646322504,
    0.0
   ],
   [
    -0.034901564813803465,
    0.019176242968559062,
    0.0
   ],
   [
    -0.15407332747014493,
    -0.10535578934370131,
    0.0
   ],
   [
    -0.13760846908517496,
    -0.0759689826970059,
    0.0
   ],
   [
    -0.01678021695914461,
    -0.07369545870490081,
    0.0
   ],
   [
    -0.03509817429963924,
    -0.18168128300688047,
    0.0
   ],
   [
    -0.19081459971518072,
    -0.2525494340542628,
    0.0
   ],
   [
    -0.06442933158974892,
    -0.022071548661846865,
    0.0
   ],
   [
    -0.08201659931652111,
    -0.10207815316428635,
    0.0
   ],
   [
    -0.001199816807428089,
    0.03808292520891797,
    0.0
   ],
   [
    -0.02502656003541548,
    -0.07423669780381263,
    0.0
   ]
  ],
  "positions": [
   [
    -0.2810047980070477,
    1.3343849201142743,
    0.5119354796968848
   ],
   [
    0.7078241602677362,
    1.299499073350293,
    0.47098375251312435
   ],
   [
    -0.10811400142349072,
    -1.3069416107542082,
    0.5037994006363509
   ],
   [
    -0.06890082662380147,
    1.4220674725046896,
    0.5977548057817438
   ],
   [
    -0.16379370896528347,
    1.3623028075712236,
    0.5969507686181768
   ],
   [
    1.394104908399365,
    0.22084247730765408,
    0.5788803140065788
   ],
   [
    -0.2809358922406262,
    1.3553865468699489,
    0.6431675282568337
   ],
   [
    0.38280549506417855,
    1.2778371605243286,
    0.46076008857141076
   ],
   [
    -1.3614807682825096,
    0.18732425080267506,
    0.6279550031932881
   ],
   [
    0.314003298390547,
    -1.3251747201442678,
    0.6403217592773851
   ],
   [
    -0.5396341959994573,
    1.3988700910712484,
    0.6245151185638282
   ],
   [
    -1.2757455198651293,
    0.5321047517644106,
    0.5886276223375979
   ],
   [
    -1.4759388391699089,
    0.209139049533084,
    0.5917138917540719
   ],
   [
    -0.42628186311173893,
    -1.23275702358235,
    0.5457473937506245
   ],
   [
    1.1700515824014643,
    0.6404880852972686,
    0.4917008556826002
   ],
   [
    -0.20546652121129036,
    1.378603973405222,
    0.4885500342125185
   ],
   [
    0.31509165171519504,
    -1.4134802617002855,
    0.571333238476316
   ],
   [
    -0.6834961097861073,
    1.2165858522455004,
    0.5220940978601648
   ],
   [
    -1.2783997395858702,
    -0.45699027871989206,
    0.6211278363769225
   ],
   [
    0.7267998098532654,
    -1.2756224653458799,
    0.5033519830715374
   ],
   [
    -1.1843487816732587,
    -0.5822128340150803,
    0.606151946280854
   ],
   [
    -0.45075762358186644,
    -1.4175665324580424,
    0.4528450943584383
   ],
   [
    1.3341499788691162,
    0.21550522357561783,
    0.5542541145107759
   ],
   [
    1.2925925116434605,
    -0.3986607464238519,
    0.6240805519174615
   ],
   [
    0.575977922692685,
    -1.1760642173221116,
    0.5301470069671723
   ]
  ]
 },
 "appearance_assets": {
  "floor_pbr": "Carpet001",
  "background_hdr": "cayley_interior_4k.hdr"
 },
 "environment_strength": 0.6421404732634809
}