{
 "objects": [
  {
   "obj_subpath": "hat/hat_026/hat_026.blend",
   "obj_location": [
    -0.07561981581459687,
    -0.3001823658417784
   ],
   "obj_pose": [
    [
     -0.8332216181673385,
     0.5529340096144567,
     0.00239851650678994
    ],
    [
     -0.552939202251286,
     -0.8332137534127506,
     -0.003614352570537036
    ],
    [
     -2.139010568669164e-08,
     -0.004337790422141552,
     0.9999905824661255
    ]
   ],
   "obj_scale": 0.6021035844402294,
   "obj_color": {
    "type": "random-mono",
    "color": [
     [
      0.0484725376590268,
      0.0197744778916073,
      0.07342110258001139
     ],
     [
      0.9935844326742904,
      0.9903586917449037,
      0.9963887200598247
     ]
    ],
    "randomness": 0.5904653126596668,
    "scale": 2.452053709254045,
    "specular": 0.6031317179382779,
    "roughness": 0.24458386385724465,
    "clever": false
   }
  },
  {
   "obj_subpath": "Extrudy Cone Rings/Extrudy Cone Rings/Extrudy Cone Rings.blend",
   "obj_location": [
    0.4726609188543406,
    0.16583534986944448
   ],
   "obj_pose": [
    [
     -0.9912264393378655,
     -0.13217467971429658,
     0.0
    ],
    [
     0.13217467971429658,
     -0.9912264393378655,
     0.0
    ],
    [
     0.0,
     0.0,
     1.0
    ]
   ],
   "obj_scale": 0.6624846474759101,
   "obj_color": {
    "type": "random-mono",
    "color": [
     [
      0.5288709098175595,
      0.5705770641649911,
      0.7199444477319317
     ],
     [
      0.6093341398607797,
      0.6611428405363989,
      0.8466917166436152
     ],
     [
      0.4367283843252896,
      0.48453075844768256,
      0.6557312841895044
     ],
     [
      0.16449178212665128,
      0.2582721938106177,
      0.5941395242380093
     ]
    ],
    "randomness": 0.007074944482132195,
    "scale": 2.7858176170025204,
    "specular": 0.7969010829937135,
    "roughness": 0.2898560246956654,
    "clever": false
   }
  },
  {
   "obj_subpath": "Spiral Ring Sphere/Spiral Ring Sphere/Spiral Ring Sphere.blend",
   "obj_location": [
    -0.42734440691963904,
    0.4493918267706698
   ],
   "obj_pose": [
    [
     0.664757107590504,
     -0.7470595611515236,
     0.0
    ],
    [
     0.7470595611515236,
     0.664757107590504,
     0.0
    ],
    [
     0.0,
     0.0,
     1.0
    ]
   ],
   "obj_scale": 0.6241689553997014,
   "obj_color": {
    "type": "random-multi",
    "color": [
     [
      0.19083837392833283,
      0.042146773977974505,
      0.7051981096973089
     ],
     [
      0.03507280281825504,
      0.6056650614884788,
      0.006366781253587028
     ],
     [
      0.7805878268119499,
      0.8368369081119438,
      0.1895304034663623
     ],
     [
      0.4931366728701966,
      0.10955180527144837,
      0.6848405873649654
     ]
    ],
    "randomness": 1.749926370094288,
    "scale": 1.21120934550546,
    "specular": 0.8627738932737197,
    "roughness": 0.13643468376366671,
    "clever": false
   }
  }
 ],
 "camera": {
  "track_to_point": [
   [
    0.0016086306557062113,
    0.12450092105004654,
    0.0
   ],
   [
    -0.04531743686348487,
    0.16826750762511655,
    0.0
   ],
   [
    -0.13664471583035984,
    -0.039412616503857745,
    0.0
   ],
   [
    -0.07994860556526613,
    0.14622916758361043,
    0.0
   ],
   [
    -0.004255592163470434,
    0.06875178391626668,
    0.0
   ],
   [
    0.13545959857754383,
    0.029264130335186073,
    0.0
   ],
   [
    0.03736637647851995,
    0.12301964801026416,
    0.0
   ],
   [
    0.1275298824293172,
    0.22098647922207473,
    0.0
   ],
   [
    -0.13416699333645715,
    0.11517642866882077,
    0.0
   ],
   [
    0.08174073134131518,
    0.1423801650197956,
    0.0
   ],
   [
    0.07768784666962428,
    0.2283771799186374,
    0.0
   ],
   [
    -0.05844236015306138,
    0.044203571079643414,
    0.0
   ],
   [
    0.11057039631094032,
    0.24292758670151118,
    0.0
   ],
   [
    -0.11310534147508147,
    0.15989039521503817,
    0.0
   ],
   [
    0.06272308702296267,
    0.17296417339213566,
    0.0
   ],
   [
    0.11848338817474599,
    0.12231575222463592,
    0.0
   ],
   [
    0.101673366666685,
    0.2061985384057806,
    0.0
   ],
   [
    0.03040397977996434,
    0.10570268376849537,
    0.0
   ],
   [
    -0.10772431658394077,
    0.16666833014322233,
    0.0
   ],
   [
    -0.11023134099262749,
    0.19006679727617745,
    0.0
   ],
   [
    -0.1590082505770407,
    0.24362235892577713,
    0.0
   ],
   [
    -0.150965027573538,
    0.026178019797109014,
    0.0
   ],
   [
    0.07246398169449991,
    0.025760448160044733,
    0.0
   ],
   [
    -0.015011331984572163,
    0.06994365046201292,
    0.0
   ],
   [
    -0.12748110923584977,
    0.09420716230388712,
    0.0
   ]
  ],
  "positions": [
   [
    -0.5344800766276919,
    1.2673977548757402,
    0.5957587042440574
   ],
   [
    -0.03848528558351984,
    -1.3705132090758432,
    0.5692177435823141
   ],
   [
    0.8446708810670162,
    -1.160118732253138,
    0.5806690120158202
   ],
   [
    0.7375329612159928,
    -1.2709423745506006,
    0.5881697464125529
   ],
   [
    1.3640631597770851,
    0.11722053208313393,
    0.4539219482000239
   ],
   [
    -0.5299592894988902,
    1.3871637358434066,
    0.5261839951610064
   ],
   [
    -1.331312187807401,
    -0.5669442177461242,
    0.6447985329636715
   ],
   [
    0.8561401642979635,
    -1.0366202674849507,
    0.6497545743165032
   ],
   [
    -0.5672428256989239,
    1.303403886448125,
    0.5134034903099269
   ],
   [
    -1.3169524624968965,
    -0.5777166562181099,
    0.4715058344533692
   ],
   [
    -1.2483940085848366,
    0.6245839305561339,
    0.5344036761504785
   ],
   [
    0.409393690045106,
    -1.3170960844091593,
    0.5125865038945153
   ],
   [
    -0.15348894850403638,
    -1.3811493173148552,
    0.6216120916149191
   ],
   [
    -0.8941606143943807,
    -1.0311674276256546,
    0.5380784447432031
   ],
   [
    -1.4456971586959575,
    -0.13029345601963488,
    0.4764571140310823
   ],
   [
    1.3892664224462203,
    -0.24302605250619314,
    0.5324290583832306
   ],
   [
    0.1030652811224729,
    1.3766684921818328,
    0.5244794000498277
   ],
   [
    -0.27621190624045605,
    -1.2753404707084492,
    0.5263468174867219
   ],
   [
    0.7635344658483811,
    -1.1296518674135172,
    0.49211316647187536
   ],
   [
    -0.009813033458586053,
    1.3109523810509178,
    0.4892109835386669
   ],
   [
    -1.0743387632585335,
    0.951062945557256,
    0.4501227427625655
   ],
   [
    -1.130476814361021,
    0.8399777515364801,
    0.4835642827792277
   ],
   [
    0.600648102558098,
    -1.198777484054923,
    0.5710010253877709
   ],
   [
    -1.3423893725313494,
    -0.11434439138856595,
    0.5480722718500441
   ],
   [
    -0.9596953397289254,
    -1.0513185924043187,
    0.5935200250510597
   ]
  ]
 },
 "appearance_assets": {
  "floor_pbr": "Carpet014",
  "background_hdr": "cayley_interior_4k.hdr"
 },
 "environment_strength": 0.6847586687490326
}