{
 "objects": [
  {
   "obj_subpath": "chess_piece/chess_piece_006/chess_piece_006.blend",
   "obj_location": [
    0.16513308082303124,
    -0.025531621444896846
   ],
   "obj_pose": [
    [
     0.7401482665948118,
     -0.6724437176643179,
     2.2190151059073107e-06
    ],
    [
     0.6724437176643178,
     0.7401482665948118,
     9.395145949069474e-07
    ],
    [
     -2.2741708107787417e-06,
     7.967826149979373e-07,
     1.0
    ]
   ],
   "obj_scale": 0.6287878652999405,
   "obj_color": {
    "type": "random-multi",
    "color": [
     [
      0.04320662926787078,
      0.1512768569701338,
      0.7711275886188793
     ],
     [
      0.5714124852413707,
      0.04876162675832085,
      0.07419745925411933
     ],
     [
      0.17344830775523346,
      0.37192764565462,
      0.7289115877773151
     ]
    ],
    "randomness": 1.0131487346986727,
    "scale": 0.5158367081549243,
    "specular": 0.722822533190703,
    "roughness": 0.14305906248571554,
    "clever": false
   }
  },
  {
   "obj_subpath": "Multi Arch/Multi Arch/Multi Arch.blend",
   "obj_location": [
    -0.45705516368537613,
    -0.11752689124212468
   ],
   "obj_pose": [
    [
     -0.4308029295331824,
     -0.9024460293588907,
     0.0
    ],
    [
     0.9024460293588907,
     -0.4308029295331824,
     0.0
    ],
    [
     0.0,
     0.0,
     1.0
    ]
   ],
   "obj_scale": 0.6142936273848573,
   "obj_color": {
    "type": "random-multi",
    "color": [
     [
      0.7078380486591833,
      0.10154248664523502,
      0.11694589168613456
     ],
     [
      0.4309604646436274,
      0.5980785307779248,
      0.050508379711792006
     ],
     [
      0.02960311751212419,
      0.7903239767548654,
      0.4761768121047968
     ]
    ],
    "randomness": 4.150283389618813,
    "scale": 0.7771961120104354,
    "specular": 0.6842617975876899,
    "roughness": 0.12517029875619864,
    "clever": true
   }
  },
  {
   "obj_subpath": "Extrudy Sphere Rings/Extrudy Sphere Rings/Extrudy Sphere Rings.blend",
   "obj_location": [
    -0.3724279384523351,
    0.48604521435592896
   ],
   "obj_pose": [
    [
     0.9069321609704393,
     -0.4212766969552069,
     0.0
    ],
    [
     0.4212766969552069,
     0.9069321609704393,
     0.0
    ],
    [
     0.0,
     0.0,
     1.0
    ]
   ],
   "obj_scale": 0.613697386181344,
   "obj_color": {
    "type": "random-mono",
    "color": [
     [
      0.8925222496287011,
      0.8657076706302578,
      0.7930513695842829
     ],
     [
      0.40308682628848636,
      0.3467518387539718,
      0.19410756960596331
     ],
     [
      0.18061202649122504,
      0.1573135948150003,
      0.09418458332221763
     ]
    ],
    "randomness": 0.08471039326172858,
    "scale": 2.856768595235634,
    "specular": 0.659715689805833,
    "roughness": 0.12360485686793986,
    "clever": false
   }
  }
 ],
 "camera": {
  "track_to_point": [
   [
    -0.23801200419931637,
    0.2365100550350458,
    0.0
   ],
   [
    -0.3412396278146068,
    0.21462693147079753,
    0.0
   ],
   [
    -0.3200330342391073,
    -0.03511606750055858,
    0.0
   ],
   [
    -0.3447199410588873,
    0.20005128790725468,
    0.0
   ],
   [
    -0.33435253891809447,
    0.19203932794546552,
    0.0
   ],
   [
    -0.20037364831146684,
    0.05559652033519358,
    0.0
   ],
   [
    -0.29435392688085793,
    0.019551624216068056,
    0.0
   ],
   [
    -0.3494505841025773,
    0.13928904281068388,
    0.0
   ],
   [
    -0.22358920441933247,
    0.036500529655712224,
    0.0
   ],
   [
    -0.11628013435003443,
    0.19439216576309387,
    0.0
   ],
   [
    -0.08726835880144429,
    0.1431381462643202,
    0.0
   ],
   [
    -0.11903806206642481,
    0.2130330266261959,
    0.0
   ],
   [
    -0.09940112097049147,
    -0.016230245521353923,
    0.0
   ],
   [
    -0.17226695798595296,
    0.026996338829721772,
    0.0
   ],
   [
    -0.32851205566082775,
    0.10936520126692818,
    0.0
   ],
   [
    -0.14883029522208605,
    0.05436797698212405,
    0.0
   ],
   [
    -0.2416047961581892,
    0.08654940178985926,
    0.0
   ],
   [
    -0.09641100687080939,
    0.03423955633640746,
    0.0
   ],
   [
    -0.18135961521772395,
    0.19064374084058672,
    0.0
   ],
   [
    -0.3207974875763318,
    0.04918825045499953,
    0.0
   ],
   [
    -0.28769045290365064,
    0.06832363582493552,
    0.0
   ],
   [
    -0.36822529491347944,
    0.1029891750166143,
    0.0
   ],
   [
    -0.13781705560367993,
    0.2040963184419764,
    0.0
   ],
   [
    -0.16270503716842952,
    0.01289147841125872,
    0.0
   ],
   [
    -0.11544172748545284,
    0.1907995721875041,
    0.0
   ]
  ],
  "positions": [
   [
    1.2523196543326705,
    -0.3510030301128938,
    0.49893780661789433
   ],
   [
    1.3286761771511357,
    0.5567097690562866,
    0.510242111086934
   ],
   [
    1.0171326362122846,
    0.8562322238971382,
    0.5589634501317041
   ],
   [
    -0.23632613672236666,
    -1.3405167384880734,
    0.5373791919286798
   ],
   [
    -0.580605717024809,
    1.2189038672488997,
    0.471503924463423
   ],
   [
    1.253303766375541,
    0.49147474569632404,
    0.6457114763782191
   ],
   [
    -0.9372614063425699,
    -1.0759626163069047,
    0.5059258271823472
   ],
   [
    1.289772251295002,
    -0.32792199683083484,
    0.5462094190438723
   ],
   [
    0.560339209966832,
    1.3076993020071424,
    0.6283172394455967
   ],
   [
    0.846116158850909,
    1.07863122094648,
    0.4756035370992711
   ],
   [
    0.19266787298012472,
    -1.3634189262891465,
    0.49112440130623464
   ],
   [
    -0.12321172085338979,
    1.3883439921181715,
    0.6431130618650406
   ],
   [
    -1.3200315314103463,
    0.24924056012144463,
    0.5528674012668675
   ],
   [
    -1.3528953759332756,
    -0.2930177512779309,
    0.5220922183641988
   ],
   [
    -1.2078603715117389,
    0.6304092165869036,
    0.45651439971214197
   ],
   [
    0.06496327173138292,
    1.316013014082713,
    0.5764529683952443
   ],
   [
    1.0330850192714058,
    -0.8861057889409003,
    0.6399053061187071
   ],
   [
    -0.6151143970338001,
    -1.2270372004293608,
    0.6331496118148239
   ],
   [
    1.3276515870250898,
    -0.09197853505294633,
    0.6250667622627021
   ],
   [
    -0.5915187240466135,
    -1.243043692482876,
    0.6432119200652062
   ],
   [
    0.3350088820056441,
    -1.3337314512090506,
    0.5291073204150785
   ],
   [
    -1.173057663646922,
    0.7824606086173331,
    0.5554973510111486
   ],
   [
    0.8916426317301819,
    -0.9845594727449329,
    0.5267678135235665
   ],
   [
    -1.4401182144880056,
    0.0498528038329525,
    0.6445828813405114
   ],
   [
    0.7465003533845103,
    1.0832234059911345,
    0.6205604412726393
   ]
  ]
 },
 "appearance_assets": {
  "floor_pbr": "Marble012",
  "background_hdr": "lythwood_lounge_4k.hdr"
 },
 "environment_strength": 0.6058946913435944
}