{
 "objects": [
  {
   "obj_subpath": "bottle/bottle_049/bottle_049.blend",
   "obj_location": [
    0.2548843711015992,
    0.4846979253475442
   ],
   "obj_pose": [
    [
     -0.5766289846249225,
     0.013942918115992355,
     0.8168871700833054
    ],
    [
     -0.7638475981022526,
     0.3455670698656259,
     -0.545087363655184
    ],
    [
     -0.289889395236969,
     -0.9382904767990112,
     -0.18861372768878937
    ]
   ],
   "obj_scale": 0.6281805216279178,
   "obj_color": {
    "type": "random-mono",
    "color": [
     [
      0.9068571891113735,
      0.937435568663615,
      0.954901472493418
     ],
     [
      0.161069522926091,
      0.4045034224120022,
      0.5435491514399544
     ],
     [
      0.6058850987576905,
      0.7176899957438782,
      0.7815512469630794
     ]
    ],
    "randomness": 0.30900435817185545,
    "scale": 4.642200643669167,
    "specular": 0.8343295880930752,
    "roughness": 0.2841865227525041,
    "clever": false
   }
  },
  {
   "obj_subpath": "Infinity Icosphere/Infinity Icosphere/Infinity Icosphere.blend",
   "obj_location": [
    -0.15333171390312605,
    -0.1535317519907028
   ],
   "obj_pose": [
    [
     0.9830431730156914,
     0.1833742620632497,
     0.0
    ],
    [
     -0.1833742620632497,
     0.9830431730156914,
     0.0
    ],
    [
     0.0,
     0.0,
     1.0
    ]
   ],
   "obj_scale": 0.6114152599415033,
   "obj_color": {
    "type": "random-multi",
    "color": [
     [
      0.4165368721420116,
      0.17061938231466645,
      0.7111346875599522
     ],
     [
      0.06185314089303173,
      0.8051807140762088,
      0.3798798732969303
     ]
    ],
    "randomness": 4.618954447215427,
    "scale": 0.9458948410851231,
    "specular": 0.681462467113205,
    "roughness": 0.18908123100802343,
    "clever": false
   }
  },
  {
   "obj_subpath": "Torus Knot Cinquefoli/Torus Knot Cinquefoli/Torus Knot Cinquefoli.blend",
   "obj_location": [
    0.35771210286159016,
    -0.48238712639011294
   ],
   "obj_pose": [
    [
     -0.03500614025890768,
     0.9993870972471947,
     0.0
    ],
    [
     -0.9993870972471947,
     -0.03500614025890768,
     0.0
    ],
    [
     0.0,
     0.0,
     1.0
    ]
   ],
   "obj_scale": 0.6946374898532117,
   "obj_color": {
    "type": "random-multi",
    "color": [
     [
      0.745277274438132,
      0.4804137678612417,
      0.0783128393242789
     ],
     [
      0.495502045704439,
      0.6396343800617049,
      0.05459966339060485
     ],
     [
      0.8106170101984603,
      0.10027072631728984,
      0.8049024902934514
     ]
    ],
    "randomness": 0.11731283627174294,
    "scale": 0.596318321879998,
    "specular": 0.8340168334362603,
    "roughness": 0.2606531332391899,
    "clever": true
   }
  }
 ],
 "camera": {
  "track_to_point": [
   [
    0.03657315914336548,
    0.06051437094778133,
    0.0
   ],
   [
    0.03109723272368191,
    -0.10352631538471263,
    0.0
   ],
   [
    0.1451048139771042,
    0.033575476886977144,
    0.0
   ],
   [
    0.0415868076892552,
    -0.180096405308667,
    0.0
   ],
   [
    0.0885646229741482,
    0.09013120360665733,
    0.0
   ],
   [
    0.11501582649472968,
    -0.16826684237838305,
    0.0
   ],
   [
    0.03159504907342067,
    0.05831785173765613,
    0.0
   ],
   [
    0.026740427799696348,
    -0.04879375151912222,
    0.0
   ],
   [
    0.028761174118052846,
    0.06810050402331708,
    0.0
   ],
   [
    0.29323578994535965,
    0.009588294229171922,
    0.0
   ],
   [
    0.028668085598054602,
    0.03289796622601412,
    0.0
   ],
   [
    0.12724321372909062,
    0.07744520939518729,
    0.0
   ],
   [
    0.29973466272083354,
    -0.015185703943468805,
    0.0
   ],
   [
    0.17366942076988165,
    0.08286183319386514,
    0.0
   ],
   [
    0.2355015393966557,
    -0.1972970985750115,
    0.0
   ],
   [
    0.14273741690419786,
    -0.10269456910871527,
    0.0
   ],
   [
    0.040866027105858224,
    -0.18539356574132718,
    0.0
   ],
   [
    0.06670227828552215,
    -0.02351535187281468,
    0.0
   ],
   [
    0.019052815229434306,
    -0.043249185228599114,
    0.0
   ],
   [
    0.21101086625613205,
    -0.07738347127081432,
    0.0
   ],
   [
    0.2870047770797426,
    -0.013733809630309325,
    0.0
   ],
   [
    0.15511239412331831,
    -0.05799210367920963,
    0.0
   ],
   [
    0.25586991085125377,
    0.01013954597613017,
    0.0
   ],
   [
    0.16614439908880055,
    0.04804222678610328,
    0.0
   ],
   [
    0.07087050856085216,
    -0.026578145114191883,
    0.0
   ]
  ],
  "positions": [
   [
    -0.53594109385825,
    -1.2348506974927855,
    0.6038786191226513
   ],
   [
    1.327417421836592,
    -0.5668797088109976,
    0.5824657917668223
   ],
   [
    -0.8677722842033928,
    1.1365217361787783,
    0.4705904756688663
   ],
   [
    -1.2922626793192271,
    0.4515965456095104,
    0.47909735757109984
   ],
   [
    -1.350854371605948,
    -0.0505831872151152,
    0.6226667679382678
   ],
   [
    -0.9929062265220087,
    0.954459370079094,
    0.6204142052427152
   ],
   [
    1.3495885814487523,
    -0.289557850995743,
    0.5286528021532079
   ],
   [
    0.2346329651798208,
    1.4137803845639805,
    0.5986982346531846
   ],
   [
    0.07632363748039576,
    -1.3518545007733185,
    0.6380995985556117
   ],
   [
    -1.0718134618217907,
    -0.8631939584789412,
    0.4971160697107835
   ],
   [
    -0.7458096122665943,
    -1.1266820208703159,
    0.6338893601219375
   ],
   [
    0.4074546334744001,
    -1.2510454676210057,
    0.5319874926969251
   ],
   [
    -1.3970108343917653,
    0.32710082980499816,
    0.4816822944607658
   ],
   [
    -1.3093759438162127,
    -0.17119240696820429,
    0.6021140560526916
   ],
   [
    0.5164915547889105,
    1.1981270965873743,
    0.5324572561187552
   ],
   [
    -0.30069331182261655,
    -1.395383990800872,
    0.5037539416186703
   ],
   [
    1.3643378705128448,
    -0.011597664991115721,
    0.6389074783525375
   ],
   [
    1.2665467196792213,
    -0.4599932410528434,
    0.5173430050720857
   ],
   [
    0.23877058466111384,
    -1.4531609714113736,
    0.6456712130339344
   ],
   [
    0.48516161622737153,
    1.2101064683974079,
    0.450531614453264
   ],
   [
    1.3938109660275388,
    0.4591239954461327,
    0.48128022728821374
   ],
   [
    0.49128729619535827,
    1.216567613946125,
    0.5015463923560253
   ],
   [
    1.3399043583500596,
    0.5788320418625783,
    0.5231537619066868
   ],
   [
    -0.5534729888837544,
    -1.1998496705010917,
    0.5197949139997189
   ],
   [
    -0.4500550726919232,
    1.263173359732181,
    0.5106631105600221
   ]
  ]
 },
 "appearance_assets": {
  "floor_pbr": "Planks009",
  "background_hdr": "balcony_4k.hdr"
 },
 "environment_strength": 0.6032031362421456
}