{
 "objects": [
  {
   "obj_subpath": "horse/horse_006/horse_006.blend",
   "obj_location": [
    0.027538570732597356,
    0.049905038066690555
   ],
   "obj_pose": [
    [
     -0.9615240367951712,
     0.2747199947141014,
     -0.0006535339964310503
    ],
    [
     -0.27472080669433824,
     -0.9615209833031485,
     0.002423266451127935
    ],
    [
     3.733316043508239e-05,
     0.002509568352252245,
     0.9999968409538269
    ]
   ],
   "obj_scale": 0.6942257698897096,
   "obj_color": {
    "type": "random-mono",
    "color": [
     [
      0.5529288798725229,
      0.38132320291204413,
      0.7133024830045815
     ],
     [
      0.5764522933869862,
      0.36900570779280817,
      0.7703209169573082
     ],
     [
      0.7704728056109569,
      0.7069587097361812,
      0.8298297254141324
     ]
    ],
    "randomness": 0.3633253938660067,
    "scale": 4.760516783160688,
    "specular": 0.7982433447197804,
    "roughness": 0.1607365197751177,
    "clever": false
   }
  },
  {
   "obj_subpath": "Torus Knot Petier/Torus Knot Petier/Torus Knot Petier.blend",
   "obj_location": [
    -0.431449945854822,
    -0.42977485803293003
   ],
   "obj_pose": [
    [
     -0.9693928909650015,
     -0.24551460841774092,
     0.0
    ],
    [
     0.24551460841774092,
     -0.9693928909650015,
     0.0
    ],
    [
     0.0,
     0.0,
     1.0
    ]
   ],
   "obj_scale": 0.6077771995587661,
   "obj_color": {
    "type": "random-mono",
    "color": [
     [
      0.3016700033214093,
      0.26478539987706456,
      0.19277844189921195
     ],
     [
      0.30829871205526194,
      0.2673501887305253,
      0.18740955434771178
     ],
     [
      0.9393728211699415,
      0.9038446352363597,
      0.8344857062347522
     ],
     [
      0.3836370517940817,
      0.2972516458467144,
      0.12860810043520643
     ]
    ],
    "randomness": 0.18675934006590833,
    "scale": 3.3766890622563355,
    "specular": 0.6360199728386897,
    "roughness": 0.2591954898059303,
    "clever": false
   }
  },
  {
   "obj_subpath": "Fragment Icosphere/Fragment Icosphere/Fragment Icosphere.blend",
   "obj_location": [
    0.49001884339202906,
    -0.42608818451841224
   ],
   "obj_pose": [
    [
     0.9979392290756749,
     -0.06416615207293944,
     0.0
    ],
    [
     0.06416615207293944,
     0.9979392290756749,
     0.0
    ],
    [
     0.0,
     0.0,
     1.0
    ]
   ],
   "obj_scale": 0.664721692228599,
   "obj_color": {
    "type": "random-multi",
    "color": [
     [
      0.8432996558717161,
      0.7025002366926852,
      0.12994313541624802
     ],
     [
      0.7526871855372678,
      0.5182477451767031,
      0.15448856209860817
     ]
    ],
    "randomness": 0.4151833926061549,
    "scale": 1.1456747620247008,
    "specular": 0.7935247025578999,
    "roughness": 0.2756446803734641,
    "clever": false
   }
  }
 ],
 "camera": {
  "track_to_point": [
   [
    -0.10749861884847015,
    -0.4027395026211491,
    0.0
   ],
   [
    0.11775913227318593,
    -0.1521842909942214,
    0.0
   ],
   [
    0.04704871290545612,
    -0.38193368700366187,
    0.0
   ],
   [
    0.17235554250842747,
    -0.1443122242960961,
    0.0
   ],
   [
    -0.025940636600693387,
    -0.40107777375271714,
    0.0
   ],
   [
    0.020071399315443356,
    -0.3635445405678624,
    0.0
   ],
   [
    0.14162679967678724,
    -0.35668485601607697,
    0.0
   ],
   [
    0.095455613232232,
    -0.3636428807073967,
    0.0
   ],
   [
    0.029414598272477582,
    -0.2567861245979374,
    0.0
   ],
   [
    -0.03640962722106515,
    -0.30011507927148195,
    0.0
   ],
   [
    -0.05772700168992287,
    -0.13328907083886662,
    0.0
   ],
   [
    -0.014369435140928422,
    -0.32940609830123124,
    0.0
   ],
   [
    -0.022120567221094747,
    -0.26083324676160247,
    0.0
   ],
   [
    0.1178498435596658,
    -0.36756016908331834,
    0.0
   ],
   [
    -0.057316418987861786,
    -0.3983463231495387,
    0.0
   ],
   [
    -0.050345562655322806,
    -0.1379344736640052,
    0.0
   ],
   [
    -0.024592834345755307,
    -0.40688833413202996,
    0.0
   ],
   [
    0.08735976767164821,
    -0.2279881163378554,
    0.0
   ],
   [
    0.12551973033790723,
    -0.31256709612507855,
    0.0
   ],
   [
    -0.02596054657941599,
    -0.17221608861063223,
    0.0
   ],
   [
    0.08470918073347053,
    -0.3275021400509862,
    0.0
   ],
   [
    0.10061208775339045,
    -0.2701700096836682,
    0.0
   ],
   [
    0.1347719235576567,
    -0.16652972073623298,
    0.0
   ],
   [
    0.14083887070020443,
    -0.33185340016764375,
    0.0
   ],
   [
    -0.015974741395011233,
    -0.35541551039037733,
    0.0
   ]
  ],
  "positions": [
   [
    1.3370597777153188,
    -0.4562975194061284,
    0.6321762616287734
   ],
   [
    -1.4163290659313854,
    0.23862236481396099,
    0.5131959167635212
   ],
   [
    -1.4248121499972908,
    0.19473622273253302,
    0.6156720986461849
   ],
   [
    1.056895780277679,
    -0.9754018827128478,
    0.502244999978309
   ],
   [
    -0.7196537747944637,
    -1.2775431618861852,
    0.57388868381398
   ],
   [
    -0.893242540848361,
    -1.1058033634643267,
    0.615363179357018
   ],
   [
    1.0223034657761185,
    -0.9297611931994374,
    0.6104430989400199
   ],
   [
    -1.1338497735839015,
    -0.7301069721866061,
    0.46156449295322727
   ],
   [
    0.7339606526361958,
    1.2952918558499338,
    0.5324481334217437
   ],
   [
    -1.3117616029678731,
    0.020688180155479362,
    0.5594824567269259
   ],
   [
    -1.2324667648360947,
    -0.8276909367865783,
    0.5923339147504878
   ],
   [
    1.3563980763630146,
    -0.5741459793541939,
    0.5283311824440877
   ],
   [
    -1.4275484550691098,
    -0.43037151371628407,
    0.5691683570348773
   ],
   [
    -0.23095247396187757,
    1.3860453800379897,
    0.6386156594199623
   ],
   [
    0.3041956091948624,
    1.356197490091628,
    0.5507461177961583
   ],
   [
    -1.206492117843963,
    0.8575386686400759,
    0.584527976680127
   ],
   [
    0.8771515813078358,
    -1.1538137201110945,
    0.5567187039470141
   ],
   [
    -0.7872758262347769,
    1.1841629451444402,
    0.6294953215079466
   ],
   [
    -1.4855851942036578,
    0.008633192223820444,
    0.647784860153231
   ],
   [
    -0.5779481403884384,
    -1.3051266495905671,
    0.643938042028898
   ],
   [
    -0.0994920236041971,
    1.489301918965021,
    0.6231737658415408
   ],
   [
    -1.1051240411806313,
    0.9896577928301739,
    0.47164702850010715
   ],
   [
    1.3848964352504725,
    -0.446533212971126,
    0.5310612882368853
   ],
   [
    -1.3492201469506786,
    0.08127481749535907,
    0.5139839053197144
   ],
   [
    -0.1900678511484133,
    -1.346337999668888,
    0.5200914373058316
   ]
  ]
 },
 "appearance_assets": {
  "floor_pbr": "Fabric028",
  "background_hdr": "wooden_lounge_4k.hdr"
 },
 "environment_strength": 0.6220300156046009
}