{
 "objects": [
  {
   "obj_subpath": "tree/tree_001/tree_001.blend",
   "obj_location": [
    -0.4591021325398842,
    -0.08490861922181536
   ],
   "obj_pose": [
    [
     -0.7577759078743234,
     0.06415917373323095,
     0.6493529752690707
    ],
    [
     -0.5609777027908037,
     0.44424016010388495,
     -0.6985375961016125
    ],
    [
     -0.33328625559806824,
     -0.8936074376106262,
     -0.30064260959625244
    ]
   ],
   "obj_scale": 0.6815375338789091,
   "obj_color": {
    "type": "random-mono",
    "color": [
     [
      0.9065050571640464,
      0.8768570610866981,
      0.9453358510088514
     ],
     [
      0.7204858633946586,
      0.621624434191044,
      0.8499673894510293
     ]
    ],
    "randomness": 0.9914319189765841,
    "scale": 4.1415027929628065,
    "specular": 0.8690029546327784,
    "roughness": 0.24497315128620614,
    "clever": true
   }
  },
  {
   "obj_subpath": "Tier Stack Ring/Tier Stack Ring/Tier Stack Ring.blend",
   "obj_location": [
    0.33228488433684744,
    -0.25532008068104506
   ],
   "obj_pose": [
    [
     0.7979227282879126,
     -0.6027597528713858,
     0.0
    ],
    [
     0.6027597528713858,
     0.7979227282879126,
     0.0
    ],
    [
     0.0,
     0.0,
     1.0
    ]
   ],
   "obj_scale": 0.6348124750568456,
   "obj_color": {
    "type": "random-mono",
    "color": [
     [
      0.08021186306988726,
      0.13342776217945232,
      0.16134279610348135
     ],
     [
      0.11489800368650255,
      0.17153658468283106,
      0.20124702717044457
     ],
     [
      0.09695543668579548,
      0.21308785209658562,
      0.2740064942714943
     ]
    ],
    "randomness": 0.6989943231405771,
    "scale": 4.656571367806643,
    "specular": 0.6469962353699824,
    "roughness": 0.25923954462872756,
    "clever": true
   }
  },
  {
   "obj_subpath": "Cone Wave/Cone Wave/Cone Wave.blend",
   "obj_location": [
    0.3265940343321633,
    0.44588924570378974
   ],
   "obj_pose": [
    [
     -0.059433663093945044,
     0.9982322573886477,
     0.0
    ],
    [
     -0.9982322573886477,
     -0.059433663093945044,
     0.0
    ],
    [
     0.0,
     0.0,
     1.0
    ]
   ],
   "obj_scale": 0.6297285332443208,
   "obj_color": {
    "type": "random-mono",
    "color": [
     [
      0.8005024428985343,
      0.8589336961555456,
      0.7510291368851338
     ],
     [
      0.9895426392760718,
      0.9939591067981057,
      0.9858032491888051
     ],
     [
      0.4090008370458254,
      0.5912578014095916,
      0.2546852256489386
     ],
     [
      0.6080040347268927,
      0.6976190707354204,
      0.5321276526073666
     ]
    ],
    "randomness": 0.8236816921741756,
    "scale": 2.183981815217696,
    "specular": 0.8181039920945012,
    "roughness": 0.11036041978268718,
    "clever": false
   }
  }
 ],
 "camera": {
  "track_to_point": [
   [
    0.11714688204352024,
    0.1375244201192674,
    0.0
   ],
   [
    -0.018521106636874424,
    0.13586632009106686,
    0.0
   ],
   [
    0.1450872034915644,
    0.02622318042658956,
    0.0
   ],
   [
    0.014708989683298923,
    0.09427157496040481,
    0.0
   ],
   [
    0.0719053767758175,
    0.13929316417355608,
    0.0
   ],
   [
    0.10367449319001894,
    0.08253093756198501,
    0.0
   ],
   [
    -0.03457450157441587,
    0.17633026961672266,
    0.0
   ],
   [
    0.053678789102979615,
    0.12768372271805484,
    0.0
   ],
   [
    -0.06581425486372637,
    0.0718087980974052,
    0.0
   ],
   [
    -0.044827834550063186,
    0.1323884033515471,
    0.0
   ],
   [
    0.16764427611548827,
    -0.08501333496622945,
    0.0
   ],
   [
    -0.041580038729262636,
    0.021476433502882843,
    0.0
   ],
   [
    0.11051069586456787,
    0.020219376540080082,
    0.0
   ],
   [
    0.2163295449352,
    0.09480051387433969,
    0.0
   ],
   [
    0.18769180299548,
    0.033171859244177405,
    0.0
   ],
   [
    0.13793166350189395,
    -0.10017482048759951,
    0.0
   ],
   [
    -0.016595959679022346,
    0.09151733622640093,
    0.0
   ],
   [
    0.08329314317940821,
    -0.04862223142307701,
    0.0
   ],
   [
    -0.006988125247199578,
    0.04333889194258068,
    0.0
   ],
   [
    -0.08204608945982879,
    -0.04341413197593202,
    0.0
   ],
   [
    -0.033821034610382536,
    0.07570514675833104,
    0.0
   ],
   [
    0.17207798977914207,
    0.17466480117016264,
    0.0
   ],
   [
    -0.07758581402474797,
    0.13574348728498237,
    0.0
   ],
   [
    0.00047399527323517543,
    0.05005131643698455,
    0.0
   ],
   [
    -0.029011954818644672,
    -0.07950351961987673,
    0.0
   ]
  ],
  "positions": [
   [
    0.865252505761441,
    1.0049479475417715,
    0.5116357826840618
   ],
   [
    -0.026592764466262204,
    1.3544208975833323,
    0.5519742910892464
   ],
   [
    1.1653338991094804,
    0.8068447782485259,
    0.5403140723574521
   ],
   [
    1.2530034511869539,
    -0.6022519073881986,
    0.5058815508822698
   ],
   [
    0.7899261635855168,
    1.2485343984088597,
    0.6123061920942087
   ],
   [
    0.36490481970553784,
    -1.3264676078562134,
    0.6289014433971513
   ],
   [
    1.3693006520301516,
    -0.37050690324284763,
    0.46182372096060836
   ],
   [
    -1.3623451937765467,
    0.34489769799674946,
    0.6403233169777247
   ],
   [
    0.49014066862034367,
    1.2269156805604418,
    0.6013682052123752
   ],
   [
    -0.29402260358370574,
    1.4175123858878134,
    0.5674277073205364
   ],
   [
    0.4936388845712575,
    1.3262826748451215,
    0.5090769060909701
   ],
   [
    0.817244608811072,
    1.2229889012183688,
    0.6320131150948727
   ],
   [
    -0.9432536732128012,
    0.9919312772432782,
    0.4852745045545652
   ],
   [
    -1.3353291236355436,
    -0.3160173045086479,
    0.4545435850266449
   ],
   [
    -0.665433318807058,
    -1.1675844301723939,
    0.5669719071866435
   ],
   [
    1.4240970042236754,
    0.46360203699293373,
    0.6419063463229181
   ],
   [
    -0.26373270527147946,
    1.2828130271198506,
    0.5139889104229055
   ],
   [
    -0.6264920085825564,
    -1.3211050970621465,
    0.5797161511318176
   ],
   [
    -0.7491086694980006,
    -1.156767767630209,
    0.6382948194069828
   ],
   [
    -1.3577223837682009,
    -0.5494819045383603,
    0.512904412048957
   ],
   [
    0.39528581226461024,
    -1.2385486066005391,
    0.4805751838396425
   ],
   [
    1.2687319819734018,
    0.4826624950433296,
    0.5143116696205877
   ],
   [
    1.2194434529816836,
    0.8104330245616811,
    0.5442811749075386
   ],
   [
    1.461283053205293,
    0.33363475588866887,
    0.5273323733435256
   ],
   [
    1.2455320726869181,
    -0.575573433875714,
    0.5496049955185783
   ]
  ]
 },
 "appearance_assets": {
  "floor_pbr": "Carpet006",
  "background_hdr": "moonlit_golf_4k.hdr"
 },
 "environment_strength": 0.712308802225987
}