{
 "objects": [
  {
   "obj_subpath": "fan/fan_008/fan_008.blend",
   "obj_location": [
    -0.363377438567028,
    0.42151052197209926
   ],
   "obj_pose": [
    [
     -0.7847820595221774,
     0.6194429774600843,
     -0.020187286076038966
    ],
    [
     -0.6175855838676417,
     -0.784332243428001,
     -0.058403548725183094
    ],
    [
     -0.05201121047139168,
     -0.03336668014526367,
     0.9980888962745667
    ]
   ],
   "obj_scale": 0.6032880933143515,
   "obj_color": {
    "type": "random-multi",
    "color": [
     [
      0.617345711950975,
      0.005847494891082827,
      0.6342137588547657
     ],
     [
      0.6518708713119373,
      0.3148069059165939,
      0.011430342008378669
     ]
    ],
    "randomness": 4.32575159556856,
    "scale": 1.3947349710413346,
    "specular": 0.728053740845988,
    "roughness": 0.10564036342128794,
    "clever": false
   }
  },
  {
   "obj_subpath": "Extrudy Sphere Rings/Extrudy Sphere Rings/Extrudy Sphere Rings.blend",
   "obj_location": [
    -0.327274554251087,
    -0.4204050639457436
   ],
   "obj_pose": [
    [
     0.9990647262586329,
     0.043239712600373785,
     0.0
    ],
    [
     -0.043239712600373785,
     0.9990647262586329,
     0.0
    ],
    [
     0.0,
     0.0,
     1.0
    ]
   ],
   "obj_scale": 0.6992734871417683,
   "obj_color": {
    "type": "random-mono",
    "color": [
     [
      0.923296423879769,
      0.7636671934445194,
      0.801276794449264
     ],
     [
      0.10413261413344563,
      0.05808619956951047,
      0.06893501012085326
     ]
    ],
    "randomness": 0.9004453887393108,
    "scale": 2.1976363576610702,
    "specular": 0.860306157506679,
    "roughness": 0.13262435047079707,
    "clever": false
   }
  },
  {
   "obj_subpath": "Torus Knot Petier/Torus Knot Petier/Torus Knot Petier.blend",
   "obj_location": [
    0.45581374224190885,
    0.014698038486495646
   ],
   "obj_pose": [
    [
     0.7621481311267511,
     0.6474026770256673,
     0.0
    ],
    [
     -0.6474026770256673,
     0.7621481311267511,
     0.0
    ],
    [
     0.0,
     0.0,
     1.0
    ]
   ],
   "obj_scale": 0.609281674514651,
   "obj_color": {
    "type": "random-multi",
    "color": [
     [
      0.4432226495428832,
      0.1888533131758281,
      0.8753580626711253
     ],
     [
      0.27155579648204614,
      0.13710806414801935,
      0.608545273871658
     ]
    ],
    "randomness": 2.367188690716102,
    "scale": 1.0146964277273265,
    "specular": 0.6068378662010285,
    "roughness": 0.15184577330823953,
    "clever": false
   }
  }
 ],
 "camera": {
  "track_to_point": [
   [
    -0.10956124506723601,
    -0.061349810278771365,
    0.0
   ],
   [
    -0.21112469305461856,
    -0.1272131042161853,
    0.0
   ],
   [
    -0.22041466804133664,
    -0.0038164754021648333,
    0.0
   ],
   [
    -0.09234776731948714,
    0.1467123237560149,
    0.0
   ],
   [
    -0.12440870214739257,
    0.11361600289738534,
    0.0
   ],
   [
    -0.05766202031648003,
    0.06953159030312848,
    0.0
   ],
   [
    -0.09522258092854545,
    0.08107286335594001,
    0.0
   ],
   [
    -0.07075257789939766,
    0.13974867742302666,
    0.0
   ],
   [
    0.0612397703322823,
    0.07256928908691541,
    0.0
   ],
   [
    -0.07105809290878672,
    -0.14022326008019642,
    0.0
   ],
   [
    0.06932855569922076,
    -0.022972161036663,
    0.0
   ],
   [
    0.012327707157299903,
    -0.13613087932435158,
    0.0
   ],
   [
    0.0184003411702804,
    -0.0664994049759762,
    0.0
   ],
   [
    0.0495241495771724,
    0.01703144193769694,
    0.0
   ],
   [
    0.001992367006527232,
    0.1325470701598766,
    0.0
   ],
   [
    -0.11435526410820195,
    -0.12408628475190712,
    0.0
   ],
   [
    0.026048975494172136,
    0.024604220270597204,
    0.0
   ],
   [
    0.018316734774236745,
    0.0448375100593291,
    0.0
   ],
   [
    0.0478405454742233,
    -0.09240019673418524,
    0.0
   ],
   [
    -0.2123975073364614,
    -0.019163497046055734,
    0.0
   ],
   [
    0.01634807465437184,
    0.03816900843272706,
    0.0
   ],
   [
    -0.07493233661781891,
    0.05413614696354311,
    0.0
   ],
   [
    0.038649068369679865,
    -0.035074966653452326,
    0.0
   ],
   [
    -0.15700033069524053,
    -0.05676484750847722,
    0.0
   ],
   [
    -0.20383313299954386,
    0.07837446304747976,
    0.0
   ]
  ],
  "positions": [
   [
    0.3145196366793008,
    1.4067988378587644,
    0.5661754300977722
   ],
   [
    -1.420573424088942,
    -0.14598812234435765,
    0.5344351001471646
   ],
   [
    -0.24693941445839013,
    1.3469405286500153,
    0.5462690361956947
   ],
   [
    -1.343857202788032,
    -0.5974258800431336,
    0.49180958252700907
   ],
   [
    1.2061677527609282,
    -0.8788686727634873,
    0.5271312991094043
   ],
   [
    0.5088042884915855,
    -1.2865664615616748,
    0.46843612760427517
   ],
   [
    -1.3943781757660338,
    -0.14375542670036665,
    0.616434710905628
   ],
   [
    0.638289887404532,
    -1.1626865129846444,
    0.507776200698399
   ],
   [
    1.2197203026572419,
    -0.6945203050187916,
    0.4747484546227822
   ],
   [
    0.9760971286081686,
    0.8736018347057103,
    0.47465237868937493
   ],
   [
    1.2409306995613947,
    -0.6435118596038341,
    0.5954631545517154
   ],
   [
    1.0885001286150717,
    0.8730790962345729,
    0.5425365366916445
   ],
   [
    1.379375222949036,
    0.09569763575857536,
    0.5638650964318191
   ],
   [
    0.19413203196271023,
    1.3130802096971579,
    0.6444228299198386
   ],
   [
    1.2397776014999236,
    0.7155606875846467,
    0.5536429436579836
   ],
   [
    -0.036336473840626334,
    -1.434571352418372,
    0.46425933707234446
   ],
   [
    -1.3430439992744763,
    -0.05717450074349781,
    0.5717166038225324
   ],
   [
    1.3075573461426757,
    0.1304031032705194,
    0.4753185379479431
   ],
   [
    1.151292985765279,
    0.7328706538905314,
    0.5183699084756799
   ],
   [
    1.2977076025397165,
    0.7408323376987643,
    0.46281279431240446
   ],
   [
    -0.9137284515886859,
    -0.972909735827545,
    0.6063224853088744
   ],
   [
    0.9262430557061555,
    -0.9502465398066761,
    0.5959990401686394
   ],
   [
    0.3750914957163626,
    1.2753186027382974,
    0.5824614592910962
   ],
   [
    -0.8387675726367986,
    1.0381917340580522,
    0.6061063397434574
   ],
   [
    -0.399387556941666,
    1.3060410786187624,
    0.5500309176620135
   ]
  ]
 },
 "appearance_assets": {
  "floor_pbr": "Carpet013",
  "background_hdr": "small_empty_house_4k.hdr"
 },
 "environment_strength": 0.6200379505998075
}