{
 "objects": [
  {
   "obj_subpath": "cells_battery/cells_battery_038/cells_battery_038.blend",
   "obj_location": [
    0.12018063609108631,
    -0.3129568962865099
   ],
   "obj_pose": [
    [
     -0.805412937049773,
     -0.5927140885861893,
     -4.533228107580007e-06
    ],
    [
     0.5927140885861893,
     -0.805412937049773,
     -1.5463641075767374e-06
    ],
    [
     -2.734568852247321e-06,
     -3.932369963877136e-06,
     1.0
    ]
   ],
   "obj_scale": 0.699409317520447,
   "obj_color": {
    "type": "random-mono",
    "color": [
     [
      0.8279596423307807,
      0.9404217577295637,
      0.9358963743651176
     ],
     [
      0.27460776029691814,
      0.6827230055860551,
      0.6663007825533533
     ]
    ],
    "randomness": 0.7096495013314992,
    "scale": 2.9418067899335676,
    "specular": 0.8366938676400941,
    "roughness": 0.2834867529593904,
    "clever": false
   }
  },
  {
   "obj_subpath": "Ico Pointy I/Ico Pointy I/Ico Pointy I.blend",
   "obj_location": [
    0.4702206469612513,
    0.4282825182634097
   ],
   "obj_pose": [
    [
     -0.28303496168327086,
     -0.9591095925205573,
     0.0
    ],
    [
     0.9591095925205573,
     -0.28303496168327086,
     0.0
    ],
    [
     0.0,
     0.0,
     1.0
    ]
   ],
   "obj_scale": 0.6609971325941685,
   "obj_color": {
    "type": "random-multi",
    "color": [
     [
      0.09179034692696775,
      0.6285569236758132,
      0.35312366319230626
     ],
     [
      0.7726641266037529,
      0.11433561130236237,
      0.07163535995116666
     ],
     [
      0.8234474776082431,
      0.5768135647389154,
      0.05140759169533049
     ]
    ],
    "randomness": 4.169752785840697,
    "scale": 1.395238049115235,
    "specular": 0.8784187996761013,
    "roughness": 0.12790119151743826,
    "clever": true
   }
  },
  {
   "obj_subpath": "Repeat Shrink Circle/Repeat Shrink Circle/Repeat Shrink Circle.blend",
   "obj_location": [
    -0.124543414234075,
    0.26253929587501823
   ],
   "obj_pose": [
    [
     -0.9212876053654354,
     -0.3888819206391855,
     0.0
    ],
    [
     0.3888819206391855,
     -0.9212876053654354,
     0.0
    ],
    [
     0.0,
     0.0,
     1.0
    ]
   ],
   "obj_scale": 0.6285627069225448,
   "obj_color": {
    "type": "random-multi",
    "color": [
     [
      0.5059783492242733,
      0.0987762461643833,
      0.18490675112755367
     ],
     [
      0.7571216105594801,
      0.6534214060513518,
      0.06264164727050658
     ],
     [
      0.9329614867695742,
      0.8543222505135339,
      0.15592019529752255
     ]
    ],
    "randomness": 0.5331815047949429,
    "scale": 1.10578654267939,
    "specular": 0.7366403875020527,
    "roughness": 0.29704201861566804,
    "clever": false
   }
  }
 ],
 "camera": {
  "track_to_point": [
   [
    0.29685608515163175,
    0.13538518858670653,
    0.0
   ],
   [
    0.19069183948728696,
    0.22843118125173778,
    0.0
   ],
   [
    0.058664625404854676,
    0.07050253491217087,
    0.0
   ],
   [
    0.1782621920875883,
    0.25527353799137475,
    0.0
   ],
   [
    0.2693082928349978,
    0.2335179971460623,
    0.0
   ],
   [
    0.2775876903958605,
    0.11669221529886745,
    0.0
   ],
   [
    0.24560581195816145,
    0.09360801969336058,
    0.0
   ],
   [
    0.2052965036582366,
    0.16444182546688754,
    0.0
   ],
   [
    0.04766535377165171,
    0.09935395228384256,
    0.0
   ],
   [
    0.3042516923475215,
    0.24663552320825421,
    0.0
   ],
   [
    0.2870054145602925,
    0.18898602095390923,
    0.0
   ],
   [
    0.21603272901184511,
    0.06543955978882435,
    0.0
   ],
   [
    0.19791694886153152,
    0.14839282176066315,
    0.0
   ],
   [
    0.09721319894568385,
    -0.023163256048608027,
    0.0
   ],
   [
    0.0413019127433481,
    0.17750271848659788,
    0.0
   ],
   [
    0.2576807528713889,
    0.24836427604906203,
    0.0
   ],
   [
    0.02797128158773346,
    0.23390081276463182,
    0.0
   ],
   [
    0.2476634102066238,
    0.233874000341054,
    0.0
   ],
   [
    0.01597454392403469,
    0.05224978361313286,
    0.0
   ],
   [
    0.15291218534552314,
    0.21633655635972582,
    0.0
   ],
   [
    0.021275598023237058,
    0.14042280484207803,
    0.0
   ],
   [
    0.28407616326423457,
    0.19879135628772798,
    0.0
   ],
   [
    0.06109227411112439,
    0.25151715332980146,
    0.0
   ],
   [
    0.269589017358724,
    0.24339933587020257,
    0.0
   ],
   [
    0.15853945212436557,
    0.2083142022774887,
    0.0
   ]
  ],
  "positions": [
   [
    -1.224482741275771,
    0.5028771695229668,
    0.5026957308177795
   ],
   [
    -1.3120713693255817,
    0.280845906108738,
    0.5672555067100981
   ],
   [
    -1.1275675247460348,
    -0.8965609173443447,
    0.5124549105481961
   ],
   [
    -0.5477879152844234,
    -1.2676004842407174,
    0.4770361560240543
   ],
   [
    1.1492735272722114,
    0.7789666336884472,
    0.4700212294988742
   ],
   [
    -1.4537109834602282,
    0.29684217867438456,
    0.5693812804870167
   ],
   [
    1.1100888641581093,
    0.9638830165217501,
    0.4689247501147689
   ],
   [
    -0.8863728827976965,
    1.0368513423579848,
    0.6474406857681615
   ],
   [
    -1.0864725703705476,
    -0.8543323541511653,
    0.5562771870921698
   ],
   [
    0.2791122274679762,
    -1.2895133805112349,
    0.5239433077930293
   ],
   [
    1.214529306259304,
    -0.7620813454323212,
    0.6247928792335279
   ],
   [
    1.1899463396004968,
    -0.5792747383679935,
    0.6420890642814535
   ],
   [
    -1.0863504514892686,
    0.9536796468749116,
    0.49755654829126444
   ],
   [
    -0.7476299994307859,
    1.217657143656682,
    0.5394114962484358
   ],
   [
    1.1069077167201276,
    -0.9699784724484858,
    0.5741736997025029
   ],
   [
    -0.6803166958741469,
    1.1518524095570797,
    0.5794167238346931
   ],
   [
    -1.4422495487307387,
    0.059355370664089815,
    0.5196414291900109
   ],
   [
    0.7948992749705368,
    -1.1480465054064897,
    0.6488857866452531
   ],
   [
    0.3597058168145581,
    -1.290304395004231,
    0.6162293289207069
   ],
   [
    1.1216444085848016,
    0.6626524838657497,
    0.5981823127043165
   ],
   [
    0.21478451776669732,
    -1.3538881756966676,
    0.4963229284464917
   ],
   [
    -0.2028168385501306,
    -1.4094902618239529,
    0.5024623866874478
   ],
   [
    1.3230717311957367,
    -0.20181907467204452,
    0.6314667363869599
   ],
   [
    -0.8266091210614568,
    -1.0142783831329136,
    0.5856886895862506
   ],
   [
    1.220157175025349,
    0.869441594447825,
    0.45376384356938754
   ]
  ]
 },
 "appearance_assets": {
  "floor_pbr": "Tiles072",
  "background_hdr": "small_empty_house_4k.hdr"
 },
 "environment_strength": 0.41128122540878415
}