{
 "objects": [
  {
   "obj_subpath": "whale/whale_012/whale_012.blend",
   "obj_location": [
    -0.49185879185714343,
    -0.22425752104626417
   ],
   "obj_pose": [
    [
     -0.9649229680567503,
     -0.009839231040661566,
     0.262348622025794
    ],
    [
     -0.015855918906808292,
     -0.9952891152219971,
     -0.09564618609787817
    ],
    [
     0.26205381751060486,
     -0.09645097702741623,
     0.9602213501930237
    ]
   ],
   "obj_scale": 0.646074809596001,
   "obj_color": {
    "type": "random-mono",
    "color": [
     [
      0.29818511616990273,
      0.3306954951277826,
      0.6303581138487326
     ],
     [
      0.04390289198657632,
      0.0502427911862925,
      0.10868046117085978
     ]
    ],
    "randomness": 0.07389424318462057,
    "scale": 4.812146277968432,
    "specular": 0.7497715442436091,
    "roughness": 0.20211587151748406,
    "clever": false
   }
  },
  {
   "obj_subpath": "Cone Wave/Cone Wave/Cone Wave.blend",
   "obj_location": [
    0.08844415047436383,
    -0.40129240368321595
   ],
   "obj_pose": [
    [
     -0.045639088744214025,
     -0.9989579939009436,
     0.0
    ],
    [
     0.9989579939009436,
     -0.045639088744214025,
     0.0
    ],
    [
     0.0,
     0.0,
     1.0
    ]
   ],
   "obj_scale": 0.6922733705100899,
   "obj_color": {
    "type": "random-mono",
    "color": [
     [
      0.9010587162285214,
      0.9601839414912059,
      0.8775037984612983
     ],
     [
      0.39571055290822554,
      0.5451613472093866,
      0.33617080224563023
     ],
     [
      0.2784540215962801,
      0.5157705872061662,
      0.18390939765776215
     ],
     [
      0.387602917359015,
      0.5779908358786905,
      0.311754212433504
     ]
    ],
    "randomness": 0.3753687558051908,
    "scale": 2.1954704203674087,
    "specular": 0.7612547026854772,
    "roughness": 0.11825940992966166,
    "clever": true
   }
  },
  {
   "obj_subpath": "Spiral Ring Sphere/Spiral Ring Sphere/Spiral Ring Sphere.blend",
   "obj_location": [
    0.33838268489684353,
    0.2029184142100372
   ],
   "obj_pose": [
    [
     -0.9168463042291342,
     0.39924034668527436,
     0.0
    ],
    [
     -0.39924034668527436,
     -0.9168463042291342,
     0.0
    ],
    [
     0.0,
     0.0,
     1.0
    ]
   ],
   "obj_scale": 0.6280086334552037,
   "obj_color": {
    "type": "random-multi",
    "color": [
     [
      0.1702828248236603,
      0.8493011235413159,
      0.7656396650190846
     ],
     [
      0.14676337539321999,
      0.9419286710652187,
      0.06294392107039493
     ],
     [
      0.606579720193856,
      0.30298988960102335,
      0.14330481777028525
     ],
     [
      0.6825145332120528,
      0.24994068232061867,
      0.006464083849568869
     ]
    ],
    "randomness": 4.822228480926762,
    "scale": 0.6631189672757624,
    "specular": 0.6522361779298114,
    "roughness": 0.10180597624743395,
    "clever": false
   }
  }
 ],
 "camera": {
  "track_to_point": [
   [
    -0.05055147063049882,
    -0.1622662179637495,
    0.0
   ],
   [
    0.06093202562379037,
    -0.21658914765390141,
    0.0
   ],
   [
    0.0226071514050696,
    -0.14704580680537394,
    0.0
   ],
   [
    0.1125654038220361,
    -0.23554533984823353,
    0.0
   ],
   [
    -0.03131919904099732,
    -0.04361354646441404,
    0.0
   ],
   [
    0.016494873252095855,
    -0.04094397057167068,
    0.0
   ],
   [
    0.11682493386274755,
    -0.2644235645115144,
    0.0
   ],
   [
    -0.15461436556350322,
    -0.08476889521767303,
    0.0
   ],
   [
    0.10622767501675094,
    -0.10168774134856992,
    0.0
   ],
   [
    -0.07524850385960165,
    -0.16774882429071336,
    0.0
   ],
   [
    0.11668641688597974,
    -0.16190553615304012,
    0.0
   ],
   [
    0.07216196371011367,
    -0.20607768017909428,
    0.0
   ],
   [
    0.00036182285969362307,
    -0.00859230215445278,
    0.0
   ],
   [
    -0.04486415050459992,
    -0.17060445571577768,
    0.0
   ],
   [
    0.06401445018837205,
    -0.2677672578481509,
    0.0
   ],
   [
    -0.1541563744175033,
    -0.031599780277342504,
    0.0
   ],
   [
    0.07727915939141154,
    -0.26133464068532086,
    0.0
   ],
   [
    0.02996723705821346,
    -0.0754774233381815,
    0.0
   ],
   [
    -0.01988488480707402,
    -0.012748172888489395,
    0.0
   ],
   [
    -0.16665483386858898,
    -0.1432393839736921,
    0.0
   ],
   [
    -0.005495496337845834,
    -0.18071184928658252,
    0.0
   ],
   [
    -0.06917407563704442,
    -0.05144926117227297,
    0.0
   ],
   [
    0.11403755160516092,
    -0.24952057765485902,
    0.0
   ],
   [
    -0.027158145282382178,
    -0.22166679635308384,
    0.0
   ],
   [
    0.10183663286961285,
    -0.1334608837926854,
    0.0
   ]
  ],
  "positions": [
   [
    -0.5048059783708291,
    -1.30088273435422,
    0.5109585608153057
   ],
   [
    1.4036933685422703,
    -0.28107718305689683,
    0.5178658451144846
   ],
   [
    1.449082249153372,
    0.13674375527435156,
    0.5892621668323027
   ],
   [
    -1.1508395423451592,
    -0.7609621845099055,
    0.6267730692525137
   ],
   [
    0.7939275529624117,
    1.107893474685237,
    0.4753871380746108
   ],
   [
    -1.2656552908250103,
    -0.3397798815249844,
    0.5554545600973044
   ],
   [
    1.3629784945352426,
    -0.375907510227904,
    0.59299559888549
   ],
   [
    -1.0735859398765728,
    -0.7571135250850254,
    0.5133903828436625
   ],
   [
    -0.7340219737502262,
    -1.1449623348951252,
    0.6424548286803607
   ],
   [
    -0.9701891910914939,
    1.0204021968044956,
    0.6469434464667188
   ],
   [
    0.272194948858663,
    1.2920140091106844,
    0.6464411563402636
   ],
   [
    0.9211688472704984,
    -1.0067933065928891,
    0.6076258003894077
   ],
   [
    -0.8529517111529124,
    1.1297307121445508,
    0.6438037143061601
   ],
   [
    -1.2185075558701512,
    0.6992323227921059,
    0.4695978632751361
   ],
   [
    -1.3019218652445925,
    -0.718141243742753,
    0.4844778920502427
   ],
   [
    -0.6646765291381668,
    -1.1899712408319727,
    0.5254219866835426
   ],
   [
    -1.1744523232966915,
    -0.8497080817608228,
    0.63767406721365
   ],
   [
    -1.362173229926436,
    0.42971947036393765,
    0.6269455219927678
   ],
   [
    -1.0051527334198267,
    1.0808172552789235,
    0.6061380279825264
   ],
   [
    0.03330030964932847,
    -1.4285826943669078,
    0.5010808791229433
   ],
   [
    0.33222381522255445,
    1.277294960762221,
    0.5945218724079163
   ],
   [
    1.0538123785697235,
    0.780247505737123,
    0.6262574058200097
   ],
   [
    -0.5036897920974646,
    -1.388833301014607,
    0.5849812406822454
   ],
   [
    0.8510352003921821,
    1.1742615404979448,
    0.6467508981415171
   ],
   [
    -1.225998479427015,
    -0.4473175514475466,
    0.51965888827773
   ]
  ]
 },
 "appearance_assets": {
  "floor_pbr": "Carpet006",
  "background_hdr": "hotel_room_4k.hdr"
 },
 "environment_strength": 0.4026780309512461
}