{
 "objects": [
  {
   "obj_subpath": "cake/cake_039/cake_039.blend",
   "obj_location": [
    0.4816393085365672,
    -0.2807930043929263
   ],
   "obj_pose": [
    [
     -0.5264475780173464,
     0.8496340482552351,
     -0.031224230749895075
    ],
    [
     -0.8502075998308579,
     -0.526094585465043,
     0.019275691030118815
    ],
    [
     -4.961513332091272e-05,
     0.0366947166621685,
     0.9993265271186829
    ]
   ],
   "obj_scale": 0.6581324680604104,
   "obj_color": {
    "type": "random-mono",
    "color": [
     [
      0.7807796535905561,
      0.4309331577688692,
      0.7192902887356958
     ],
     [
      0.7987820818023104,
      0.4473713861613591,
      0.7370177916458067
     ]
    ],
    "randomness": 0.6842978911159999,
    "scale": 4.577914660396598,
    "specular": 0.8390159433226574,
    "roughness": 0.13510411998622945,
    "clever": false
   }
  },
  {
   "obj_subpath": "Multi Holed Cylinder/Multi Holed Cylinder/Multi Holed Cylinder.blend",
   "obj_location": [
    -0.43835358664421464,
    0.19667853685908576
   ],
   "obj_pose": [
    [
     -0.013553175611324561,
     -0.9999081514973506,
     0.0
    ],
    [
     0.9999081514973506,
     -0.013553175611324561,
     0.0
    ],
    [
     0.0,
     0.0,
     1.0
    ]
   ],
   "obj_scale": 0.6383445572730088,
   "obj_color": {
    "type": "random-mono",
    "color": [
     [
      0.838966024715947,
      0.49308018638956996,
      0.6179522118443013
     ],
     [
      0.15999266247970095,
      0.04702350272188377,
      0.08780773332564361
     ],
     [
      0.8484616796494338,
      0.6215896715647986,
      0.7034952138835867
     ]
    ],
    "randomness": 0.29799612088140826,
    "scale": 4.990035462995036,
    "specular": 0.6736420934659276,
    "roughness": 0.2577610760069794,
    "clever": true
   }
  },
  {
   "obj_subpath": "Tier Stack Ring/Tier Stack Ring/Tier Stack Ring.blend",
   "obj_location": [
    0.20695000592785162,
    0.4900473411583861
   ],
   "obj_pose": [
    [
     -0.5685047739296862,
     -0.8226799633023503,
     0.0
    ],
    [
     0.8226799633023503,
     -0.5685047739296862,
     0.0
    ],
    [
     0.0,
     0.0,
     1.0
    ]
   ],
   "obj_scale": 0.696323091532544,
   "obj_color": {
    "type": "random-mono",
    "color": [
     [
      0.0391337877902664,
      0.04586149185532608,
      0.09459163431152522
     ],
     [
      0.7104532753855497,
      0.7295496924265522,
      0.8678689635793906
     ]
    ],
    "randomness": 0.3423427509720314,
    "scale": 4.385500168407642,
    "specular": 0.7622093414266945,
    "roughness": 0.15642256746375297,
    "clever": false
   }
  }
 ],
 "camera": {
  "track_to_point": [
   [
    0.025744091694049592,
    0.19317075140281736,
    0.0
   ],
   [
    0.1931790944046473,
    0.18987494374795982,
    0.0
   ],
   [
    0.033831931357294814,
    0.26963200843183105,
    0.0
   ],
   [
    0.20170453952931627,
    0.09252413130125392,
    0.0
   ],
   [
    -0.03280792380350421,
    0.07525195924474087,
    0.0
   ],
   [
    0.21915498536150552,
    0.19984793640639806,
    0.0
   ],
   [
    0.0017507910163879897,
    0.2047904542681077,
    0.0
   ],
   [
    0.1609705100315359,
    0.11968031523640288,
    0.0
   ],
   [
    0.12045041986391301,
    0.12483057376623857,
    0.0
   ],
   [
    -0.004013310966263367,
    0.08545603113129659,
    0.0
   ],
   [
    0.04832600735247593,
    0.07822881312863374,
    0.0
   ],
   [
    0.08127234745836313,
    0.027079409061161713,
    0.0
   ],
   [
    0.05206596045012561,
    0.2714480554270661,
    0.0
   ],
   [
    0.12234719298060444,
    0.13300724335143643,
    0.0
   ],
   [
    0.21996991491387635,
    0.1641471775679179,
    0.0
   ],
   [
    -0.05780033338793221,
    0.1221340105638091,
    0.0
   ],
   [
    0.20117871751783906,
    0.226548768742259,
    0.0
   ],
   [
    0.1922528314790493,
    0.15222912506016278,
    0.0
   ],
   [
    0.07840326557754775,
    0.06647749969027303,
    0.0
   ],
   [
    0.10655574045329795,
    0.11332609006921815,
    0.0
   ],
   [
    0.1935561646514885,
    0.12822397458325857,
    0.0
   ],
   [
    0.15022450994754488,
    0.024597964878798312,
    0.0
   ],
   [
    -0.012444183789290145,
    0.16449041274036108,
    0.0
   ],
   [
    0.12941250873639487,
    0.1707886075564794,
    0.0
   ],
   [
    0.1728981359926698,
    0.03474830146895547,
    0.0
   ]
  ],
  "positions": [
   [
    -0.20946715223461562,
    1.3627692165142329,
    0.6063268946049986
   ],
   [
    -0.5040175899491983,
    1.2193674291158927,
    0.48595411797355587
   ],
   [
    0.9976613016429324,
    -0.9576058528620786,
    0.4976968618310982
   ],
   [
    1.339121692953798,
    -0.02399199781093697,
    0.6162122528809639
   ],
   [
    -0.452502890500422,
    -1.2983235354706015,
    0.4927054067553139
   ],
   [
    -0.3011671635445934,
    -1.266610261880249,
    0.5438805198073668
   ],
   [
    -0.7515447465500037,
    1.0921078650571445,
    0.6314926779387695
   ],
   [
    -0.2269983393283289,
    1.4322706929558167,
    0.5370103827153008
   ],
   [
    0.09278815373045789,
    1.4628124432757768,
    0.6347286923208589
   ],
   [
    -1.2901565631659395,
    -0.516872455867501,
    0.45458798430199265
   ],
   [
    -0.8740278930545783,
    -1.2075032934905203,
    0.4825374344392173
   ],
   [
    1.0388974570610214,
    0.9499998208276413,
    0.5303641283442971
   ],
   [
    1.3645898214940222,
    0.17854069082137827,
    0.6223339701208405
   ],
   [
    0.01394851819656008,
    1.376550127454685,
    0.5831739087259195
   ],
   [
    1.2787324243269358,
    0.3671231774213439,
    0.5221687863147992
   ],
   [
    -0.46058189185839316,
    1.2838559139737988,
    0.6333219232334292
   ],
   [
    0.6369517700210557,
    -1.3187222430971803,
    0.6114370636918698
   ],
   [
    -1.4848854464240244,
    -0.17157572134105348,
    0.502762768262162
   ],
   [
    -1.1046962146417578,
    0.9681190008512791,
    0.4603452151065562
   ],
   [
    1.3097516281174466,
    -0.007286364175980985,
    0.5811835089136753
   ],
   [
    1.3098687643617588,
    -0.7066330018414025,
    0.5818505390919486
   ],
   [
    1.0863716004175168,
    0.8979645826867731,
    0.5509947622805671
   ],
   [
    -0.8836934470194988,
    -1.0088250610381087,
    0.452379708293328
   ],
   [
    -1.3766235501403161,
    -0.015501350142648865,
    0.635562805767419
   ],
   [
    -1.0457173482557978,
    -1.029238766548459,
    0.6271498993189046
   ]
  ]
 },
 "appearance_assets": {
  "floor_pbr": "Fabric024",
  "background_hdr": "lythwood_room_4k.hdr"
 },
 "environment_strength": 0.6364203172437705
}