{
 "objects": [
  {
   "obj_subpath": "trashcan/trashcan_011/trashcan_011.blend",
   "obj_location": [
    0.38195753285265255,
    0.02658783728120917
   ],
   "obj_pose": [
    [
     0.4074280638989472,
     -0.9132373060599919,
     2.2012109586681992e-06
    ],
    [
     0.9132373060599919,
     0.4074280638989472,
     -2.0171766352625357e-06
    ],
    [
     9.453258940084197e-07,
     2.8320823730609845e-06,
     1.0
    ]
   ],
   "obj_scale": 0.6635449783844419,
   "obj_color": {
    "type": "random-mono",
    "color": [
     [
      0.28564988250910794,
      0.3764529059951073,
      0.4860725167076493
     ],
     [
      0.19680575922084004,
      0.24858573783053992,
      0.3110957829809003
     ],
     [
      0.6166188831892176,
      0.7198085091313748,
      0.8443815265386223
     ]
    ],
    "randomness": 0.8362573499692726,
    "scale": 3.6619016396239643,
    "specular": 0.6240736961516329,
    "roughness": 0.23307528586418927,
    "clever": false
   }
  },
  {
   "obj_subpath": "Infinity Icosphere/Infinity Icosphere/Infinity Icosphere.blend",
   "obj_location": [
    -0.18706633409378992,
    -0.23688947099633884
   ],
   "obj_pose": [
    [
     0.015551874656528695,
     0.9998790622843683,
     0.0
    ],
    [
     -0.9998790622843683,
     0.015551874656528695,
     0.0
    ],
    [
     0.0,
     0.0,
     1.0
    ]
   ],
   "obj_scale": 0.6171250519163065,
   "obj_color": {
    "type": "random-multi",
    "color": [
     [
      0.7538707893973752,
      0.9878359882361625,
      0.007872788653622953
     ],
     [
      0.08110156683132907,
      0.3093725998040923,
      0.9727854822529916
     ],
     [
      0.62383396714104,
      0.3579232142086582,
      0.094010987044445
     ]
    ],
    "randomness": 3.0095835817135432,
    "scale": 0.8840210962020906,
    "specular": 0.8628499225608106,
    "roughness": 0.1772311512428199,
    "clever": false
   }
  },
  {
   "obj_subpath": "Cylinder Ringed/Cylinder Ringed/Cylinder Ringed.blend",
   "obj_location": [
    -0.10955459498364495,
    0.4419880940304759
   ],
   "obj_pose": [
    [
     0.9901129820489843,
     0.14027217392650473,
     0.0
    ],
    [
     -0.14027217392650473,
     0.9901129820489843,
     0.0
    ],
    [
     0.0,
     0.0,
     1.0
    ]
   ],
   "obj_scale": 0.6407572224107123,
   "obj_color": {
    "type": "random-mono",
    "color": [
     [
      0.12017124826613337,
      0.13159866525205013,
      0.04089017716014495
     ],
     [
      0.63216677779001,
      0.6758243715791264,
      0.32927936221946263
     ],
     [
      0.8624364631899721,
      0.8755755306001962,
      0.7712803131256025
     ],
     [
      0.5416827902865746,
      0.5662016189331533,
      0.3715761949150562
     ]
    ],
    "randomness": 0.28848364168060225,
    "scale": 3.2067328051394677,
    "specular": 0.7823653523961599,
    "roughness": 0.26138447061251757,
    "clever": false
   }
  }
 ],
 "camera": {
  "track_to_point": [
   [
    0.055328915100116574,
    0.07516123381782609,
    0.0
   ],
   [
    -0.004620629766487135,
    -0.06210207667788671,
    0.0
   ],
   [
    0.11126548989538383,
    0.022680245877907887,
    0.0
   ],
   [
    0.17337582110640065,
    0.050978240367957325,
    0.0
   ],
   [
    -0.020859755134572246,
    0.083073935123698,
    0.0
   ],
   [
    0.14864338553405987,
    0.018289875466787522,
    0.0
   ],
   [
    0.07941357037703949,
    -0.020454009114611718,
    0.0
   ],
   [
    -0.09822319977347531,
    0.08293609785773946,
    0.0
   ],
   [
    -0.01843033118820858,
    -0.045855165120195315,
    0.0
   ],
   [
    0.06138086640036343,
    0.10624661261727798,
    0.0
   ],
   [
    -0.0717025735675345,
    0.07073320114604077,
    0.0
   ],
   [
    0.007026468842620887,
    0.0545284648480477,
    0.0
   ],
   [
    0.08281063920969485,
    0.039083069964287065,
    0.0
   ],
   [
    -0.0783683329347581,
    0.029917664860867554,
    0.0
   ],
   [
    0.1667346988476125,
    0.18613331285961693,
    0.0
   ],
   [
    -0.020580921291594122,
    0.2256893524844923,
    0.0
   ],
   [
    0.17518484789730177,
    0.20590619482701317,
    0.0
   ],
   [
    -0.10928155111773737,
    0.0024616496416852707,
    0.0
   ],
   [
    0.023318789739631963,
    0.12466033229429456,
    0.0
   ],
   [
    -0.10162592705731842,
    0.035247534945578446,
    0.0
   ],
   [
    -0.011638701687753283,
    -0.0684032645164047,
    0.0
   ],
   [
    0.14055086860491367,
    0.21632047855295455,
    0.0
   ],
   [
    -0.022232255099329797,
    0.08451220647183123,
    0.0
   ],
   [
    -0.10875362444926347,
    0.07250666939611868,
    0.0
   ],
   [
    0.006168191048944911,
    0.026151827077381617,
    0.0
   ]
  ],
  "positions": [
   [
    0.5742740056023148,
    -1.2059630199526734,
    0.6128626778435478
   ],
   [
    -0.7719479326331666,
    1.2620222129196574,
    0.4545824910532383
   ],
   [
    -1.237460265840199,
    0.4753453618292831,
    0.5880498107220222
   ],
   [
    -1.3955448656849212,
    0.3428054871592658,
    0.5062244040113494
   ],
   [
    1.0416923391708286,
    0.947740410984367,
    0.558055495484325
   ],
   [
    0.4280954788221697,
    1.3286297196650751,
    0.5093689073102157
   ],
   [
    -0.9627539183963101,
    -1.1295484481294142,
    0.5905535053610433
   ],
   [
    0.7315978401316696,
    -1.2391422621914252,
    0.552133681461325
   ],
   [
    0.021494228191635153,
    -1.3031596945824153,
    0.4734017573556836
   ],
   [
    1.049907907212363,
    -1.01687985407439,
    0.5206623397228506
   ],
   [
    0.33328467783687105,
    -1.2840469037638997,
    0.641733076605451
   ],
   [
    -1.3571560315117839,
    0.38241024500443793,
    0.5452335195836924
   ],
   [
    0.7143694045447586,
    -1.115285848689119,
    0.6284067207688667
   ],
   [
    1.156463589651502,
    -0.8823810051310862,
    0.624428946544826
   ],
   [
    0.40600228239587927,
    1.3475594725782531,
    0.5811411289273569
   ],
   [
    -1.2913630488955545,
    -0.24777084589834655,
    0.5818717248637348
   ],
   [
    0.902456419206272,
    0.9564929713530125,
    0.5500287134365994
   ],
   [
    -1.4596621397454692,
    0.06654320054381836,
    0.6081760146552839
   ],
   [
    0.039965972882650164,
    1.3371506267776174,
    0.5405189746085995
   ],
   [
    0.49119633062319257,
    1.274915044555048,
    0.5603521911041804
   ],
   [
    1.2689539092924869,
    0.5561645865428742,
    0.45512412980687034
   ],
   [
    -0.4464784375957785,
    -1.3673442077316418,
    0.5437143872034882
   ],
   [
    -1.4754813370984687,
    -0.26889775870246146,
    0.5474851316535745
   ],
   [
    1.2922568255514546,
    0.28865480805491195,
    0.4809202475257322
   ],
   [
    -1.020420051373526,
    0.8912728384809611,
    0.5207970054376461
   ]
  ]
 },
 "appearance_assets": {
  "floor_pbr": "Planks009",
  "background_hdr": "cabin_4k.hdr"
 },
 "environment_strength": 0.7318850658802784
}