{
 "objects": [
  {
   "obj_subpath": "cat/cat_030/cat_030.blend",
   "obj_location": [
    0.41288612579362616,
    -0.06117752392079223
   ],
   "obj_pose": [
    [
     -0.2867219807314762,
     0.9580116241561146,
     -0.00205343385864139
    ],
    [
     -0.9579282535617094,
     -0.28672435807044183,
     -0.012749775079687359
    ],
    [
     -0.01280320156365633,
     -0.00168859853874892,
     0.9999166131019592
    ]
   ],
   "obj_scale": 0.6315838129177748,
   "obj_color": {
    "type": "random-mono",
    "color": [
     [
      0.9417585685585687,
      0.8947835165577304,
      0.9184761149197814
     ],
     [
      0.5655307740515887,
      0.3079192461713094,
      0.4378496284387489
     ],
     [
      0.8286054069343147,
      0.6377508634070348,
      0.7340113219432751
     ],
     [
      0.9268976207550472,
      0.8222219765404248,
      0.8750167663497419
     ]
    ],
    "randomness": 0.9992960538094756,
    "scale": 3.598649543742102,
    "specular": 0.8994699934668386,
    "roughness": 0.2654708585893595,
    "clever": false
   }
  },
  {
   "obj_subpath": "Cone Wave/Cone Wave/Cone Wave.blend",
   "obj_location": [
    -0.2834497513982114,
    -0.4209309745229428
   ],
   "obj_pose": [
    [
     0.8812930358995082,
     0.47257019042151616,
     0.0
    ],
    [
     -0.47257019042151616,
     0.8812930358995082,
     0.0
    ],
    [
     0.0,
     0.0,
     1.0
    ]
   ],
   "obj_scale": 0.6749151062029325,
   "obj_color": {
    "type": "random-mono",
    "color": [
     [
      0.027971481037131256,
      0.022622050659604365,
      0.00724451897147977
     ],
     [
      0.5501975408117489,
      0.49702577186916763,
      0.3441776171828005
     ],
     [
      0.8869255823682195,
      0.8399509083961516,
      0.7049169914057692
     ],
     [
      0.7338423934321459,
      0.6784033361562829,
      0.5190376093677298
     ]
    ],
    "randomness": 0.07462794009063078,
    "scale": 4.367897675674467,
    "specular": 0.8727351394566822,
    "roughness": 0.12795795769204854,
    "clever": false
   }
  },
  {
   "obj_subpath": "Arch Cube v2/Arch Cube v2/Arch Cube v2.blend",
   "obj_location": [
    -0.2786990527753759,
    0.29973677252850683
   ],
   "obj_pose": [
    [
     0.9704105287934662,
     0.24146098154108725,
     0.0
    ],
    [
     -0.24146098154108725,
     0.9704105287934662,
     0.0
    ],
    [
     0.0,
     0.0,
     1.0
    ]
   ],
   "obj_scale": 0.6000397492839669,
   "obj_color": {
    "type": "random-mono",
    "color": [
     [
      0.8857606898430077,
      0.8119056858652095,
      0.9110594484265789
     ],
     [
      0.005824215071417874,
      0.0032775086743563426,
      0.0066965799330034785
     ],
     [
      0.08697381778254488,
      0.05129941834302064,
      0.09919395142854294
     ],
     [
      0.6658624139872383,
      0.4677909882576725,
      0.7337110486355067
     ]
    ],
    "randomness": 0.2960525869414927,
    "scale": 2.9892427210872685,
    "specular": 0.688556142699472,
    "roughness": 0.21496618935829112,
    "clever": false
   }
  }
 ],
 "camera": {
  "track_to_point": [
   [
    -0.09013767727672817,
    0.07330612786848228,
    0.0
   ],
   [
    -0.035517532252585,
    -0.01736360698228121,
    0.0
   ],
   [
    -0.10816941396906951,
    -0.04506707387328402,
    0.0
   ],
   [
    -0.014530313722401655,
    -0.1671565298430797,
    0.0
   ],
   [
    0.027043970616057178,
    -0.016606485392010463,
    0.0
   ],
   [
    -0.13209174799983503,
    -0.04062227661213536,
    0.0
   ],
   [
    -0.0851270030340133,
    0.06874342957325907,
    0.0
   ],
   [
    -0.052795141649501165,
    -0.12413471948952248,
    0.0
   ],
   [
    -0.017925299206314416,
    -0.0239379815776816,
    0.0
   ],
   [
    -0.08148160916490917,
    -0.15298962092246499,
    0.0
   ],
   [
    -0.09867835788007734,
    -0.16437231268269314,
    0.0
   ],
   [
    0.027462116597146286,
    -0.17755745066005965,
    0.0
   ],
   [
    -0.04486192105071504,
    -0.01801662679090197,
    0.0
   ],
   [
    -0.033324999013503054,
    0.04717389230767532,
    0.0
   ],
   [
    -0.08733284843198041,
    -0.15822905149868474,
    0.0
   ],
   [
    0.02093193851428507,
    -0.1431291635339106,
    0.0
   ],
   [
    0.0629465550118001,
    -0.08783392052696917,
    0.0
   ],
   [
    0.08346310087689598,
    0.06369274920176426,
    0.0
   ],
   [
    -0.14158914157827307,
    -0.09185479827133486,
    0.0
   ],
   [
    0.01463824346432871,
    -0.1099174446810213,
    0.0
   ],
   [
    0.009098125369879445,
    -0.1616912925772841,
    0.0
   ],
   [
    0.08368485956099328,
    -0.015595547192980987,
    0.0
   ],
   [
    -0.19599860602770858,
    0.05909781067433811,
    0.0
   ],
   [
    -0.039922181944484714,
    -0.06313341737874564,
    0.0
   ],
   [
    0.06273044794344926,
    0.009478408641511192,
    0.0
   ]
  ],
  "positions": [
   [
    -1.001413256157026,
    0.8358358693504271,
    0.5582158097117406
   ],
   [
    -0.617351382277812,
    1.236204899715688,
    0.553740973359381
   ],
   [
    -0.6064112105139235,
    1.1765079938497787,
    0.47599805937338685
   ],
   [
    0.6199992262032847,
    1.3348000735778494,
    0.6185555793048452
   ],
   [
    -0.15736964208652532,
    -1.413491549747646,
    0.5470689151232548
   ],
   [
    1.1536375197077176,
    0.8556818887201334,
    0.6236221116401637
   ],
   [
    -0.5339767763528768,
    -1.342922482828346,
    0.5873979147212396
   ],
   [
    1.2014372470670702,
    0.8683978479849122,
    0.6078457725213275
   ],
   [
    -0.6552659127009016,
    1.329033285275254,
    0.6009294784650967
   ],
   [
    0.6568260218347555,
    1.211697596601043,
    0.48190624182085257
   ],
   [
    -1.3774933877900883,
    0.5073945471247648,
    0.6105070635238701
   ],
   [
    -0.5030900187564138,
    1.2280054387340933,
    0.4985164267820193
   ],
   [
    1.2884074791494902,
    0.46686018478909713,
    0.5759843046607604
   ],
   [
    0.6260762424764845,
    1.285439529902057,
    0.558433568590464
   ],
   [
    1.3824712085770132,
    -0.37259144364725655,
    0.6179341931461129
   ],
   [
    0.23612903270132587,
    1.427304282520774,
    0.547374822675179
   ],
   [
    0.43290616283991673,
    1.3251231561087313,
    0.6003519523987573
   ],
   [
    -0.21438849913070288,
    1.4447316819962002,
    0.4689695204898597
   ],
   [
    1.3005709375389682,
    0.03456370955968702,
    0.6294409907119816
   ],
   [
    -0.6698843665960531,
    1.1950616695972531,
    0.5377647795580531
   ],
   [
    1.411852129363607,
    -0.32492707397719633,
    0.5752407981480576
   ],
   [
    -0.1436880052604844,
    1.2986217080796163,
    0.4524811672989739
   ],
   [
    0.3853059137235758,
    -1.3057652470769892,
    0.47948979148916976
   ],
   [
    -1.084008851246549,
    -0.9047344074202487,
    0.5503804962042257
   ],
   [
    -0.894295216490029,
    -1.2036011588723277,
    0.6409373759083974
   ]
  ]
 },
 "appearance_assets": {
  "floor_pbr": "Carpet001",
  "background_hdr": "childrens_hospital_4k.hdr"
 },
 "environment_strength": 0.6855909411407959
}