{
 "objects": [
  {
   "obj_subpath": "motorcycle/motorcycle_003/motorcycle_003.blend",
   "obj_location": [
    0.13029037737869553,
    -0.13858167561417467
   ],
   "obj_pose": [
    [
     -0.08084353092522185,
     0.34012579654098096,
     -0.9368984754485251
    ],
    [
     0.07349501493194838,
     0.9394505819407436,
     0.33471054690176305
    ],
    [
     0.9940134882926941,
     -0.0417981892824173,
     -0.10094605386257172
    ]
   ],
   "obj_scale": 0.6659930724542952,
   "obj_color": {
    "type": "random-multi",
    "color": [
     [
      0.8704638708753483,
      0.5729005809284842,
      0.22241908788938813
     ],
     [
      0.5389123079222462,
      0.0392772472471814,
      0.6180221649630664
     ],
     [
      0.12311055024099726,
      0.21329932884777283,
      0.6905100061612359
     ]
    ],
    "randomness": 4.335058798889332,
    "scale": 1.26258179749375,
    "specular": 0.679237192324136,
    "roughness": 0.268120777575125,
    "clever": false
   }
  },
  {
   "obj_subpath": "Sphere Mask Abstract/Sphere Mask Abstract/Sphere Mask Abstract.blend",
   "obj_location": [
    0.47774430466648476,
    0.46180911786645773
   ],
   "obj_pose": [
    [
     -0.7072402532487401,
     0.7069732839256785,
     0.0
    ],
    [
     -0.7069732839256785,
     -0.7072402532487401,
     0.0
    ],
    [
     0.0,
     0.0,
     1.0
    ]
   ],
   "obj_scale": 0.6831658496331879,
   "obj_color": {
    "type": "random-multi",
    "color": [
     [
      0.270815283984777,
      0.06498504744911815,
      0.6532865255519155
     ],
     [
      0.6438200985299293,
      0.006910325733808009,
      0.18358388108066664
     ],
     [
      0.09130778002299922,
      0.5135386474856496,
      0.7698413877232858
     ],
     [
      0.9954025735788012,
      0.2584000418967049,
      0.04144699044329281
     ]
    ],
    "randomness": 4.272953072339287,
    "scale": 0.6873361146398439,
    "specular": 0.6990224485352481,
    "roughness": 0.10876472411563361,
    "clever": false
   }
  },
  {
   "obj_subpath": "Classic Set Cylinder/Classic Set Cylinder/Classic Set Cylinder.blend",
   "obj_location": [
    -0.45279063920563534,
    -0.3028736872038952
   ],
   "obj_pose": [
    [
     -0.7408739728209245,
     -0.6716440697248357,
     0.0
    ],
    [
     0.6716440697248357,
     -0.7408739728209245,
     0.0
    ],
    [
     0.0,
     0.0,
     1.0
    ]
   ],
   "obj_scale": 0.6391195067223807,
   "obj_color": {
    "type": "random-multi",
    "color": [
     [
      0.1866347381468707,
      0.4264415105801087,
      0.7795286757537561
     ],
     [
      0.06715157569704322,
      0.25423577665132613,
      0.6079185647766103
     ]
    ],
    "randomness": 1.55930490324805,
    "scale": 1.1209207798090814,
    "specular": 0.6198500480419028,
    "roughness": 0.22608403496953966,
    "clever": false
   }
  }
 ],
 "camera": {
  "track_to_point": [
   [
    0.1816797999545308,
    0.12149045850675132,
    0.0
   ],
   [
    -0.09269422607250655,
    0.03616029782357024,
    0.0
   ],
   [
    0.18270141507043583,
    0.1446992026314412,
    0.0
   ],
   [
    0.18123071787075304,
    -0.01200336601457001,
    0.0
   ],
   [
    0.12950240023662585,
    -0.09276086341516394,
    0.0
   ],
   [
    0.14742548735657307,
    -0.016010786120211323,
    0.0
   ],
   [
    -0.0694766172738154,
    -0.12075331100523103,
    0.0
   ],
   [
    0.10721274114640722,
    -0.012460835048083912,
    0.0
   ],
   [
    -0.029483089724984382,
    -0.09797387912799406,
    0.0
   ],
   [
    0.003611167637411969,
    -0.07842942219835512,
    0.0
   ],
   [
    0.06719973710685995,
    -0.02521903944242566,
    0.0
   ],
   [
    0.10250798567730085,
    0.08547534887016943,
    0.0
   ],
   [
    -0.050795291462861145,
    -0.05187100791164318,
    0.0
   ],
   [
    0.10542679639350089,
    -0.004949890062865929,
    0.0
   ],
   [
    0.14986409366111944,
    0.05038918632199826,
    0.0
   ],
   [
    -0.09504424929147187,
    0.09312917147627568,
    0.0
   ],
   [
    0.0479006663327447,
    0.01180323244226757,
    0.0
   ],
   [
    -0.013635615584979957,
    -0.13226814013941351,
    0.0
   ],
   [
    0.05980915443727025,
    -0.0792304833062712,
    0.0
   ],
   [
    -0.05056840170450583,
    0.054047013708747614,
    0.0
   ],
   [
    0.05947346850196519,
    0.1561261109962201,
    0.0
   ],
   [
    0.1634032142377244,
    0.08447726451911104,
    0.0
   ],
   [
    0.01101920317447462,
    -0.13976074733719887,
    0.0
   ],
   [
    0.1687785271979447,
    -0.11963282459339265,
    0.0
   ],
   [
    -0.08461831848867901,
    -0.045421861828422554,
    0.0
   ]
  ],
  "positions": [
   [
    1.1332708145560864,
    -0.7564121415899998,
    0.5003095348323061
   ],
   [
    1.1354225199415588,
    -0.841067693955892,
    0.4720496357238925
   ],
   [
    -0.7032469301355148,
    -1.1107206108592143,
    0.5767648715240536
   ],
   [
    0.6648264447450046,
    -1.1341107070079954,
    0.6396640039779902
   ],
   [
    -1.0333551802615617,
    -0.9133986131315687,
    0.45148083335891387
   ],
   [
    -0.13407168880472323,
    -1.456759615329182,
    0.5523672606799205
   ],
   [
    0.7970777085848335,
    1.2703178463673888,
    0.49890093767678084
   ],
   [
    0.9700535713826746,
    1.093663497155629,
    0.6490278013729508
   ],
   [
    0.24041259169749762,
    1.3479152002259347,
    0.5178566146057395
   ],
   [
    1.3538161122116321,
    -0.037727472919669214,
    0.5294955436314226
   ],
   [
    -0.9503940492950492,
    -0.913760152909773,
    0.6395197784972518
   ],
   [
    -0.857552969535682,
    -0.9877666827769965,
    0.5035892652666271
   ],
   [
    0.6004939573919547,
    1.3485303524318963,
    0.4885605346406666
   ],
   [
    -1.3206667180417058,
    0.6202684892263401,
    0.5540171064061497
   ],
   [
    -1.1167843485096198,
    0.9505153911813337,
    0.5927179400197129
   ],
   [
    -1.0794271191041065,
    0.8431559509779436,
    0.5404087582926962
   ],
   [
    -1.0386989449964423,
    -0.9596357753462661,
    0.45939398884282695
   ],
   [
    0.32191646625183795,
    1.34965415481463,
    0.5006885530828822
   ],
   [
    -0.36642858227936026,
    -1.3541960996370404,
    0.48664342905077934
   ],
   [
    -0.0041831516987827855,
    -1.475781533343707,
    0.579358470645736
   ],
   [
    1.458312485131854,
    -0.14705902764078183,
    0.5682289320728116
   ],
   [
    -0.38767861217462196,
    1.437156482506425,
    0.613248464651611
   ],
   [
    0.7649804962079109,
    1.1193765569831975,
    0.63833589724332
   ],
   [
    1.2883551265860946,
    -0.562777379571627,
    0.573989672320693
   ],
   [
    1.0487906227270785,
    0.7993742159949079,
    0.5676159316203172
   ]
  ]
 },
 "appearance_assets": {
  "floor_pbr": "Planks001",
  "background_hdr": "lythwood_lounge_4k.hdr"
 },
 "environment_strength": 0.7282938710946926
}