{
 "objects": [
  {
   "obj_subpath": "cup/cup_030/cup_030.blend",
   "obj_location": [
    -0.10237834829061243,
    0.4777075174597024
   ],
   "obj_pose": [
    [
     0.10756219823480412,
     0.05980700043530178,
     0.9923978524565756
    ],
    [
     -0.5446180082494284,
     0.8386413016818224,
     0.008488218663501215
    ],
    [
     -0.8317581415176392,
     -0.5413907170295715,
     0.12277806550264359
    ]
   ],
   "obj_scale": 0.6751075699929341,
   "obj_color": {
    "type": "random-mono",
    "color": [
     [
      0.9145575092618166,
      0.9108677310938651,
      0.9503819117154333
     ],
     [
      0.3907313610921867,
      0.36881355739538524,
      0.6035333737859523
     ],
     [
      0.94369723761594,
      0.941163847299302,
      0.9682941619144336
     ]
    ],
    "randomness": 0.591392939310671,
    "scale": 3.240717409757815,
    "specular": 0.7353954858192544,
    "roughness": 0.21097734924128336,
    "clever": false
   }
  },
  {
   "obj_subpath": "Spiral Ring Sphere/Spiral Ring Sphere/Spiral Ring Sphere.blend",
   "obj_location": [
    0.3006543945158989,
    -0.37506569293792524
   ],
   "obj_pose": [
    [
     -0.6528842922285738,
     0.7574576562166325,
     0.0
    ],
    [
     -0.7574576562166325,
     -0.6528842922285738,
     0.0
    ],
    [
     0.0,
     0.0,
     1.0
    ]
   ],
   "obj_scale": 0.6153708759626085,
   "obj_color": {
    "type": "random-multi",
    "color": [
     [
      0.056599828452016165,
      0.9148920936543171,
      0.17173175468178975
     ],
     [
      0.05656862835677545,
      0.4446112054068556,
      0.5467503312260945
     ],
     [
      0.6476127618896929,
      0.16803772702471306,
      0.06396212501959886
     ]
    ],
    "randomness": 2.543218543301349,
    "scale": 1.1075031271374352,
    "specular": 0.8791796353171761,
    "roughness": 0.2083867066956545,
    "clever": false
   }
  },
  {
   "obj_subpath": "Vase Angular/Vase Angular/Vase Angular.blend",
   "obj_location": [
    -0.4583624628383849,
    -0.00912175583860464
   ],
   "obj_pose": [
    [
     -0.7148182624891171,
     0.699310268487486,
     0.0
    ],
    [
     -0.699310268487486,
     -0.7148182624891171,
     0.0
    ],
    [
     0.0,
     0.0,
     1.0
    ]
   ],
   "obj_scale": 0.6067695429625997,
   "obj_color": {
    "type": "random-mono",
    "color": [
     [
      0.7812877885302997,
      0.9079609149388351,
      0.7701712369980974
     ],
     [
      0.03251243475149657,
      0.049479174880171596,
      0.03102347141474584
     ],
     [
      0.3065602381458358,
      0.559697370265451,
      0.2843454870482266
     ]
    ],
    "randomness": 0.07513583101226518,
    "scale": 4.439466475044707,
    "specular": 0.8413165177703271,
    "roughness": 0.27089536169268635,
    "clever": false
   }
  }
 ],
 "camera": {
  "track_to_point": [
   [
    0.05325457977334433,
    0.10503392675551292,
    0.0
   ],
   [
    -0.03962983132363421,
    0.1661726435261901,
    0.0
   ],
   [
    -0.14708766214961727,
    -0.10207896395506887,
    0.0
   ],
   [
    -0.017666239435258718,
    -0.08402764737641995,
    0.0
   ],
   [
    -0.2053077341069557,
    0.11483990565005263,
    0.0
   ],
   [
    0.055387961997807184,
    0.17878837052007357,
    0.0
   ],
   [
    -0.12374564702107049,
    -0.06500154895319986,
    0.0
   ],
   [
    -0.1379024205141971,
    0.12360805284205721,
    0.0
   ],
   [
    -0.14054284217945362,
    0.13673712637234325,
    0.0
   ],
   [
    -0.0580824950282324,
    -0.013427512254381737,
    0.0
   ],
   [
    0.010870932608403577,
    0.13824266969698773,
    0.0
   ],
   [
    -0.05669017695574907,
    -0.03759313051855334,
    0.0
   ],
   [
    -0.16809232420876732,
    -0.06279984899310322,
    0.0
   ],
   [
    -0.10314854187106559,
    0.02906317898327389,
    0.0
   ],
   [
    -0.18813351795245306,
    -0.04879404572568062,
    0.0
   ],
   [
    -0.1864841054001295,
    0.12162998712890803,
    0.0
   ],
   [
    0.00954340437695314,
    -0.006780022679844715,
    0.0
   ],
   [
    -0.009230960884012734,
    0.10182124811228514,
    0.0
   ],
   [
    -0.055876055996171514,
    -0.10957667763234379,
    0.0
   ],
   [
    -0.010695319411121146,
    0.09888135253133616,
    0.0
   ],
   [
    0.024501862431805715,
    0.06153386683050795,
    0.0
   ],
   [
    -0.09914147410929436,
    0.14060568351461417,
    0.0
   ],
   [
    -0.07667310395240107,
    0.13342474112651537,
    0.0
   ],
   [
    0.03658823293954874,
    0.1350069964112015,
    0.0
   ],
   [
    -0.0016702355295652727,
    0.051905368110097896,
    0.0
   ]
  ],
  "positions": [
   [
    -1.031338469916755,
    -0.8262569295028678,
    0.5423263368316581
   ],
   [
    1.216612215350666,
    0.659647563094038,
    0.5032308138266517
   ],
   [
    0.06366982202539449,
    1.4106262581672575,
    0.47477584262934985
   ],
   [
    1.3145084028319782,
    0.5919231900231567,
    0.5618155479237534
   ],
   [
    -1.0227257984069793,
    -0.8203665273564602,
    0.5939442206303648
   ],
   [
    0.16454993771094958,
    -1.3232771957663478,
    0.6252152007176632
   ],
   [
    0.9011209968518041,
    -1.1081263348050217,
    0.5816138228828828
   ],
   [
    -0.7683612550095004,
    1.1069671344941598,
    0.6011282961124506
   ],
   [
    -1.3076372518808748,
    -0.205816954695059,
    0.5024509806986577
   ],
   [
    0.8878578406279214,
    -1.026548695533752,
    0.5299159166615967
   ],
   [
    -1.1692921367348237,
    -0.7409827773437406,
    0.4618507999705885
   ],
   [
    -1.3820624920521616,
    0.4487934169587128,
    0.4558530059528289
   ],
   [
    1.3509516915526212,
    0.3957926427277489,
    0.4528779302124842
   ],
   [
    1.4006913277176094,
    0.3994455942709703,
    0.5750468897468792
   ],
   [
    -0.9705987907474011,
    0.9267841725918397,
    0.5585938319027954
   ],
   [
    0.03369887465509018,
    1.499318820893196,
    0.5703495366371134
   ],
   [
    1.1407669231048134,
    -0.7535169150289537,
    0.5574182755093166
   ],
   [
    -1.3019749673427155,
    -0.5939454611341152,
    0.5762568177039475
   ],
   [
    -1.2168398473064386,
    0.7712008004473982,
    0.4952982658559154
   ],
   [
    0.6536985617771606,
    -1.2886405840905528,
    0.5573578941302314
   ],
   [
    -0.16066107130507806,
    1.465908727987528,
    0.47144088357300323
   ],
   [
    -0.9794498426612191,
    1.1011564363433894,
    0.49068041698622084
   ],
   [
    1.3179694246557754,
    -0.6432966312731857,
    0.5671071903724572
   ],
   [
    -1.317297334856758,
    0.23523965867216465,
    0.4881051804770432
   ],
   [
    -0.31253977367206565,
    1.4093435673428574,
    0.45027917587439664
   ]
  ]
 },
 "appearance_assets": {
  "floor_pbr": "Tiles071",
  "background_hdr": "roof_garden_4k.hdr"
 },
 "environment_strength": 0.7148843450528248
}