{
 "objects": [
  {
   "obj_subpath": "fries/fries_004/fries_004.blend",
   "obj_location": [
    -0.15633802150845066,
    0.4662939313586607
   ],
   "obj_pose": [
    [
     0.9790457984185219,
     0.20364022609849447,
     2.142774234781994e-06
    ],
    [
     -0.2036402260984945,
     0.9790457984185218,
     7.083394959187633e-06
    ],
    [
     -6.554100195899082e-07,
     -7.371323135885177e-06,
     1.0
    ]
   ],
   "obj_scale": 0.6494929764670897,
   "obj_color": {
    "type": "random-mono",
    "color": [
     [
      0.29724872780653777,
      0.17977229717612553,
      0.5990724755351671
     ],
     [
      0.5997273350003752,
      0.5561582229991862,
      0.7116663222409609
     ],
     [
      0.763524663365545,
      0.7051375504648822,
      0.9135344750372534
     ]
    ],
    "randomness": 0.9090958841199486,
    "scale": 4.0669883035346865,
    "specular": 0.7113055562384067,
    "roughness": 0.24807805258456317,
    "clever": false
   }
  },
  {
   "obj_subpath": "Wave Zig Zag/Wave Zig Zag/Wave Zig Zag.blend",
   "obj_location": [
    -0.3269670332985519,
    -0.18966165572811988
   ],
   "obj_pose": [
    [
     -0.4262756112456182,
     -0.9045933358460997,
     0.0
    ],
    [
     0.9045933358460997,
     -0.4262756112456182,
     0.0
    ],
    [
     0.0,
     0.0,
     1.0
    ]
   ],
   "obj_scale": 0.6801623617251332,
   "obj_color": {
    "type": "random-mono",
    "color": [
     [
      0.09831926093510843,
      0.09435020186593768,
      0.15505823600988644
     ],
     [
      0.810347767130989,
      0.8006708131647604,
      0.9486829343131526
     ],
     [
      0.9337834513084473,
      0.9309668460063849,
      0.9740477293763972
     ]
    ],
    "randomness": 0.4391798838883152,
    "scale": 2.4268048205479142,
    "specular": 0.8744738321081522,
    "roughness": 0.19425695984235478,
    "clever": false
   }
  },
  {
   "obj_subpath": "Infinity Icosphere/Infinity Icosphere/Infinity Icosphere.blend",
   "obj_location": [
    0.4563823154107569,
    0.18633986455902696
   ],
   "obj_pose": [
    [
     -0.5557901126057239,
     -0.8313226513993931,
     0.0
    ],
    [
     0.8313226513993931,
     -0.5557901126057239,
     0.0
    ],
    [
     0.0,
     0.0,
     1.0
    ]
   ],
   "obj_scale": 0.6613496784482429,
   "obj_color": {
    "type": "random-mono",
    "color": [
     [
      0.52232643510757,
      0.16558677480459139,
      0.3583469896478846
     ],
     [
      0.9126927450676917,
      0.7950505132889382,
      0.8586171541638488
     ],
     [
      0.31913600935595676,
      0.1791813028017606,
      0.254804235449072
     ]
    ],
    "randomness": 0.9608697365916411,
    "scale": 4.790547071206225,
    "specular": 0.6695149101725566,
    "roughness": 0.22435981170680797,
    "clever": true
   }
  }
 ],
 "camera": {
  "track_to_point": [
   [
    -0.006313157253495322,
    0.11117374539526996,
    0.0
   ],
   [
    0.018726453942686072,
    0.1071261210696369,
    0.0
   ],
   [
    0.07377999516256034,
    0.009513408338843121,
    0.0
   ],
   [
    -0.13292390929712797,
    0.22955373710421426,
    0.0
   ],
   [
    -0.12096143278533408,
    0.024984614316232667,
    0.0
   ],
   [
    -0.03515069968350197,
    0.0769433647847746,
    0.0
   ],
   [
    0.002609636273823296,
    0.10549623339547375,
    0.0
   ],
   [
    -0.02354178271250304,
    0.14428358955638632,
    0.0
   ],
   [
    -0.12555796508440267,
    0.11237996155338581,
    0.0
   ],
   [
    0.05332244876089065,
    0.03258933123025129,
    0.0
   ],
   [
    -0.15227430537252415,
    0.28921515942647225,
    0.0
   ],
   [
    0.05376457232573789,
    0.26887983697056667,
    0.0
   ],
   [
    -0.05614605547253812,
    0.11448028187544208,
    0.0
   ],
   [
    0.026695951451771754,
    0.23667496448321282,
    0.0
   ],
   [
    0.03212016621364122,
    0.007720887503167739,
    0.0
   ],
   [
    -0.003949061561625056,
    0.22859421746484404,
    0.0
   ],
   [
    0.05854952379165007,
    0.13848801695092677,
    0.0
   ],
   [
    -0.15427667618040983,
    0.21879952751527942,
    0.0
   ],
   [
    -0.06429411742206392,
    0.02210209831811305,
    0.0
   ],
   [
    0.10355384665770614,
    0.029652574074217036,
    0.0
   ],
   [
    0.030149801979904883,
    0.13471083542531612,
    0.0
   ],
   [
    -0.03981223676851163,
    0.1416074846152874,
    0.0
   ],
   [
    -0.14920484581493082,
    0.10121576502554187,
    0.0
   ],
   [
    0.024810706580713104,
    0.07641566417580092,
    0.0
   ],
   [
    0.13856088416340281,
    0.12484636343688842,
    0.0
   ]
  ],
  "positions": [
   [
    1.3049097872725195,
    0.36236591471779483,
    0.46681501099933126
   ],
   [
    -0.7590320336157355,
    -1.2119508220491586,
    0.6332023717876518
   ],
   [
    0.6361404774062854,
    -1.2342208370618606,
    0.6424630468657447
   ],
   [
    -0.25842306539545845,
    1.2997411906628427,
    0.5579757550959155
   ],
   [
    -1.441168972735068,
    -0.054108773796021456,
    0.6446511513008641
   ],
   [
    1.41499804427768,
    -0.33769491244503114,
    0.5915481580324364
   ],
   [
    -1.3255669018866258,
    -0.31268542106876396,
    0.5895986175406869
   ],
   [
    1.2129543867970374,
    0.6457812024613313,
    0.5066597997939528
   ],
   [
    -1.437835598600597,
    -0.029642977321111298,
    0.5886991790815279
   ],
   [
    0.46103085419223155,
    1.228492928461751,
    0.5728901702893222
   ],
   [
    0.15086908530635135,
    1.4197604819953549,
    0.5190115169656451
   ],
   [
    -0.26246234810502056,
    -1.4702333238100647,
    0.6322003558836532
   ],
   [
    1.3879523518987844,
    -0.43205551078578147,
    0.5731443316274363
   ],
   [
    -0.7028255672974172,
    -1.2366385677362268,
    0.5797549299205133
   ],
   [
    -1.3994702672604946,
    -0.0924314821773846,
    0.6479372935086377
   ],
   [
    -1.4527737133657599,
    0.2506766693009595,
    0.5394680841283422
   ],
   [
    -0.84563631210527,
    1.1967202190647706,
    0.6465929500381311
   ],
   [
    1.166086238350882,
    -0.8898660231857308,
    0.45534485086815185
   ],
   [
    -0.3369706798562257,
    -1.316655894063274,
    0.5017695845452621
   ],
   [
    -1.270014864674835,
    0.666811994433847,
    0.591328324880271
   ],
   [
    0.8160520559676723,
    -1.2545896825426894,
    0.5308828501037065
   ],
   [
    1.299572968929128,
    0.09791298305639501,
    0.5748693218036891
   ],
   [
    -1.3855944974651095,
    0.2435628101845431,
    0.525886866777827
   ],
   [
    -1.01426499795797,
    0.8832154766571759,
    0.6034022833797335
   ],
   [
    -1.2912617033632365,
    0.32835399428465856,
    0.4893162205092795
   ]
  ]
 },
 "appearance_assets": {
  "floor_pbr": "Carpet014",
  "background_hdr": "lythwood_lounge_4k.hdr"
 },
 "environment_strength": 0.46682110143883404
}