{
 "objects": [
  {
   "obj_subpath": "pig/pig_039/pig_039.blend",
   "obj_location": [
    -0.03263368161388536,
    0.1161510077624679
   ],
   "obj_pose": [
    [
     -0.886607705970838,
     -0.4625222092043504,
     -5.002457335027533e-05
    ],
    [
     0.4625222092043504,
     -0.8866077059708382,
     -8.018134557612278e-05
    ],
    [
     -7.266517968673725e-06,
     -9.422687435289845e-05,
     1.0
    ]
   ],
   "obj_scale": 0.6745874902434119,
   "obj_color": {
    "type": "random-mono",
    "color": [
     [
      0.8425882903279017,
      0.6446278595416061,
      0.7113719128652821
     ],
     [
      0.38598799194328914,
      0.17598680473975126,
      0.246790502130566
     ],
     [
      0.9337387081970467,
      0.8940049183809373,
      0.9074015056469099
     ]
    ],
    "randomness": 0.3686993076229017,
    "scale": 4.579816515278841,
    "specular": 0.7785066467504708,
    "roughness": 0.10180595589349058,
    "clever": false
   }
  },
  {
   "obj_subpath": "Tier Stack Cube/Tier Stack Cube/Tier Stack Cube.blend",
   "obj_location": [
    -0.4116577066440218,
    -0.4769021564423386
   ],
   "obj_pose": [
    [
     0.9905706797835291,
     0.13700265819755847,
     0.0
    ],
    [
     -0.13700265819755847,
     0.9905706797835291,
     0.0
    ],
    [
     0.0,
     0.0,
     1.0
    ]
   ],
   "obj_scale": 0.6589450280701739,
   "obj_color": {
    "type": "random-multi",
    "color": [
     [
      0.7592667522713101,
      0.19501089820815545,
      0.15818641955520218
     ],
     [
      0.6321190302803034,
      0.010473543172210276,
      0.23084245335812154
     ],
     [
      0.9080185032057809,
      0.4127309664020737,
      0.10701518788001907
     ]
    ],
    "randomness": 2.4659910474951303,
    "scale": 1.2469327002364174,
    "specular": 0.7457290619238082,
    "roughness": 0.12377969874792222,
    "clever": false
   }
  },
  {
   "obj_subpath": "43664/43664/43664.blend",
   "obj_location": [
    0.40608673396444717,
    -0.3613765087272909
   ],
   "obj_pose": [
    [
     0.6215190028459687,
     0.7833990867376299,
     0.0
    ],
    [
     -0.7833990867376299,
     0.6215190028459687,
     0.0
    ],
    [
     0.0,
     0.0,
     1.0
    ]
   ],
   "obj_scale": 0.6783482526998049,
   "obj_color": {
    "type": "random-multi",
    "color": [
     [
      0.11179472251344413,
      0.5808472995164442,
      0.4581337057921372
     ],
     [
      0.725655291357357,
      0.11980913779047875,
      0.2967233265911746
     ]
    ],
    "randomness": 0.51722337634721,
    "scale": 1.1508645836503408,
    "specular": 0.8465904210702074,
    "roughness": 0.12244071911668795,
    "clever": false
   }
  }
 ],
 "camera": {
  "track_to_point": [
   [
    -0.022945885242120788,
    -0.36763549369374604,
    0.0
   ],
   [
    0.11648855808529175,
    -0.15453619989544337,
    0.0
   ],
   [
    0.07430704218272767,
    -0.31113964388556226,
    0.0
   ],
   [
    0.02434278299238688,
    -0.30554269758575775,
    0.0
   ],
   [
    -0.15810354240578442,
    -0.3325083377174885,
    0.0
   ],
   [
    -0.014261014004655062,
    -0.3188050512939487,
    0.0
   ],
   [
    -0.14595823727470464,
    -0.3685466031288612,
    0.0
   ],
   [
    -0.0132612540538422,
    -0.2230794618667699,
    0.0
   ],
   [
    -0.11076668735930163,
    -0.12817862406919153,
    0.0
   ],
   [
    0.12299487161833329,
    -0.1896496286586134,
    0.0
   ],
   [
    0.12388076503877278,
    -0.38785020226870426,
    0.0
   ],
   [
    -0.11191518776381482,
    -0.12746898849200103,
    0.0
   ],
   [
    -0.12344293260570582,
    -0.10846790502727213,
    0.0
   ],
   [
    0.07266371382964772,
    -0.2448573961016117,
    0.0
   ],
   [
    0.015608070259943633,
    -0.33046529313290535,
    0.0
   ],
   [
    -0.026839670974648254,
    -0.36811569477920303,
    0.0
   ],
   [
    0.10257838398441656,
    -0.10254676067149135,
    0.0
   ],
   [
    -0.12523980719232516,
    -0.2658145639758474,
    0.0
   ],
   [
    -0.0033820958519137547,
    -0.35121152963918867,
    0.0
   ],
   [
    -0.022303055375966878,
    -0.35981938554161913,
    0.0
   ],
   [
    0.09917444224386325,
    -0.38069377578751984,
    0.0
   ],
   [
    -0.054919607250958714,
    -0.27600177068394693,
    0.0
   ],
   [
    -0.011003126571276936,
    -0.3368889738532854,
    0.0
   ],
   [
    -0.08308761179992893,
    -0.26267533777419433,
    0.0
   ],
   [
    0.09075663293299414,
    -0.12106724355563667,
    0.0
   ]
  ],
  "positions": [
   [
    -0.6850094612349125,
    -1.1693254127654478,
    0.5359600496863821
   ],
   [
    1.3377474098430093,
    -0.06343431946774356,
    0.48269503090091764
   ],
   [
    -0.7927943541467066,
    -1.0570644501477522,
    0.5319360114818054
   ],
   [
    1.1249311831432685,
    -0.9701556068519729,
    0.4896106628596104
   ],
   [
    -1.3765295581724661,
    -0.1123629607239476,
    0.5326816859470734
   ],
   [
    -0.4538342964905147,
    1.2707652742783468,
    0.4946720282351362
   ],
   [
    1.1345559569518635,
    -0.6940373961475355,
    0.6229132525010589
   ],
   [
    0.6366236601775531,
    -1.2604718446869978,
    0.45770242912049824
   ],
   [
    -0.5659963028134758,
    -1.2843628700548788,
    0.5719807235620024
   ],
   [
    1.3273267364741972,
    0.14626381944519323,
    0.5397011583949823
   ],
   [
    -1.3355213190270145,
    -0.20089058184409808,
    0.5680414514678108
   ],
   [
    -1.2338394958179624,
    0.673326706997281,
    0.6331249727736084
   ],
   [
    0.16104038453572486,
    1.2987161166780687,
    0.6473815701905907
   ],
   [
    -0.968612613560214,
    -0.8684345040917368,
    0.6372256851626654
   ],
   [
    0.023449028347326255,
    1.446437356532168,
    0.6194250786182753
   ],
   [
    -0.7623714228679971,
    -1.1078124165029528,
    0.5600700253580244
   ],
   [
    -0.5178010372666871,
    1.3362290563473913,
    0.48493531479386914
   ],
   [
    1.4919514629260033,
    -0.11050183092293231,
    0.6364924477263492
   ],
   [
    0.22993503745275748,
    -1.433924238609739,
    0.45764362543933096
   ],
   [
    -0.8062978583203109,
    1.168180288331876,
    0.6163892595399659
   ],
   [
    -1.374520083688875,
    -0.32476631478323553,
    0.508336357443134
   ],
   [
    0.38882101756755066,
    -1.25270066058929,
    0.6157033106617679
   ],
   [
    0.5999038654410535,
    -1.2501292415545817,
    0.5139888635637353
   ],
   [
    1.319738969799673,
    0.2703667788340181,
    0.45404079875236536
   ],
   [
    1.0333226784478218,
    1.0856438585090182,
    0.5291828374465524
   ]
  ]
 },
 "appearance_assets": {
  "floor_pbr": "Planks013",
  "background_hdr": "fireplace_4k.hdr"
 },
 "environment_strength": 0.7238092613530027
}