{
 "objects": [
  {
   "obj_subpath": "truck/truck_027/truck_027.blend",
   "obj_location": [
    -0.08775856634028523,
    -0.26545564453435033
   ],
   "obj_pose": [
    [
     0.8268554483619295,
     0.5624144493839062,
     0.00010614394523328478
    ],
    [
     -0.5624144789836668,
     0.8268554518307315,
     0.00015388755675273168
    ],
    [
     -1.2171091157142655e-06,
     -0.000186939665582031,
     1.0
    ]
   ],
   "obj_scale": 0.6451712261076513,
   "obj_color": {
    "type": "random-multi",
    "color": [
     [
      0.005179166694510684,
      0.4076554906905791,
      0.6463830257017634
     ],
     [
      0.029779404381936936,
      0.5575703953795029,
      0.6506470363237424
     ],
     [
      0.4217743081995499,
      0.7470429580825256,
      0.1401673083172058
     ]
    ],
    "randomness": 3.4815289404890324,
    "scale": 0.5131349985295284,
    "specular": 0.6135562757908696,
    "roughness": 0.24049100857978292,
    "clever": false
   }
  },
  {
   "obj_subpath": "Atom N Ring/Atom N Ring/Atom N Ring.blend",
   "obj_location": [
    0.45519057336743896,
    0.336746465326205
   ],
   "obj_pose": [
    [
     -0.4051270693274996,
     -0.9142603883457444,
     0.0
    ],
    [
     0.9142603883457444,
     -0.4051270693274996,
     0.0
    ],
    [
     0.0,
     0.0,
     1.0
    ]
   ],
   "obj_scale": 0.6759184204173437,
   "obj_color": {
    "type": "random-multi",
    "color": [
     [
      0.23028824721655586,
      0.6216480241322132,
      0.06887097313171242
     ],
     [
      0.06612108500496039,
      0.6587022395497614,
      0.14426397554400938
     ],
     [
      0.6589137845142703,
      0.12557904572335676,
      0.6493035278906987
     ],
     [
      0.2758387115246516,
      0.5936121489781371,
      0.014805649266306342
     ]
    ],
    "randomness": 0.4366005310422222,
    "scale": 1.4632236901761317,
    "specular": 0.7169816371974611,
    "roughness": 0.16589222641184653,
    "clever": false
   }
  },
  {
   "obj_subpath": "Fragment Crystal/Fragment Crystal/Fragment Crystal.blend",
   "obj_location": [
    -0.18228675958756457,
    0.3767307804359902
   ],
   "obj_pose": [
    [
     0.3654307709137072,
     0.9308385207270988,
     0.0
    ],
    [
     -0.9308385207270988,
     0.3654307709137072,
     0.0
    ],
    [
     0.0,
     0.0,
     1.0
    ]
   ],
   "obj_scale": 0.6962767838348463,
   "obj_color": {
    "type": "random-mono",
    "color": [
     [
      0.1256848578992092,
      0.10021661295910883,
      0.050057631166710415
     ],
     [
      0.524960255591899,
      0.4383851756157989,
      0.2678780256174399
     ],
     [
      0.47916623165727923,
      0.38633113067020425,
      0.20349504789112072
     ],
     [
      0.21369345932881803,
      0.16584593482023702,
      0.07161160040568057
     ]
    ],
    "randomness": 0.2984006451244162,
    "scale": 3.208161643585836,
    "specular": 0.7787920557931456,
    "roughness": 0.12378227087510772,
    "clever": false
   }
  }
 ],
 "camera": {
  "track_to_point": [
   [
    0.07828472863718236,
    0.15133667985081803,
    0.0
   ],
   [
    -0.042648084407287366,
    0.28547866417175594,
    0.0
   ],
   [
    -0.007187472246683861,
    0.04077241300436796,
    0.0
   ],
   [
    0.04447571874478707,
    0.27345674013534965,
    0.0
   ],
   [
    0.06709844462617798,
    0.22327633565625957,
    0.0
   ],
   [
    0.08383789704446043,
    0.2302802344027323,
    0.0
   ],
   [
    0.07665683475951957,
    0.18285573651993434,
    0.0
   ],
   [
    -0.04493208014372168,
    0.07493782661297176,
    0.0
   ],
   [
    0.06522149410293615,
    0.23982749421527688,
    0.0
   ],
   [
    0.15871266187904906,
    0.1633670632673483,
    0.0
   ],
   [
    0.026814487022684526,
    0.2558489717679324,
    0.0
   ],
   [
    0.11785996051608885,
    0.20603414381509497,
    0.0
   ],
   [
    0.016902101693206988,
    0.2788107036548272,
    0.0
   ],
   [
    0.12116352187647164,
    0.018268884480868275,
    0.0
   ],
   [
    0.0004590148898311955,
    0.17578327378796627,
    0.0
   ],
   [
    -0.0164637982152789,
    0.0017191967609327397,
    0.0
   ],
   [
    -0.045396635878849866,
    0.14410789180832712,
    0.0
   ],
   [
    0.17744266063527847,
    0.10202512581246244,
    0.0
   ],
   [
    0.09958080694903679,
    0.007467672895362432,
    0.0
   ],
   [
    0.06635028162583778,
    0.26498921941935,
    0.0
   ],
   [
    -0.032900538179055146,
    0.24470555038328135,
    0.0
   ],
   [
    0.1158695095381728,
    0.02806345653548295,
    0.0
   ],
   [
    0.1466913623411889,
    0.0843807237083959,
    0.0
   ],
   [
    0.11213169972641146,
    0.10999152067100203,
    0.0
   ],
   [
    0.14488132951409832,
    0.22338017067473326,
    0.0
   ]
  ],
  "positions": [
   [
    1.403118526526445,
    0.3273336041583547,
    0.5469471509460109
   ],
   [
    -1.3432089183668061,
    -0.5686665160652931,
    0.6106017287048542
   ],
   [
    -1.2133956552135383,
    -0.8611350752104604,
    0.48344248460151296
   ],
   [
    -1.406945965119266,
    -0.01584470676402388,
    0.6315207202315712
   ],
   [
    0.10461834149661522,
    1.3083927450669455,
    0.6111075506091284
   ],
   [
    0.13498303172538104,
    -1.4927377063355853,
    0.6275227773055633
   ],
   [
    1.0737862955697575,
    0.9883154644875078,
    0.4672572668859367
   ],
   [
    -1.0784618565768682,
    -0.8707128916844281,
    0.646033078567144
   ],
   [
    -1.0823267033336612,
    -0.9826768422484914,
    0.6266140545472322
   ],
   [
    -0.609450373032586,
    1.2667050837108689,
    0.4715071652171326
   ],
   [
    1.4296405425790921,
    -0.035911589528629245,
    0.5133518182350153
   ],
   [
    1.4610276191491034,
    0.17175829750331728,
    0.535034020165393
   ],
   [
    -1.360854493934141,
    0.3657099441438949,
    0.639451509995414
   ],
   [
    -1.119368680376726,
    -0.7410135385354972,
    0.6033606644398362
   ],
   [
    1.3452202484275695,
    0.6372976131213188,
    0.5539196367202925
   ],
   [
    -0.4163606790879817,
    -1.2319637688297134,
    0.5529818303745406
   ],
   [
    -0.7312153875677189,
    -1.1321233991800983,
    0.5983348319116728
   ],
   [
    1.0628547064224365,
    -0.9205808844769633,
    0.5816239010038535
   ],
   [
    -1.2600467052953188,
    -0.5331395262891752,
    0.5989606545328023
   ],
   [
    -0.6008096148744718,
    1.2281998498141942,
    0.5217937608727821
   ],
   [
    -1.4460973928697118,
    -0.241061411479865,
    0.6472771869610194
   ],
   [
    -1.0311198923459401,
    -1.061910439124624,
    0.4582566541471315
   ],
   [
    1.4005652607360675,
    0.344543543515373,
    0.46041343645860117
   ],
   [
    0.23538514959244855,
    -1.2900502117808386,
    0.5843954022067882
   ],
   [
    0.3072442322371016,
    1.272299668561805,
    0.6366444972541832
   ]
  ]
 },
 "appearance_assets": {
  "floor_pbr": "Planks018",
  "background_hdr": "childrens_hospital_4k.hdr"
 },
 "environment_strength": 0.5186150390246334
}