{
 "objects": [
  {
   "obj_subpath": "fridge/fridge_006/fridge_006.blend",
   "obj_location": [
    0.20952361239193695,
    -0.4574953481566916
   ],
   "obj_pose": [
    [
     0.9463254907312901,
     -0.016755741250367943,
     0.32278057344551436
    ],
    [
     0.32319773646360084,
     0.038683337262613145,
     -0.945540478099449
    ],
    [
     0.0033570020459592342,
     0.9991110563278198,
     0.04202244430780411
    ]
   ],
   "obj_scale": 0.6798307696833712,
   "obj_color": {
    "type": "random-mono",
    "color": [
     [
      0.8909805994565092,
      0.7118991993066184,
      0.755666849831505
     ],
     [
      0.7598970410467631,
      0.5853953783225723,
      0.6280437370227578
     ],
     [
      0.5409009908109058,
      0.3001169076094171,
      0.35896474773517684
     ]
    ],
    "randomness": 0.23741840937617575,
    "scale": 3.7806469131722746,
    "specular": 0.8194829833871253,
    "roughness": 0.19669520985913588,
    "clever": false
   }
  },
  {
   "obj_subpath": "Cone Pyramid/Cone Pyramid/Cone Pyramid.blend",
   "obj_location": [
    -0.22781183619895506,
    0.37992892982351123
   ],
   "obj_pose": [
    [
     -0.9317789997902997,
     0.3630260259950914,
     0.0
    ],
    [
     -0.3630260259950914,
     -0.9317789997902997,
     0.0
    ],
    [
     0.0,
     0.0,
     1.0
    ]
   ],
   "obj_scale": 0.623179691350081,
   "obj_color": {
    "type": "random-mono",
    "color": [
     [
      0.9901127229806486,
      0.9722590701208423,
      0.9699869949700548
     ],
     [
      0.9623543563923666,
      0.8830190129449157,
      0.872922711429389
     ],
     [
      0.7945369211924052,
      0.6920613992681367,
      0.6790202536406058
     ]
    ],
    "randomness": 0.2107658946846196,
    "scale": 2.948189572112486,
    "specular": 0.6826407096948691,
    "roughness": 0.12817769218173763,
    "clever": false
   }
  },
  {
   "obj_subpath": "Tier Stack Cylinder/Tier Stack Cylinder/Tier Stack Cylinder.blend",
   "obj_location": [
    -0.47937448310517794,
    -0.3253795036293824
   ],
   "obj_pose": [
    [
     0.999607293228453,
     0.028022478914002006,
     0.0
    ],
    [
     -0.028022478914002006,
     0.999607293228453,
     0.0
    ],
    [
     0.0,
     0.0,
     1.0
    ]
   ],
   "obj_scale": 0.62481905982795,
   "obj_color": {
    "type": "random-multi",
    "color": [
     [
      0.4856276895225108,
      0.8222586944731541,
      0.23870949538913788
     ],
     [
      0.5743227588713805,
      0.27219159212615407,
      0.11929274367499298
     ],
     [
      0.024779384716592245,
      0.7838277174123343,
      0.7837931758791629
     ],
     [
      0.6797277240826322,
      0.5115425575357149,
      0.14690411193092745
     ]
    ],
    "randomness": 0.1703133696608411,
    "scale": 1.3541262263279699,
    "specular": 0.6730867135141712,
    "roughness": 0.1117862237646271,
    "clever": false
   }
  }
 ],
 "camera": {
  "track_to_point": [
   [
    -0.1851317388211628,
    -0.16239615664531715,
    0.0
   ],
   [
    -0.27365267718914565,
    -0.27461094473791753,
    0.0
   ],
   [
    -0.2821671154602896,
    -0.18522645970123533,
    0.0
   ],
   [
    -0.21935334347392346,
    -0.017712162605403148,
    0.0
   ],
   [
    -0.1304575500478892,
    -0.27146033390969865,
    0.0
   ],
   [
    -0.221409827052297,
    -0.18013884335475766,
    0.0
   ],
   [
    -0.23122430361283697,
    -0.034271938512563105,
    0.0
   ],
   [
    -0.28507992895143824,
    -0.015775398862656442,
    0.0
   ],
   [
    -0.17335229597872626,
    -0.041973418832865955,
    0.0
   ],
   [
    -0.06356539087663865,
    -0.18468031877488883,
    0.0
   ],
   [
    -0.020194128225583363,
    -0.1887871519787111,
    0.0
   ],
   [
    -0.1293806160799517,
    -0.011109468719745996,
    0.0
   ],
   [
    -0.2607952312468192,
    -0.08883721097673056,
    0.0
   ],
   [
    -0.08973933472913981,
    0.004323218091005221,
    0.0
   ],
   [
    -0.11409655779508845,
    -0.1273525192255995,
    0.0
   ],
   [
    -0.31037079561295333,
    -0.09427804754047095,
    0.0
   ],
   [
    -0.20203470436599785,
    0.0027141003532293873,
    0.0
   ],
   [
    -0.28540500541541886,
    -0.01785380110589152,
    0.0
   ],
   [
    -0.10975613012802082,
    -0.23226252011604923,
    0.0
   ],
   [
    -0.1770568651634066,
    -0.057757960524916774,
    0.0
   ],
   [
    -0.2166934690301178,
    -0.19851113495174322,
    0.0
   ],
   [
    -0.1092351654789098,
    0.007439708266924472,
    0.0
   ],
   [
    -0.050779421860994045,
    0.00548776310694693,
    0.0
   ],
   [
    -0.12450742646075535,
    -0.08966737887094775,
    0.0
   ],
   [
    -0.08371020338508423,
    -0.03273326031345025,
    0.0
   ]
  ],
  "positions": [
   [
    1.0644287382589732,
    0.8215815275353464,
    0.5940495021416616
   ],
   [
    -0.2240445312767658,
    1.4409661642406142,
    0.6158597242247942
   ],
   [
    -1.444423617733406,
    -0.1750787664545192,
    0.5881339358704062
   ],
   [
    -0.9502047613537004,
    -0.9856326599872834,
    0.5734687919067474
   ],
   [
    -0.35099953821334634,
    1.4060224142377062,
    0.5427701231867958
   ],
   [
    -0.2935871934617012,
    1.4186835279547927,
    0.556844581673356
   ],
   [
    -1.079627328443749,
    0.8710065988463749,
    0.5520806894741088
   ],
   [
    -1.1157867576210145,
    0.6822598920678214,
    0.6452025025966555
   ],
   [
    0.7923878669004927,
    -1.1877330999043165,
    0.5752989004325257
   ],
   [
    0.46501847131137763,
    -1.2671094362661603,
    0.5305845703906379
   ],
   [
    -1.3923452805127592,
    -0.09083619321926381,
    0.6184173856910216
   ],
   [
    1.3055310342261617,
    0.3826890523233058,
    0.6313643644091989
   ],
   [
    0.06423608094157686,
    -1.3250922040354454,
    0.5670112362667226
   ],
   [
    1.3095521313897598,
    -0.5774701280297414,
    0.5041564896249902
   ],
   [
    -0.5560521294954459,
    -1.3410226369900013,
    0.5943097680549556
   ],
   [
    -1.2373147239935505,
    -0.47461149200283975,
    0.4973954397510578
   ],
   [
    -1.142929993070319,
    -0.649821542621301,
    0.5125519603789168
   ],
   [
    -0.8214021624733706,
    1.134969807371792,
    0.5199185693593102
   ],
   [
    -1.005405283862386,
    1.014458517125303,
    0.5487531485323678
   ],
   [
    -0.028749084598467107,
    -1.3130990386002734,
    0.47025890039884727
   ],
   [
    0.7353245392762866,
    -1.0976822067992036,
    0.6144388057619553
   ],
   [
    -1.2750936433950344,
    0.32909097673184107,
    0.6139408425196526
   ],
   [
    -1.2496979702194193,
    0.7265379431803882,
    0.586391554214766
   ],
   [
    1.3374151086810115,
    0.3771557945688297,
    0.524605652345051
   ],
   [
    -0.1932968884190906,
    -1.34916696254176,
    0.5979176767855052
   ]
  ]
 },
 "appearance_assets": {
  "floor_pbr": "Carpet001",
  "background_hdr": "lapa_4k.hdr"
 },
 "environment_strength": 0.6263221015359596
}