{
 "objects": [
  {
   "obj_subpath": "cup/cup_043/cup_043.blend",
   "obj_location": [
    -0.4571286176244129,
    -0.05657853629276899
   ],
   "obj_pose": [
    [
     0.5331591095381328,
     -0.1511680487280934,
     0.832399930382621
    ],
    [
     -0.7303174198764879,
     0.41442525054337775,
     0.5430361307856303
    ],
    [
     -0.4270572364330292,
     -0.8974407911300659,
     0.11055392771959305
    ]
   ],
   "obj_scale": 0.6962021627838925,
   "obj_color": {
    "type": "random-multi",
    "color": [
     [
      0.0037834674750807373,
      0.8311210975273339,
      0.12830744300825841
     ],
     [
      0.09559920510321118,
      0.9947054568119903,
      0.6384236823053014
     ]
    ],
    "randomness": 0.05308908572596582,
    "scale": 0.6556159899537436,
    "specular": 0.6603587521481951,
    "roughness": 0.20635203352346637,
    "clever": false
   }
  },
  {
   "obj_subpath": "Torus Knot Fourier/Torus Knot Fourier/Torus Knot Fourier.blend",
   "obj_location": [
    0.13015123467849166,
    0.263682743925598
   ],
   "obj_pose": [
    [
     0.641470334741102,
     -0.767147840801979,
     0.0
    ],
    [
     0.767147840801979,
     0.641470334741102,
     0.0
    ],
    [
     0.0,
     0.0,
     1.0
    ]
   ],
   "obj_scale": 0.6327510275844855,
   "obj_color": {
    "type": "random-multi",
    "color": [
     [
      0.14412022790094858,
      0.3918127316653028,
      0.7750314856680516
     ],
     [
      0.9543174105860665,
      0.04550706537285365,
      0.10692602237854547
     ]
    ],
    "randomness": 3.0911584814830437,
    "scale": 0.7447607307401125,
    "specular": 0.6874566111697342,
    "roughness": 0.1492054622042713,
    "clever": false
   }
  },
  {
   "obj_subpath": "Geo Instance Crystal Cube/Geo Instance Crystal Cube/Geo Instance Crystal Cube.blend",
   "obj_location": [
    0.15924280170549954,
    -0.4515122964744649
   ],
   "obj_pose": [
    [
     0.9645732467506686,
     -0.2638151846518199,
     0.0
    ],
    [
     0.2638151846518199,
     0.9645732467506686,
     0.0
    ],
    [
     0.0,
     0.0,
     1.0
    ]
   ],
   "obj_scale": 0.625539576575558,
   "obj_color": {
    "type": "random-mono",
    "color": [
     [
      0.004818496523803289,
      0.008050614111901328,
      0.006617986742662002
     ],
     [
      0.4548742301668123,
      0.7240339106499878,
      0.6047296110861773
     ]
    ],
    "randomness": 0.38430934312796317,
    "scale": 4.229260142620042,
    "specular": 0.6793587511493677,
    "roughness": 0.15977845300071597,
    "clever": false
   }
  }
 ],
 "camera": {
  "track_to_point": [
   [
    0.024190830280721498,
    -0.15032622956271674,
    0.0
   ],
   [
    -0.08744854472487686,
    -0.08056929914266425,
    0.0
   ],
   [
    0.09010904610325246,
    -0.08403181966850479,
    0.0
   ],
   [
    -0.04848171625698128,
    0.056571093189014515,
    0.0
   ],
   [
    0.002006199110455853,
    -0.049520185439828224,
    0.0
   ],
   [
    -0.10064484010356341,
    -0.19564483593353194,
    0.0
   ],
   [
    -0.1066006074525945,
    -0.09367890094910722,
    0.0
   ],
   [
    0.022921963943797724,
    -0.21024658774782967,
    0.0
   ],
   [
    -0.09004193015440665,
    -0.1506220375018995,
    0.0
   ],
   [
    -0.14433710643596717,
    -0.038093824089096784,
    0.0
   ],
   [
    0.03392542015917971,
    0.0658401440894111,
    0.0
   ],
   [
    -0.04892119202746936,
    -0.04123885691647955,
    0.0
   ],
   [
    -0.12979794511574672,
    -0.1357111300085392,
    0.0
   ],
   [
    -0.17757992220906246,
    -0.030829578186624212,
    0.0
   ],
   [
    -0.1253745064780048,
    -0.1896534587091716,
    0.0
   ],
   [
    -0.16628744780758076,
    -0.11072164810461528,
    0.0
   ],
   [
    -0.08260011609278155,
    -0.14188378598885634,
    0.0
   ],
   [
    -0.19658855462825744,
    0.05163505644727065,
    0.0
   ],
   [
    -0.010726780077674192,
    -0.1287239194791812,
    0.0
   ],
   [
    -0.18614907895891034,
    -0.16223926123358112,
    0.0
   ],
   [
    -0.07677704803898347,
    0.05157076284746234,
    0.0
   ],
   [
    0.0027141541267264035,
    -0.10749040380319233,
    0.0
   ],
   [
    0.021693085704877074,
    -0.09132252621575018,
    0.0
   ],
   [
    -0.1948824203354545,
    -0.01893228767222066,
    0.0
   ],
   [
    -0.1375588555133217,
    -0.10940945780574837,
    0.0
   ]
  ],
  "positions": [
   [
    -1.0770905204243613,
    -0.8536999651178461,
    0.5592613278252044
   ],
   [
    -1.144546225254035,
    -0.6428208819356915,
    0.6173401356574031
   ],
   [
    1.0913180286119228,
    0.8040972724533739,
    0.46074240167108166
   ],
   [
    1.3933757739096906,
    -0.2623721211959586,
    0.48371016148760354
   ],
   [
    -0.293953554553021,
    1.4442525648183027,
    0.556100157678059
   ],
   [
    -1.024654703909445,
    -0.8427154082247842,
    0.45753514907144416
   ],
   [
    0.5915564861685394,
    -1.3504428783697087,
    0.6403971919193521
   ],
   [
    -1.2306213674664295,
    0.7395825943415052,
    0.6033924762625708
   ],
   [
    -0.6085656052283864,
    -1.30270774425269,
    0.49196511300979234
   ],
   [
    -1.320733425618231,
    -0.6741296221310883,
    0.6018664242340263
   ],
   [
    -1.275727108580688,
    -0.7383582425163028,
    0.5224843346729988
   ],
   [
    0.6229235974849394,
    1.2333591390624135,
    0.52944720643644
   ],
   [
    -0.2786931119386542,
    1.3010137089907798,
    0.5657869959924249
   ],
   [
    -0.3398959675439356,
    1.2847777899820936,
    0.6374652286015379
   ],
   [
    0.46040141861280365,
    -1.331484985374814,
    0.6493604300094362
   ],
   [
    0.5946192544921659,
    -1.1868740981257242,
    0.6267982350764736
   ],
   [
    0.5445748971754344,
    -1.2159973171245622,
    0.5622225682003656
   ],
   [
    -1.2748761097517969,
    0.39159444566541196,
    0.4985173226538475
   ],
   [
    1.2910589052492503,
    -0.20060421157494193,
    0.4574074084435925
   ],
   [
    -1.4695824593343658,
    -0.22662236926024387,
    0.5116441328758871
   ],
   [
    0.7082475390413404,
    -1.2263011392337602,
    0.6284755395952129
   ],
   [
    0.36095406284049286,
    -1.2669695752435484,
    0.6323047838068234
   ],
   [
    1.2721248894780124,
    -0.6534845966691502,
    0.49241648811483096
   ],
   [
    0.9517938591150078,
    1.0621413732650509,
    0.5876507677029718
   ],
   [
    0.5104719160743878,
    1.1966728734626155,
    0.5183011377826411
   ]
  ]
 },
 "appearance_assets": {
  "floor_pbr": "Planks013",
  "background_hdr": "kiara_interior_4k.hdr"
 },
 "environment_strength": 0.6465344885618876
}