{
 "objects": [
  {
   "obj_subpath": "cells_battery/cells_battery_001/cells_battery_001.blend",
   "obj_location": [
    -0.17147281901147915,
    0.2989742472813488
   ],
   "obj_pose": [
    [
     -0.007135595574756999,
     0.07136492299556386,
     0.9974247389853773
    ],
    [
     -0.11352106456748096,
     0.9909440595188178,
     -0.07171337036619421
    ],
    [
     -0.9935099482536316,
     -0.11374043673276901,
     0.0010304466122761369
    ]
   ],
   "obj_scale": 0.6543053782516923,
   "obj_color": {
    "type": "random-mono",
    "color": [
     [
      0.9476562756592878,
      0.9140303175813136,
      0.9547464015606106
     ],
     [
      0.7048044033397001,
      0.5843935042606426,
      0.7301933731463689
     ],
     [
      0.12055656441086418,
      0.05952614875616341,
      0.13342499569239047
     ]
    ],
    "randomness": 0.891936040766906,
    "scale": 4.241367987019302,
    "specular": 0.6843764626707101,
    "roughness": 0.12433361961395634,
    "clever": true
   }
  },
  {
   "obj_subpath": "Wave Zig Zag/Wave Zig Zag/Wave Zig Zag.blend",
   "obj_location": [
    0.39637542363216893,
    0.023749267788698014
   ],
   "obj_pose": [
    [
     -0.3430445294214919,
     0.9393191421630814,
     0.0
    ],
    [
     -0.9393191421630814,
     -0.3430445294214919,
     0.0
    ],
    [
     0.0,
     0.0,
     1.0
    ]
   ],
   "obj_scale": 0.637630604413824,
   "obj_color": {
    "type": "random-mono",
    "color": [
     [
      0.8768317786148471,
      0.6685251289827876,
      0.9101580377431198
     ],
     [
      0.08906372083689615,
      0.04892079917404227,
      0.09548604778548495
     ],
     [
      0.16095276785969553,
      0.10946036947214138,
      0.16919085826550356
     ],
     [
      0.9721537235579657,
      0.9540406676350484,
      0.9750515686164805
     ]
    ],
    "randomness": 0.9682942858912206,
    "scale": 4.03237697114773,
    "specular": 0.8951501998857818,
    "roughness": 0.1107125300242491,
    "clever": false
   }
  },
  {
   "obj_subpath": "Atom Duo Ring.001/Atom Duo Ring.001/Atom Duo Ring.001.blend",
   "obj_location": [
    -0.1535744060488332,
    -0.3161657312203131
   ],
   "obj_pose": [
    [
     -0.6781714421240791,
     0.7349037318501974,
     0.0
    ],
    [
     -0.7349037318501974,
     -0.6781714421240791,
     0.0
    ],
    [
     0.0,
     0.0,
     1.0
    ]
   ],
   "obj_scale": 0.6387086206586474,
   "obj_color": {
    "type": "random-mono",
    "color": [
     [
      0.29297788500564825,
      0.6762846391294959,
      0.2849057158221542
     ],
     [
      0.9705242219977542,
      0.9822230575029115,
      0.9702778527949382
     ]
    ],
    "randomness": 0.6540035238340851,
    "scale": 3.1271825042798977,
    "specular": 0.7907371774539972,
    "roughness": 0.20486318923197575,
    "clever": true
   }
  }
 ],
 "camera": {
  "track_to_point": [
   [
    0.12735080402339877,
    -0.039404343092839716,
    0.0
   ],
   [
    -0.11282477537996373,
    -0.14218783047584446,
    0.0
   ],
   [
    0.04055514370055767,
    0.14762116626945057,
    0.0
   ],
   [
    0.12277144831842803,
    0.031754060997789685,
    0.0
   ],
   [
    0.15399632440362582,
    0.0729766948684206,
    0.0
   ],
   [
    -0.014570012528080083,
    -0.014790814741521247,
    0.0
   ],
   [
    0.017796614714746934,
    0.12843976269508786,
    0.0
   ],
   [
    0.05177346433434078,
    0.14011415868628427,
    0.0
   ],
   [
    -0.0031314295598378165,
    -0.1038104211164407,
    0.0
   ],
   [
    -0.03674165008915392,
    -0.14270781028486362,
    0.0
   ],
   [
    -0.00498006921456438,
    0.1364985580978675,
    0.0
   ],
   [
    0.1228555667402738,
    -0.07576983356292362,
    0.0
   ],
   [
    -0.032122402136824726,
    0.14506473002167367,
    0.0
   ],
   [
    -0.08423190192878001,
    0.0509102759014706,
    0.0
   ],
   [
    -0.0065280596899960595,
    0.09261580771394048,
    0.0
   ],
   [
    0.10849077213392437,
    -0.026953431873124573,
    0.0
   ],
   [
    0.12571181267184817,
    0.05858931115983121,
    0.0
   ],
   [
    -0.018460949065562112,
    -0.007248348868250543,
    0.0
   ],
   [
    0.09787635618939468,
    -0.14374198324973805,
    0.0
   ],
   [
    0.006907679742874585,
    -0.11840022339400696,
    0.0
   ],
   [
    0.03988308896964472,
    0.054062865923346526,
    0.0
   ],
   [
    -0.05522480547137798,
    0.07242373464808757,
    0.0
   ],
   [
    -0.0076343946331707095,
    -0.08878186739562025,
    0.0
   ],
   [
    0.11110433117698675,
    0.0006339399536830492,
    0.0
   ],
   [
    -0.06577878990716997,
    0.1039058365445634,
    0.0
   ]
  ],
  "positions": [
   [
    1.4767254401406256,
    -0.13487685345852132,
    0.5562457228862159
   ],
   [
    -0.6833222178165501,
    1.3036183949145324,
    0.5699582303413024
   ],
   [
    -0.8654091318487767,
    -1.141160095674939,
    0.6070812257484148
   ],
   [
    1.0683930576812852,
    1.0219280694933648,
    0.46416294918171186
   ],
   [
    -0.8875553840718293,
    1.0613480756256255,
    0.5356136680622368
   ],
   [
    -0.7472925666123766,
    1.1681220710521436,
    0.5731737923616671
   ],
   [
    -1.417159379329899,
    -0.18235404348904558,
    0.6287529087930007
   ],
   [
    -1.4051057082011091,
    0.22310081861693007,
    0.5262055792778484
   ],
   [
    0.8894054688400792,
    0.975757512070607,
    0.5523783731217762
   ],
   [
    0.90973738742782,
    0.9689487570282245,
    0.5515336394364101
   ],
   [
    -1.4686485537250586,
    0.026005080799480922,
    0.562575195030199
   ],
   [
    -0.9517229627873045,
    1.044262595794645,
    0.5449301358891322
   ],
   [
    -1.2441558984080596,
    -0.5457980448799827,
    0.6172570056518784
   ],
   [
    0.2350025428395337,
    -1.3560166085058531,
    0.5856302148495713
   ],
   [
    -0.03135479694253544,
    -1.4612845337787028,
    0.5581302309172156
   ],
   [
    -1.3729708692531843,
    0.5692145408202517,
    0.5756129314282543
   ],
   [
    -1.1798905461915674,
    -0.6186041188422541,
    0.6464762045023
   ],
   [
    -1.482979049690583,
    -0.19852340602801896,
    0.6275531948485786
   ],
   [
    1.0686610123058065,
    0.8849339604640776,
    0.4745394301581389
   ],
   [
    1.063441403189354,
    -1.0548056752557207,
    0.5278479254659423
   ],
   [
    1.47020713246059,
    0.15123094087636188,
    0.520728098674232
   ],
   [
    -0.5131133719121925,
    -1.2647169808330778,
    0.4891334334616022
   ],
   [
    -1.2189498121734965,
    0.7614611703292039,
    0.5597488960914292
   ],
   [
    -1.2531519843447918,
    0.7050649143936664,
    0.632620886469497
   ],
   [
    -0.004001173334422774,
    -1.3504583515146518,
    0.4648770094976335
   ]
  ]
 },
 "appearance_assets": {
  "floor_pbr": "Carpet009",
  "background_hdr": "lythwood_room_4k.hdr"
 },
 "environment_strength": 0.6430187469199733
}