{
 "objects": [
  {
   "obj_subpath": "fan/fan_020/fan_020.blend",
   "obj_location": [
    0.34773247725053535,
    0.16642794118204285
   ],
   "obj_pose": [
    [
     0.7155589880840445,
     -0.6960431567435974,
     -0.05915445701414517
    ],
    [
     0.6973247596320502,
     0.7167538305539265,
     0.0014433968698490604
    ],
    [
     0.041394516825675964,
     -0.04228270426392555,
     0.9982478022575378
    ]
   ],
   "obj_scale": 0.6114353975625737,
   "obj_color": {
    "type": "random-multi",
    "color": [
     [
      0.4424370963749841,
      0.1279916516274765,
      0.5556229098692868
     ],
     [
      0.006009096596919727,
      0.39815180168634273,
      0.9945501464817865
     ],
     [
      0.8159901775652031,
      0.4852304793888396,
      0.21386212202449173
     ],
     [
      0.11628369029351004,
      0.8845834543854969,
      0.7479539933731496
     ]
    ],
    "randomness": 3.7107394190653595,
    "scale": 0.7668367868199465,
    "specular": 0.7388097723879208,
    "roughness": 0.24904345476304174,
    "clever": false
   }
  },
  {
   "obj_subpath": "Torus Knot Petier/Torus Knot Petier/Torus Knot Petier.blend",
   "obj_location": [
    -0.37674435307146426,
    -0.41902846255180637
   ],
   "obj_pose": [
    [
     -0.7714432296256486,
     -0.6362981561066705,
     0.0
    ],
    [
     0.6362981561066705,
     -0.7714432296256486,
     0.0
    ],
    [
     0.0,
     0.0,
     1.0
    ]
   ],
   "obj_scale": 0.633172692854321,
   "obj_color": {
    "type": "random-mono",
    "color": [
     [
      0.11445296253756755,
      0.085196569513358,
      0.12902854250425574
     ],
     [
      0.6958652895626872,
      0.5476015608438713,
      0.7697305070661649
     ]
    ],
    "randomness": 0.3220169685339359,
    "scale": 2.4302068523272973,
    "specular": 0.691542080615667,
    "roughness": 0.23241780326352374,
    "clever": false
   }
  },
  {
   "obj_subpath": "Tier Stack Cylinder/Tier Stack Cylinder/Tier Stack Cylinder.blend",
   "obj_location": [
    0.39214297342334603,
    -0.4616786834097316
   ],
   "obj_pose": [
    [
     -0.8045225332670224,
     -0.5939221274423213,
     0.0
    ],
    [
     0.5939221274423213,
     -0.8045225332670224,
     0.0
    ],
    [
     0.0,
     0.0,
     1.0
    ]
   ],
   "obj_scale": 0.6205723366984716,
   "obj_color": {
    "type": "random-multi",
    "color": [
     [
      0.9119663435701004,
      0.09786983645428404,
      0.6378025647566863
     ],
     [
      0.14118563095551695,
      0.26549007416287534,
      0.8520457764579236
     ]
    ],
    "randomness": 2.5535100408242557,
    "scale": 1.1844428548582495,
    "specular": 0.7344381063094912,
    "roughness": 0.16479828414110861,
    "clever": false
   }
  }
 ],
 "camera": {
  "track_to_point": [
   [
    0.16033476491991247,
    -0.19110315364235672,
    0.0
   ],
   [
    0.05173797543502717,
    -0.20352837390845782,
    0.0
   ],
   [
    0.2546570843752525,
    -0.28733207948798545,
    0.0
   ],
   [
    0.1890776692631168,
    -0.37949282373697535,
    0.0
   ],
   [
    -0.01982086473775277,
    -0.23194175704003533,
    0.0
   ],
   [
    0.20254547686400567,
    -0.19417514066343078,
    0.0
   ],
   [
    0.0021420660883330334,
    -0.12372648976721645,
    0.0
   ],
   [
    0.17762679875338075,
    -0.11968822644355209,
    0.0
   ],
   [
    0.25235326605179165,
    -0.16274408787877373,
    0.0
   ],
   [
    0.13635384609936754,
    -0.22018761292504446,
    0.0
   ],
   [
    0.004313232258637681,
    -0.19184034755833676,
    0.0
   ],
   [
    0.13099354337800742,
    -0.09431939652113458,
    0.0
   ],
   [
    0.0552528992123366,
    -0.2868341557432086,
    0.0
   ],
   [
    0.16727556662507648,
    -0.3181767161450674,
    0.0
   ],
   [
    0.17926102973009195,
    -0.16749343010839549,
    0.0
   ],
   [
    0.090477018687417,
    -0.10985326307246018,
    0.0
   ],
   [
    0.12327984314023827,
    -0.28533858530629685,
    0.0
   ],
   [
    0.07248388046301824,
    -0.12458936944681692,
    0.0
   ],
   [
    0.08587685093176493,
    -0.2018968294290032,
    0.0
   ],
   [
    0.06931105899915994,
    -0.19168641573068707,
    0.0
   ],
   [
    0.12770918359549277,
    -0.3504080804183398,
    0.0
   ],
   [
    0.027833351654562494,
    -0.15037845596941538,
    0.0
   ],
   [
    0.21370742732151551,
    -0.22091142184686557,
    0.0
   ],
   [
    0.04784966306392194,
    -0.16440741198635433,
    0.0
   ],
   [
    0.20088585906837617,
    -0.09588243142052727,
    0.0
   ]
  ],
  "positions": [
   [
    -0.052284304521402654,
    1.4795352424322339,
    0.5699188117976323
   ],
   [
    -0.9731098617450215,
    -0.9660896130833139,
    0.5868486044558011
   ],
   [
    -0.6719859612553608,
    1.1772500035965223,
    0.6406759902549362
   ],
   [
    -1.1835240350263398,
    -0.9039567275794809,
    0.6070857789076868
   ],
   [
    -0.06998908438357913,
    -1.496161250023958,
    0.4771924388502163
   ],
   [
    -1.3273983546887294,
    0.46955109596853295,
    0.5920986370906389
   ],
   [
    -0.7620032787328639,
    1.2591241611173358,
    0.6339839116712009
   ],
   [
    1.4206768962405771,
    -0.1914544197180745,
    0.460345871126765
   ],
   [
    -0.6346480725480008,
    -1.2601586319986098,
    0.47999970450063706
   ],
   [
    1.0318975087402997,
    -0.9805227942042481,
    0.5827159316015258
   ],
   [
    1.0947761997475451,
    -1.0215550789847105,
    0.6237125802689658
   ],
   [
    1.2483926518016133,
    -0.7160451949445132,
    0.6442743218040526
   ],
   [
    -1.2308903136494054,
    -0.5178675892387264,
    0.5227341014290021
   ],
   [
    -0.8838909409170088,
    1.1160636620274478,
    0.4646678783066259
   ],
   [
    -0.5417560703949823,
    1.3836085911690392,
    0.5477790073222559
   ],
   [
    -0.6903169547626331,
    -1.3228365243463476,
    0.483616579091742
   ],
   [
    -1.2736356101347412,
    -0.6877111854837414,
    0.5819650248148426
   ],
   [
    -1.028123554995501,
    0.8715203562006388,
    0.5672070033965287
   ],
   [
    -1.3303326805316178,
    -0.42102048023761945,
    0.4978173493280597
   ],
   [
    -0.014525528718355475,
    1.334273921238425,
    0.5378890066797305
   ],
   [
    1.469689062629361,
    -0.0318673323909141,
    0.638191190546088
   ],
   [
    0.6220100938314101,
    1.3005264578695173,
    0.6425319932490754
   ],
   [
    1.4168720899803606,
    -0.0745634700887431,
    0.47295860925241057
   ],
   [
    -1.3381301207305745,
    -0.09654105698234183,
    0.6157489451560738
   ],
   [
    0.4045533744185316,
    -1.2783030573309473,
    0.481099588199491
   ]
  ]
 },
 "appearance_assets": {
  "floor_pbr": "Tiles001",
  "background_hdr": "lythwood_room_4k.hdr"
 },
 "environment_strength": 0.41525845785949267
}