{
 "objects": [
  {
   "obj_subpath": "apple/apple_019/apple_019.blend",
   "obj_location": [
    0.2124765689110697,
    0.1265325184109205
   ],
   "obj_pose": [
    [
     0.46613746969739944,
     -0.6713586934856685,
     0.5761886001930503
    ],
    [
     0.8681360352719217,
     0.22161777296475946,
     -0.444100613549314
    ],
    [
     0.1704571694135666,
     0.707222044467926,
     0.6861350536346436
    ]
   ],
   "obj_scale": 0.6541385970532909,
   "obj_color": {
    "type": "random-mono",
    "color": [
     [
      0.8103127341056033,
      0.8291952807525635,
      0.4572264986223811
     ],
     [
      0.4002395655930004,
      0.4154752570468115,
      0.11534616424260008
     ]
    ],
    "randomness": 0.24374638198005383,
    "scale": 3.1095531959697285,
    "specular": 0.8606064010712036,
    "roughness": 0.1473880573354358,
    "clever": false
   }
  },
  {
   "obj_subpath": "Tier Stack Sphere/Tier Stack Sphere/Tier Stack Sphere.blend",
   "obj_location": [
    -0.442387745117397,
    0.14076542132138403
   ],
   "obj_pose": [
    [
     -0.8778479057246354,
     -0.4789395101835633,
     0.0
    ],
    [
     0.4789395101835633,
     -0.8778479057246354,
     0.0
    ],
    [
     0.0,
     0.0,
     1.0
    ]
   ],
   "obj_scale": 0.6811198088046315,
   "obj_color": {
    "type": "random-multi",
    "color": [
     [
      0.06806197767910838,
      0.46429857071558567,
      0.7173569578337767
     ],
     [
      0.808102793446203,
      0.20664699585418858,
      0.028440180004999926
     ]
    ],
    "randomness": 1.9158127532659408,
    "scale": 1.0235894286271485,
    "specular": 0.7793167782862085,
    "roughness": 0.22016801482930876,
    "clever": false
   }
  },
  {
   "obj_subpath": "100423/100423/100423.blend",
   "obj_location": [
    -0.06501400653669387,
    -0.43372187577018073
   ],
   "obj_pose": [
    [
     0.6497042233745994,
     0.7601870967921046,
     0.0
    ],
    [
     -0.7601870967921046,
     0.6497042233745994,
     0.0
    ],
    [
     0.0,
     0.0,
     1.0
    ]
   ],
   "obj_scale": 0.6772898773278166,
   "obj_color": {
    "type": "random-mono",
    "color": [
     [
      0.17485587814148573,
      0.4341098359813085,
      0.3832269714294438
     ],
     [
      0.7009863047304913,
      0.8732826769191965,
      0.8394666725584372
     ]
    ],
    "randomness": 0.686647846132584,
    "scale": 4.992269296587054,
    "specular": 0.8831044893171525,
    "roughness": 0.2750982386101247,
    "clever": false
   }
  }
 ],
 "camera": {
  "track_to_point": [
   [
    0.022550330982257602,
    -0.17287041908484305,
    0.0
   ],
   [
    -0.15702926474426812,
    -0.06661058699132838,
    0.0
   ],
   [
    -0.16209967287229166,
    0.06156677940253918,
    0.0
   ],
   [
    -0.21673703095662292,
    -0.018735046320590955,
    0.0
   ],
   [
    -0.06131256676877604,
    0.05323997870127544,
    0.0
   ],
   [
    0.004703360433978274,
    -0.1581857914305648,
    0.0
   ],
   [
    -0.012211992211529812,
    0.0452833416456308,
    0.0
   ],
   [
    -0.20654437928304376,
    -0.024022163453894498,
    0.0
   ],
   [
    -0.1786838680645667,
    -0.0921694787159899,
    0.0
   ],
   [
    -0.17471132753278779,
    -0.18941727597421684,
    0.0
   ],
   [
    0.021339860348391845,
    -0.15793713180787275,
    0.0
   ],
   [
    -0.1880137406203637,
    -0.1993741167052327,
    0.0
   ],
   [
    0.044451702444684424,
    0.024346993258066767,
    0.0
   ],
   [
    -0.20642140330140224,
    -0.07104098929052888,
    0.0
   ],
   [
    -0.17121420913168012,
    -0.12395211042032561,
    0.0
   ],
   [
    -0.20489944286232348,
    -0.13987698513098468,
    0.0
   ],
   [
    0.01051105777976856,
    0.08975100160785704,
    0.0
   ],
   [
    -0.13624385960684599,
    -0.019580723841436255,
    0.0
   ],
   [
    -0.03385789091786494,
    -0.1532881321902084,
    0.0
   ],
   [
    -0.19107568510335338,
    -0.07855786796164974,
    0.0
   ],
   [
    0.018175326066481964,
    0.017293485056811407,
    0.0
   ],
   [
    -0.2213374381499006,
    0.036681029891717946,
    0.0
   ],
   [
    -0.18221098288584023,
    -0.0121832122139049,
    0.0
   ],
   [
    0.024969634658259007,
    -0.1067880469963198,
    0.0
   ],
   [
    -0.16741846660802762,
    0.06230893501359152,
    0.0
   ]
  ],
  "positions": [
   [
    -1.3160114090902661,
    -0.4990108226653916,
    0.5297104231164235
   ],
   [
    -1.0386533978496986,
    -0.8348231579238637,
    0.4678380675530103
   ],
   [
    0.9571852813635999,
    -1.003175968494242,
    0.6402950833953308
   ],
   [
    0.8000737459421472,
    1.190734347851865,
    0.52956702922206
   ],
   [
    1.4600907603846658,
    -0.2412813834154225,
    0.6461920039609474
   ],
   [
    1.3464012388971036,
    0.09648070191738572,
    0.6437923320091405
   ],
   [
    0.18748498731657537,
    1.3911926874706786,
    0.4829250988144882
   ],
   [
    0.8417559172896016,
    -1.1252932911432854,
    0.5114659281504398
   ],
   [
    1.3311438029287608,
    -0.5211506823195339,
    0.5407237418489874
   ],
   [
    0.30306596300759076,
    -1.3192739321566165,
    0.5802655117366717
   ],
   [
    1.3875384448765655,
    0.05997550891670555,
    0.595144060647592
   ],
   [
    -1.4893430584462843,
    0.019212921062057752,
    0.45046096419360004
   ],
   [
    1.3233184756211334,
    0.22218236431121033,
    0.5079750597866522
   ],
   [
    -1.11120701206028,
    -0.9944088771659627,
    0.6260449802803999
   ],
   [
    1.3182853558263998,
    0.10882354201819301,
    0.6261398688977635
   ],
   [
    -0.7308467772160262,
    1.1597541284845554,
    0.5635922604320812
   ],
   [
    0.7266212617054253,
    -1.2105391912968688,
    0.5053490483375954
   ],
   [
    -0.8106820922159986,
    1.0357022643681657,
    0.5901756061500357
   ],
   [
    -0.06879523696405933,
    1.3459292403850758,
    0.5764715541775253
   ],
   [
    1.4247283118560452,
    -0.0704840328612194,
    0.6075404096422802
   ],
   [
    -1.342175754429737,
    -0.3419488051671451,
    0.5916185929411468
   ],
   [
    -0.9201633778022966,
    -0.9442766610348831,
    0.5589227353827378
   ],
   [
    -1.220168994851097,
    -0.8518349659849205,
    0.5960208010600044
   ],
   [
    1.420790529931703,
    0.47087469717696445,
    0.5513668414242664
   ],
   [
    0.9319907418414779,
    -1.0914052979917632,
    0.5123091124757172
   ]
  ]
 },
 "appearance_assets": {
  "floor_pbr": "Planks011",
  "background_hdr": "wooden_lounge_4k.hdr"
 },
 "environment_strength": 0.6853028938951717
}