{
 "objects": [
  {
   "obj_subpath": "frog/frog_019/frog_019.blend",
   "obj_location": [
    0.32710612848265386,
    0.10525154119034175
   ],
   "obj_pose": [
    [
     0.9980460211390914,
     -0.0624829299415718,
     5.854675536085291e-05
    ],
    [
     0.06248295600869835,
     0.9980456043052877,
     -0.0009355772219709781
    ],
    [
     2.52731862104838e-08,
     0.0009374073124490678,
     0.9999995827674866
    ]
   ],
   "obj_scale": 0.6601277614755027,
   "obj_color": {
    "type": "random-multi",
    "color": [
     [
      0.08742586883564785,
      0.9220551471553665,
      0.32142479339976615
     ],
     [
      0.13072242066590511,
      0.4556465596526751,
      0.9060079558226627
     ],
     [
      0.04536740332566647,
      0.05153122342347827,
      0.7790463845439334
     ]
    ],
    "randomness": 0.486414326004026,
    "scale": 0.6891070003609175,
    "specular": 0.6002264185092622,
    "roughness": 0.12874166185103844,
    "clever": true
   }
  },
  {
   "obj_subpath": "Ring of Rings/Ring of Rings/Ring of Rings.blend",
   "obj_location": [
    0.4932056124339129,
    -0.483917774417539
   ],
   "obj_pose": [
    [
     -0.6703599103348049,
     0.7420361113961451,
     0.0
    ],
    [
     -0.7420361113961451,
     -0.6703599103348049,
     0.0
    ],
    [
     0.0,
     0.0,
     1.0
    ]
   ],
   "obj_scale": 0.6537088687807162,
   "obj_color": {
    "type": "random-mono",
    "color": [
     [
      0.16356886706877177,
      0.14250250629960884,
      0.23235313605143634
     ],
     [
      0.6705001039230287,
      0.6339218000210182,
      0.7899327824997907
     ],
     [
      0.20460871947055187,
      0.1805478033691047,
      0.2831705813519777
     ]
    ],
    "randomness": 0.5001345285840739,
    "scale": 4.1984330243431724,
    "specular": 0.7827725611535516,
    "roughness": 0.1684930097164017,
    "clever": false
   }
  },
  {
   "obj_subpath": "Ico Pointy II/Ico Pointy II/Ico Pointy II.blend",
   "obj_location": [
    -0.4872374657078875,
    -0.45449715220359554
   ],
   "obj_pose": [
    [
     0.6076445112474573,
     0.7942091336359955,
     0.0
    ],
    [
     -0.7942091336359955,
     0.6076445112474573,
     0.0
    ],
    [
     0.0,
     0.0,
     1.0
    ]
   ],
   "obj_scale": 0.620112525747504,
   "obj_color": {
    "type": "random-mono",
    "color": [
     [
      0.6247083830868281,
      0.5665089892461374,
      0.4310344573952669
     ],
     [
      0.5286904592577808,
      0.46265200549268387,
      0.3089299816435833
     ],
     [
      0.790115786709551,
      0.6611992389709976,
      0.3611117672609383
     ],
     [
      0.4850594883438008,
      0.38300791263790657,
      0.145455791713006
     ]
    ],
    "randomness": 0.4450227600798653,
    "scale": 4.6949911081901465,
    "specular": 0.7707600991654743,
    "roughness": 0.10560333967852492,
    "clever": false
   }
  }
 ],
 "camera": {
  "track_to_point": [
   [
    0.17327887195241842,
    -0.36594092908228565,
    0.0
   ],
   [
    0.24537025269047286,
    -0.31086899390849654,
    0.0
   ],
   [
    -0.028074559332168,
    -0.14968257898845763,
    0.0
   ],
   [
    0.006129380650012284,
    -0.35593916050014474,
    0.0
   ],
   [
    0.16553530414998419,
    -0.40032840621823607,
    0.0
   ],
   [
    0.14006403585750704,
    -0.26842771214012157,
    0.0
   ],
   [
    0.17741346198626917,
    -0.36437425437120524,
    0.0
   ],
   [
    0.01820873001504915,
    -0.16100119681199124,
    0.0
   ],
   [
    0.11994030647779015,
    -0.32911568793177265,
    0.0
   ],
   [
    0.216770400576062,
    -0.2684660813415851,
    0.0
   ],
   [
    0.23344460238929926,
    -0.37469352190323835,
    0.0
   ],
   [
    0.08014590707001158,
    -0.3998280854885556,
    0.0
   ],
   [
    0.043180279285876186,
    -0.27880641552056235,
    0.0
   ],
   [
    0.04945184458293593,
    -0.16229039366767808,
    0.0
   ],
   [
    0.11642317415190138,
    -0.3008794276973168,
    0.0
   ],
   [
    0.09136449211817298,
    -0.38268180882924474,
    0.0
   ],
   [
    0.0907588185603556,
    -0.35368387328757117,
    0.0
   ],
   [
    0.18531088441183224,
    -0.3108433305588119,
    0.0
   ],
   [
    0.2013777568869457,
    -0.33659242924001626,
    0.0
   ],
   [
    0.25111796219775684,
    -0.306039734775778,
    0.0
   ],
   [
    0.22072478212410174,
    -0.15210547909386082,
    0.0
   ],
   [
    -0.011984711660200348,
    -0.1661186028489545,
    0.0
   ],
   [
    0.2409134860319857,
    -0.1320175343923978,
    0.0
   ],
   [
    0.21924199135441802,
    -0.2807201079864392,
    0.0
   ],
   [
    -0.013190039064637879,
    -0.27002916440025093,
    0.0
   ]
  ],
  "positions": [
   [
    1.1129850967328174,
    0.9169986426232416,
    0.5810291411676295
   ],
   [
    1.26865570039683,
    0.3065797316573815,
    0.5592112766202513
   ],
   [
    1.1846708173866431,
    0.6053856083563415,
    0.47905456494092524
   ],
   [
    -1.476964813769566,
    0.2179994222499098,
    0.6195389027212652
   ],
   [
    1.378117656843434,
    0.16451104448470483,
    0.647399273183918
   ],
   [
    1.2585510919350762,
    -0.3565780565308091,
    0.6260397206954816
   ],
   [
    0.7772083696661816,
    1.137650996195479,
    0.46649163820362427
   ],
   [
    0.8771636731234056,
    1.053541470560237,
    0.5866256558983487
   ],
   [
    0.34042365134836683,
    1.3956102424839585,
    0.4502474648963855
   ],
   [
    -1.2261344883367862,
    -0.5181064078898454,
    0.4676753294167203
   ],
   [
    -1.2968016875870818,
    -0.6382233068458982,
    0.47529268684016157
   ],
   [
    0.4930894436007194,
    -1.240540296205272,
    0.49546808469070774
   ],
   [
    0.3436348070532214,
    -1.4481129597528828,
    0.46834220977862967
   ],
   [
    -1.0830255317049848,
    -0.7924020757358218,
    0.5595930928352927
   ],
   [
    -1.2628979900765356,
    0.4648013772027584,
    0.5246128043785363
   ],
   [
    -1.083091633408946,
    -0.8906467239934605,
    0.6056935547934007
   ],
   [
    -0.5261001255169482,
    -1.2403158912488847,
    0.5470110889032734
   ],
   [
    1.3241436189298292,
    -0.5757815130917041,
    0.460083287316077
   ],
   [
    -0.9517175781767419,
    -1.0826699526037735,
    0.478507916656168
   ],
   [
    0.9201146671158709,
    -0.9238260244724967,
    0.45466465703881626
   ],
   [
    1.4218056336479208,
    -0.37084659605743386,
    0.5415515001192497
   ],
   [
    -1.4031985705270695,
    0.19317022040590257,
    0.5911722227779977
   ],
   [
    0.15171970464000395,
    -1.3296700016845122,
    0.5401569260382634
   ],
   [
    -0.42387856125163736,
    1.2924083996863525,
    0.5576991740389758
   ],
   [
    1.1640317793587978,
    0.739440335752556,
    0.5660472265119734
   ]
  ]
 },
 "appearance_assets": {
  "floor_pbr": "Carpet008",
  "background_hdr": "st_fagans_interior_4k.hdr"
 },
 "environment_strength": 0.5868688937806965
}