{
 "objects": [
  {
   "obj_subpath": "bread/bread_019/bread_019.blend",
   "obj_location": [
    -0.11747673871520437,
    -0.48330065743863104
   ],
   "obj_pose": [
    [
     0.5940141965431329,
     -0.8025842748279243,
     0.05482374769176836
    ],
    [
     0.8033170993270896,
     0.5954180263241716,
     0.012610161861232934
    ],
    [
     -0.042763762176036835,
     0.03655024245381355,
     0.9984164237976074
    ]
   ],
   "obj_scale": 0.6250839595901471,
   "obj_color": {
    "type": "random-mono",
    "color": [
     [
      0.8526510924994689,
      0.709046448757477,
      0.8822545013812515
     ],
     [
      0.5348626339765549,
      0.2705478436659242,
      0.589349860901656
     ]
    ],
    "randomness": 0.04364272483811127,
    "scale": 2.6228807437004233,
    "specular": 0.7486564371263614,
    "roughness": 0.10190069470779087,
    "clever": false
   }
  },
  {
   "obj_subpath": "Torus Knot Yufoil/Torus Knot Yufoil/Torus Knot Yufoil.blend",
   "obj_location": [
    -0.16459843962535192,
    0.11727292592674055
   ],
   "obj_pose": [
    [
     -0.8607317486132174,
     -0.5090587951594914,
     0.0
    ],
    [
     0.5090587951594914,
     -0.8607317486132174,
     0.0
    ],
    [
     0.0,
     0.0,
     1.0
    ]
   ],
   "obj_scale": 0.6293102859998637,
   "obj_color": {
    "type": "random-mono",
    "color": [
     [
      0.8747070432511519,
      0.7922178284286006,
      0.6232532626092633
     ],
     [
      0.19000517860161353,
      0.15231636234383672,
      0.07511748866151507
     ]
    ],
    "randomness": 0.3270045882816913,
    "scale": 2.5495596557344857,
    "specular": 0.799388625030065,
    "roughness": 0.15180197216072205,
    "clever": true
   }
  },
  {
   "obj_subpath": "Ringed Cylinder/Ringed Cylinder/Ringed Cylinder.blend",
   "obj_location": [
    0.4869523171791742,
    0.4305048882212086
   ],
   "obj_pose": [
    [
     0.2929943337587708,
     -0.9561141774836591,
     0.0
    ],
    [
     0.9561141774836591,
     0.2929943337587708,
     0.0
    ],
    [
     0.0,
     0.0,
     1.0
    ]
   ],
   "obj_scale": 0.6739810803327214,
   "obj_color": {
    "type": "random-mono",
    "color": [
     [
      0.6963962715546659,
      0.8167677606130429,
      0.8285394176200309
     ],
     [
      0.8499666488369613,
      0.9279052138816424,
      0.9355271687357347
     ],
     [
      0.31987978261560523,
      0.6570292332888519,
      0.6900005600080479
     ]
    ],
    "randomness": 0.6979824293123238,
    "scale": 4.880658120146624,
    "specular": 0.7706785144711917,
    "roughness": 0.29809795978302034,
    "clever": true
   }
  }
 ],
 "camera": {
  "track_to_point": [
   [
    -0.01501342171065144,
    0.07825411958073335,
    0.0
   ],
   [
    0.07846288561463781,
    -0.08549692605878097,
    0.0
   ],
   [
    0.12756059974849915,
    0.11961577063917282,
    0.0
   ],
   [
    -0.05633113333033335,
    -0.08064215581439897,
    0.0
   ],
   [
    0.16286757131819374,
    -0.04225150947352507,
    0.0
   ],
   [
    -0.011649748936249371,
    -0.11852345289156536,
    0.0
   ],
   [
    0.07823648484599709,
    0.13792110595535728,
    0.0
   ],
   [
    -0.030699549968105214,
    0.15874203614599813,
    0.0
   ],
   [
    0.2084183927839151,
    0.03175251671187597,
    0.0
   ],
   [
    0.05203070274901887,
    0.053934617134917276,
    0.0
   ],
   [
    0.07197597882267397,
    0.05309369818344835,
    0.0
   ],
   [
    -0.030430105760669138,
    0.11813804978479499,
    0.0
   ],
   [
    -0.02479204272051326,
    -0.007038306111876582,
    0.0
   ],
   [
    0.18097008346745824,
    -0.0981071721671817,
    0.0
   ],
   [
    -0.0018923848159812656,
    -0.08057140083074261,
    0.0
   ],
   [
    0.11903374013103181,
    0.17036493801028002,
    0.0
   ],
   [
    -0.03472575997836659,
    -0.06707780520227154,
    0.0
   ],
   [
    0.13166773030957396,
    0.024788839676847075,
    0.0
   ],
   [
    0.06776376042045366,
    -0.07626346787899123,
    0.0
   ],
   [
    0.0596962662837313,
    0.12787281792575278,
    0.0
   ],
   [
    -0.0763585277569948,
    0.12641018131662596,
    0.0
   ],
   [
    -0.014969718705965793,
    -0.11827322849408266,
    0.0
   ],
   [
    -0.05125809888684239,
    0.11398719869128025,
    0.0
   ],
   [
    0.061358035793453766,
    0.1426060205148147,
    0.0
   ],
   [
    0.06910087860031867,
    -0.017559814090741,
    0.0
   ]
  ],
  "positions": [
   [
    -0.8760809257557111,
    1.2100602304793666,
    0.5418983550978658
   ],
   [
    1.0080145863095427,
    1.0268597344044592,
    0.5284136047249803
   ],
   [
    1.1776991474848846,
    0.722472620053685,
    0.5814712819798864
   ],
   [
    -0.9121910960598419,
    -1.109877976533615,
    0.5059494621488781
   ],
   [
    1.4212651498327231,
    0.28509062012649306,
    0.45796815747264
   ],
   [
    -0.6866686827916805,
    1.3080872238021224,
    0.5089425508091119
   ],
   [
    -0.8586814076565837,
    0.9761130578734741,
    0.6364362448528826
   ],
   [
    1.3536027396509975,
    0.565240832221087,
    0.5485493743223575
   ],
   [
    0.662602405728464,
    -1.2163031266821982,
    0.5894783204827749
   ],
   [
    0.4611099656519219,
    1.3000846785569757,
    0.5129786059472442
   ],
   [
    -1.0953832959388963,
    -0.9673596988549397,
    0.4672698457215369
   ],
   [
    0.2317889190774103,
    -1.379586469094501,
    0.5145682473733251
   ],
   [
    0.9667361915253987,
    1.090899597003164,
    0.504739131618092
   ],
   [
    1.2969188258999398,
    -0.7231738486730747,
    0.5021708803193089
   ],
   [
    1.2335406856001467,
    0.5261104967368291,
    0.5152523963560914
   ],
   [
    -1.4009929855928027,
    0.2146626485187042,
    0.5098044936400095
   ],
   [
    -1.0652286365931583,
    0.8123224816313065,
    0.5967722780966034
   ],
   [
    1.2894217528365939,
    0.2884792664453788,
    0.4623357553882851
   ],
   [
    -1.2882779147766343,
    0.6028713366768471,
    0.5142216935014083
   ],
   [
    0.9554611320576175,
    0.9636992531126272,
    0.5717524327921688
   ],
   [
    -0.8875036287630215,
    -1.0317070986844028,
    0.5642136182192556
   ],
   [
    1.0715903058627276,
    -1.0426885457125474,
    0.6455376052901193
   ],
   [
    1.3953249925419546,
    -0.5313482144474616,
    0.6265204770188748
   ],
   [
    0.6065822494640866,
    -1.2501723150626733,
    0.5883947065720606
   ],
   [
    0.8760337838408094,
    -1.0151236494300058,
    0.4939358863743437
   ]
  ]
 },
 "appearance_assets": {
  "floor_pbr": "Fabric024",
  "background_hdr": "st_fagans_interior_4k.hdr"
 },
 "environment_strength": 0.4073928357399008
}