{
 "objects": [
  {
   "obj_subpath": "hat/hat_040/hat_040.blend",
   "obj_location": [
    0.38807213465412627,
    -0.4690112928387892
   ],
   "obj_pose": [
    [
     -0.7337435241215852,
     -0.6794176586455852,
     -0.0034751052794300477
    ],
    [
     0.6794265304730704,
     -0.7337332889113629,
     -0.003878310758461898
    ],
    [
     8.519239054294303e-05,
     -0.005206764210015535,
     0.999986469745636
    ]
   ],
   "obj_scale": 0.6388426622964213,
   "obj_color": {
    "type": "random-multi",
    "color": [
     [
      0.451982884979124,
      0.024889500010035426,
      0.6442078758671056
     ],
     [
      0.08370186966285587,
      0.3185271248847005,
      0.5208833399342713
     ],
     [
      0.579889249367391,
      0.11432540682360637,
      0.8985629119729499
     ]
    ],
    "randomness": 4.671841144510372,
    "scale": 1.1653288340492356,
    "specular": 0.8034037116919714,
    "roughness": 0.17083968618004947,
    "clever": true
   }
  },
  {
   "obj_subpath": "Spool/Spool/Spool.blend",
   "obj_location": [
    -0.4836343887026354,
    -0.2526878548062611
   ],
   "obj_pose": [
    [
     0.843968173773347,
     0.5363932528077526,
     0.0
    ],
    [
     -0.5363932528077526,
     0.843968173773347,
     0.0
    ],
    [
     0.0,
     0.0,
     1.0
    ]
   ],
   "obj_scale": 0.6868833265581353,
   "obj_color": {
    "type": "random-multi",
    "color": [
     [
      0.02504783232894181,
      0.6890047870230858,
      0.7978307228689354
     ],
     [
      0.084938682308355,
      0.1612485765085411,
      0.6725311185035278
     ],
     [
      0.13005256932587494,
      0.2842280433053126,
      0.5308509264674406
     ]
    ],
    "randomness": 2.954668007085383,
    "scale": 0.7536596836240347,
    "specular": 0.7912255553449213,
    "roughness": 0.22995056512183784,
    "clever": false
   }
  },
  {
   "obj_subpath": "Organic Blob/Organic Blob/Organic Blob.blend",
   "obj_location": [
    0.01028807435608392,
    0.24675234489850617
   ],
   "obj_pose": [
    [
     -0.9628001932550716,
     -0.27021433690312713,
     0.0
    ],
    [
     0.27021433690312713,
     -0.9628001932550716,
     0.0
    ],
    [
     0.0,
     0.0,
     1.0
    ]
   ],
   "obj_scale": 0.6457220941757481,
   "obj_color": {
    "type": "random-mono",
    "color": [
     [
      0.8453415361545472,
      0.9027278414367353,
      0.9375601284230041
     ],
     [
      0.6436455400131658,
      0.7448166223026149,
      0.8062253531084871
     ]
    ],
    "randomness": 0.10906989581302984,
    "scale": 4.9931398646897405,
    "specular": 0.6800777971940472,
    "roughness": 0.2387290037170354,
    "clever": false
   }
  }
 ],
 "camera": {
  "track_to_point": [
   [
    -0.17528973203444417,
    -0.21890362602288135,
    0.0
   ],
   [
    -0.040084056354580955,
    -0.06816898433142904,
    0.0
   ],
   [
    -0.14837013554360068,
    -0.29584904534086115,
    0.0
   ],
   [
    0.03476728185835823,
    -0.2171476866607281,
    0.0
   ],
   [
    0.1057972667117266,
    -0.29168455929175974,
    0.0
   ],
   [
    -0.05421152891372591,
    -0.13426082176841259,
    0.0
   ],
   [
    -0.03028438496631944,
    -0.12494393727667386,
    0.0
   ],
   [
    -0.07538929703194402,
    -0.207056675067598,
    0.0
   ],
   [
    -0.12427521901276159,
    -0.04121146637504075,
    0.0
   ],
   [
    -0.13921934412531273,
    -0.05083108629789951,
    0.0
   ],
   [
    0.07811280118679367,
    -0.16572675490852562,
    0.0
   ],
   [
    -0.14819194142698014,
    -0.06571007214334124,
    0.0
   ],
   [
    -0.11193535498443727,
    -0.21124229741134531,
    0.0
   ],
   [
    -0.08227353682799594,
    -0.030824688731170446,
    0.0
   ],
   [
    -0.033083132581205044,
    -0.22595138997515402,
    0.0
   ],
   [
    0.007252754881952567,
    -0.143630151911394,
    0.0
   ],
   [
    -0.04220787587195862,
    -0.16717666509728618,
    0.0
   ],
   [
    0.08792652437614953,
    -0.2840584843909862,
    0.0
   ],
   [
    -0.03170000469697934,
    -0.2245459027579943,
    0.0
   ],
   [
    -0.1385795853120937,
    -0.1099082776966942,
    0.0
   ],
   [
    0.0838895634858631,
    -0.09576494180841782,
    0.0
   ],
   [
    0.0004113196639422556,
    -0.024775638670369138,
    0.0
   ],
   [
    0.061794442641870756,
    -0.27212552342852964,
    0.0
   ],
   [
    0.0031487693120199056,
    -0.06586140537861548,
    0.0
   ],
   [
    0.049969699511772686,
    -0.10630669115125788,
    0.0
   ]
  ],
  "positions": [
   [
    -1.4523152591990114,
    -0.362579068688811,
    0.542519082560919
   ],
   [
    -1.2097099419573771,
    -0.750774058595241,
    0.487123085488492
   ],
   [
    0.5088435641344319,
    -1.3234672556487959,
    0.5149994061756639
   ],
   [
    -0.6898933847330256,
    -1.3111813585773924,
    0.538717788947112
   ],
   [
    0.5366982762711051,
    -1.347196970741712,
    0.5217779413754049
   ],
   [
    1.302632017045204,
    0.2831815184465426,
    0.5751077244588804
   ],
   [
    -1.2945052483250636,
    -0.5439315865950577,
    0.6357160874177941
   ],
   [
    -1.4052282556331446,
    -0.2062344546905421,
    0.602724310820109
   ],
   [
    0.48569565414102006,
    1.3964914735844418,
    0.5661635573938741
   ],
   [
    -1.243401871163891,
    0.6275952051967671,
    0.5931824542294974
   ],
   [
    1.3680612707260678,
    -0.03469473064587573,
    0.5216550932882131
   ],
   [
    0.23380187070230124,
    1.407641263336954,
    0.5809547346392043
   ],
   [
    1.1292021227787867,
    0.8307159299958983,
    0.6036647424114889
   ],
   [
    -0.7151370620231792,
    -1.1313557288050216,
    0.5607848261753122
   ],
   [
    -1.2650283675652467,
    0.7263484594753039,
    0.5919120804520831
   ],
   [
    -0.553305752740949,
    -1.2848696975658918,
    0.5413230162759823
   ],
   [
    1.4190195083461192,
    0.09812289595902363,
    0.5193962577355772
   ],
   [
    0.07269580558101309,
    1.486257889956964,
    0.5320300375932442
   ],
   [
    1.459586113783151,
    0.21395165791329032,
    0.6359932449275202
   ],
   [
    0.3735175250015829,
    -1.3736824211443888,
    0.5610577922106269
   ],
   [
    1.4790103069352982,
    0.07519099736158172,
    0.45091127991837593
   ],
   [
    1.055794403804163,
    -0.9140742963294133,
    0.6079314802526237
   ],
   [
    -1.445847440786767,
    0.3157451186903265,
    0.5869526025701861
   ],
   [
    -1.3185239722901343,
    0.7068939465555922,
    0.45565478760509065
   ],
   [
    0.3367411675332952,
    1.3015500190300795,
    0.6297135062898667
   ]
  ]
 },
 "appearance_assets": {
  "floor_pbr": "Carpet006",
  "background_hdr": "kiara_interior_4k.hdr"
 },
 "environment_strength": 0.5074540342568205
}