{
 "objects": [
  {
   "obj_subpath": "monitor/monitor_047/monitor_047.blend",
   "obj_location": [
    0.14432598343548564,
    -0.07825219114298254
   ],
   "obj_pose": [
    [
     0.8730649793244847,
     0.4876038783703748,
     8.98280842951593e-05
    ],
    [
     -0.4876039046029706,
     0.8730649258028573,
     0.00015979025896006966
    ],
    [
     -5.11400514824345e-07,
     -0.0001833077985793352,
     1.0
    ]
   ],
   "obj_scale": 0.6707113889403388,
   "obj_color": {
    "type": "random-mono",
    "color": [
     [
      0.5708238788337527,
      0.7432534771036536,
      0.2539210625049271
     ],
     [
      0.6098838802387112,
      0.7655992126155309,
      0.323699675955222
     ]
    ],
    "randomness": 0.8886009720513305,
    "scale": 3.6186028272658395,
    "specular": 0.6788470175401625,
    "roughness": 0.19766240034836877,
    "clever": false
   }
  },
  {
   "obj_subpath": "Torus Knot Yufoil/Torus Knot Yufoil/Torus Knot Yufoil.blend",
   "obj_location": [
    -0.35186324783903544,
    0.4182651982133955
   ],
   "obj_pose": [
    [
     0.6566636016437426,
     -0.7541836078013551,
     0.0
    ],
    [
     0.7541836078013551,
     0.6566636016437426,
     0.0
    ],
    [
     0.0,
     0.0,
     1.0
    ]
   ],
   "obj_scale": 0.6808688745197713,
   "obj_color": {
    "type": "random-mono",
    "color": [
     [
      0.026142426094029857,
      0.024858608668739207,
      0.04490967647155933
     ],
     [
      0.9549338559754476,
      0.9533298614111634,
      0.9783815573378913
     ],
     [
      0.6599717534667551,
      0.6500656695554724,
      0.8047820305057737
     ]
    ],
    "randomness": 0.3824260712420823,
    "scale": 4.278516199154083,
    "specular": 0.738579009142927,
    "roughness": 0.21433833076543507,
    "clever": false
   }
  },
  {
   "obj_subpath": "Atom N Ring/Atom N Ring/Atom N Ring.blend",
   "obj_location": [
    -0.4285702118292296,
    -0.3963173491917281
   ],
   "obj_pose": [
    [
     0.9861732105147575,
     -0.16571782904387752,
     0.0
    ],
    [
     0.16571782904387752,
     0.9861732105147575,
     0.0
    ],
    [
     0.0,
     0.0,
     1.0
    ]
   ],
   "obj_scale": 0.6738930200812664,
   "obj_color": {
    "type": "random-multi",
    "color": [
     [
      0.004641650467415603,
      0.326543459648464,
      0.9707781043386905
     ],
     [
      0.6056991853811067,
      0.011454064713432466,
      0.3782865020692233
     ]
    ],
    "randomness": 4.594645971919674,
    "scale": 0.9985424462868616,
    "specular": 0.6472124199073079,
    "roughness": 0.14055290505978849,
    "clever": false
   }
  }
 ],
 "camera": {
  "track_to_point": [
   [
    -0.09974779281521964,
    -0.09872905282879073,
    0.0
   ],
   [
    -0.26407557469301285,
    -0.037811035851462074,
    0.0
   ],
   [
    -0.21550603637669055,
    -0.15195114483066172,
    0.0
   ],
   [
    -0.19424389736001638,
    0.01906245951915848,
    0.0
   ],
   [
    -0.06705586520090392,
    -0.10966149818809791,
    0.0
   ],
   [
    -0.24270755240701136,
    0.12180967038765268,
    0.0
   ],
   [
    -0.14086355677445944,
    -0.04547649122368694,
    0.0
   ],
   [
    -0.30389428998830115,
    0.07903624002983274,
    0.0
   ],
   [
    -0.31296411905760263,
    0.004022701772205189,
    0.0
   ],
   [
    -0.1498330526278289,
    -0.03748460761904128,
    0.0
   ],
   [
    -0.24046274773733076,
    0.10712327647273308,
    0.0
   ],
   [
    -0.27177292829233407,
    -0.08539450431149709,
    0.0
   ],
   [
    -0.18290521696217465,
    -0.13002593202997678,
    0.0
   ],
   [
    -0.3093459513120596,
    -0.05006248171836028,
    0.0
   ],
   [
    -0.19902313475343067,
    0.007558152908785237,
    0.0
   ],
   [
    -0.06877038480928929,
    0.020268010995914448,
    0.0
   ],
   [
    -0.21995573933416196,
    0.0886957900278479,
    0.0
   ],
   [
    -0.06443884867354435,
    -0.12136974551431934,
    0.0
   ],
   [
    -0.1359666841584846,
    0.0387383442840875,
    0.0
   ],
   [
    -0.35089196525318694,
    0.025546598294799782,
    0.0
   ],
   [
    -0.09708632716422719,
    -0.13491200858237837,
    0.0
   ],
   [
    -0.31841206065577266,
    -0.1234913703003353,
    0.0
   ],
   [
    -0.18411607421872392,
    0.12209328175185837,
    0.0
   ],
   [
    -0.11355814316334115,
    -0.12197491739152318,
    0.0
   ],
   [
    -0.06618979640834291,
    -0.003385384176273005,
    0.0
   ]
  ],
  "positions": [
   [
    1.1396065104633963,
    0.7380173180467986,
    0.526572344807444
   ],
   [
    -0.6249070041544051,
    -1.1409209671575002,
    0.6401002029265312
   ],
   [
    0.7425752067105942,
    1.0937948748493964,
    0.6028214177742441
   ],
   [
    1.3835268490187533,
    -0.29255263486545785,
    0.640571308836675
   ],
   [
    -1.1388639987768232,
    -0.79560253185848,
    0.6225433540420382
   ],
   [
    1.2066246634408648,
    -0.8273353314880129,
    0.5019848353636912
   ],
   [
    -0.9970583778310931,
    0.9951260849639139,
    0.5805185713701477
   ],
   [
    -1.3631603999429598,
    -0.1283502337151843,
    0.5140282202204922
   ],
   [
    1.4512999265240805,
    -0.28933696886561916,
    0.5543327478001678
   ],
   [
    -1.0509891343107869,
    -0.9823072422406633,
    0.5418323269029912
   ],
   [
    -1.4969870562107306,
    0.018829847104428185,
    0.4560837035505762
   ],
   [
    0.9224917408822204,
    0.9775164207218254,
    0.5231519866702308
   ],
   [
    -1.1526648075557036,
    0.8948134020672659,
    0.5129655976112197
   ],
   [
    -0.740183031204203,
    -1.250771278482523,
    0.6200910998654454
   ],
   [
    1.0627156491980279,
    -0.7652930122970227,
    0.6167968477705306
   ],
   [
    -1.2882029100521148,
    -0.4934559418432522,
    0.4894598200402342
   ],
   [
    0.34128595656193106,
    -1.3332090374546095,
    0.629939702359147
   ],
   [
    1.0843935335940376,
    -0.8006193910845697,
    0.5531444385193011
   ],
   [
    -1.3236761836760078,
    -0.1936986901011753,
    0.4995507140096629
   ],
   [
    1.1163433430495373,
    -0.8237110217387618,
    0.6313374129999415
   ],
   [
    -1.1118924879969063,
    0.8243336443765952,
    0.5597795528338575
   ],
   [
    1.3783896236518403,
    -0.08009886226752543,
    0.5534994513354604
   ],
   [
    -1.400738947092407,
    -0.4977374411507793,
    0.5485007717665259
   ],
   [
    -1.2998730778027152,
    0.2940722892302917,
    0.4924257064522973
   ],
   [
    -0.5365201578528146,
    1.2305575160917426,
    0.6285747726274409
   ]
  ]
 },
 "appearance_assets": {
  "floor_pbr": "WoodFloor028",
  "background_hdr": "reading_room_4k.hdr"
 },
 "environment_strength": 0.6019527525451813
}