{
 "objects": [
  {
   "obj_subpath": "drum/drum_009/drum_009.blend",
   "obj_location": [
    0.2747224398094047,
    0.028232373160267388
   ],
   "obj_pose": [
    [
     0.7044260930262605,
     -0.7097773741197567,
     -5.821631736726029e-09
    ],
    [
     0.7097773741197567,
     0.7044260930262605,
     -1.1479036548553546e-08
    ],
    [
     1.2248469793973982e-08,
     3.954070404432741e-09,
     1.0
    ]
   ],
   "obj_scale": 0.6736169242454089,
   "obj_color": {
    "type": "random-mono",
    "color": [
     [
      0.09197390084074414,
      0.27903863579053695,
      0.2684060455857268
     ],
     [
      0.7034959116781379,
      0.8663527198224441,
      0.8570960862644058
     ],
     [
      0.32741989537859495,
      0.8164527750000226,
      0.7886565887916042
     ],
     [
      0.26498422320521253,
      0.5392078287285152,
      0.5236212072159285
     ]
    ],
    "randomness": 0.057310006626643095,
    "scale": 4.0835878186554435,
    "specular": 0.8917002165461662,
    "roughness": 0.24157222296370465,
    "clever": false
   }
  },
  {
   "obj_subpath": "Ico Pointy I/Ico Pointy I/Ico Pointy I.blend",
   "obj_location": [
    -0.40793402032396686,
    0.07595456408401646
   ],
   "obj_pose": [
    [
     0.975868674416316,
     -0.21835826133430866,
     0.0
    ],
    [
     0.21835826133430866,
     0.975868674416316,
     0.0
    ],
    [
     0.0,
     0.0,
     1.0
    ]
   ],
   "obj_scale": 0.6357077835027607,
   "obj_color": {
    "type": "random-multi",
    "color": [
     [
      0.061777252145585715,
      0.22812052635281738,
      0.6624109944485386
     ],
     [
      0.6462009859346828,
      0.013916894466473817,
      0.21460699880717654
     ],
     [
      0.8649887851156546,
      0.8091002134813221,
      0.04482232739866143
     ],
     [
      0.36941995638097125,
      0.09992937535089108,
      0.5988732991641056
     ]
    ],
    "randomness": 1.509578097241031,
    "scale": 0.823082723692992,
    "specular": 0.7699553257861206,
    "roughness": 0.29819975636937324,
    "clever": false
   }
  },
  {
   "obj_subpath": "Formation Grid Vase Cube/Formation Grid Vase Cube/Formation Grid Vase Cube.blend",
   "obj_location": [
    -0.1750613518103915,
    -0.48833223048027397
   ],
   "obj_pose": [
    [
     0.45613227025460557,
     0.889911991172374,
     0.0
    ],
    [
     -0.889911991172374,
     0.45613227025460557,
     0.0
    ],
    [
     0.0,
     0.0,
     1.0
    ]
   ],
   "obj_scale": 0.6618717738203257,
   "obj_color": {
    "type": "random-multi",
    "color": [
     [
      0.5340761853361903,
      0.46851486706430884,
      0.1315234409194843
     ],
     [
      0.5846545559579917,
      0.20806290819407158,
      0.04285351178631003
     ],
     [
      0.08798293541857571,
      0.5862040156501427,
      0.13623661763353445
     ]
    ],
    "randomness": 0.8110680558502364,
    "scale": 1.3261170943860123,
    "specular": 0.8997298471953179,
    "roughness": 0.14939478049132912,
    "clever": true
   }
  }
 ],
 "camera": {
  "track_to_point": [
   [
    -0.14402022366806283,
    -0.1962320224576703,
    0.0
   ],
   [
    0.01195925015113078,
    0.016546476234387292,
    0.0
   ],
   [
    -0.1704104872631953,
    -0.10189370532230405,
    0.0
   ],
   [
    -0.08358770167330862,
    -0.02607884700661675,
    0.0
   ],
   [
    -0.05129125308640081,
    -0.02783380342081751,
    0.0
   ],
   [
    0.03766741778111074,
    -0.2287210492984599,
    0.0
   ],
   [
    -0.1056022483407969,
    -0.14916760113534658,
    0.0
   ],
   [
    -0.15212309940556257,
    -0.2621066317959201,
    0.0
   ],
   [
    -0.0778407658315387,
    -0.145880485814133,
    0.0
   ],
   [
    -0.03147967997955642,
    -0.08563985949955608,
    0.0
   ],
   [
    0.037654173279945496,
    -0.03735391357604326,
    0.0
   ],
   [
    -0.015496677676872544,
    -0.010982173348446339,
    0.0
   ],
   [
    -0.18941446282831242,
    -0.05318145259597715,
    0.0
   ],
   [
    -0.17799583659211116,
    -0.10914072011026471,
    0.0
   ],
   [
    -0.01124744862255328,
    -0.08034407411794411,
    0.0
   ],
   [
    -0.1659056534303392,
    -0.044426569990619696,
    0.0
   ],
   [
    0.04446393340990715,
    -0.08795747177882524,
    0.0
   ],
   [
    0.013406213971509068,
    -0.2465918582648001,
    0.0
   ],
   [
    -0.12336148426909377,
    -0.16201242268381327,
    0.0
   ],
   [
    0.02626208756899709,
    -0.022406295568334372,
    0.0
   ],
   [
    -0.003314363113076396,
    -0.15220108429520757,
    0.0
   ],
   [
    -0.13705420403282567,
    -0.08985400466363053,
    0.0
   ],
   [
    -0.11022272945424386,
    -0.24442253952652437,
    0.0
   ],
   [
    -0.19054853011625728,
    -0.23331030667467273,
    0.0
   ],
   [
    -0.06338542602951242,
    -0.19790826029150532,
    0.0
   ]
  ],
  "positions": [
   [
    -1.0470676945650224,
    -0.9879780796647583,
    0.5301539965610176
   ],
   [
    1.1244370714507426,
    0.7068029136639438,
    0.5718373327275499
   ],
   [
    -1.4785428880804048,
    -0.08674791529264086,
    0.45578939351908543
   ],
   [
    0.5770680777567045,
    1.3193336377269593,
    0.6053329649141976
   ],
   [
    -0.046985458468195816,
    1.3502114717893579,
    0.6480164894728675
   ],
   [
    0.5457903511064576,
    1.251441321778134,
    0.48872671443542204
   ],
   [
    0.2739115071205782,
    -1.4570911108442222,
    0.5143357498271273
   ],
   [
    -1.1348788116515605,
    -0.7571459122648776,
    0.6350344410641142
   ],
   [
    1.2658776083895351,
    0.34703094798365475,
    0.46317138286422194
   ],
   [
    0.08001161161109671,
    -1.3335655315032402,
    0.509335740810963
   ],
   [
    1.1864079702689623,
    -0.7996800554070685,
    0.45137094320058524
   ],
   [
    -1.2527484520634462,
    0.6943782247351812,
    0.5820208500498113
   ],
   [
    -1.0294257958550737,
    0.8007382962659021,
    0.5010869565451448
   ],
   [
    -1.3767863241429965,
    -0.25458699768106086,
    0.45197601283096767
   ],
   [
    0.17917983532627035,
    -1.3920796651113718,
    0.5711294624569624
   ],
   [
    1.1251260283094364,
    -0.7604050358469765,
    0.5990238400813079
   ],
   [
    -1.464722544761681,
    -0.2548615103435439,
    0.5253343726260468
   ],
   [
    -0.7996562143207299,
    1.228048636376649,
    0.5171663040702084
   ],
   [
    0.3572402080962432,
    -1.2987858437999706,
    0.6367731285595342
   ],
   [
    -0.04234860380767351,
    -1.3051725062540924,
    0.4502425829315005
   ],
   [
    1.4314156265715254,
    0.11609770128980092,
    0.49725076651387
   ],
   [
    0.48383535968229807,
    1.331117941771251,
    0.6203981650678344
   ],
   [
    -1.3278985854641692,
    -0.48597006651227925,
    0.46381516393056166
   ],
   [
    1.3414469017951225,
    -0.09427781275343505,
    0.5098324441206669
   ],
   [
    -0.9363544414945061,
    1.0614015906749072,
    0.580620308604421
   ]
  ]
 },
 "appearance_assets": {
  "floor_pbr": "Tiles027",
  "background_hdr": "lebombo_4k.hdr"
 },
 "environment_strength": 0.4929771192312038
}