{
 "objects": [
  {
   "obj_subpath": "horse/horse_033/horse_033.blend",
   "obj_location": [
    -0.4807077455073351,
    -0.06885267162742892
   ],
   "obj_pose": [
    [
     0.03679136310978157,
     0.9256909370454915,
     -0.37648731038759387
    ],
    [
     0.14444345242552556,
     -0.3777121428055482,
     -0.9145871477473455
    ],
    [
     -0.9888288378715515,
     -0.02073221281170845,
     -0.14760655164718628
    ]
   ],
   "obj_scale": 0.6654767956304781,
   "obj_color": {
    "type": "random-mono",
    "color": [
     [
      0.8415651715094253,
      0.6407182223025641,
      0.8330211420047037
     ],
     [
      0.989423369200654,
      0.9583547748213992,
      0.9881017111516031
     ],
     [
      0.6588764833091835,
      0.25551318398071643,
      0.6417174079824541
     ],
     [
      0.1370382939011443,
      0.040878587769133556,
      0.1329476598656177
     ]
    ],
    "randomness": 0.1788246427630482,
    "scale": 2.4764530552076742,
    "specular": 0.8263082006173269,
    "roughness": 0.2427168104322001,
    "clever": false
   }
  },
  {
   "obj_subpath": "Vase Sphere/Vase Sphere/Vase Sphere.blend",
   "obj_location": [
    0.07047942293370868,
    -0.3459069266236462
   ],
   "obj_pose": [
    [
     0.7145323853404424,
     -0.699602365847699,
     0.0
    ],
    [
     0.699602365847699,
     0.7145323853404424,
     0.0
    ],
    [
     0.0,
     0.0,
     1.0
    ]
   ],
   "obj_scale": 0.6445260830013313,
   "obj_color": {
    "type": "random-multi",
    "color": [
     [
      0.16109199914472772,
      0.8890327786907815,
      0.49667764007967047
     ],
     [
      0.7957920888200857,
      0.6646998234348258,
      0.11469822013171627
     ],
     [
      0.06076724109583442,
      0.18282929369807543,
      0.6336584375353773
     ],
     [
      0.0799712056177937,
      0.9490685969118664,
      0.8507394061132021
     ]
    ],
    "randomness": 0.7802815962194032,
    "scale": 0.7785019537928912,
    "specular": 0.8982200290168764,
    "roughness": 0.11387103638827659,
    "clever": false
   }
  },
  {
   "obj_subpath": "Formation Grid Vase Cube/Formation Grid Vase Cube/Formation Grid Vase Cube.blend",
   "obj_location": [
    0.26191853371717,
    0.25845283828506493
   ],
   "obj_pose": [
    [
     -0.8272343915213265,
     0.5618569760039833,
     0.0
    ],
    [
     -0.5618569760039833,
     -0.8272343915213265,
     0.0
    ],
    [
     0.0,
     0.0,
     1.0
    ]
   ],
   "obj_scale": 0.6081588187029705,
   "obj_color": {
    "type": "random-multi",
    "color": [
     [
      0.6285020920463797,
      0.5418258891458264,
      0.058183916705044636
     ],
     [
      0.8361512534325718,
      0.6369772855156138,
      0.04605206774159487
     ],
     [
      0.43743694139753364,
      0.649188019414278,
      0.016504218584895813
     ]
    ],
    "randomness": 1.5188341683978457,
    "scale": 1.1360013131735278,
    "specular": 0.7513071876078927,
    "roughness": 0.2831335772875836,
    "clever": false
   }
  }
 ],
 "camera": {
  "track_to_point": [
   [
    -0.17302790030352577,
    -0.19382314870577166,
    0.0
   ],
   [
    0.021791988844296423,
    -0.19442176943511236,
    0.0
   ],
   [
    -0.07896727712728069,
    -0.08251459304374376,
    0.0
   ],
   [
    -0.09255519537517855,
    -0.012988486503054487,
    0.0
   ],
   [
    -0.10500007226315668,
    -0.02130440030336942,
    0.0
   ],
   [
    -0.07538086352068384,
    -0.1528740987114006,
    0.0
   ],
   [
    -0.08925353613807793,
    -0.11585103933359636,
    0.0
   ],
   [
    0.08263181143852197,
    -0.0035828339279698543,
    0.0
   ],
   [
    -0.1374925626557349,
    0.09382770754335545,
    0.0
   ],
   [
    -0.18763798579698834,
    -0.10675659652386138,
    0.0
   ],
   [
    0.033968805166172705,
    0.022039599467207786,
    0.0
   ],
   [
    -0.16700672197783356,
    0.015967049679679372,
    0.0
   ],
   [
    -0.09823237371220035,
    0.06407640822221278,
    0.0
   ],
   [
    -0.11378188657934715,
    0.012263838622672323,
    0.0
   ],
   [
    -0.1648203753436135,
    0.06188651298687369,
    0.0
   ],
   [
    -0.09439040005505646,
    0.07041417060096505,
    0.0
   ],
   [
    -0.023341733298319567,
    -0.021359885234518712,
    0.0
   ],
   [
    -0.09427646465203252,
    0.05486082805018338,
    0.0
   ],
   [
    0.005789717735602717,
    -0.07664757022251517,
    0.0
   ],
   [
    0.0022253816683240335,
    0.05340566359843501,
    0.0
   ],
   [
    -0.16619075922456802,
    -0.12424721055420773,
    0.0
   ],
   [
    -0.18557275931454845,
    -0.1388129264436181,
    0.0
   ],
   [
    -0.07431817961458345,
    -0.12695517832674832,
    0.0
   ],
   [
    -0.04814135652449089,
    0.02044185881039983,
    0.0
   ],
   [
    -0.12365777083909948,
    -0.03975065178040905,
    0.0
   ]
  ],
  "positions": [
   [
    0.20366997217935057,
    -1.3599572799036357,
    0.6044476000832673
   ],
   [
    -1.029278057973732,
    0.9827800808831426,
    0.5781310377057939
   ],
   [
    1.2689780780426736,
    -0.43165408762541974,
    0.5967983057902333
   ],
   [
    0.46571405659882287,
    1.3933370289055542,
    0.6171174991531958
   ],
   [
    -1.201528423592488,
    0.8725134408512276,
    0.49594731144308546
   ],
   [
    -1.1624990611798043,
    -0.8560925809535864,
    0.6068040896749657
   ],
   [
    -1.3695659720093756,
    -0.14569481036746318,
    0.6489727922298385
   ],
   [
    1.3540351611024306,
    -0.15948402936577705,
    0.5598571990394678
   ],
   [
    0.15182367254864154,
    1.4694228467112838,
    0.6355091447449641
   ],
   [
    -0.5010132441863642,
    -1.2649628580039345,
    0.5320711197993551
   ],
   [
    -0.802733988159341,
    -1.0570927953245597,
    0.5174015779338095
   ],
   [
    -0.29582138176218326,
    -1.4465091360948767,
    0.5704909145406123
   ],
   [
    -1.176469097873797,
    -0.5740087850707366,
    0.6006590034979136
   ],
   [
    -1.3247441776554405,
    -0.10208168365578907,
    0.6401861772756132
   ],
   [
    1.218211418945519,
    0.7032927839485956,
    0.461920952089342
   ],
   [
    1.459154479235015,
    0.023394823650261253,
    0.5433759671322138
   ],
   [
    -0.7571880193449853,
    -1.1353379490980107,
    0.5088361196811002
   ],
   [
    1.4586659004126314,
    -0.28155285509782707,
    0.5588791672842714
   ],
   [
    -0.8255711002130252,
    -1.1804378230118535,
    0.5678716646609231
   ],
   [
    -1.4701273565115704,
    -0.1697129314170355,
    0.5479059128477584
   ],
   [
    -0.9354246584733482,
    1.0897837514959725,
    0.5011707899267449
   ],
   [
    0.1805558501882708,
    -1.3643201361742787,
    0.45437571465272936
   ],
   [
    -1.2940438102460223,
    -0.16717389639305882,
    0.4881388567989423
   ],
   [
    -0.04035274696053595,
    -1.3530747131012835,
    0.5480464608298575
   ],
   [
    -1.0554262722351129,
    0.9313935458331026,
    0.5879241728234617
   ]
  ]
 },
 "appearance_assets": {
  "floor_pbr": "Planks009",
  "background_hdr": "cabin_4k.hdr"
 },
 "environment_strength": 0.4422690730955326
}