{
 "objects": [
  {
   "obj_subpath": "bottle/bottle_058/bottle_058.blend",
   "obj_location": [
    0.4788226206122064,
    0.45989040262632774
   ],
   "obj_pose": [
    [
     0.3757604484946516,
     -0.8815918134013102,
     -0.2856571461138736
    ],
    [
     -0.4322420074694456,
     0.10593388712106905,
     -0.8955137654535248
    ],
    [
     0.8197383284568787,
     0.4599716365337372,
     -0.341255247592926
    ]
   ],
   "obj_scale": 0.6754294041662776,
   "obj_color": {
    "type": "random-mono",
    "color": [
     [
      0.2934116141309465,
      0.09368962075976162,
      0.22484095875166346
     ],
     [
      0.05034944845066619,
      0.026830945667874972,
      0.04227482871483014
     ],
     [
      0.6526720597310658,
      0.39407927016154676,
      0.5638892634158692
     ]
    ],
    "randomness": 0.25090564621540523,
    "scale": 4.2052153673233335,
    "specular": 0.6302707054686149,
    "roughness": 0.15294647663550773,
    "clever": false
   }
  },
  {
   "obj_subpath": "Cylinder Hole Stacked/Cylinder Hole Stacked/Cylinder Hole Stacked.blend",
   "obj_location": [
    -0.01872019282688875,
    -0.3036128081450863
   ],
   "obj_pose": [
    [
     0.7557952711278774,
     0.6548079933390691,
     0.0
    ],
    [
     -0.6548079933390691,
     0.7557952711278774,
     0.0
    ],
    [
     0.0,
     0.0,
     1.0
    ]
   ],
   "obj_scale": 0.6127533531999123,
   "obj_color": {
    "type": "random-multi",
    "color": [
     [
      0.8763364470985954,
      0.0337013494949614,
      0.4418213706109059
     ],
     [
      0.33740341739404467,
      0.7475846249294029,
      0.18671970629544887
     ],
     [
      0.4015799064919245,
      0.5897979836467693,
      0.08288932472514632
     ],
     [
      0.583638410928731,
      0.02291638193915424,
      0.7425444909263141
     ]
    ],
    "randomness": 1.4962066527559421,
    "scale": 0.7478159407162757,
    "specular": 0.8953424619048989,
    "roughness": 0.26294921570791135,
    "clever": false
   }
  },
  {
   "obj_subpath": "Tier Stack Sphere/Tier Stack Sphere/Tier Stack Sphere.blend",
   "obj_location": [
    -0.4661921424437995,
    0.3695208802216444
   ],
   "obj_pose": [
    [
     -0.8516929600693381,
     -0.5240411260276514,
     0.0
    ],
    [
     0.5240411260276514,
     -0.8516929600693381,
     0.0
    ],
    [
     0.0,
     0.0,
     1.0
    ]
   ],
   "obj_scale": 0.6715871695266535,
   "obj_color": {
    "type": "random-multi",
    "color": [
     [
      0.19384239138038362,
      0.7986499625976465,
      0.6456679378208949
     ],
     [
      0.9028124852342989,
      0.928331120103776,
      0.08643184651909919
     ],
     [
      0.9261624007691938,
      0.55103920467367,
      0.08968091444880355
     ]
    ],
    "randomness": 3.039864805683028,
    "scale": 1.2730575198235732,
    "specular": 0.7927890628016726,
    "roughness": 0.24481280783235942,
    "clever": true
   }
  }
 ],
 "camera": {
  "track_to_point": [
   [
    0.050463004785052695,
    0.2697415745508541,
    0.0
   ],
   [
    -0.07411558165388096,
    0.12596139055285344,
    0.0
   ],
   [
    0.12349854610988545,
    0.31977489310225926,
    0.0
   ],
   [
    -0.03257378931674314,
    0.06903982387895172,
    0.0
   ],
   [
    0.058451891651591315,
    0.1161039651209223,
    0.0
   ],
   [
    -0.06825641518025037,
    0.16942672483958424,
    0.0
   ],
   [
    0.13062150724183338,
    0.2556596443912101,
    0.0
   ],
   [
    -0.11246051437834143,
    0.13955210318042963,
    0.0
   ],
   [
    0.0010378397612696433,
    0.24758373749034068,
    0.0
   ],
   [
    0.11516872177369639,
    0.11890149425738099,
    0.0
   ],
   [
    0.020834224564455023,
    0.1898078245005634,
    0.0
   ],
   [
    -0.02082681266765743,
    0.2686718964326743,
    0.0
   ],
   [
    0.006441564831488555,
    0.2186513324408343,
    0.0
   ],
   [
    -0.07967461751034621,
    0.17840546058646342,
    0.0
   ],
   [
    -0.04352004824131339,
    0.0879019786340701,
    0.0
   ],
   [
    0.01762437704322234,
    0.14447840978017085,
    0.0
   ],
   [
    -0.07335593126561704,
    0.15827687920695777,
    0.0
   ],
   [
    -0.03467133828158331,
    0.29721482519758086,
    0.0
   ],
   [
    0.04135324203181717,
    0.18918282382737714,
    0.0
   ],
   [
    -0.12478493416950323,
    0.156935367522359,
    0.0
   ],
   [
    0.03703682638124131,
    0.20145363454436802,
    0.0
   ],
   [
    -0.012252685215550202,
    0.05469044965372197,
    0.0
   ],
   [
    -0.04165501825256211,
    0.12888165437946886,
    0.0
   ],
   [
    -0.10807724886163737,
    0.18585983457268548,
    0.0
   ],
   [
    0.05698984130124651,
    0.11503448099967403,
    0.0
   ]
  ],
  "positions": [
   [
    0.361482755533273,
    1.3833160655202281,
    0.513191698758646
   ],
   [
    0.5315865964026124,
    -1.295619713181087,
    0.5578444834638997
   ],
   [
    1.2247809529412528,
    0.6863146000882774,
    0.64630396624821
   ],
   [
    -1.1218524121937625,
    -0.9082711495627345,
    0.5674832232006185
   ],
   [
    1.0915294068034624,
    -0.8769703136012321,
    0.5769241622143888
   ],
   [
    0.3763250674463638,
    -1.2886542763643087,
    0.46636382924377145
   ],
   [
    -0.9491273896738145,
    0.9484023508607915,
    0.6055628520019576
   ],
   [
    1.3603098555355908,
    0.32088448707884,
    0.5968709036645415
   ],
   [
    1.4153582060627232,
    0.26284262715386975,
    0.5033131333088985
   ],
   [
    1.4046235284781516,
    0.08128833100689861,
    0.6391278753709523
   ],
   [
    -0.746045422299091,
    1.2323529796755306,
    0.4935290860599015
   ],
   [
    1.3318409432814502,
    -0.4090218432725765,
    0.5978479496698412
   ],
   [
    1.2137484497354718,
    0.7278571995283634,
    0.5016602840194301
   ],
   [
    -1.2462022667457102,
    0.6418770399446144,
    0.6462814602753324
   ],
   [
    1.1946677223079836,
    0.5691953072388568,
    0.5831935795109834
   ],
   [
    -0.40720239017508947,
    1.389633961868974,
    0.5960909131895444
   ],
   [
    0.5191879884246537,
    -1.249976419749196,
    0.620974243675019
   ],
   [
    -1.3254947466331748,
    0.14352827348553812,
    0.5005343246971135
   ],
   [
    1.246440432224717,
    -0.48391187947836206,
    0.6027030064721843
   ],
   [
    1.2902214793529305,
    0.2344435219675173,
    0.47216600607668185
   ],
   [
    0.7416757340150925,
    -1.1573419583104805,
    0.6273630943736528
   ],
   [
    -0.4324457440767259,
    -1.2479022698570532,
    0.6338468627807843
   ],
   [
    0.8009155274897582,
    1.028296403398145,
    0.6145505452884732
   ],
   [
    -0.7271634212449641,
    -1.1622351962877333,
    0.6354296352645209
   ],
   [
    -1.1567471166289385,
    -0.9319551756555354,
    0.5249447606190443
   ]
  ]
 },
 "appearance_assets": {
  "floor_pbr": "Marble012",
  "background_hdr": "lapa_4k.hdr"
 },
 "environment_strength": 0.7200635982701556
}