{
 "objects": [
  {
   "obj_subpath": "crab/crab_033/crab_033.blend",
   "obj_location": [
    0.21823497594557606,
    0.4512133611357463
   ],
   "obj_pose": [
    [
     -0.9898668483649583,
     -0.14117820310834753,
     0.01524214919108841
    ],
    [
     0.14066018043178136,
     -0.9895744506399087,
     -0.030937334644940695
    ],
    [
     0.019450917840003967,
     -0.02847987785935402,
     0.9994050860404968
    ]
   ],
   "obj_scale": 0.6916505407394029,
   "obj_color": {
    "type": "random-multi",
    "color": [
     [
      0.6429932634280473,
      0.49705913115357236,
      0.15462539950242848
     ],
     [
      0.6015234410264443,
      0.10290978346606566,
      0.07730643093911471
     ]
    ],
    "randomness": 0.06874617007082084,
    "scale": 0.8395299561236637,
    "specular": 0.6065313641668062,
    "roughness": 0.17266255694305585,
    "clever": false
   }
  },
  {
   "obj_subpath": "Cylinder Ringed/Cylinder Ringed/Cylinder Ringed.blend",
   "obj_location": [
    -0.24609704480935413,
    -0.003752175305954064
   ],
   "obj_pose": [
    [
     -0.4460181838075619,
     -0.8950238989619238,
     0.0
    ],
    [
     0.8950238989619238,
     -0.4460181838075619,
     0.0
    ],
    [
     0.0,
     0.0,
     1.0
    ]
   ],
   "obj_scale": 0.6121583281384055,
   "obj_color": {
    "type": "random-mono",
    "color": [
     [
      0.9094597579304263,
      0.8452428195017365,
      0.9228394279543575
     ],
     [
      0.44401478548240525,
      0.27050661800834647,
      0.4801654037470519
     ],
     [
      0.2572310142563437,
      0.08724054173832685,
      0.29264871689299055
     ]
    ],
    "randomness": 0.013707680656728116,
    "scale": 2.4322822203875956,
    "specular": 0.7942180165741789,
    "roughness": 0.21757489881940073,
    "clever": false
   }
  },
  {
   "obj_subpath": "Torus Knot Fourier/Torus Knot Fourier/Torus Knot Fourier.blend",
   "obj_location": [
    0.27845067061173934,
    -0.39635092790417414
   ],
   "obj_pose": [
    [
     -0.8183190450126505,
     0.5747642478178193,
     0.0
    ],
    [
     -0.5747642478178193,
     -0.8183190450126505,
     0.0
    ],
    [
     0.0,
     0.0,
     1.0
    ]
   ],
   "obj_scale": 0.6477296260179246,
   "obj_color": {
    "type": "random-mono",
    "color": [
     [
      0.8729060504203354,
      0.7658832093567223,
      0.7487297071242964
     ],
     [
      0.40904295215233305,
      0.1642154713564591,
      0.124974794350931
     ],
     [
      0.9477059977513339,
      0.8578198915831127,
      0.8434130462078887
     ]
    ],
    "randomness": 0.9255096776409112,
    "scale": 2.2623572542314903,
    "specular": 0.7726722861079252,
    "roughness": 0.2596673804217734,
    "clever": false
   }
  }
 ],
 "camera": {
  "track_to_point": [
   [
    0.02264991312148318,
    0.13698972379898328,
    0.0
   ],
   [
    0.2147212150348501,
    0.14318983728300794,
    0.0
   ],
   [
    -0.008589590753171714,
    0.12387116699754842,
    0.0
   ],
   [
    0.11251907292377449,
    0.004831933261829801,
    0.0
   ],
   [
    0.00303153106050906,
    0.04333067584365018,
    0.0
   ],
   [
    0.16745562596269664,
    -0.0897522512353179,
    0.0
   ],
   [
    0.1897650327128656,
    -0.08649264624583804,
    0.0
   ],
   [
    -0.02731420560354382,
    -0.10651921506237938,
    0.0
   ],
   [
    -0.006648520047930942,
    -0.0001608814838253876,
    0.0
   ],
   [
    0.17274995154231887,
    0.11943931187349634,
    0.0
   ],
   [
    -0.013145942966835841,
    0.046942932085119,
    0.0
   ],
   [
    0.06784266634739565,
    0.04761717170034248,
    0.0
   ],
   [
    -0.007610615050938421,
    0.08237853883644884,
    0.0
   ],
   [
    -0.05625583956593884,
    -0.05746882626314455,
    0.0
   ],
   [
    0.030294020438456498,
    0.13062502301544476,
    0.0
   ],
   [
    -0.029177024447373898,
    0.15613060277913093,
    0.0
   ],
   [
    0.11344328781961575,
    -0.09300248156785425,
    0.0
   ],
   [
    0.02556063290713287,
    0.1486807801199171,
    0.0
   ],
   [
    0.16079094175195247,
    -0.06297772566239224,
    0.0
   ],
   [
    -0.043743770070601665,
    0.028884491772946313,
    0.0
   ],
   [
    0.20146821637392953,
    0.09361469221991038,
    0.0
   ],
   [
    0.16145058029014298,
    0.024205614689483578,
    0.0
   ],
   [
    0.10477829301531057,
    0.12719082810113858,
    0.0
   ],
   [
    0.22149483813100224,
    -0.11480680471041844,
    0.0
   ],
   [
    -0.054857140381201194,
    -0.013973998605354646,
    0.0
   ]
  ],
  "positions": [
   [
    -0.04096657491335087,
    -1.476545822524662,
    0.5304727625955569
   ],
   [
    0.9765391548708905,
    1.0899480904045011,
    0.5752811871768839
   ],
   [
    0.12946230927047145,
    -1.3368882817347607,
    0.45885672448657455
   ],
   [
    -1.2221847288225411,
    0.6741257655423388,
    0.5645169532043779
   ],
   [
    -1.4474267056808934,
    0.16146849423736395,
    0.5001974008825084
   ],
   [
    1.0855261079826146,
    0.9170929301298363,
    0.5686900544190665
   ],
   [
    -0.05285610819096225,
    -1.3009519142949515,
    0.5836746512809319
   ],
   [
    -0.8341747798567187,
    -1.2138359478662888,
    0.5810522887205033
   ],
   [
    -1.3460510209884124,
    -0.10328076997086238,
    0.5336769735423936
   ],
   [
    1.3325254247525404,
    -0.2334509309561175,
    0.48708133902536205
   ],
   [
    0.5704739233841333,
    -1.214758979157033,
    0.4781488698157161
   ],
   [
    1.342536734525802,
    0.3724634617884372,
    0.5837352850298292
   ],
   [
    0.5834658717266769,
    1.3322805936070805,
    0.6275188213773022
   ],
   [
    0.5144272966483773,
    1.3083205606379253,
    0.5075503326788454
   ],
   [
    -1.1569665764020023,
    0.8160291507675828,
    0.5789495324601219
   ],
   [
    0.6260615543420107,
    -1.2322317228070692,
    0.5782275632556474
   ],
   [
    1.0150836193278214,
    1.044235989711122,
    0.5476692805949732
   ],
   [
    -1.3623042247039896,
    -0.3061966254876415,
    0.5684275056038934
   ],
   [
    -0.20214660793334607,
    1.315688194879303,
    0.5925178798387627
   ],
   [
    -1.3034616883491326,
    0.7141662403371959,
    0.5734680418711835
   ],
   [
    -1.4328895335905425,
    0.0027726275381058227,
    0.6214748601953417
   ],
   [
    1.424689120036188,
    -0.44409826063214664,
    0.4679131835102031
   ],
   [
    -0.0841890219929866,
    1.4359877886083308,
    0.5480412923469848
   ],
   [
    0.8539466796609203,
    -1.1421025702816079,
    0.6134913934710754
   ],
   [
    0.13157308693714798,
    -1.3559537642713708,
    0.5494405225086045
   ]
  ]
 },
 "appearance_assets": {
  "floor_pbr": "Carpet001",
  "background_hdr": "lapa_4k.hdr"
 },
 "environment_strength": 0.4376587910292364
}