{
 "objects": [
  {
   "obj_subpath": "hat/hat_047/hat_047.blend",
   "obj_location": [
    -0.30690236483210986,
    0.06650432545478946
   ],
   "obj_pose": [
    [
     -0.5187968049747885,
     -0.8474061435185751,
     -0.11292784728440335
    ],
    [
     0.8541131828205852,
     -0.5081212652208673,
     -0.1109209918602672
    ],
    [
     0.03661409020423889,
     -0.15399861335754395,
     0.9873924255371094
    ]
   ],
   "obj_scale": 0.6880623200489815,
   "obj_color": {
    "type": "random-multi",
    "color": [
     [
      0.6990569211039522,
      0.34185118763504796,
      0.03724026431248362
     ],
     [
      0.1314309914713413,
      0.5894838805141379,
      0.38464878045537987
     ]
    ],
    "randomness": 4.071055442483103,
    "scale": 0.7471941447090639,
    "specular": 0.7138215817873738,
    "roughness": 0.21377612953829517,
    "clever": false
   }
  },
  {
   "obj_subpath": "Circular Array Cube/Circular Array Cube/Circular Array Cube.blend",
   "obj_location": [
    0.3058190600952838,
    -0.33982222452366706
   ],
   "obj_pose": [
    [
     -0.9613368576007831,
     0.27537510094097395,
     0.0
    ],
    [
     -0.27537510094097395,
     -0.9613368576007831,
     0.0
    ],
    [
     0.0,
     0.0,
     1.0
    ]
   ],
   "obj_scale": 0.6478725970556234,
   "obj_color": {
    "type": "random-mono",
    "color": [
     [
      0.2877632918338493,
      0.0904714366578363,
      0.2116518668180449
     ],
     [
      0.3348158018799314,
      0.16436045545771055,
      0.2690573887605277
     ],
     [
      0.6752083496422696,
      0.3306199282345479,
      0.5422727260510686
     ],
     [
      0.7754959390618037,
      0.4599753995766489,
      0.6537741484661104
     ]
    ],
    "randomness": 0.826516588283321,
    "scale": 4.610832403236488,
    "specular": 0.8073769496647876,
    "roughness": 0.1718992503799172,
    "clever": true
   }
  },
  {
   "obj_subpath": "43664/43664/43664.blend",
   "obj_location": [
    0.42856949918744935,
    0.30239127807455624
   ],
   "obj_pose": [
    [
     -0.6732551983344861,
     0.7394101959775722,
     0.0
    ],
    [
     -0.7394101959775722,
     -0.6732551983344861,
     0.0
    ],
    [
     0.0,
     0.0,
     1.0
    ]
   ],
   "obj_scale": 0.6443575028717983,
   "obj_color": {
    "type": "random-multi",
    "color": [
     [
      0.9841339089802974,
      0.4473639595282152,
      0.0725568145012232
     ],
     [
      0.6141339659911055,
      0.035492699723705945,
      0.871880803493361
     ],
     [
      0.2383206777416878,
      0.860169984059246,
      0.15137310262507442
     ]
    ],
    "randomness": 4.81824160461008,
    "scale": 1.2924275217618661,
    "specular": 0.6679537510001532,
    "roughness": 0.18078176233906096,
    "clever": false
   }
  }
 ],
 "camera": {
  "track_to_point": [
   [
    0.1626719406415307,
    -0.10593010137460586,
    0.0
   ],
   [
    0.27100493756866434,
    -0.074704220842966,
    0.0
   ],
   [
    0.05335677830713609,
    -0.05411781300342503,
    0.0
   ],
   [
    0.28767189942516774,
    0.02230709087680572,
    0.0
   ],
   [
    0.1436611124862465,
    0.00393873000984544,
    0.0
   ],
   [
    0.02143738702715134,
    -0.057054594637308574,
    0.0
   ],
   [
    0.27989177486637923,
    0.06022128853697226,
    0.0
   ],
   [
    0.03929813601446022,
    -0.09464982966530455,
    0.0
   ],
   [
    0.2619096175902289,
    0.10582054396411746,
    0.0
   ],
   [
    0.16838526008510848,
    0.009200688438941932,
    0.0
   ],
   [
    0.05283200162619517,
    -0.08815831211310572,
    0.0
   ],
   [
    0.05115106308367667,
    -0.06941350066961291,
    0.0
   ],
   [
    0.16873246862658844,
    -0.02103954882339088,
    0.0
   ],
   [
    0.030334342363701777,
    0.028121464284766563,
    0.0
   ],
   [
    0.10285727483723178,
    -0.13394767463674437,
    0.0
   ],
   [
    0.020681109604403017,
    0.04275464435216251,
    0.0
   ],
   [
    0.1197935701536085,
    0.02994505662598943,
    0.0
   ],
   [
    0.19676316164470276,
    0.03442485182124825,
    0.0
   ],
   [
    0.10128044691064526,
    -0.07449443754310194,
    0.0
   ],
   [
    0.2662183470723998,
    -0.019206285546486186,
    0.0
   ],
   [
    0.013769928750358873,
    0.10560353339741617,
    0.0
   ],
   [
    0.23133040339608274,
    -0.11779930131352283,
    0.0
   ],
   [
    0.05639566962363049,
    0.03616462968615875,
    0.0
   ],
   [
    0.21749745857773667,
    -0.005775683022392805,
    0.0
   ],
   [
    0.006098351958337717,
    0.11064280258720406,
    0.0
   ]
  ],
  "positions": [
   [
    0.9573060755844766,
    -0.9308716292783511,
    0.5885352953259014
   ],
   [
    -1.1169833710667119,
    0.8212106265399634,
    0.5841057077827079
   ],
   [
    0.4552571453444615,
    -1.2736205938469258,
    0.6071336391203963
   ],
   [
    0.8583136468792666,
    1.0190822782698385,
    0.6446407431814662
   ],
   [
    0.5142685437578626,
    1.3118524472331834,
    0.6402056518285577
   ],
   [
    1.1086002428309631,
    -0.9164662361394207,
    0.5232143468093565
   ],
   [
    1.3107902648582999,
    -0.0733743358023651,
    0.4955289115793
   ],
   [
    0.38463770914860285,
    1.2784206584675661,
    0.5783410416409147
   ],
   [
    -1.2584796374627552,
    0.32987290288293025,
    0.6440138345440295
   ],
   [
    1.3459509125900493,
    0.021458801460060614,
    0.5216460314582936
   ],
   [
    0.40026619461088775,
    -1.273883104210751,
    0.45516366739631625
   ],
   [
    1.4175725304180191,
    0.47763203476320193,
    0.5470267667303129
   ],
   [
    1.2481547203307555,
    -0.5334882946852364,
    0.6220781967647635
   ],
   [
    -1.3914871878893806,
    -0.4283039025092011,
    0.5110081308606909
   ],
   [
    0.27947121757887383,
    -1.2768043734296342,
    0.5472845611568419
   ],
   [
    -0.1950795706454641,
    -1.455332119057142,
    0.466558214788149
   ],
   [
    1.2020269782300996,
    -0.7888986998548283,
    0.5243696765334179
   ],
   [
    0.25058598402088555,
    1.3924966379598869,
    0.47806120566020893
   ],
   [
    -1.1314623804157833,
    -0.7054783146112383,
    0.6385037585535221
   ],
   [
    0.42278907253246634,
    1.3720580091951202,
    0.45331458753763226
   ],
   [
    -1.0558090543549903,
    -1.0232653308097492,
    0.5720045076488699
   ],
   [
    1.4579241499724096,
    -0.21961667903351398,
    0.6444307220870438
   ],
   [
    -0.3099652517761411,
    1.463112869375921,
    0.48569546905894506
   ],
   [
    1.233894821081012,
    -0.47255231817328114,
    0.6082203563086093
   ],
   [
    0.7220490531081011,
    -1.2306883596183487,
    0.5080836050988466
   ]
  ]
 },
 "appearance_assets": {
  "floor_pbr": "Carpet009",
  "background_hdr": "small_empty_house_4k.hdr"
 },
 "environment_strength": 0.5540328520277421
}