{
 "objects": [
  {
   "obj_subpath": "dolphin/dolphin_012/dolphin_012.blend",
   "obj_location": [
    0.4529297184691451,
    0.35430769870275136
   ],
   "obj_pose": [
    [
     -0.3906042868013114,
     0.920469424629327,
     0.012819263846091049
    ],
    [
     -0.920409550910887,
     -0.3907538217440344,
     0.012560402326425555
    ],
    [
     0.016570642590522766,
     -0.006892825942486525,
     0.9998389482498169
    ]
   ],
   "obj_scale": 0.6513650871989022,
   "obj_color": {
    "type": "random-multi",
    "color": [
     [
      0.5968879654271565,
      0.1437944949929869,
      0.45411923248182284
     ],
     [
      0.04145459474124824,
      0.9148410910412497,
      0.7315722480694269
     ],
     [
      0.33152448177802923,
      0.12907933002684457,
      0.806540183577995
     ],
     [
      0.1764411333107772,
      0.1181900371103578,
      0.6403651882947373
     ]
    ],
    "randomness": 1.5904399902682387,
    "scale": 1.07619668852213,
    "specular": 0.8368373159462594,
    "roughness": 0.188060979762797,
    "clever": false
   }
  },
  {
   "obj_subpath": "Spiral Ring Cone/Spiral Ring Cone/Spiral Ring Cone.blend",
   "obj_location": [
    -0.4182216513626448,
    -0.4897533444658052
   ],
   "obj_pose": [
    [
     -0.2176161913868943,
     0.9760344221625908,
     0.0
    ],
    [
     -0.9760344221625908,
     -0.2176161913868943,
     0.0
    ],
    [
     0.0,
     0.0,
     1.0
    ]
   ],
   "obj_scale": 0.6400150630716737,
   "obj_color": {
    "type": "random-mono",
    "color": [
     [
      0.6751773956260272,
      0.6855003627415646,
      0.29329801784997467
     ],
     [
      0.01661901392783776,
      0.01683263020926632,
      0.008716668437267448
     ],
     [
      0.9318848793387734,
      0.9367588475992118,
      0.7515812955178972
     ],
     [
      0.13840568298724587,
      0.13990029666989529,
      0.08311517040906907
     ]
    ],
    "randomness": 0.3680845487277148,
    "scale": 4.593035737515928,
    "specular": 0.8047274239581921,
    "roughness": 0.1440975676671993,
    "clever": false
   }
  },
  {
   "obj_subpath": "Geo Instance Cone Cube/Geo Instance Cone Cube/Geo Instance Cone Cube.blend",
   "obj_location": [
    0.08372703934482317,
    -0.13985393502660803
   ],
   "obj_pose": [
    [
     -0.9879797715185016,
     0.15458321729815755,
     0.0
    ],
    [
     -0.15458321729815755,
     -0.9879797715185016,
     0.0
    ],
    [
     0.0,
     0.0,
     1.0
    ]
   ],
   "obj_scale": 0.6198840236670098,
   "obj_color": {
    "type": "random-multi",
    "color": [
     [
      0.1355517325996537,
      0.4626107052248356,
      0.5929726047321454
     ],
     [
      0.4117339689982371,
      0.025362752931130883,
      0.6096533923807328
     ]
    ],
    "randomness": 4.460389028258165,
    "scale": 0.7463774402101129,
    "specular": 0.8692964027062281,
    "roughness": 0.29030084341588724,
    "clever": false
   }
  }
 ],
 "camera": {
  "track_to_point": [
   [
    0.04679432381530715,
    -0.19660249881019776,
    0.0
   ],
   [
    0.1309326495593781,
    -0.16203277227590432,
    0.0
   ],
   [
    0.13349498743769417,
    0.049078456143716226,
    0.0
   ],
   [
    0.07348351427209748,
    -0.04308040705039656,
    0.0
   ],
   [
    -0.10427653311889626,
    0.02449253851057051,
    0.0
   ],
   [
    0.13205807843572487,
    -0.1863852336069233,
    0.0
   ],
   [
    -0.009483510388623599,
    0.014161902498148832,
    0.0
   ],
   [
    -0.0020041064360432417,
    -0.1092765114855534,
    0.0
   ],
   [
    0.1291820451562821,
    -0.13610769289162522,
    0.0
   ],
   [
    0.18217218272166402,
    -0.14051404311284227,
    0.0
   ],
   [
    0.17064667933755423,
    -0.03950959384365321,
    0.0
   ],
   [
    0.1563278482411367,
    -0.15989468288310024,
    0.0
   ],
   [
    0.056303370286753494,
    -0.0867711655793394,
    0.0
   ],
   [
    -0.0427108435613705,
    0.030922463301994413,
    0.0
   ],
   [
    0.03256797801577462,
    -0.22979198821535615,
    0.0
   ],
   [
    -0.055092060210713785,
    -0.10814942162725133,
    0.0
   ],
   [
    0.15750615603357038,
    0.04372645228167574,
    0.0
   ],
   [
    0.16463394008843657,
    -0.165539377804579,
    0.0
   ],
   [
    0.0865156435172462,
    -0.18934005691384084,
    0.0
   ],
   [
    0.0222220675467766,
    0.05366401463443074,
    0.0
   ],
   [
    -0.10501485675073102,
    -0.2169297972697993,
    0.0
   ],
   [
    0.011220718763623995,
    -0.14039516027942886,
    0.0
   ],
   [
    0.07064182356866425,
    -0.1718186797808157,
    0.0
   ],
   [
    -0.02202320376712242,
    -0.0051102138682161125,
    0.0
   ],
   [
    0.1396090375544573,
    -0.005419299063758459,
    0.0
   ]
  ],
  "positions": [
   [
    -1.424964710252352,
    -0.42453372495529607,
    0.521178935998863
   ],
   [
    -0.9897815757620605,
    1.0564211211189514,
    0.45108501192540734
   ],
   [
    1.3416235836580368,
    -0.18654281536072043,
    0.4941398356642428
   ],
   [
    -1.0296625629624045,
    0.9816662452642456,
    0.6024084980656336
   ],
   [
    -1.237916904684746,
    0.7867257806250054,
    0.6036805633249898
   ],
   [
    0.9949124594151648,
    -1.0094238215464286,
    0.5857756612579148
   ],
   [
    1.3140934284355212,
    0.40471973751352947,
    0.5482307287923619
   ],
   [
    -0.857714315079393,
    1.1640160798919137,
    0.4757589319768485
   ],
   [
    -0.6245114162582602,
    -1.224334245821638,
    0.6157891100242385
   ],
   [
    1.2580723025581186,
    -0.42091563788627945,
    0.5410669090382672
   ],
   [
    -1.0995065757759739,
    0.8514615688182914,
    0.5043990514686773
   ],
   [
    0.39782505026047865,
    -1.4031613314388447,
    0.6339085522569922
   ],
   [
    1.3490018579230743,
    -0.37812438868917064,
    0.47763095993551435
   ],
   [
    -0.34323597858371674,
    -1.4263287652775853,
    0.6277643450416832
   ],
   [
    -1.213670418391898,
    -0.8416554946709013,
    0.6098806889583682
   ],
   [
    -1.4744204653213713,
    -0.1255295408954447,
    0.565965526710709
   ],
   [
    1.3752105561068009,
    0.20900676360235074,
    0.5701014991807333
   ],
   [
    -0.5368156021732402,
    1.2637350581076208,
    0.5002283891040099
   ],
   [
    1.38467900379483,
    0.03880903467983928,
    0.5796396821355145
   ],
   [
    -0.9017382581188833,
    1.0619981660480131,
    0.4586813644783206
   ],
   [
    1.0847513271429925,
    -0.7855319401970127,
    0.6451565766293857
   ],
   [
    1.2474289602432875,
    0.6852856834791087,
    0.4535621068756684
   ],
   [
    1.4353366832991632,
    -0.26006930552930213,
    0.6349231624205192
   ],
   [
    -1.3293434519197262,
    -0.4823713318359454,
    0.4597572810694568
   ],
   [
    0.1698711396265631,
    -1.3553409786135562,
    0.6208808549862819
   ]
  ]
 },
 "appearance_assets": {
  "floor_pbr": "Carpet007",
  "background_hdr": "music_hall_02_4k.hdr"
 },
 "environment_strength": 0.630468008999433
}