{
 "objects": [
  {
   "obj_subpath": "fan/fan_014/fan_014.blend",
   "obj_location": [
    -0.2983032017594278,
    -0.15770535343968017
   ],
   "obj_pose": [
    [
     -0.3119490161620264,
     -0.9152291103156954,
     -0.25503617083360647
    ],
    [
     0.9331808332538126,
     -0.3455801063356711,
     0.09873171659265766
    ],
    [
     -0.1784975677728653,
     -0.20719559490680695,
     0.9618776440620422
    ]
   ],
   "obj_scale": 0.6884609912159388,
   "obj_color": {
    "type": "random-multi",
    "color": [
     [
      0.07214625596327084,
      0.5466042097329503,
      0.5247428485051902
     ],
     [
      0.7255296877471084,
      0.18002458346607442,
      0.42796577622137
     ],
     [
      0.8354315964639891,
      0.11659701020539831,
      0.05250828134941321
     ]
    ],
    "randomness": 4.202328762041036,
    "scale": 1.0894830149015255,
    "specular": 0.6255080419580918,
    "roughness": 0.19899171140483485,
    "clever": false
   }
  },
  {
   "obj_subpath": "Multi Holed Block/Multi Holed Block/Multi Holed Block.blend",
   "obj_location": [
    0.3760869969490561,
    -0.18987955300195647
   ],
   "obj_pose": [
    [
     -0.39011258933295834,
     0.9207671625573615,
     0.0
    ],
    [
     -0.9207671625573615,
     -0.39011258933295834,
     0.0
    ],
    [
     0.0,
     0.0,
     1.0
    ]
   ],
   "obj_scale": 0.6192055889944241,
   "obj_color": {
    "type": "random-mono",
    "color": [
     [
      0.17047473524164047,
      0.5559722709572208,
      0.40625550802588806
     ],
     [
      0.06997003293673079,
      0.15306149096849794,
      0.12079102755121887
     ]
    ],
    "randomness": 0.19350093785075784,
    "scale": 4.746107397613537,
    "specular": 0.619954094757307,
    "roughness": 0.20117247133186122,
    "clever": false
   }
  },
  {
   "obj_subpath": "Cone Pyramid/Cone Pyramid/Cone Pyramid.blend",
   "obj_location": [
    0.442669769032339,
    0.42519505091527654
   ],
   "obj_pose": [
    [
     0.4483340643320077,
     0.8938660787609871,
     0.0
    ],
    [
     -0.8938660787609871,
     0.4483340643320077,
     0.0
    ],
    [
     0.0,
     0.0,
     1.0
    ]
   ],
   "obj_scale": 0.6546943008162303,
   "obj_color": {
    "type": "random-mono",
    "color": [
     [
      0.9265717979834714,
      0.9566688305528736,
      0.9747833501625681
     ],
     [
      0.06443918924142789,
      0.115061777988968,
      0.14553002679211036
     ]
    ],
    "randomness": 0.2422503605798969,
    "scale": 2.7113446822213376,
    "specular": 0.8098762476160936,
    "roughness": 0.19980389246562713,
    "clever": true
   }
  }
 ],
 "camera": {
  "track_to_point": [
   [
    0.29321627764591995,
    -0.08248849953688064,
    0.0
   ],
   [
    0.2506958843365401,
    -0.12337426743613769,
    0.0
   ],
   [
    0.3051877004798395,
    0.036615805819397496,
    0.0
   ],
   [
    0.23863953395336682,
    0.06339895222801611,
    0.0
   ],
   [
    0.2874702831694469,
    0.02685009983006978,
    0.0
   ],
   [
    0.20060358608926493,
    -0.07145352516814538,
    0.0
   ],
   [
    0.1216801107070421,
    0.09893282346070265,
    0.0
   ],
   [
    0.08171635766951535,
    0.10290271772228274,
    0.0
   ],
   [
    0.07747098930621925,
    0.054751396822730114,
    0.0
   ],
   [
    0.3205284321226733,
    0.04660142615287621,
    0.0
   ],
   [
    0.1591443425190952,
    0.12468233889931832,
    0.0
   ],
   [
    0.23857498338116098,
    -0.09483448992052115,
    0.0
   ],
   [
    0.19622575240294596,
    0.167815997894704,
    0.0
   ],
   [
    0.14168806650027493,
    0.009864852939551999,
    0.0
   ],
   [
    0.11275448816327845,
    -0.05151808378132046,
    0.0
   ],
   [
    0.08645180107208879,
    -0.03671096976980931,
    0.0
   ],
   [
    0.07550708046798685,
    0.15062956490466137,
    0.0
   ],
   [
    0.061618622426170416,
    -0.03365543422171027,
    0.0
   ],
   [
    0.15094586304669114,
    -0.07733637114330527,
    0.0
   ],
   [
    0.17181565763713053,
    0.11496517096501549,
    0.0
   ],
   [
    0.17004276906555982,
    0.0562167150202878,
    0.0
   ],
   [
    0.042564048867845095,
    -0.031609516990721634,
    0.0
   ],
   [
    0.3118837379900106,
    -0.07326710276607817,
    0.0
   ],
   [
    0.27949073685074066,
    0.12391159414111505,
    0.0
   ],
   [
    0.25174171853644345,
    0.07714003671773983,
    0.0
   ]
  ],
  "positions": [
   [
    -0.5473238257286113,
    -1.3024886257668356,
    0.6097086211317523
   ],
   [
    0.6899587749054885,
    -1.2528737728518167,
    0.5692131289467667
   ],
   [
    1.159088257677884,
    0.7103742183396086,
    0.5958173047434565
   ],
   [
    -1.287443260310499,
    0.3400425106972518,
    0.5546377538902691
   ],
   [
    -1.010182590541642,
    0.9552709212886109,
    0.6376658979966912
   ],
   [
    -1.036715930096335,
    0.9168349526867913,
    0.5285030683952912
   ],
   [
    -1.0593059715379538,
    -0.889024579920794,
    0.5482522236639289
   ],
   [
    -0.9734911025809443,
    1.076648288208195,
    0.579475066301878
   ],
   [
    1.2865310271562607,
    0.3963830940471727,
    0.6033589907711677
   ],
   [
    1.0550429116332491,
    -0.8961183991042633,
    0.46701193004057245
   ],
   [
    0.5842362948836128,
    -1.3379926980289842,
    0.5466388651389705
   ],
   [
    -1.3883021376601226,
    -0.00573251445798978,
    0.5133466342420967
   ],
   [
    -1.4146390334440602,
    -0.0780089350866355,
    0.5874883611617306
   ],
   [
    -1.1802311321812702,
    0.8055029090209912,
    0.6217680166264904
   ],
   [
    -1.287471633937607,
    0.7276863002118631,
    0.6018779192464929
   ],
   [
    0.585825960088468,
    -1.3618125008798145,
    0.6356831587741234
   ],
   [
    0.7642183009337755,
    1.1714173435759014,
    0.6180695365713368
   ],
   [
    1.221448085819529,
    0.5736763929612256,
    0.644736133315924
   ],
   [
    -0.5159152479140835,
    1.2298363863823316,
    0.6214058876464467
   ],
   [
    -0.14688013547065562,
    -1.3940063736201411,
    0.4858980801028214
   ],
   [
    1.374974041819293,
    -0.35894485482208677,
    0.5346618783178637
   ],
   [
    0.9705745202719702,
    -1.0513557713125274,
    0.4855764766769848
   ],
   [
    -0.530911111236369,
    1.2136622940706758,
    0.5827180943923116
   ],
   [
    -0.8189782893303825,
    -1.1989782044386839,
    0.6202710102577872
   ],
   [
    -1.0337239222710104,
    0.902737984025225,
    0.6219253722625248
   ]
  ]
 },
 "appearance_assets": {
  "floor_pbr": "Carpet001",
  "background_hdr": "childrens_hospital_4k.hdr"
 },
 "environment_strength": 0.5841159181642456
}