{
 "objects": [
  {
   "obj_subpath": "chicken/chicken_012/chicken_012.blend",
   "obj_location": [
    0.060909059395684806,
    -0.07475781385949098
   ],
   "obj_pose": [
    [
     0.004376020548119043,
     -0.3329976689147845,
     0.942917519421339
    ],
    [
     0.9999904154797034,
     0.0014590482093305558,
     -0.004125625793110359
    ],
    [
     -1.9357999008207116e-06,
     0.9429265260696411,
     0.33300086855888367
    ]
   ],
   "obj_scale": 0.61880390785471,
   "obj_color": {
    "type": "random-mono",
    "color": [
     [
      0.012244111917734044,
      0.009353228364336512,
      0.015332176830924011
     ],
     [
      0.9452865937770479,
      0.9267121458403662,
      0.9651279674939965
     ]
    ],
    "randomness": 0.8519967435514502,
    "scale": 4.25796733401317,
    "specular": 0.7655772053069712,
    "roughness": 0.28405462241356816,
    "clever": false
   }
  },
  {
   "obj_subpath": "Tier Stack Ring/Tier Stack Ring/Tier Stack Ring.blend",
   "obj_location": [
    -0.4737941119783623,
    -0.3646174381776083
   ],
   "obj_pose": [
    [
     -0.5122897108644467,
     0.8588126991040721,
     0.0
    ],
    [
     -0.8588126991040721,
     -0.5122897108644467,
     0.0
    ],
    [
     0.0,
     0.0,
     1.0
    ]
   ],
   "obj_scale": 0.6526312782364782,
   "obj_color": {
    "type": "random-multi",
    "color": [
     [
      0.17416065405075287,
      0.7343594435090829,
      0.616458250033694
     ],
     [
      0.3169050293186747,
      0.17600169848557579,
      0.8298735114577104
     ],
     [
      0.6144323011799775,
      0.04129994669556247,
      0.045614977902437986
     ],
     [
      0.5934711836074382,
      0.2171270659745521,
      0.14421507815164925
     ]
    ],
    "randomness": 1.7067232487627808,
    "scale": 0.7248554828174879,
    "specular": 0.817852514594497,
    "roughness": 0.280094224628857,
    "clever": false
   }
  },
  {
   "obj_subpath": "Extrudy Cone Rings/Extrudy Cone Rings/Extrudy Cone Rings.blend",
   "obj_location": [
    -0.39381037671948793,
    0.4582218080434016
   ],
   "obj_pose": [
    [
     0.6320300591575281,
     -0.7749438717231923,
     0.0
    ],
    [
     0.7749438717231923,
     0.6320300591575281,
     0.0
    ],
    [
     0.0,
     0.0,
     1.0
    ]
   ],
   "obj_scale": 0.6273156358601385,
   "obj_color": {
    "type": "random-multi",
    "color": [
     [
      0.11160084670788695,
      0.7217604130335228,
      0.017610303721732667
     ],
     [
      0.7407529904752473,
      0.030129110857183172,
      0.4031840175111929
     ],
     [
      0.7891574523061613,
      0.13769340188265805,
      0.0386940505129012
     ],
     [
      0.14080952997206653,
      0.5680988339465599,
      0.39510410813755725
     ]
    ],
    "randomness": 0.769672768735844,
    "scale": 1.0147892663274005,
    "specular": 0.7525253931783287,
    "roughness": 0.11977373075603188,
    "clever": false
   }
  }
 ],
 "camera": {
  "track_to_point": [
   [
    -0.3320268931706752,
    0.035004563984951054,
    0.0
   ],
   [
    -0.3573058305873608,
    0.11486886484923639,
    0.0
   ],
   [
    -0.37452038781012753,
    -0.13236436951602878,
    0.0
   ],
   [
    -0.39978793518260913,
    -0.08775718306463373,
    0.0
   ],
   [
    -0.31170432886411137,
    0.07359704471395473,
    0.0
   ],
   [
    -0.23017818273428686,
    0.006791616537536738,
    0.0
   ],
   [
    -0.3975907799206549,
    -0.1068180655879497,
    0.0
   ],
   [
    -0.1496849143509091,
    0.02752632400482055,
    0.0
   ],
   [
    -0.3421396398681668,
    -0.06805214988580945,
    0.0
   ],
   [
    -0.3407435504274044,
    -0.10680621552541031,
    0.0
   ],
   [
    -0.24695489723094785,
    0.12934760202674736,
    0.0
   ],
   [
    -0.14865003791169681,
    -0.11553071988979617,
    0.0
   ],
   [
    -0.1216222321081076,
    0.007912465952425507,
    0.0
   ],
   [
    -0.3385937053327308,
    0.08113964757532377,
    0.0
   ],
   [
    -0.29586112779594054,
    0.1393044098622558,
    0.0
   ],
   [
    -0.39298176244211813,
    0.0502176359009765,
    0.0
   ],
   [
    -0.1667090916314398,
    -0.0073475246330299004,
    0.0
   ],
   [
    -0.2157450736255823,
    0.0687694526096006,
    0.0
   ],
   [
    -0.17211846304717393,
    -0.09577311270895969,
    0.0
   ],
   [
    -0.4093358149961859,
    0.036437593044385985,
    0.0
   ],
   [
    -0.3270218306901092,
    0.11984053147924909,
    0.0
   ],
   [
    -0.24737259677960943,
    0.14296705774103838,
    0.0
   ],
   [
    -0.27320113374721866,
    -0.04487756304704085,
    0.0
   ],
   [
    -0.3226979005260662,
    -0.13614540567459793,
    0.0
   ],
   [
    -0.1956653487534458,
    0.004145506092538859,
    0.0
   ]
  ],
  "positions": [
   [
    1.3992012929722804,
    -0.5306793499062353,
    0.5338986721868236
   ],
   [
    -1.3819107377401387,
    -0.4279932453288124,
    0.49282579576514796
   ],
   [
    -0.7286583734007127,
    -1.110399723652028,
    0.5238517890089154
   ],
   [
    1.4531489099011377,
    -0.04950568676777416,
    0.6379904336310757
   ],
   [
    1.3758081513569271,
    0.41383552833657955,
    0.5549388715897426
   ],
   [
    -0.42613187545413284,
    -1.323034045527078,
    0.5461137088155948
   ],
   [
    -0.06384939105352512,
    -1.4745114903767214,
    0.6305263985007922
   ],
   [
    -1.3023088519949326,
    0.2059166812269062,
    0.5926471593401695
   ],
   [
    -0.23760856037518885,
    1.3709171146123087,
    0.5080726409771807
   ],
   [
    -1.3629238594749393,
    0.48092055300871783,
    0.5677335498804539
   ],
   [
    1.1912469846987659,
    0.8709084257689316,
    0.6075773848930092
   ],
   [
    -0.7819567164133069,
    1.111088051010108,
    0.4698416559082405
   ],
   [
    -0.09376963575972279,
    1.3878372727352086,
    0.4865622466681013
   ],
   [
    -1.306076237788811,
    0.6744885270967784,
    0.5108845787482932
   ],
   [
    -1.1940712885411977,
    0.5715277185877089,
    0.5509947788215837
   ],
   [
    0.21757844150490666,
    -1.3168516513245312,
    0.5493222077672495
   ],
   [
    -0.9142777996644322,
    1.0670186684478022,
    0.6055511647380751
   ],
   [
    -1.4615723210068614,
    -0.14859905509523783,
    0.6435352581442588
   ],
   [
    -0.9698332013676244,
    1.0195628584853165,
    0.48901693247502687
   ],
   [
    1.3464008534248073,
    -0.5021599556886538,
    0.5504987677600849
   ],
   [
    0.17639897518317874,
    -1.3874698750204602,
    0.5389804060609605
   ],
   [
    -0.013346273442547778,
    -1.321932344455727,
    0.5270033975521345
   ],
   [
    1.3326096594565267,
    -0.6599105190701066,
    0.586039726921725
   ],
   [
    0.20219703515550697,
    1.4419822773807343,
    0.6069869157370582
   ],
   [
    1.1777221373696558,
    -0.7190170834870112,
    0.5852923147248916
   ]
  ]
 },
 "appearance_assets": {
  "floor_pbr": "Carpet009",
  "background_hdr": "reading_room_4k.hdr"
 },
 "environment_strength": 0.5380991023817404
}