{
 "objects": [
  {
   "obj_subpath": "sofa/sofa_029/sofa_029.blend",
   "obj_location": [
    -0.3458432646601258,
    0.11938733683811176
   ],
   "obj_pose": [
    [
     -0.42764548943789227,
     -0.9039465414044383,
     -3.538724912735898e-07
    ],
    [
     0.9039465414044383,
     -0.42764548943789227,
     -2.485235728332245e-07
    ],
    [
     7.332005225180183e-08,
     -4.2616179030119383e-07,
     1.0
    ]
   ],
   "obj_scale": 0.6243332040423074,
   "obj_color": {
    "type": "random-mono",
    "color": [
     [
      0.04509900834815567,
      0.03790339291278278,
      0.060999077098864866
     ],
     [
      0.3687916809211384,
      0.3046473812942865,
      0.5105306027956067
     ]
    ],
    "randomness": 0.36942588500001605,
    "scale": 3.221726984831215,
    "specular": 0.6890089357083604,
    "roughness": 0.1242936774021256,
    "clever": false
   }
  },
  {
   "obj_subpath": "Cylinder Crinkle/Cylinder Crinkle/Cylinder Crinkle.blend",
   "obj_location": [
    0.44262329349242024,
    -0.0764732000003221
   ],
   "obj_pose": [
    [
     0.19833954469392623,
     0.9801333710320275,
     0.0
    ],
    [
     -0.9801333710320275,
     0.19833954469392623,
     0.0
    ],
    [
     0.0,
     0.0,
     1.0
    ]
   ],
   "obj_scale": 0.6638366556347517,
   "obj_color": {
    "type": "random-multi",
    "color": [
     [
      0.42905441464596095,
      0.19375287987903755,
      0.8709325535107006
     ],
     [
      0.16897444132147132,
      0.5892357141899569,
      0.869704820592905
     ],
     [
      0.6700561437804108,
      0.03136766273581637,
      0.8964949245860074
     ],
     [
      0.021607375465843903,
      0.21124117760036393,
      0.8347733948100926
     ]
    ],
    "randomness": 3.57593090326794,
    "scale": 0.645163641292778,
    "specular": 0.690149906751182,
    "roughness": 0.255444048747233,
    "clever": false
   }
  },
  {
   "obj_subpath": "Noodle Cube/Noodle Cube/Noodle Cube.blend",
   "obj_location": [
    -0.027942176487187664,
    -0.4576970338473074
   ],
   "obj_pose": [
    [
     0.6462769652804188,
     -0.7631029315550638,
     0.0
    ],
    [
     0.7631029315550638,
     0.6462769652804188,
     0.0
    ],
    [
     0.0,
     0.0,
     1.0
    ]
   ],
   "obj_scale": 0.6412147476982647,
   "obj_color": {
    "type": "random-multi",
    "color": [
     [
      0.37619360878308167,
      0.14850236084223034,
      0.8352648915947969
     ],
     [
      0.19293967383940858,
      0.8229925461383373,
      0.21551336027446752
     ],
     [
      0.17742787942161198,
      0.42209231074418774,
      0.8763733322466485
     ]
    ],
    "randomness": 0.48694658597779494,
    "scale": 1.3839901486189419,
    "specular": 0.84362176108425,
    "roughness": 0.10231696190957949,
    "clever": true
   }
  }
 ],
 "camera": {
  "track_to_point": [
   [
    0.12434926889160566,
    -0.22592235708435998,
    0.0
   ],
   [
    -0.11436799848131005,
    -0.09934747767043028,
    0.0
   ],
   [
    -0.037879394169244684,
    -0.2855636629702387,
    0.0
   ],
   [
    0.16952464006690668,
    0.0009976025358196805,
    0.0
   ],
   [
    0.04633963933499058,
    -0.015483966733800841,
    0.0
   ],
   [
    0.028719732344791526,
    -0.025130778342609544,
    0.0
   ],
   [
    -0.12668830688653365,
    -0.10804912107745154,
    0.0
   ],
   [
    -0.00323478895708576,
    -0.23350896760941559,
    0.0
   ],
   [
    0.0263686868459915,
    -0.024783327753809176,
    0.0
   ],
   [
    -0.08970594850091074,
    -0.1650339542877211,
    0.0
   ],
   [
    0.1601095710451986,
    -0.19313341872916,
    0.0
   ],
   [
    -0.12091066565029815,
    -0.26714792473631155,
    0.0
   ],
   [
    0.12865458600387233,
    -0.14189491020234055,
    0.0
   ],
   [
    -0.11321644258568245,
    -0.07103043086353122,
    0.0
   ],
   [
    0.14664010603531777,
    -0.07118474650212092,
    0.0
   ],
   [
    -0.0269428617677384,
    -0.08721189465665766,
    0.0
   ],
   [
    -0.09970818677911789,
    -0.23084052194036891,
    0.0
   ],
   [
    -0.06380705268937147,
    -0.02181891908962444,
    0.0
   ],
   [
    -0.06354236718633346,
    -0.004626859100259145,
    0.0
   ],
   [
    0.049759869980644744,
    -0.12074924457881411,
    0.0
   ],
   [
    -0.11048489033463071,
    -4.9939661678904956e-05,
    0.0
   ],
   [
    -0.07992487330387488,
    -0.204246956481457,
    0.0
   ],
   [
    0.05209983072301139,
    -0.0719815738862393,
    0.0
   ],
   [
    -0.019228516131030896,
    -0.2357092948717769,
    0.0
   ],
   [
    0.12611902248264636,
    -0.23402178988372924,
    0.0
   ]
  ],
  "positions": [
   [
    -0.9234500584419791,
    0.9911751574221735,
    0.4823641323966021
   ],
   [
    -1.3478996122829758,
    0.5544666036577173,
    0.4871301426006282
   ],
   [
    -1.2498840370197162,
    -0.611927186854837,
    0.5124345942387108
   ],
   [
    1.1166555871487438,
    0.9292648781543915,
    0.5003464275299369
   ],
   [
    0.5076067223473184,
    -1.402208801794547,
    0.5516277089499902
   ],
   [
    -1.0897879553804695,
    -0.8342983463302684,
    0.6265660585250046
   ],
   [
    0.31655975489188426,
    -1.2774680988036393,
    0.6482525471373429
   ],
   [
    1.383928823372172,
    0.4205834710610373,
    0.5994390432622585
   ],
   [
    -1.3823971768774996,
    0.02624770567053085,
    0.49221169295213996
   ],
   [
    -1.327604007612913,
    0.30769190175457767,
    0.6095169878961328
   ],
   [
    -1.357600360336617,
    -0.06368580540671376,
    0.5725895093908608
   ],
   [
    1.2967451146144997,
    -0.22968774911131598,
    0.4611309976654799
   ],
   [
    1.1993094456405249,
    -0.5098218097311565,
    0.6075129530383143
   ],
   [
    1.4265704742031577,
    -0.32293674020479324,
    0.542708616251101
   ],
   [
    -0.3202690299971675,
    -1.2706162579979243,
    0.5209146713533575
   ],
   [
    1.0355102686244353,
    0.9204840474876184,
    0.5201053198625978
   ],
   [
    1.2612000395011178,
    -0.4334420582440078,
    0.4848197351821262
   ],
   [
    0.03350698395055497,
    1.382071011035945,
    0.6458279379492124
   ],
   [
    -0.16615448606644956,
    -1.4123832842266217,
    0.5902996641025883
   ],
   [
    1.3069445236108284,
    -0.3178288167327243,
    0.49819520645062965
   ],
   [
    1.1657395306618088,
    0.6906035598406163,
    0.5880773020941226
   ],
   [
    -1.2095970065109471,
    0.5590600915112488,
    0.622134717038918
   ],
   [
    1.2035872536839876,
    -0.5180916619433678,
    0.6341764176541711
   ],
   [
    -1.4254644668250425,
    -0.0016671006510004785,
    0.6141224586008245
   ],
   [
    -0.307999288747442,
    1.4027784301179735,
    0.5331556654642826
   ]
  ]
 },
 "appearance_assets": {
  "floor_pbr": "Planks011",
  "background_hdr": "music_hall_02_4k.hdr"
 },
 "environment_strength": 0.7902587105475043
}