{
 "objects": [
  {
   "obj_subpath": "guitar/guitar_014/guitar_014.blend",
   "obj_location": [
    -0.33439011252909645,
    0.3695993649888396
   ],
   "obj_pose": [
    [
     0.5453626564457386,
     -0.13122910875188523,
     -0.8278638040434312
    ],
    [
     -0.8092413730992418,
     0.17493820647607575,
     -0.5608253072273616
    ],
    [
     0.21842162311077118,
     0.9757948517799377,
     -0.010791260749101639
    ]
   ],
   "obj_scale": 0.612761870209867,
   "obj_color": {
    "type": "random-multi",
    "color": [
     [
      0.8841922145263622,
      0.7178420442889661,
      0.18239064082035716
     ],
     [
      0.21527848000323702,
      0.8796486640527832,
      0.3235105210412311
     ],
     [
      0.11999283678847861,
      0.8267170248434814,
      0.774301100954675
     ],
     [
      0.37848120683692865,
      0.7857833105438011,
      0.1634193679330901
     ]
    ],
    "randomness": 1.3478608694234606,
    "scale": 1.316421058520004,
    "specular": 0.6641748598359616,
    "roughness": 0.19482907416059264,
    "clever": false
   }
  },
  {
   "obj_subpath": "Organic Blob/Organic Blob/Organic Blob.blend",
   "obj_location": [
    -0.17541843694295867,
    -0.3787893046393461
   ],
   "obj_pose": [
    [
     -0.16659387799457917,
     -0.9860255979510508,
     0.0
    ],
    [
     0.9860255979510508,
     -0.16659387799457917,
     0.0
    ],
    [
     0.0,
     0.0,
     1.0
    ]
   ],
   "obj_scale": 0.603292066455707,
   "obj_color": {
    "type": "random-multi",
    "color": [
     [
      0.8492711480325641,
      0.6170522623786787,
      0.1160994301384517
     ],
     [
      0.08547241286498675,
      0.28598905612984593,
      0.7682714550249169
     ],
     [
      0.6700181855303589,
      0.15440897871162518,
      0.16302878972056575
     ],
     [
      0.5330173306726554,
      0.07822214598700195,
      0.3855544553999755
     ]
    ],
    "randomness": 1.2373574907376024,
    "scale": 0.8292765026570632,
    "specular": 0.8771351880488281,
    "roughness": 0.20698526350094765,
    "clever": true
   }
  },
  {
   "obj_subpath": "Ico Pointy II/Ico Pointy II/Ico Pointy II.blend",
   "obj_location": [
    0.4661159467684647,
    0.10491967849342265
   ],
   "obj_pose": [
    [
     -0.5659086109585558,
     -0.8244679763598813,
     0.0
    ],
    [
     0.8244679763598813,
     -0.5659086109585558,
     0.0
    ],
    [
     0.0,
     0.0,
     1.0
    ]
   ],
   "obj_scale": 0.6906562276612135,
   "obj_color": {
    "type": "random-multi",
    "color": [
     [
      0.7364424127414902,
      0.1747058608143207,
      0.3488855657192576
     ],
     [
      0.003646438713565847,
      0.8931385746364783,
      0.3442057401047275
     ]
    ],
    "randomness": 0.5698656909762118,
    "scale": 1.4819442691840767,
    "specular": 0.7790329741361519,
    "roughness": 0.20680065046614723,
    "clever": true
   }
  }
 ],
 "camera": {
  "track_to_point": [
   [
    0.0047895503051043065,
    0.1544134253890665,
    0.0
   ],
   [
    -0.12015659188944056,
    0.01333863281338555,
    0.0
   ],
   [
    0.04659600291170318,
    0.005283314015342745,
    0.0
   ],
   [
    0.07144808739159553,
    -0.05668716266511497,
    0.0
   ],
   [
    -0.14705448911092195,
    0.14257730966459392,
    0.0
   ],
   [
    -0.08566900948064776,
    -0.0939583837723692,
    0.0
   ],
   [
    -0.059062807124441855,
    0.1808378783329605,
    0.0
   ],
   [
    -0.03025607559608287,
    0.07344111688003724,
    0.0
   ],
   [
    0.0692629769262007,
    0.04940595374729601,
    0.0
   ],
   [
    0.030196816305291307,
    0.0020677846936928215,
    0.0
   ],
   [
    0.03966933032769418,
    0.06641788447395575,
    0.0
   ],
   [
    0.12546312501292753,
    0.048788611897583024,
    0.0
   ],
   [
    -0.08406580613842825,
    0.0634019478062165,
    0.0
   ],
   [
    0.12358151028914208,
    -0.004605171546709079,
    0.0
   ],
   [
    0.04248901571355923,
    0.07845869727461821,
    0.0
   ],
   [
    0.039034612234824295,
    0.08333737164664887,
    0.0
   ],
   [
    -0.043598873492564236,
    -0.06146537205810917,
    0.0
   ],
   [
    0.054286278076384864,
    0.12327743625872634,
    0.0
   ],
   [
    0.07329686160364723,
    0.0629126744261676,
    0.0
   ],
   [
    -0.041767916402110056,
    0.14669447254019474,
    0.0
   ],
   [
    0.0071111123049451275,
    0.15977632553644178,
    0.0
   ],
   [
    0.039436575304964305,
    0.08645631612363128,
    0.0
   ],
   [
    -0.11462294045838183,
    0.12364112013474193,
    0.0
   ],
   [
    0.021240498979657935,
    0.15062423264767244,
    0.0
   ],
   [
    0.058803798626156534,
    0.1773593676818082,
    0.0
   ]
  ],
  "positions": [
   [
    0.19623594634416733,
    1.3811086830304526,
    0.6466925845083676
   ],
   [
    0.6331854836111764,
    -1.203886423800591,
    0.6364928541716884
   ],
   [
    -1.3567545823842686,
    0.22437777446884088,
    0.5040041382083171
   ],
   [
    1.1223270750611911,
    -0.9605554103137499,
    0.5884179482280586
   ],
   [
    0.642093028654807,
    1.1740281770355028,
    0.5523292334195145
   ],
   [
    0.813651417460622,
    -1.2460090043457341,
    0.6437527670167467
   ],
   [
    1.2308196452101736,
    -0.825704726483303,
    0.4967747719621042
   ],
   [
    -0.15942121944925175,
    1.3309552746775952,
    0.5686119390049506
   ],
   [
    0.37574168468221386,
    -1.4140292758996011,
    0.5422217071887235
   ],
   [
    -1.352967079150469,
    -0.1454565945504335,
    0.473636185963282
   ],
   [
    -0.2096777684458762,
    1.3812163047913928,
    0.5207820893824893
   ],
   [
    -1.3999495212002355,
    -0.1062590917430398,
    0.5923265379588859
   ],
   [
    -0.6696335077794424,
    1.25222227226091,
    0.46947396169219674
   ],
   [
    -0.5083708886706856,
    -1.3621417518289485,
    0.5059174124315768
   ],
   [
    -1.4880084009316494,
    -0.003912274925447285,
    0.5495054943264941
   ],
   [
    1.0263396627550119,
    0.9043493374443018,
    0.49415176387794124
   ],
   [
    -0.832826576811697,
    -1.1884923508146348,
    0.4766463988133627
   ],
   [
    1.3546488597465283,
    -0.44914355495497327,
    0.5081588714335511
   ],
   [
    0.9199450784736329,
    -1.1613860012032478,
    0.630887779928184
   ],
   [
    1.4485456075969576,
    -0.24447935207493857,
    0.47642821479546144
   ],
   [
    1.0882856750221024,
    0.7165436121871898,
    0.5358429803660839
   ],
   [
    -0.17957241913531272,
    -1.3020114175672435,
    0.5334694477260244
   ],
   [
    -1.3691290800177847,
    0.5471027071693869,
    0.6049097235824936
   ],
   [
    0.8971166393544039,
    -0.9620889768297132,
    0.5395298279374636
   ],
   [
    1.36883846515248,
    -0.050262637424697394,
    0.5617219611367466
   ]
  ]
 },
 "appearance_assets": {
  "floor_pbr": "Planks013",
  "background_hdr": "st_fagans_interior_4k.hdr"
 },
 "environment_strength": 0.4141913097045751
}