{
 "objects": [
  {
   "obj_subpath": "candy/candy_006/candy_006.blend",
   "obj_location": [
    -0.06311939666362021,
    0.3979545625523623
   ],
   "obj_pose": [
    [
     0.6763763980143469,
     0.00017851972146064435,
     -0.7365561421485729
    ],
    [
     -0.7358131063114001,
     0.04507056614728772,
     -0.675683143576277
    ],
    [
     0.03307637944817543,
     0.9989838004112244,
     0.030616024509072304
    ]
   ],
   "obj_scale": 0.6688139735219416,
   "obj_color": {
    "type": "random-mono",
    "color": [
     [
      0.16550607371287995,
      0.10252367093303694,
      0.22485862660054023
     ],
     [
      0.4338929796493658,
      0.19547104586363395,
      0.6585739986327313
     ],
     [
      0.7886527866065438,
      0.7234729949578786,
      0.8500760867711443
     ],
     [
      0.6441592862367314,
      0.4955064525468498,
      0.784244846394226
     ]
    ],
    "randomness": 0.9229213423661304,
    "scale": 2.7546513445396337,
    "specular": 0.6529190251507018,
    "roughness": 0.10860379057070076,
    "clever": false
   }
  },
  {
   "obj_subpath": "Ring of Rings/Ring of Rings/Ring of Rings.blend",
   "obj_location": [
    -0.21572926111022672,
    -0.3459400722361422
   ],
   "obj_pose": [
    [
     0.3818927483926079,
     -0.924206648280102,
     0.0
    ],
    [
     0.924206648280102,
     0.3818927483926079,
     0.0
    ],
    [
     0.0,
     0.0,
     1.0
    ]
   ],
   "obj_scale": 0.6965867622389229,
   "obj_color": {
    "type": "random-multi",
    "color": [
     [
      0.7292036622323282,
      0.17222346667729538,
      0.6866424105386585
     ],
     [
      0.18927496153256862,
      0.29380954674120136,
      0.7689457053991953
     ]
    ],
    "randomness": 3.0833016313435775,
    "scale": 1.1057717406403342,
    "specular": 0.803435188128466,
    "roughness": 0.12764412468001124,
    "clever": true
   }
  },
  {
   "obj_subpath": "Vase Sphere/Vase Sphere/Vase Sphere.blend",
   "obj_location": [
    0.40915337893608583,
    -0.13583137686500268
   ],
   "obj_pose": [
    [
     -0.7043758812931435,
     -0.7098271746365501,
     0.0
    ],
    [
     0.7098271746365501,
     -0.7043758812931435,
     0.0
    ],
    [
     0.0,
     0.0,
     1.0
    ]
   ],
   "obj_scale": 0.6854219088465047,
   "obj_color": {
    "type": "random-multi",
    "color": [
     [
      0.744103629045509,
      0.27568541546373704,
      0.0003772084894360095
     ],
     [
      0.931575641186839,
      0.0960055344388584,
      0.4860490792745794
     ],
     [
      0.5037742661864583,
      0.17247915929364432,
      0.12385527294792598
     ]
    ],
    "randomness": 0.6757629151812805,
    "scale": 0.8746912154184606,
    "specular": 0.6642606155272733,
    "roughness": 0.1541833926883682,
    "clever": false
   }
  }
 ],
 "camera": {
  "track_to_point": [
   [
    -0.0926254327025261,
    -0.02935565948018053,
    0.0
   ],
   [
    -0.0286286109347069,
    0.001068624761279096,
    0.0
   ],
   [
    0.08392915484397831,
    -0.015867170331377623,
    0.0
   ],
   [
    0.05587584278443276,
    -0.0031849733974987533,
    0.0
   ],
   [
    0.12985215582548446,
    -0.15781371250412324,
    0.0
   ],
   [
    -0.04286420792120508,
    0.08370611597234441,
    0.0
   ],
   [
    0.05256841573948807,
    -0.061288865577991666,
    0.0
   ],
   [
    0.03577028247681647,
    0.11185206223894313,
    0.0
   ],
   [
    0.04681727345236967,
    -0.06404710581286079,
    0.0
   ],
   [
    0.18748133856230154,
    -0.1275343665410698,
    0.0
   ],
   [
    0.11610458216047437,
    -0.047075702432983244,
    0.0
   ],
   [
    0.06698892462446576,
    -0.06635969475756462,
    0.0
   ],
   [
    0.04148661956419503,
    0.07368198483013817,
    0.0
   ],
   [
    0.020271342538851857,
    -0.16422072802547127,
    0.0
   ],
   [
    0.036475263302919926,
    -0.044521163261277544,
    0.0
   ],
   [
    0.09176778936790014,
    0.05229071510677401,
    0.0
   ],
   [
    -0.027795539309591076,
    -0.10163095256218992,
    0.0
   ],
   [
    -0.004755642652561724,
    -0.10902828537649749,
    0.0
   ],
   [
    0.14878935609487953,
    -0.010489457958907256,
    0.0
   ],
   [
    -0.06159737551120347,
    -0.1424583684249919,
    0.0
   ],
   [
    0.13558942657071343,
    -0.10663840121167377,
    0.0
   ],
   [
    -0.08347641181464274,
    -0.08764080623501194,
    0.0
   ],
   [
    0.006414576929674599,
    0.06489994424731955,
    0.0
   ],
   [
    0.15496907276311794,
    -0.01770284823447212,
    0.0
   ],
   [
    -0.03515978496528247,
    -0.019396240486815697,
    0.0
   ]
  ],
  "positions": [
   [
    0.5585175711215798,
    1.306645153781832,
    0.6250820675827443
   ],
   [
    -0.10158049037613931,
    -1.4578588138334463,
    0.4506803691230285
   ],
   [
    -0.6317088214623621,
    1.236796947153123,
    0.5582757869555628
   ],
   [
    -1.3806075123650363,
    -0.42502553971096485,
    0.5224011199498286
   ],
   [
    -0.484726787999552,
    1.2120473543702244,
    0.6464958698382288
   ],
   [
    -0.20462380530644203,
    -1.3534481549846304,
    0.46677824369369836
   ],
   [
    1.4741283835012904,
    -0.2256120594315396,
    0.5986783329716155
   ],
   [
    1.0962062949015265,
    0.9427281357466839,
    0.6101611194320362
   ],
   [
    0.6104010848697503,
    1.3673644125395996,
    0.6126595495988343
   ],
   [
    1.181282560958313,
    -0.7825821979295183,
    0.5526321715396997
   ],
   [
    0.9377791907795348,
    0.950264147885275,
    0.5534623369216364
   ],
   [
    -1.2513971199342044,
    -0.3650749589938228,
    0.4801931060256397
   ],
   [
    0.4031168469250882,
    -1.3271259363806476,
    0.462449399765364
   ],
   [
    1.1945328628234753,
    -0.740647053041214,
    0.5819124492394203
   ],
   [
    -0.9345893147168473,
    -1.1577113947739894,
    0.5935229248406085
   ],
   [
    -0.3949203488020365,
    1.393115848034362,
    0.4913152541439162
   ],
   [
    -1.2416521301930319,
    -0.42389349246274666,
    0.45783674373652505
   ],
   [
    -1.39475766250018,
    -0.14460705913817046,
    0.6319273420177776
   ],
   [
    -0.5281670470549862,
    1.3669052489235096,
    0.6410645798574828
   ],
   [
    -0.4998290254375003,
    -1.3015142714640533,
    0.5497329872596931
   ],
   [
    -0.337996894124961,
    -1.454388679970602,
    0.5644545684221837
   ],
   [
    -1.2902327649037721,
    0.4464728810915345,
    0.5880223296673724
   ],
   [
    1.1335229565751275,
    -0.7204930079452752,
    0.5450799376305014
   ],
   [
    0.8417597252977295,
    -1.0222826256367015,
    0.46425401762069324
   ],
   [
    1.3662446078548423,
    0.025616901088059835,
    0.50580247366664
   ]
  ]
 },
 "appearance_assets": {
  "floor_pbr": "Carpet005",
  "background_hdr": "lapa_4k.hdr"
 },
 "environment_strength": 0.7308349479595895
}