{
 "objects": [
  {
   "obj_subpath": "airplane/airplane_001/airplane_001.blend",
   "obj_location": [
    0.4991549814579985,
    -0.031758283674298005
   ],
   "obj_pose": [
    [
     -0.8020620234319942,
     -0.5972407475785415,
     0.0
    ],
    [
     0.5972407475785415,
     -0.8020620234319942,
     0.0
    ],
    [
     0.0,
     0.0,
     1.0
    ]
   ],
   "obj_scale": 0.6794724156527414,
   "obj_color": {
    "type": "random-multi",
    "color": [
     [
      0.6271502930520075,
      0.47988959630958256,
      0.09724212976901514
     ],
     [
      0.44284366921068113,
      0.13179971614608565,
      0.7336101939033776
     ]
    ],
    "randomness": 4.864102707265579,
    "scale": 1.0548496528020144,
    "specular": 0.8157477936269835,
    "roughness": 0.26152151161168313,
    "clever": true
   }
  },
  {
   "obj_subpath": "Spool/Spool/Spool.blend",
   "obj_location": [
    -0.3911947111161834,
    -0.04552074363355696
   ],
   "obj_pose": [
    [
     0.7569646272883537,
     0.6534558539290959,
     0.0
    ],
    [
     -0.6534558539290959,
     0.7569646272883537,
     0.0
    ],
    [
     0.0,
     0.0,
     1.0
    ]
   ],
   "obj_scale": 0.6099119104510434,
   "obj_color": {
    "type": "random-mono",
    "color": [
     [
      0.8501957728886549,
      0.7135265202130952,
      0.7457289342038369
     ],
     [
      0.1420633755690971,
      0.055890997892093286,
      0.07619518867528961
     ],
     [
      0.9142857918815167,
      0.7817635595684599,
      0.8129888403421321
     ]
    ],
    "randomness": 0.11491681468293835,
    "scale": 4.955283868359623,
    "specular": 0.7439703253020453,
    "roughness": 0.21491231544174094,
    "clever": false
   }
  }
 ],
 "camera": {
  "track_to_point": [
   [
    0.03749461887896821,
    0.09699161543491938,
    0.0
   ],
   [
    -0.010132783845417964,
    -0.0922719006107569,
    0.0
   ],
   [
    -0.026643261013730643,
    0.08809379014746568,
    0.0
   ],
   [
    -0.07563341790857522,
    0.10301707826837056,
    0.0
   ],
   [
    0.18966461126682546,
    0.021809626529559006,
    0.0
   ],
   [
    0.022586593858818144,
    0.08031546549250848,
    0.0
   ],
   [
    0.18611076602037332,
    0.021899414025684988,
    0.0
   ],
   [
    -0.022720725750554283,
    0.05862554513002541,
    0.0
   ],
   [
    0.0972759148966186,
    -0.05630989121044774,
    0.0
   ],
   [
    0.16398869957869147,
    0.09166527438524494,
    0.0
   ],
   [
    0.15154721313941907,
    -0.04415225822474586,
    0.0
   ],
   [
    -0.08147228042141105,
    -0.0742112863547823,
    0.0
   ],
   [
    -0.04053967065853192,
    0.03136143130735913,
    0.0
   ],
   [
    -0.0945488813310531,
    0.09610168452101783,
    0.0
   ],
   [
    0.16132333229293996,
    0.08121990688140504,
    0.0
   ],
   [
    0.1954415760756074,
    -0.0386304973818401,
    0.0
   ],
   [
    -0.007670229765143033,
    -0.14115673111430765,
    0.0
   ],
   [
    -0.012343423851933946,
    0.1069935274573556,
    0.0
   ],
   [
    -0.0166633706649585,
    -0.08634185225161989,
    0.0
   ],
   [
    0.16996279361786235,
    0.0688882192532487,
    0.0
   ],
   [
    -0.07083716837882897,
    0.09194068883040893,
    0.0
   ],
   [
    -0.09586443039425865,
    -0.15889164223799085,
    0.0
   ],
   [
    -0.06750279331525878,
    -0.08622363368500253,
    0.0
   ],
   [
    0.194155780860397,
    -0.012733160882048594,
    0.0
   ],
   [
    0.002228265135326535,
    0.09804500166098126,
    0.0
   ]
  ],
  "positions": [
   [
    -0.5487746146992465,
    1.232610380669709,
    0.514661605265887
   ],
   [
    -0.5075039700853976,
    1.3097289155228606,
    0.6069572668006848
   ],
   [
    -0.9586656933307975,
    -1.1191191037203718,
    0.6443356978130328
   ],
   [
    -0.7385110034876018,
    1.2290570210615261,
    0.5948767421201197
   ],
   [
    -0.9454565644661845,
    0.9911487744585015,
    0.6173967281282227
   ],
   [
    -0.2648734519304939,
    -1.4541600613129797,
    0.6378000442018676
   ],
   [
    -1.226093996039468,
    0.46625116386572324,
    0.5761175516626615
   ],
   [
    -1.416588071281119,
    -0.02398873874093192,
    0.4922585714858575
   ],
   [
    -0.6515645043630712,
    1.127876106750135,
    0.5646382003499026
   ],
   [
    1.11323213549984,
    0.8670323196909911,
    0.5865823326336483
   ],
   [
    -1.0554168127252732,
    -0.8342937851213117,
    0.5401499621441179
   ],
   [
    1.2972039126885695,
    0.2732403105615156,
    0.5722472809931151
   ],
   [
    -1.166085683763001,
    0.8670526561138865,
    0.45047038451023563
   ],
   [
    1.3516299782298362,
    -0.4620522126588239,
    0.472991414571497
   ],
   [
    -0.7583198875431569,
    -1.2821079515579552,
    0.5411757989505708
   ],
   [
    -0.09502869512019038,
    -1.4308290725554338,
    0.49644954964246996
   ],
   [
    -1.1421015993626262,
    0.9535354617562364,
    0.45724208937017274
   ],
   [
    1.3922097255396173,
    -0.38584714223082256,
    0.5163834095848874
   ],
   [
    -1.465921720484956,
    0.2139249464560348,
    0.4716587690375057
   ],
   [
    1.2724421809774473,
    0.5633039891810129,
    0.5323947916911962
   ],
   [
    0.6226309967547407,
    -1.2728575346816786,
    0.6167135814483694
   ],
   [
    0.5570968787887619,
    -1.2082102657022171,
    0.4662949887288291
   ],
   [
    1.352082584556567,
    0.6311497915160179,
    0.5751586377487459
   ],
   [
    -0.8235637419838922,
    1.0270490919887705,
    0.5847585576153033
   ],
   [
    -1.2035783153900965,
    -0.5366491469586502,
    0.5564829510802708
   ]
  ]
 },
 "appearance_assets": {
  "floor_pbr": "Planks014",
  "background_hdr": "umhlanga_sunrise_4k.hdr"
 },
 "environment_strength": 0.7079993686094406
}