{
 "objects": [
  {
   "obj_subpath": "boat/boat_026/boat_026.blend",
   "obj_location": [
    0.1853742644649693,
    0.46699094118812856
   ],
   "obj_pose": [
    [
     -0.9084693836290796,
     -0.4179514074729264,
     0.0
    ],
    [
     0.4179514074729264,
     -0.9084693836290796,
     0.0
    ],
    [
     0.0,
     0.0,
     1.0
    ]
   ],
   "obj_scale": 0.6319665925359278,
   "obj_color": {
    "type": "random-mono",
    "color": [
     [
      0.5684089616050376,
      0.27742413746301864,
      0.41086609152179976
     ],
     [
      0.7936811745043652,
      0.5931707914886392,
      0.6851223130072811
     ],
     [
      0.46849703346307353,
      0.2624204034463327,
      0.35692453532456764
     ],
     [
      0.20729237606390497,
      0.06329682981677617,
      0.12933136314213026
     ]
    ],
    "randomness": 0.47978084227933404,
    "scale": 4.168449411653555,
    "specular": 0.82748297787479,
    "roughness": 0.17429779697449835,
    "clever": false
   }
  },
  {
   "obj_subpath": "Spiral Ring Sphere/Spiral Ring Sphere/Spiral Ring Sphere.blend",
   "obj_location": [
    -0.41019963073739973,
    0.3132568422327431
   ],
   "obj_pose": [
    [
     -0.6524429080198042,
     -0.7578378796119005,
     0.0
    ],
    [
     0.7578378796119005,
     -0.6524429080198042,
     0.0
    ],
    [
     0.0,
     0.0,
     1.0
    ]
   ],
   "obj_scale": 0.6087660759941061,
   "obj_color": {
    "type": "random-mono",
    "color": [
     [
      0.3387008470620443,
      0.1423691206611043,
      0.5399951298594493
     ],
     [
      0.4729026659479052,
      0.2980746631846346,
      0.6521496886999386
     ]
    ],
    "randomness": 0.619591110664516,
    "scale": 4.815187706927794,
    "specular": 0.7562737586618377,
    "roughness": 0.16460276083603806,
    "clever": false
   }
  }
 ],
 "camera": {
  "track_to_point": [
   [
    -0.19728947488375848,
    0.5059808641719143,
    0.0
   ],
   [
    -0.09341241171611697,
    0.5042649475749942,
    0.0
   ],
   [
    -0.004071438599726834,
    0.3092972539704815,
    0.0
   ],
   [
    -0.08237230125268824,
    0.27415926707995963,
    0.0
   ],
   [
    -0.033107977515388964,
    0.4488506227484681,
    0.0
   ],
   [
    -0.10702653233600407,
    0.49186152387725635,
    0.0
   ],
   [
    -0.013781954144001546,
    0.33670873796489725,
    0.0
   ],
   [
    -0.04009674024759424,
    0.5187872079453102,
    0.0
   ],
   [
    -0.16335200355247215,
    0.3976191798141536,
    0.0
   ],
   [
    -0.174854224788266,
    0.5082310487533764,
    0.0
   ],
   [
    -0.08595218519714903,
    0.291775568614961,
    0.0
   ],
   [
    -0.2135576858706315,
    0.4563629900206643,
    0.0
   ],
   [
    -0.19949785436401,
    0.35928464516590897,
    0.0
   ],
   [
    -0.24947189779880347,
    0.2524272269794563,
    0.0
   ],
   [
    -0.06557023752668542,
    0.3175603009310572,
    0.0
   ],
   [
    -0.20092218263563555,
    0.4940885756021087,
    0.0
   ],
   [
    -0.00010833166473842026,
    0.379097893979883,
    0.0
   ],
   [
    -0.16755295630152647,
    0.39213499248826156,
    0.0
   ],
   [
    -0.16154068892601164,
    0.24931891603796164,
    0.0
   ],
   [
    0.013153497158099131,
    0.5110690329918048,
    0.0
   ],
   [
    0.016939599732854943,
    0.4369172807063161,
    0.0
   ],
   [
    0.004738492651514964,
    0.5301473888458171,
    0.0
   ],
   [
    -0.10930797940307241,
    0.28338056686570023,
    0.0
   ],
   [
    -0.08073469991864787,
    0.4924530194340555,
    0.0
   ],
   [
    -0.17127188344842026,
    0.39582641320119194,
    0.0
   ]
  ],
  "positions": [
   [
    -0.4600769066897074,
    1.2360823807671466,
    0.528091781440675
   ],
   [
    -0.357687782411109,
    -1.3151733387142468,
    0.5100751978049545
   ],
   [
    1.2934093646200717,
    0.48525878905199576,
    0.45977149539843903
   ],
   [
    0.7024800023839151,
    -1.1884576579289197,
    0.6118986090458588
   ],
   [
    -0.8230929637536675,
    1.2427366901328116,
    0.6160888932056101
   ],
   [
    -1.1260935910781578,
    -0.9179428816799159,
    0.5139984966505795
   ],
   [
    0.5272601501415175,
    -1.2462941315857907,
    0.4724358198517162
   ],
   [
    -1.1836521215180078,
    0.5942464818876937,
    0.635156831758359
   ],
   [
    1.1011195425480864,
    0.7283568704603409,
    0.6456346795238656
   ],
   [
    0.09398107734408312,
    1.3868376706736503,
    0.5026269284929856
   ],
   [
    -0.7915441340692446,
    1.219272323037954,
    0.47587378086355997
   ],
   [
    -1.4213735644321417,
    -0.06426793823256335,
    0.5243410499019587
   ],
   [
    1.3826423023071737,
    0.28255231973882605,
    0.5015543047365183
   ],
   [
    -0.06673872394869508,
    -1.394177187533191,
    0.46830730819375677
   ],
   [
    0.2653082391592668,
    1.3354240932000425,
    0.5931930277677142
   ],
   [
    -1.0294045934752676,
    -0.9929026618192108,
    0.5936854284194998
   ],
   [
    -0.7825173856065287,
    1.1513974334309685,
    0.49761710965053496
   ],
   [
    -0.5259507187736829,
    -1.3542204704417555,
    0.635163890417733
   ],
   [
    0.402601929684326,
    -1.269572379558046,
    0.5427893360418281
   ],
   [
    1.1568244274451,
    -0.7851229537038725,
    0.46173961465752816
   ],
   [
    1.3372174389010232,
    0.25955411996794386,
    0.6447647131631886
   ],
   [
    -1.173461154489637,
    0.8339107509495104,
    0.4751236492305866
   ],
   [
    1.2011564682593676,
    0.7860836570995197,
    0.566250804807078
   ],
   [
    0.22937291857234346,
    -1.430223420771903,
    0.4961592249439061
   ],
   [
    1.369900314954864,
    -0.5888159622262521,
    0.5868660088717921
   ]
  ]
 },
 "appearance_assets": {
  "floor_pbr": "WoodFloor005",
  "background_hdr": "spiaggia_di_mondello_4k.hdr"
 },
 "environment_strength": 0.7823717274478778
}