{
 "objects": [
  {
   "obj_subpath": "bottle/bottle_063/bottle_063.blend",
   "obj_location": [
    -0.1146247977337187,
    -0.04034416813394648
   ],
   "obj_pose": [
    [
     0.052636226718574056,
     -0.9986137529780125,
     0.0
    ],
    [
     0.9986137529780125,
     0.052636226718574056,
     0.0
    ],
    [
     0.0,
     0.0,
     1.0
    ]
   ],
   "obj_scale": 0.6958554038918807,
   "obj_color": {
    "type": "random-multi",
    "color": [
     [
      0.5025720899446624,
      0.0163394687419377,
      0.6978694980879699
     ],
     [
      0.1324529155071652,
      0.4402637514583068,
      0.6115473382597734
     ]
    ],
    "randomness": 4.296912667902352,
    "scale": 1.4103342877157776,
    "specular": 0.7577447390335119,
    "roughness": 0.26089067579066216,
    "clever": false
   }
  },
  {
   "obj_subpath": "Multi Arch/Multi Arch/Multi Arch.blend",
   "obj_location": [
    0.46993759841673366,
    0.294471923175459
   ],
   "obj_pose": [
    [
     -0.16401618275876406,
     0.9864576482511774,
     0.0
    ],
    [
     -0.9864576482511774,
     -0.16401618275876406,
     0.0
    ],
    [
     0.0,
     0.0,
     1.0
    ]
   ],
   "obj_scale": 0.618323616830166,
   "obj_color": {
    "type": "random-mono",
    "color": [
     [
      0.7683742354679698,
      0.6039424060127391,
      0.7609809795908562
     ],
     [
      0.4482120737313405,
      0.255684070234321,
      0.4395555453810868
     ],
     [
      0.8771660578315355,
      0.761493986187805,
      0.8719651595241262
     ],
     [
      0.36331676889478254,
      0.21420499181276326,
      0.35661233991706665
     ]
    ],
    "randomness": 0.7512994065070442,
    "scale": 2.854157685923436,
    "specular": 0.7618271567949669,
    "roughness": 0.20358327379370628,
    "clever": false
   }
  }
 ],
 "camera": {
  "track_to_point": [
   [
    0.1639845495555933,
    0.09966714972047877,
    0.0
   ],
   [
    0.31564897026429384,
    0.2184147041088529,
    0.0
   ],
   [
    0.2796560542688812,
    -0.019197938625732575,
    0.0
   ],
   [
    0.26078421489694603,
    0.04062823110886188,
    0.0
   ],
   [
    0.05388766348858416,
    0.2707128853395976,
    0.0
   ],
   [
    0.038689275611558216,
    0.2076628276691083,
    0.0
   ],
   [
    0.07418751264998258,
    0.1441432087371265,
    0.0
   ],
   [
    0.04300734288104674,
    0.06307325985890053,
    0.0
   ],
   [
    0.15688941265784018,
    0.16420125441782427,
    0.0
   ],
   [
    0.129106434042993,
    0.008536937085704827,
    0.0
   ],
   [
    0.25144782713291014,
    0.03436102842767043,
    0.0
   ],
   [
    0.15986768342700017,
    0.05622936057139449,
    0.0
   ],
   [
    0.13888188030773946,
    0.09617508222707258,
    0.0
   ],
   [
    0.18384647974625462,
    0.15063345300241265,
    0.0
   ],
   [
    0.03756143242125115,
    0.0665380208226622,
    0.0
   ],
   [
    0.04818396401791758,
    0.023874339475250264,
    0.0
   ],
   [
    0.12120501389454613,
    0.0307539412335405,
    0.0
   ],
   [
    0.25084525615719655,
    0.21696193028018973,
    0.0
   ],
   [
    0.23252071894007925,
    0.24148581830771557,
    0.0
   ],
   [
    0.3013065342233203,
    0.1216494618123175,
    0.0
   ],
   [
    0.1725218499194838,
    0.18560315343956527,
    0.0
   ],
   [
    0.06513001793956766,
    0.17502813261451006,
    0.0
   ],
   [
    0.1307859198076831,
    0.018336020330003783,
    0.0
   ],
   [
    0.24112394720831956,
    0.029828167521565807,
    0.0
   ],
   [
    0.17613267506187272,
    0.24087703872346614,
    0.0
   ]
  ],
  "positions": [
   [
    -0.028647852340600643,
    1.4351131879958154,
    0.5731641882699129
   ],
   [
    -1.0021524154663997,
    -1.0626515790730993,
    0.643909540797921
   ],
   [
    -0.10963533371026851,
    -1.4872699207259286,
    0.4647186900546562
   ],
   [
    1.2335529969325485,
    -0.4848668895573908,
    0.6037960377580129
   ],
   [
    -1.1616669418814685,
    -0.8478957940232275,
    0.47800554242584603
   ],
   [
    0.574947042365432,
    -1.2836401962121236,
    0.507373996247361
   ],
   [
    -1.081913540107101,
    0.8468783833257716,
    0.49065080567994557
   ],
   [
    1.3723078911087645,
    -0.5392778411726178,
    0.6215210408850506
   ],
   [
    -0.3514520928355481,
    -1.377863401499787,
    0.6015198347386572
   ],
   [
    1.2615053968014758,
    0.5213976232257906,
    0.62661504722482
   ],
   [
    -0.6291056258017285,
    -1.2217259067103345,
    0.6428459298838562
   ],
   [
    -0.2980127156886934,
    -1.4029140735135737,
    0.4963350209794446
   ],
   [
    1.3303135597428815,
    0.3953703715254889,
    0.608997504465201
   ],
   [
    -0.21876239665617067,
    1.4780720486645196,
    0.4887712881812074
   ],
   [
    1.0942896016900976,
    -0.7751900379868936,
    0.594841955101879
   ],
   [
    -1.447909328668695,
    -0.27914543925615587,
    0.5643034176968419
   ],
   [
    -0.9425023178723039,
    -0.9865201970388479,
    0.5798441421770295
   ],
   [
    1.0695956939244955,
    0.8073351356808562,
    0.6254118766670216
   ],
   [
    1.0877330569838117,
    -0.8654313780259739,
    0.49110924374623016
   ],
   [
    0.18698638990291563,
    -1.3632909067115244,
    0.6101253933711687
   ],
   [
    0.44367213649397486,
    -1.330314746899097,
    0.45970349055243265
   ],
   [
    0.5503597651149235,
    1.2817411082762329,
    0.5097313830330916
   ],
   [
    -1.2069964650974618,
    -0.5859588338245878,
    0.6319533951121621
   ],
   [
    -1.3759609849265078,
    0.29865529206599084,
    0.4810466187440298
   ],
   [
    1.1158002933132063,
    0.6989725059057107,
    0.47316300182657484
   ]
  ]
 },
 "appearance_assets": {
  "floor_pbr": "Fabric024",
  "background_hdr": "lebombo_4k.hdr"
 },
 "environment_strength": 0.7719046476510899
}