{
 "objects": [
  {
   "obj_subpath": "penguin/penguin_007/penguin_007.blend",
   "obj_location": [
    0.07060101880405012,
    -0.14152863099665225
   ],
   "obj_pose": [
    [
     -0.009034217961998839,
     -0.9999591906202048,
     0.0
    ],
    [
     0.9999591906202048,
     -0.009034217961998839,
     0.0
    ],
    [
     0.0,
     0.0,
     1.0
    ]
   ],
   "obj_scale": 0.6881703951170687,
   "obj_color": {
    "type": "random-mono",
    "color": [
     [
      0.41226518189704797,
      0.8441085262976256,
      0.5164518669095693
     ],
     [
      0.33561179915580586,
      0.6141656821774839,
      0.40281581201300964
     ],
     [
      0.21737290253439068,
      0.6465358327934303,
      0.3209129098396172
     ]
    ],
    "randomness": 0.33931133321698914,
    "scale": 2.5331365976779208,
    "specular": 0.8014005653902093,
    "roughness": 0.24173494381906283,
    "clever": false
   }
  },
  {
   "obj_subpath": "Ringed Cylinder/Ringed Cylinder/Ringed Cylinder.blend",
   "obj_location": [
    0.1093534336695875,
    0.47352526310660203
   ],
   "obj_pose": [
    [
     -0.5950387705644931,
     -0.8036969960906265,
     0.0
    ],
    [
     0.8036969960906265,
     -0.5950387705644931,
     0.0
    ],
    [
     0.0,
     0.0,
     1.0
    ]
   ],
   "obj_scale": 0.6304851802119922,
   "obj_color": {
    "type": "random-mono",
    "color": [
     [
      0.3102320955281246,
      0.32873708438258764,
      0.7062575812322565
     ],
     [
      0.19495943187407172,
      0.21804788117912338,
      0.6890756089817947
     ],
     [
      0.16533061811099614,
      0.18137862483046477,
      0.50877420003609
     ]
    ],
    "randomness": 0.8434155253498572,
    "scale": 4.6372816223857125,
    "specular": 0.6609524630042982,
    "roughness": 0.1276277943053199,
    "clever": false
   }
  }
 ],
 "camera": {
  "track_to_point": [
   [
    0.22243000804108268,
    0.11603400938673568,
    0.0
   ],
   [
    0.14394002216552282,
    0.08829531908214619,
    0.0
   ],
   [
    0.03452489015372688,
    0.09589109690320508,
    0.0
   ],
   [
    -0.008650384773592035,
    0.3087865876784165,
    0.0
   ],
   [
    0.16378319055303858,
    0.14489025082934207,
    0.0
   ],
   [
    0.04553062788720158,
    0.31032090076101604,
    0.0
   ],
   [
    0.15310664601670587,
    0.062240689500639934,
    0.0
   ],
   [
    -0.030238043870813927,
    0.10652634737683468,
    0.0
   ],
   [
    0.11502332923007619,
    0.23286786699524756,
    0.0
   ],
   [
    0.19247983925281933,
    0.10281386698676322,
    0.0
   ],
   [
    0.11753758942221726,
    0.2271354141934206,
    0.0
   ],
   [
    0.10227948712339485,
    0.08707015899666941,
    0.0
   ],
   [
    0.11098843155212432,
    0.03166188251287644,
    0.0
   ],
   [
    0.0465506548499168,
    0.13432647532283434,
    0.0
   ],
   [
    0.025843655914629046,
    0.25968962044246136,
    0.0
   ],
   [
    0.0036696769365054394,
    0.28672400338323767,
    0.0
   ],
   [
    0.17514828742056224,
    0.18809145363235374,
    0.0
   ],
   [
    -0.03159718800048737,
    0.07463958418166275,
    0.0
   ],
   [
    0.23917207447228242,
    0.17414431084921467,
    0.0
   ],
   [
    0.0781621563678164,
    0.15242733501878142,
    0.0
   ],
   [
    0.19183633884185278,
    0.29021004987581167,
    0.0
   ],
   [
    0.2341720677248819,
    0.1494809472775006,
    0.0
   ],
   [
    0.042664923178697786,
    0.23426189027134234,
    0.0
   ],
   [
    -0.058016821124034695,
    0.13702470232821717,
    0.0
   ],
   [
    0.22898522332858576,
    0.12883709011013628,
    0.0
   ]
  ],
  "positions": [
   [
    -1.1826072597897275,
    -0.8554447803131671,
    0.4845349914842322
   ],
   [
    -0.2612181761221029,
    -1.3250896008867572,
    0.5623909923898422
   ],
   [
    1.3848475275566214,
    -0.09621776867153392,
    0.47026500713695407
   ],
   [
    -1.3171968881436809,
    0.5076292824818825,
    0.5537547927544522
   ],
   [
    -0.5892952947966761,
    1.2155778484045567,
    0.6312360425433929
   ],
   [
    -1.3757033776361591,
    0.4659001301133631,
    0.47681128982711896
   ],
   [
    1.058067062710779,
    0.8558192882368262,
    0.5476857771853747
   ],
   [
    1.0627749992689277,
    -0.9485772267676884,
    0.5507800553460639
   ],
   [
    -0.5572331564436487,
    1.3869494563002227,
    0.6460199761694985
   ],
   [
    1.3087946641180033,
    -0.6143375641151875,
    0.5028418394624454
   ],
   [
    1.2258835706784057,
    0.4466656982206743,
    0.49729174933800857
   ],
   [
    -1.3980960372520619,
    -0.30531536951684546,
    0.47034758647309144
   ],
   [
    -1.3388196132198444,
    0.6469826383055436,
    0.5992117998532055
   ],
   [
    -0.061717928878383864,
    1.3579583992010216,
    0.6229193975470103
   ],
   [
    -1.4057407734434944,
    -0.020735238520203432,
    0.529124991730747
   ],
   [
    -0.1212276866561674,
    1.493656502461892,
    0.6147684147273269
   ],
   [
    1.2040378673698728,
    -0.7933369796976544,
    0.6062227359090862
   ],
   [
    0.7508285181162982,
    1.2042739582379343,
    0.4833528678230596
   ],
   [
    1.19864261162367,
    -0.8115088198562587,
    0.6026644963966628
   ],
   [
    -0.5324817678895695,
    -1.3878271554322048,
    0.5679949859637595
   ],
   [
    0.4312336236997057,
    1.266915813346164,
    0.5470835444761109
   ],
   [
    -1.372061021522146,
    0.19378846741298772,
    0.4754764076395449
   ],
   [
    -0.8914770889840202,
    1.0037810789510069,
    0.4598141875977387
   ],
   [
    0.7310873266129548,
    1.0990035134454075,
    0.5524838154263996
   ],
   [
    -0.13436445436844408,
    -1.3460100082359707,
    0.5509219220506925
   ]
  ]
 },
 "appearance_assets": {
  "floor_pbr": "Carpet005",
  "background_hdr": "cayley_interior_4k.hdr"
 },
 "environment_strength": 0.7714294105675802
}