{
 "objects": [
  {
   "obj_subpath": "hat/hat_007/hat_007.blend",
   "obj_location": [
    0.2627482410385755,
    0.015930987176151712
   ],
   "obj_pose": [
    [
     -0.6713572887031926,
     -0.7411338549176513,
     0.0
    ],
    [
     0.7411338549176513,
     -0.6713572887031926,
     0.0
    ],
    [
     0.0,
     0.0,
     1.0
    ]
   ],
   "obj_scale": 0.6130300822389403,
   "obj_color": {
    "type": "random-mono",
    "color": [
     [
      0.659662118849804,
      0.24410538547821004,
      0.29010780492180865
     ],
     [
      0.051049002239511324,
      0.01900168963143005,
      0.022549349429108724
     ]
    ],
    "randomness": 0.5461968777963304,
    "scale": 4.125388539025466,
    "specular": 0.7410191537765016,
    "roughness": 0.1724775799191142,
    "clever": false
   }
  },
  {
   "obj_subpath": "Spiral Ring Cone/Spiral Ring Cone/Spiral Ring Cone.blend",
   "obj_location": [
    -0.3554203388211359,
    0.25531347663013937
   ],
   "obj_pose": [
    [
     -0.6561415730759558,
     0.7546378178181969,
     0.0
    ],
    [
     -0.7546378178181969,
     -0.6561415730759558,
     0.0
    ],
    [
     0.0,
     0.0,
     1.0
    ]
   ],
   "obj_scale": 0.6292624104215537,
   "obj_color": {
    "type": "random-mono",
    "color": [
     [
      0.8046834866465512,
      0.6973673069687127,
      0.8132956721212885
     ],
     [
      0.21758246911099666,
      0.14799169176054996,
      0.22316716923424337
     ],
     [
      0.9892379368292824,
      0.9787928015879668,
      0.9900761649722984
     ]
    ],
    "randomness": 0.9854311493240429,
    "scale": 4.93900700104234,
    "specular": 0.838300580860164,
    "roughness": 0.2806082329394298,
    "clever": false
   }
  }
 ],
 "camera": {
  "track_to_point": [
   [
    -0.056938504907317083,
    0.188279232756703,
    0.0
   ],
   [
    -0.18956295051031521,
    0.25678688975749553,
    0.0
   ],
   [
    -0.18804864719553585,
    0.0642348535514345,
    0.0
   ],
   [
    -0.051399992354690116,
    0.15478970235276407,
    0.0
   ],
   [
    0.04790732490346902,
    0.028316669759199845,
    0.0
   ],
   [
    -0.07692024087275955,
    0.11289698555970354,
    0.0
   ],
   [
    -0.1898898951213635,
    -0.011854561265089575,
    0.0
   ],
   [
    -0.16024380545551997,
    0.05621848456086748,
    0.0
   ],
   [
    -0.05219665573559962,
    0.13691595704709686,
    0.0
   ],
   [
    0.07755133581151721,
    0.2336396607950796,
    0.0
   ],
   [
    -0.06257617088602441,
    0.23120822561528262,
    0.0
   ],
   [
    0.06469106637232971,
    0.017175471007844292,
    0.0
   ],
   [
    0.03613263426983959,
    0.18717780627078506,
    0.0
   ],
   [
    0.0005755716145909306,
    0.05937149425355767,
    0.0
   ],
   [
    -0.17770176528059797,
    0.13154595825512824,
    0.0
   ],
   [
    0.004965157676209364,
    0.07523487171492324,
    0.0
   ],
   [
    -0.038292802724478936,
    0.029994046675620722,
    0.0
   ],
   [
    -0.03912791417221556,
    0.13892265439477988,
    0.0
   ],
   [
    -0.003521858949582707,
    0.09779071552821686,
    0.0
   ],
   [
    0.014568197757785561,
    0.06347534798723199,
    0.0
   ],
   [
    -0.06352537398648328,
    0.2143861692317758,
    0.0
   ],
   [
    0.01339316710595237,
    0.2811697005998285,
    0.0
   ],
   [
    0.017274697444827347,
    0.12859534032918707,
    0.0
   ],
   [
    -0.08646694989473853,
    0.22043203511453555,
    0.0
   ],
   [
    -0.0358885833066149,
    0.07525764861327117,
    0.0
   ]
  ],
  "positions": [
   [
    0.42051427232415267,
    1.3172098574734514,
    0.518154107038473
   ],
   [
    1.2052715367867644,
    0.8669312509109766,
    0.6301920485054687
   ],
   [
    -0.19213101207129538,
    1.3002409713435987,
    0.5907456672719505
   ],
   [
    0.7584389037355579,
    1.2468493744603835,
    0.6464260399902957
   ],
   [
    -0.03763777503337625,
    -1.461478294276076,
    0.4524043351415698
   ],
   [
    -1.388118490953631,
    -0.15438627925581738,
    0.5362211622469805
   ],
   [
    0.5188912352462203,
    -1.248208930023749,
    0.5942937568655575
   ],
   [
    -1.3310277408001532,
    -0.1543428667233644,
    0.5790085187317064
   ],
   [
    1.192873304369397,
    -0.7885869798389745,
    0.5303324001444116
   ],
   [
    -0.5883549563314079,
    -1.3043298419279605,
    0.5565944682305234
   ],
   [
    0.6186307746398133,
    1.3246202388390083,
    0.5622400856645355
   ],
   [
    -0.3397135769739118,
    -1.3083013183682513,
    0.5684685817395212
   ],
   [
    1.3308114955740649,
    0.28644205238551934,
    0.6208828798409612
   ],
   [
    0.2769875765620806,
    -1.273648989493894,
    0.4535667132379412
   ],
   [
    1.2478240181856153,
    0.4558475020706783,
    0.5768276654003807
   ],
   [
    0.9558397675659868,
    -1.0722142165960955,
    0.5494475267216206
   ],
   [
    -0.3332951910756443,
    -1.2604019918087046,
    0.5185913661217669
   ],
   [
    0.2468835210930704,
    1.3671628933945847,
    0.509834883197667
   ],
   [
    0.6423272888137306,
    -1.1893679327890403,
    0.5277853041495459
   ],
   [
    0.7176110951230429,
    1.1482455060392194,
    0.4509380471797558
   ],
   [
    -1.279082313682536,
    -0.4197795844579266,
    0.4685693604052693
   ],
   [
    -0.7727689070529221,
    1.187004066019118,
    0.4808506850937894
   ],
   [
    -0.525599998359237,
    -1.2238599121021854,
    0.4845966959817413
   ],
   [
    1.1866984439697725,
    0.7705781664057905,
    0.6009212301018734
   ],
   [
    1.249654264551549,
    -0.7808038747729373,
    0.5150757186622721
   ]
  ]
 },
 "appearance_assets": {
  "floor_pbr": "Carpet007",
  "background_hdr": "photo_studio_01_4k.hdr"
 },
 "environment_strength": 0.6166504714633333
}