{
 "objects": [
  {
   "obj_subpath": "bottle/bottle_010/bottle_010.blend",
   "obj_location": [
    -0.1445592699686331,
    -0.3600702737280833
   ],
   "obj_pose": [
    [
     -0.6455435625095842,
     0.7637234505385012,
     0.0
    ],
    [
     -0.7637234505385012,
     -0.6455435625095842,
     0.0
    ],
    [
     0.0,
     0.0,
     1.0
    ]
   ],
   "obj_scale": 0.6326843448593252,
   "obj_color": {
    "type": "random-mono",
    "color": [
     [
      0.16166305812302822,
      0.07805985875585719,
      0.1806066627394669
     ],
     [
      0.33979322844226384,
      0.1135297160873367,
      0.3910621577371101
     ]
    ],
    "randomness": 0.6493553911521636,
    "scale": 4.924220615465995,
    "specular": 0.87720441876431,
    "roughness": 0.1513486337752714,
    "clever": false
   }
  },
  {
   "obj_subpath": "Multi Arch/Multi Arch/Multi Arch.blend",
   "obj_location": [
    0.29521584314088656,
    0.43600537888230695
   ],
   "obj_pose": [
    [
     0.16235389810236345,
     0.9867325938525429,
     0.0
    ],
    [
     -0.9867325938525429,
     0.16235389810236345,
     0.0
    ],
    [
     0.0,
     0.0,
     1.0
    ]
   ],
   "obj_scale": 0.679905163673844,
   "obj_color": {
    "type": "random-mono",
    "color": [
     [
      0.1941721308371796,
      0.2761682882831721,
      0.33361898898942605
     ],
     [
      0.43779244139644646,
      0.5916908803138967,
      0.6995199960773972
     ],
     [
      0.17058714044540035,
      0.3795686896797796,
      0.5259918491565093
     ]
    ],
    "randomness": 0.7772385931609395,
    "scale": 3.870358844860661,
    "specular": 0.8136760139946095,
    "roughness": 0.11769152936709733,
    "clever": false
   }
  }
 ],
 "camera": {
  "track_to_point": [
   [
    0.046416262260419255,
    0.041413680044084134,
    0.0
   ],
   [
    0.15198492563024066,
    0.04213486392795324,
    0.0
   ],
   [
    0.12361487215108857,
    -0.06153007799624932,
    0.0
   ],
   [
    0.20368633858737398,
    0.13797032868231876,
    0.0
   ],
   [
    0.05121385786423274,
    0.04568333540850225,
    0.0
   ],
   [
    -0.04645447777735706,
    0.11823740930275739,
    0.0
   ],
   [
    0.2148860903119358,
    -0.022081892198995562,
    0.0
   ],
   [
    0.021406480652077398,
    0.13764101319032065,
    0.0
   ],
   [
    0.05259539242613437,
    -0.09858710145263419,
    0.0
   ],
   [
    0.1260322789815058,
    0.0023614966669869425,
    0.0
   ],
   [
    0.1862293060689357,
    0.10919583873757335,
    0.0
   ],
   [
    0.1636670448918223,
    0.1756675746430408,
    0.0
   ],
   [
    0.2085301654337732,
    -0.05995518548914494,
    0.0
   ],
   [
    -0.06518987266798937,
    0.06479207866479281,
    0.0
   ],
   [
    0.014470103791029518,
    0.10252898558735621,
    0.0
   ],
   [
    0.011004947068537121,
    0.09317089807867512,
    0.0
   ],
   [
    0.1986190547242859,
    0.02271793175981851,
    0.0
   ],
   [
    0.18917903283192386,
    -0.03833833354372204,
    0.0
   ],
   [
    0.07835883622657946,
    -0.10621686946271913,
    0.0
   ],
   [
    0.10083214863468004,
    -0.10502344715008635,
    0.0
   ],
   [
    0.04973307742215301,
    -0.09860439545092645,
    0.0
   ],
   [
    0.023379225029656878,
    0.11083555818992935,
    0.0
   ],
   [
    0.15789399241859733,
    -0.0023624013777235886,
    0.0
   ],
   [
    0.03708208866610872,
    0.16778361977253206,
    0.0
   ],
   [
    0.026695826428568978,
    0.019344432034375858,
    0.0
   ]
  ],
  "positions": [
   [
    -1.1702971339034856,
    -0.7222104949196037,
    0.4882884049539649
   ],
   [
    1.140981736335076,
    -0.637897669314393,
    0.5486811288678757
   ],
   [
    0.9071487645953655,
    1.153810189461948,
    0.45047590520685865
   ],
   [
    -1.0876472612740744,
    -0.7928029465615555,
    0.5599660272748689
   ],
   [
    0.2902238887345375,
    -1.3514660305373523,
    0.6411779594932043
   ],
   [
    -0.8247146670689781,
    -1.027410781581198,
    0.5899051006366041
   ],
   [
    0.07537371824009965,
    -1.438015345835128,
    0.5450010622963891
   ],
   [
    -0.6767152070890754,
    1.1722830587453144,
    0.4725659279653729
   ],
   [
    0.934197812736813,
    0.9372229372824504,
    0.46691051582647475
   ],
   [
    -1.2948164479685769,
    -0.4963160363354363,
    0.48511388075210443
   ],
   [
    -1.459603888981571,
    0.24705127710216945,
    0.5037215216022506
   ],
   [
    -1.3490518364944832,
    0.390601408329891,
    0.622140826812714
   ],
   [
    1.339710987820843,
    -0.668868910402155,
    0.53795586973104
   ],
   [
    -1.3937974333679466,
    -0.43264884585436003,
    0.5852835375960791
   ],
   [
    0.5526693990205076,
    1.2909680932852308,
    0.5368840432916473
   ],
   [
    1.2159207940302856,
    -0.7791095660504442,
    0.6415778352889614
   ],
   [
    0.08688576758700944,
    1.381555085640822,
    0.555789721364316
   ],
   [
    1.4286941732668397,
    0.23585432405352338,
    0.6482528547016331
   ],
   [
    1.3504224410599368,
    -0.5779005196408812,
    0.5995021002436396
   ],
   [
    1.109134817208283,
    -0.9452067609089536,
    0.6016101996386483
   ],
   [
    1.3804764168479005,
    -0.31783270397564745,
    0.45091758049110414
   ],
   [
    1.2973187881295212,
    0.2371482419389764,
    0.6027416372419228
   ],
   [
    0.5180533025340379,
    -1.2025788196561173,
    0.633810167182566
   ],
   [
    -1.0303340754060193,
    -0.8548242419484751,
    0.4615370326564132
   ],
   [
    -1.4468878805423184,
    0.2258145943803706,
    0.574960224812169
   ]
  ]
 },
 "appearance_assets": {
  "floor_pbr": "Marble012",
  "background_hdr": "moonlit_golf_4k.hdr"
 },
 "environment_strength": 0.7799211271389744
}