{
 "objects": [
  {
   "obj_subpath": "cat/cat_011/cat_011.blend",
   "obj_location": [
    -0.3710687069073908,
    0.49352071080939586
   ],
   "obj_pose": [
    [
     0.864175171960614,
     0.5031910891170901,
     0.0
    ],
    [
     -0.5031910891170901,
     0.864175171960614,
     0.0
    ],
    [
     0.0,
     0.0,
     1.0
    ]
   ],
   "obj_scale": 0.6180663614591964,
   "obj_color": {
    "type": "random-mono",
    "color": [
     [
      0.2662124340778128,
      0.20215082509754578,
      0.44417872164735506
     ],
     [
      0.3936499086570424,
      0.2813908139016078,
      0.705511172486618
     ]
    ],
    "randomness": 0.2686890546807419,
    "scale": 2.276689299519961,
    "specular": 0.7125624129488366,
    "roughness": 0.19532599000871037,
    "clever": true
   }
  },
  {
   "obj_subpath": "Cone Pyramid/Cone Pyramid/Cone Pyramid.blend",
   "obj_location": [
    0.2841081401542346,
    -0.0039009293512981547
   ],
   "obj_pose": [
    [
     -0.990932421931756,
     0.13436121153243663,
     0.0
    ],
    [
     -0.13436121153243663,
     -0.990932421931756,
     0.0
    ],
    [
     0.0,
     0.0,
     1.0
    ]
   ],
   "obj_scale": 0.6436779111452563,
   "obj_color": {
    "type": "random-multi",
    "color": [
     [
      0.3066250864795822,
      0.7843741117679399,
      0.04220981086692566
     ],
     [
      0.784799926253715,
      0.062352831383247306,
      0.024372387738367474
     ],
     [
      0.5571976378338874,
      0.96159019063485,
      0.06329422600675894
     ],
     [
      0.6832771771057864,
      0.1341242364267201,
      0.8195000378630359
     ]
    ],
    "randomness": 3.8583854926653864,
    "scale": 0.7223288821772965,
    "specular": 0.7421036704287765,
    "roughness": 0.12146790911663419,
    "clever": false
   }
  }
 ],
 "camera": {
  "track_to_point": [
   [
    0.028221764718459663,
    0.17484573684888496,
    0.0
   ],
   [
    0.028425117446555376,
    0.3384338946649166,
    0.0
   ],
   [
    -0.0365219717276557,
    0.17786234411582444,
    0.0
   ],
   [
    -0.05841940905660786,
    0.3438492042461371,
    0.0
   ],
   [
    -0.019255082094320586,
    0.3300351264121623,
    0.0
   ],
   [
    -0.10125784179751628,
    0.29460429780479913,
    0.0
   ],
   [
    0.017273893314943944,
    0.17178817122666684,
    0.0
   ],
   [
    -0.024961715584045113,
    0.28523707803014064,
    0.0
   ],
   [
    0.060804220411842996,
    0.1406798359910558,
    0.0
   ],
   [
    0.020542454032272117,
    0.3436289526231621,
    0.0
   ],
   [
    0.08578667582523877,
    0.23439238139525984,
    0.0
   ],
   [
    0.055705807045266204,
    0.2618296783018233,
    0.0
   ],
   [
    -0.04541665740179976,
    0.3670584937062833,
    0.0
   ],
   [
    -0.03071216842766314,
    0.18660561253948443,
    0.0
   ],
   [
    -0.17254438629648677,
    0.17754380159900873,
    0.0
   ],
   [
    -0.16410319720101055,
    0.39243494607195595,
    0.0
   ],
   [
    -0.09223272618196321,
    0.2657496604380047,
    0.0
   ],
   [
    -0.16033600660000952,
    0.21368650629339003,
    0.0
   ],
   [
    -0.16630005515571816,
    0.2896826853254438,
    0.0
   ],
   [
    -0.12214221823348166,
    0.20688346955886822,
    0.0
   ],
   [
    0.0740647326845165,
    0.16848662806072756,
    0.0
   ],
   [
    0.027004505407909246,
    0.3117134831728786,
    0.0
   ],
   [
    0.09876758059086652,
    0.30816277383413027,
    0.0
   ],
   [
    0.02491098258923416,
    0.21125246927530106,
    0.0
   ],
   [
    0.07588527715588309,
    0.29497261869493063,
    0.0
   ]
  ],
  "positions": [
   [
    -1.0184020358346242,
    0.8871502730081713,
    0.6218288277872172
   ],
   [
    -1.3836116148046789,
    -0.5485170184698642,
    0.48976694954284594
   ],
   [
    1.244158375207576,
    0.46704262646206474,
    0.5585204470858088
   ],
   [
    -1.0530326271742243,
    -0.9726161134369282,
    0.6148030132295981
   ],
   [
    1.1108528016317007,
    0.7084206934566095,
    0.570532575649589
   ],
   [
    0.6598415515526457,
    -1.2865157146344413,
    0.5231480505795016
   ],
   [
    1.2922921166229193,
    0.6700501147954732,
    0.5950693230888854
   ],
   [
    1.3166675844103755,
    0.4336199768705366,
    0.5650712093252144
   ],
   [
    -0.4571772401206763,
    1.388094736503616,
    0.46493288328188326
   ],
   [
    -0.24536424967124987,
    1.3812442788113197,
    0.5494422049605274
   ],
   [
    -0.9968071949082438,
    0.9841137566776967,
    0.6050658635477819
   ],
   [
    1.0590366443098675,
    -1.0458480375205976,
    0.6256740147747171
   ],
   [
    0.7858880055863636,
    -1.1388630496122865,
    0.6240745552469393
   ],
   [
    0.7061109462108138,
    -1.178074618005246,
    0.6426628982336003
   ],
   [
    0.29444239819636747,
    -1.4137723030137104,
    0.5753768732125875
   ],
   [
    -1.3692692987506472,
    -0.20379145103839286,
    0.577706108049632
   ],
   [
    1.4612145439281201,
    0.2563301797812036,
    0.5818123898897464
   ],
   [
    0.3715963468515834,
    -1.365302533046151,
    0.45891996250976347
   ],
   [
    -0.07010651744885528,
    1.4690567642186527,
    0.5502598970000483
   ],
   [
    0.4880388060978497,
    -1.289042019981697,
    0.5018170935919662
   ],
   [
    -1.1417383244629475,
    0.7151919157894573,
    0.6211040664296748
   ],
   [
    -0.1073094874740944,
    -1.4553319022039395,
    0.4826506947549173
   ],
   [
    -1.4001623363244826,
    -0.04558652408022888,
    0.6288198775031586
   ],
   [
    -1.1318506496905878,
    -0.822174349156428,
    0.5823771737810328
   ],
   [
    1.2961860051175096,
    -0.7272679651790117,
    0.5207202644184387
   ]
  ]
 },
 "appearance_assets": {
  "floor_pbr": "Carpet013",
  "background_hdr": "lapa_4k.hdr"
 },
 "environment_strength": 0.7117114834494447
}