{
 "objects": [
  {
   "obj_subpath": "flower/flower_038/flower_038.blend",
   "obj_location": [
    -0.019226277545468795,
    -0.10691423313692405
   ],
   "obj_pose": [
    [
     0.2808454195265468,
     0.9597530152757833,
     0.0
    ],
    [
     -0.9597530152757833,
     0.2808454195265468,
     0.0
    ],
    [
     0.0,
     0.0,
     1.0
    ]
   ],
   "obj_scale": 0.6666092572596094,
   "obj_color": {
    "type": "random-multi",
    "color": [
     [
      0.6462562546339757,
      0.10995397456929557,
      0.15208235615358756
     ],
     [
      0.06393482894900215,
      0.733801530598022,
      0.4241887113767097
     ],
     [
      0.659903044148789,
      0.5623530658718643,
      0.10140525094939545
     ],
     [
      0.6697638939712127,
      0.06030336169931361,
      0.07529309649495998
     ]
    ],
    "randomness": 1.0458480397195253,
    "scale": 1.4020961635054867,
    "specular": 0.625337725788451,
    "roughness": 0.14347920576763304,
    "clever": false
   }
  },
  {
   "obj_subpath": "Spiral Ring Sphere/Spiral Ring Sphere/Spiral Ring Sphere.blend",
   "obj_location": [
    0.49751413757211993,
    -0.4789003745593131
   ],
   "obj_pose": [
    [
     0.8023745365785628,
     0.5968208299400555,
     0.0
    ],
    [
     -0.5968208299400555,
     0.8023745365785628,
     0.0
    ],
    [
     0.0,
     0.0,
     1.0
    ]
   ],
   "obj_scale": 0.6259086523844581,
   "obj_color": {
    "type": "random-mono",
    "color": [
     [
      0.03437459276061225,
      0.07375916121724671,
      0.08157082545543395
     ],
     [
      0.22393525659138824,
      0.4643252544806808,
      0.5120049936099124
     ],
     [
      0.47943444977363225,
      0.7017134699841643,
      0.7458010185119537
     ],
     [
      0.49860079599978646,
      0.7492620561050036,
      0.7989790310064522
     ]
    ],
    "randomness": 0.5650164752863576,
    "scale": 2.3332814243974234,
    "specular": 0.768610504421916,
    "roughness": 0.17126461229469142,
    "clever": true
   }
  }
 ],
 "camera": {
  "track_to_point": [
   [
    0.10958176481400189,
    -0.3897088732711594,
    0.0
   ],
   [
    0.27969790676054773,
    -0.3587112119800546,
    0.0
   ],
   [
    0.09222931349885308,
    -0.2384245847961017,
    0.0
   ],
   [
    0.16950507545618132,
    -0.3581104359290558,
    0.0
   ],
   [
    0.17170125395589603,
    -0.4188140145814794,
    0.0
   ],
   [
    0.10079736221957045,
    -0.27301510387340483,
    0.0
   ],
   [
    0.287347482546737,
    -0.17633115395529034,
    0.0
   ],
   [
    0.13843487378704059,
    -0.39322184998253085,
    0.0
   ],
   [
    0.10997346161311425,
    -0.2808517821540426,
    0.0
   ],
   [
    0.26527337726047706,
    -0.1725843601760578,
    0.0
   ],
   [
    0.3500673301955226,
    -0.2521589764167457,
    0.0
   ],
   [
    0.1069249226015837,
    -0.379587796177454,
    0.0
   ],
   [
    0.10548160922882877,
    -0.16196259188212306,
    0.0
   ],
   [
    0.18194219458306032,
    -0.38399374281665444,
    0.0
   ],
   [
    0.36098247313425846,
    -0.16850066336667222,
    0.0
   ],
   [
    0.13008208604338278,
    -0.3442703049870567,
    0.0
   ],
   [
    0.10590913879202704,
    -0.27021389573617494,
    0.0
   ],
   [
    0.16917093706902514,
    -0.15183482786617816,
    0.0
   ],
   [
    0.14105180156391733,
    -0.2150433247172298,
    0.0
   ],
   [
    0.17664521313824383,
    -0.2623684932280782,
    0.0
   ],
   [
    0.26296720942203144,
    -0.2737933000582575,
    0.0
   ],
   [
    0.20492243498173904,
    -0.17527928871239354,
    0.0
   ],
   [
    0.1964717245271864,
    -0.29138058811828527,
    0.0
   ],
   [
    0.22017398532252921,
    -0.3895182038903792,
    0.0
   ],
   [
    0.23673525435561232,
    -0.26451841093023065,
    0.0
   ]
  ],
  "positions": [
   [
    -1.2966809392472645,
    -0.6152628723854682,
    0.4926259796427477
   ],
   [
    -1.2803153540728833,
    0.6071322243330681,
    0.5424233475578395
   ],
   [
    -1.4415553294460044,
    0.12584454257692504,
    0.582967331284675
   ],
   [
    0.8626344670174889,
    1.2268833234601841,
    0.5852117908386535
   ],
   [
    -1.2677611074901916,
    0.5829266415175036,
    0.5319667431336226
   ],
   [
    0.9757813941483207,
    -0.8597684478474485,
    0.5331868429176289
   ],
   [
    0.3705384806535257,
    -1.3548375164573037,
    0.4825826949198146
   ],
   [
    -0.5864933262970262,
    1.291007126618738,
    0.6200297633978444
   ],
   [
    -0.5783001912325001,
    1.3415569637398268,
    0.5887852335906417
   ],
   [
    -0.35874482164159294,
    -1.3975393619571836,
    0.4873017913447444
   ],
   [
    -0.187695680040223,
    -1.3042595112747124,
    0.5718446446431382
   ],
   [
    0.48210988557451934,
    1.3032715034406126,
    0.5312591693772882
   ],
   [
    1.185642194651226,
    0.8765093683871414,
    0.5407597957573774
   ],
   [
    0.7308171592191528,
    -1.1254496472607383,
    0.5003103659377724
   ],
   [
    0.0344696021742038,
    -1.4679645997754185,
    0.5183206786767552
   ],
   [
    1.1929129761599297,
    0.7816027392479559,
    0.5981992551844187
   ],
   [
    -0.8666529304476737,
    1.1557277616372634,
    0.4804469712712535
   ],
   [
    -0.041690469123819546,
    1.3901059441937222,
    0.5953958729841151
   ],
   [
    0.7372657684321638,
    -1.1842494738118392,
    0.49279594618276357
   ],
   [
    1.2245133954229566,
    0.7572121721258359,
    0.4515782530236752
   ],
   [
    -0.27234592827680404,
    -1.291460550259711,
    0.6337726531314356
   ],
   [
    -1.3968578013774153,
    -0.10339235783965348,
    0.5925214878532351
   ],
   [
    1.4155843973809252,
    0.41132455083031066,
    0.5451872328757743
   ],
   [
    1.3829181422432113,
    0.17852166809317543,
    0.5669991503363138
   ],
   [
    1.3508011018799781,
    -0.10453579796756136,
    0.6226133341094159
   ]
  ]
 },
 "appearance_assets": {
  "floor_pbr": "Tiles072",
  "background_hdr": "photo_studio_01_4k.hdr"
 },
 "environment_strength": 0.4829409386409466
}