{
 "objects": [
  {
   "obj_subpath": "fan/fan_006/fan_006.blend",
   "obj_location": [
    0.16682119189169675,
    0.05043512891536317
   ],
   "obj_pose": [
    [
     -0.7388905155104398,
     -0.6738255012157944,
     0.0
    ],
    [
     0.6738255012157944,
     -0.7388905155104398,
     0.0
    ],
    [
     0.0,
     0.0,
     1.0
    ]
   ],
   "obj_scale": 0.6158245140643921,
   "obj_color": {
    "type": "random-multi",
    "color": [
     [
      0.9192465185864898,
      0.17874232259165468,
      0.513776300979718
     ],
     [
      0.6065848042907453,
      0.11750845705309187,
      0.7864497707649759
     ],
     [
      0.6049279133051253,
      0.03054379597235657,
      0.9055724054390698
     ]
    ],
    "randomness": 3.0033060051345966,
    "scale": 1.1441193756935675,
    "specular": 0.6671841113497091,
    "roughness": 0.2799165013395485,
    "clever": false
   }
  },
  {
   "obj_subpath": "Vase Sphere/Vase Sphere/Vase Sphere.blend",
   "obj_location": [
    -0.1809252495513215,
    -0.4885788096781234
   ],
   "obj_pose": [
    [
     0.9895888679946641,
     0.14392314734273728,
     0.0
    ],
    [
     -0.14392314734273728,
     0.9895888679946641,
     0.0
    ],
    [
     0.0,
     0.0,
     1.0
    ]
   ],
   "obj_scale": 0.6734437718767551,
   "obj_color": {
    "type": "random-multi",
    "color": [
     [
      0.6196885420637809,
      0.127919557521588,
      0.4626264137411819
     ],
     [
      0.7884994983785396,
      0.7946564603692673,
      0.1583313210568783
     ],
     [
      0.058433987611314686,
      0.9955392049546645,
      0.5321924727019313
     ],
     [
      0.7390071446927258,
      0.10922989234606639,
      0.18532101611098845
     ]
    ],
    "randomness": 1.704069811195098,
    "scale": 0.5233571687886686,
    "specular": 0.8192824359192162,
    "roughness": 0.21682386449086688,
    "clever": false
   }
  }
 ],
 "camera": {
  "track_to_point": [
   [
    -0.07706803374189207,
    -0.3640235045956938,
    0.0
   ],
   [
    -0.04501621945965226,
    -0.30735537729810114,
    0.0
   ],
   [
    -0.09778643232154655,
    -0.0930677830765593,
    0.0
   ],
   [
    0.10608066584933115,
    -0.15404070817004017,
    0.0
   ],
   [
    -0.12024816488498613,
    -0.17413470619367816,
    0.0
   ],
   [
    -0.11868731151739911,
    -0.31712590931350104,
    0.0
   ],
   [
    0.11497047605306057,
    -0.12476500282629013,
    0.0
   ],
   [
    -0.10438704167686044,
    -0.2887016011703578,
    0.0
   ],
   [
    -0.03434838258153919,
    -0.2993319941421864,
    0.0
   ],
   [
    0.008735404392793883,
    -0.34437651699118854,
    0.0
   ],
   [
    0.06360572038682419,
    -0.3652670543736788,
    0.0
   ],
   [
    -0.10446883637981297,
    -0.12022886800039503,
    0.0
   ],
   [
    0.02874669536684621,
    -0.207635415992092,
    0.0
   ],
   [
    0.10431495727449366,
    -0.3210682746025467,
    0.0
   ],
   [
    -0.13084296414624533,
    -0.17854709067556848,
    0.0
   ],
   [
    -0.15284267669564178,
    -0.3438602146271588,
    0.0
   ],
   [
    0.13873155042411492,
    -0.26314778681785767,
    0.0
   ],
   [
    -0.12282333009376006,
    -0.17840350516108083,
    0.0
   ],
   [
    -0.03013093994201227,
    -0.2705625709823536,
    0.0
   ],
   [
    0.04594695811299651,
    -0.2513324781361006,
    0.0
   ],
   [
    -0.1569303587348702,
    -0.3177181444713892,
    0.0
   ],
   [
    0.11967611689547489,
    -0.29852686773522763,
    0.0
   ],
   [
    0.0401155999088553,
    -0.2607786510211528,
    0.0
   ],
   [
    0.12528308493487303,
    -0.19430029574887567,
    0.0
   ],
   [
    -0.007859759258362936,
    -0.23324139217670914,
    0.0
   ]
  ],
  "positions": [
   [
    0.08549776242195826,
    -1.4108077551149434,
    0.566388983289832
   ],
   [
    0.9316755723775989,
    1.1563237798827048,
    0.5048677519374556
   ],
   [
    -1.3277539836965793,
    0.5687538185508609,
    0.497148560871454
   ],
   [
    1.2446361257878193,
    -0.39312567069191784,
    0.6159706380264022
   ],
   [
    0.9925419245200954,
    -0.9771391069340568,
    0.4570160640810606
   ],
   [
    0.06356328845622464,
    1.4817576870210234,
    0.47619242637677994
   ],
   [
    -1.219223019071605,
    0.6871811003463631,
    0.5373579209829412
   ],
   [
    0.10431539928633612,
    -1.4697381514914785,
    0.5078886411503503
   ],
   [
    -1.2663469697373886,
    -0.7793351047354075,
    0.46503006133107505
   ],
   [
    -0.6134010991901232,
    -1.2315990689458378,
    0.4552880849272914
   ],
   [
    0.775926191990511,
    -1.2219261987988572,
    0.4653295438698762
   ],
   [
    -1.2817171997636059,
    0.49395598950857084,
    0.5671403426156464
   ],
   [
    0.3019635973655158,
    -1.384970292729356,
    0.6041058008109812
   ],
   [
    1.3515062988514537,
    -0.5893454097234682,
    0.6136516067271993
   ],
   [
    0.316463478051706,
    -1.3205880484599688,
    0.5950960373933647
   ],
   [
    -0.9301214291569484,
    -1.0644020532017806,
    0.6044468994463313
   ],
   [
    -0.5266085439869417,
    1.251209174564576,
    0.6272360150798817
   ],
   [
    -0.027319161830784977,
    1.3385645124174743,
    0.46535401925537906
   ],
   [
    1.0777672678280386,
    -0.7734386958659423,
    0.6203441835845457
   ],
   [
    1.3718979789483625,
    -0.03967007654219633,
    0.5262186103858213
   ],
   [
    0.21233524117773214,
    1.3974588294423875,
    0.5366009510947459
   ],
   [
    1.0773148524993574,
    -0.9286004533371474,
    0.5181617501311447
   ],
   [
    -1.1894434335725408,
    -0.5294580872310214,
    0.5119295676879598
   ],
   [
    -1.3603968588618112,
    -0.5229429654650196,
    0.5037911522543014
   ],
   [
    0.9253919644052842,
    -1.0337786987590072,
    0.585544778335232
   ]
  ]
 },
 "appearance_assets": {
  "floor_pbr": "Fabric025",
  "background_hdr": "anniversary_lounge_4k.hdr"
 },
 "environment_strength": 0.6657978115846281
}