{
 "objects": [
  {
   "obj_subpath": "cup/cup_013/cup_013.blend",
   "obj_location": [
    0.4981524772320952,
    -0.4391633002225972
   ],
   "obj_pose": [
    [
     0.760641045934328,
     -0.6491727037082902,
     0.0
    ],
    [
     0.6491727037082902,
     0.760641045934328,
     0.0
    ],
    [
     0.0,
     0.0,
     1.0
    ]
   ],
   "obj_scale": 0.6491949880885569,
   "obj_color": {
    "type": "random-multi",
    "color": [
     [
      0.9604046568087587,
      0.05801835179750414,
      0.9015974728389168
     ],
     [
      0.5642381511668845,
      0.07828199375202727,
      0.20988653735880908
     ]
    ],
    "randomness": 0.7464949640967744,
    "scale": 0.6003367001584056,
    "specular": 0.894532627225983,
    "roughness": 0.18803596541223555,
    "clever": false
   }
  },
  {
   "obj_subpath": "Tier Stack Ring/Tier Stack Ring/Tier Stack Ring.blend",
   "obj_location": [
    0.03019362397667802,
    -0.054274926099614484
   ],
   "obj_pose": [
    [
     -0.7892217420037367,
     0.6141083307923669,
     0.0
    ],
    [
     -0.6141083307923669,
     -0.7892217420037367,
     0.0
    ],
    [
     0.0,
     0.0,
     1.0
    ]
   ],
   "obj_scale": 0.6348847002492021,
   "obj_color": {
    "type": "random-mono",
    "color": [
     [
      0.031178374055137115,
      0.014944773641198707,
      0.046167892289704214
     ],
     [
      0.8251498018985919,
      0.7690225520351779,
      0.8769756700874736
     ],
     [
      0.10293949259250093,
      0.07593155153203798,
      0.12787764646355007
     ]
    ],
    "randomness": 0.5186101413474562,
    "scale": 2.3588229545129993,
    "specular": 0.7446442567820769,
    "roughness": 0.11689136176541447,
    "clever": true
   }
  }
 ],
 "camera": {
  "track_to_point": [
   [
    0.11958857455493241,
    -0.3521298205190623,
    0.0
   ],
   [
    0.2961876622725266,
    -0.2698206344176325,
    0.0
   ],
   [
    0.13589279438596844,
    -0.34443303673121073,
    0.0
   ],
   [
    0.17308336947996586,
    -0.19996969991042726,
    0.0
   ],
   [
    0.14355834604176737,
    -0.3346511558914852,
    0.0
   ],
   [
    0.3212635331306784,
    -0.13345582320675473,
    0.0
   ],
   [
    0.32717305241975625,
    -0.34856920893334475,
    0.0
   ],
   [
    0.3082858494470865,
    -0.18898525786612141,
    0.0
   ],
   [
    0.1259215653341699,
    -0.23247331708395022,
    0.0
   ],
   [
    0.16009269752403857,
    -0.3553288407733921,
    0.0
   ],
   [
    0.2971233693403082,
    -0.3268289112919531,
    0.0
   ],
   [
    0.3517565936040056,
    -0.21484751007143557,
    0.0
   ],
   [
    0.13518953727846073,
    -0.38797105054879444,
    0.0
   ],
   [
    0.1995204465780968,
    -0.12355556988579772,
    0.0
   ],
   [
    0.25217755282182985,
    -0.25509316207965066,
    0.0
   ],
   [
    0.1288385104857305,
    -0.34319475925120174,
    0.0
   ],
   [
    0.18473361808371708,
    -0.1419732767382457,
    0.0
   ],
   [
    0.35685631743458834,
    -0.3687253520298698,
    0.0
   ],
   [
    0.13310318584773548,
    -0.3953572852264962,
    0.0
   ],
   [
    0.2636412533897885,
    -0.10022026154872501,
    0.0
   ],
   [
    0.33010447612736443,
    -0.3083355520733812,
    0.0
   ],
   [
    0.3789173575184639,
    -0.2843067788489031,
    0.0
   ],
   [
    0.3426513655944659,
    -0.3894352623357532,
    0.0
   ],
   [
    0.15338951393512656,
    -0.26058314566145147,
    0.0
   ],
   [
    0.1563264396281474,
    -0.21757214416155968,
    0.0
   ]
  ],
  "positions": [
   [
    -0.34808072449975785,
    -1.3184934510117967,
    0.5093290070015993
   ],
   [
    -0.4437066577117192,
    1.427785681864999,
    0.45849747871022567
   ],
   [
    -0.9253886610094487,
    0.973268723872429,
    0.6311837933369927
   ],
   [
    -1.2811367848947597,
    0.45286864917183367,
    0.6449066561761064
   ],
   [
    -1.0662323429644325,
    -0.939535547682935,
    0.5501019642079028
   ],
   [
    1.200485441340549,
    -0.6127737497132467,
    0.5038504933995955
   ],
   [
    -0.9313916000808483,
    1.1091920391065357,
    0.580520169787436
   ],
   [
    -0.845544489955925,
    -1.0053836539116312,
    0.6448335072106677
   ],
   [
    1.353262967771465,
    -0.5254149917831034,
    0.5730925583223234
   ],
   [
    0.02338803551000522,
    1.324752749794808,
    0.5637424158482243
   ],
   [
    1.14267682541208,
    -0.8957861002811177,
    0.48676655206277825
   ],
   [
    -0.782894736249559,
    -1.182444998563275,
    0.45750336264960917
   ],
   [
    0.28232921077750717,
    -1.413428187565352,
    0.6248087592515348
   ],
   [
    -0.725106945786834,
    1.1924109347177831,
    0.5781411653963665
   ],
   [
    -1.1711400769276112,
    -0.9159545709331104,
    0.5964179272620004
   ],
   [
    0.9343028323119499,
    -0.9697970170317125,
    0.4983126224342521
   ],
   [
    -0.9150701260472156,
    -1.1814680497559507,
    0.574581449767068
   ],
   [
    -0.7304758897392037,
    1.2122858280073034,
    0.6264416691691681
   ],
   [
    -1.2056642363853358,
    -0.7998166417856032,
    0.5399412911687347
   ],
   [
    1.3044814423507543,
    0.04079872739724536,
    0.5054432955386607
   ],
   [
    -1.2064284468389643,
    -0.8396901398883523,
    0.5003830957424067
   ],
   [
    -1.2404838537289231,
    0.529999908143937,
    0.4689149090727082
   ],
   [
    -0.9070262551381357,
    1.0795541949927052,
    0.5374933203077072
   ],
   [
    -1.2256923767720536,
    -0.6356566428861441,
    0.521413512222755
   ],
   [
    1.1069766279359237,
    -0.9008763378156596,
    0.6054126895573364
   ]
  ]
 },
 "appearance_assets": {
  "floor_pbr": "Tiles027",
  "background_hdr": "spiaggia_di_mondello_4k.hdr"
 },
 "environment_strength": 0.4074093714045699
}