{
 "objects": [
  {
   "obj_subpath": "guitar/guitar_023/guitar_023.blend",
   "obj_location": [
    0.07710708564545321,
    -0.02571782009695578
   ],
   "obj_pose": [
    [
     -0.45858459174124167,
     0.8886507594198739,
     0.0
    ],
    [
     -0.8886507594198739,
     -0.45858459174124167,
     0.0
    ],
    [
     0.0,
     0.0,
     1.0
    ]
   ],
   "obj_scale": 0.6711860130692437,
   "obj_color": {
    "type": "random-multi",
    "color": [
     [
      0.4936679195457069,
      0.6482421397517478,
      0.10338399075443461
     ],
     [
      0.746140294673075,
      0.01751573672860196,
      0.3784025585203377
     ],
     [
      0.6064248771211938,
      0.9687474159618769,
      0.10522303670188349
     ]
    ],
    "randomness": 2.5805663922134663,
    "scale": 0.9765442894948553,
    "specular": 0.65137842025608,
    "roughness": 0.1239106815107496,
    "clever": true
   }
  },
  {
   "obj_subpath": "94146/94146/94146.blend",
   "obj_location": [
    -0.34186219912125415,
    0.4515765498697786
   ],
   "obj_pose": [
    [
     0.9845118675334975,
     -0.17531794741470433,
     0.0
    ],
    [
     0.17531794741470433,
     0.9845118675334975,
     0.0
    ],
    [
     0.0,
     0.0,
     1.0
    ]
   ],
   "obj_scale": 0.6196438502302881,
   "obj_color": {
    "type": "random-multi",
    "color": [
     [
      0.9836495562158408,
      0.0364253393029836,
      0.02215684466934842
     ],
     [
      0.7230965278287307,
      0.1474392758181875,
      0.6599190646189259
     ]
    ],
    "randomness": 2.4304762140549085,
    "scale": 0.6713454361814807,
    "specular": 0.7646785561260591,
    "roughness": 0.11170895875199463,
    "clever": false
   }
  }
 ],
 "camera": {
  "track_to_point": [
   [
    0.013352899182539318,
    0.2075611696578778,
    0.0
   ],
   [
    -0.1315817913755699,
    0.3347039421216432,
    0.0
   ],
   [
    -0.24570660315918533,
    0.1451724091479567,
    0.0
   ],
   [
    -0.0004000249823532809,
    0.206869867896567,
    0.0
   ],
   [
    -0.06939441752453074,
    0.09970642823921766,
    0.0
   ],
   [
    -0.2732501342209249,
    0.13604565839624616,
    0.0
   ],
   [
    -0.2428333123498157,
    0.26619429607192197,
    0.0
   ],
   [
    -0.08167644265493645,
    0.2970596630120497,
    0.0
   ],
   [
    -0.23265453075471426,
    0.17827974839792926,
    0.0
   ],
   [
    -0.025852970963393923,
    0.35854991394391655,
    0.0
   ],
   [
    -0.056462770476959384,
    0.2210819077223531,
    0.0
   ],
   [
    -0.24101888680062467,
    0.30625956323602643,
    0.0
   ],
   [
    -0.13456989719722753,
    0.1880092041228677,
    0.0
   ],
   [
    -0.1859134464017082,
    0.29383230687502015,
    0.0
   ],
   [
    -0.09025526419246155,
    0.2698681608389216,
    0.0
   ],
   [
    -0.24521146045332512,
    0.0630647174123927,
    0.0
   ],
   [
    -0.09035768621401499,
    0.22758354431116512,
    0.0
   ],
   [
    -0.09339983365141044,
    0.06505156842501475,
    0.0
   ],
   [
    -0.038176911436710564,
    0.2511080178532543,
    0.0
   ],
   [
    -0.144567417695294,
    0.07656726622241442,
    0.0
   ],
   [
    -0.1504079122704523,
    0.08668052870958332,
    0.0
   ],
   [
    -0.2492112721000754,
    0.14367757959610858,
    0.0
   ],
   [
    -0.18774431177397355,
    0.11824553728460403,
    0.0
   ],
   [
    -0.21644789697162764,
    0.11634464089775504,
    0.0
   ],
   [
    -0.2515781486013733,
    0.2297399007418955,
    0.0
   ]
  ],
  "positions": [
   [
    -0.8886535539758857,
    1.0222825499323371,
    0.582616927433371
   ],
   [
    0.43847372714456917,
    -1.4134389599253925,
    0.5560551007718317
   ],
   [
    0.6478507283585433,
    -1.2191607496633035,
    0.5284447759952817
   ],
   [
    0.4657835087275785,
    1.236792877007455,
    0.5062697473377281
   ],
   [
    1.2047782253695314,
    -0.536576329737381,
    0.6101125408573412
   ],
   [
    -0.8475781306146374,
    -1.063979525140398,
    0.6020319885964552
   ],
   [
    0.6029441509908745,
    -1.2793686763600196,
    0.5309309395682758
   ],
   [
    -1.217505388382032,
    -0.6092207666230877,
    0.6161817527350877
   ],
   [
    0.7033974924016171,
    1.2701124030795257,
    0.511298982813905
   ],
   [
    -1.3231970417097076,
    0.08740774966705901,
    0.5613219459367341
   ],
   [
    -1.2554481278387157,
    -0.7352042148518219,
    0.4683943973151944
   ],
   [
    -1.4215906046587925,
    -0.10180103069209795,
    0.49666613272570437
   ],
   [
    -0.6680621906657181,
    1.1356049894698301,
    0.490756573493875
   ],
   [
    0.21680713783408795,
    1.466197546680594,
    0.465548903306367
   ],
   [
    -1.1640470397441895,
    -0.669556435511329,
    0.6310816700867876
   ],
   [
    -0.42344702678485563,
    1.27319940564614,
    0.5160183455285171
   ],
   [
    0.9027149089869215,
    0.9674232994967917,
    0.6439355871835284
   ],
   [
    -0.9355499549430035,
    -1.1273328303480792,
    0.4537082563383264
   ],
   [
    0.7408950762649887,
    1.122951074581456,
    0.616967027815364
   ],
   [
    -0.943739060297369,
    -0.9299130178556774,
    0.6126276174329844
   ],
   [
    0.8397166459330996,
    -1.0011601797799503,
    0.5103519244792426
   ],
   [
    -1.4028719853573266,
    -0.04689062399521425,
    0.5733741259054825
   ],
   [
    -1.2788332609308486,
    0.3300385592548614,
    0.5327228641319839
   ],
   [
    0.8881813268110662,
    1.123001632304977,
    0.5849876017589133
   ],
   [
    1.3392905449732975,
    0.5466857865309346,
    0.6160828353574328
   ]
  ]
 },
 "appearance_assets": {
  "floor_pbr": "Tiles072",
  "background_hdr": "moonlit_golf_4k.hdr"
 },
 "environment_strength": 0.42028488343818937
}