{
 "objects": [
  {
   "obj_subpath": "spade/spade_024/spade_024.blend",
   "obj_location": [
    -0.09070052676526641,
    0.14495040870209042
   ],
   "obj_pose": [
    [
     -0.5723321028846404,
     -0.8200219289797349,
     0.0
    ],
    [
     0.8200219289797349,
     -0.5723321028846404,
     0.0
    ],
    [
     0.0,
     0.0,
     1.0
    ]
   ],
   "obj_scale": 0.6195835886523384,
   "obj_color": {
    "type": "random-mono",
    "color": [
     [
      0.008699345226500668,
      0.020142157151074796,
      0.0067680219678122495
     ],
     [
      0.32819565284929403,
      0.47425276120346715,
      0.3035440643830537
     ],
     [
      0.1350740380467538,
      0.19453248873940135,
      0.12503861235722755
     ]
    ],
    "randomness": 0.1885459138150457,
    "scale": 4.53868082042901,
    "specular": 0.8327732146034921,
    "roughness": 0.28277269654299886,
    "clever": false
   }
  },
  {
   "obj_subpath": "Ico Pointy II/Ico Pointy II/Ico Pointy II.blend",
   "obj_location": [
    -0.31771698124659087,
    -0.44016888647056385
   ],
   "obj_pose": [
    [
     0.23424919938456013,
     0.9721765850850824,
     0.0
    ],
    [
     -0.9721765850850824,
     0.23424919938456013,
     0.0
    ],
    [
     0.0,
     0.0,
     1.0
    ]
   ],
   "obj_scale": 0.6715952399635103,
   "obj_color": {
    "type": "random-mono",
    "color": [
     [
      0.6796740849586493,
      0.5382790447558378,
      0.19307165942575777
     ],
     [
      0.9525881633130746,
      0.915476131147748,
      0.824869363260401
     ],
     [
      0.23094070313006038,
      0.19384883551528434,
      0.10329129815088883
     ],
     [
      0.05156989423661162,
      0.043279363001615404,
      0.02303853555444802
     ]
    ],
    "randomness": 0.21473611292912942,
    "scale": 2.3898444338129052,
    "specular": 0.6299522517309972,
    "roughness": 0.29857575861972996,
    "clever": false
   }
  }
 ],
 "camera": {
  "track_to_point": [
   [
    -0.19060116909504055,
    -0.18547280572132718,
    0.0
   ],
   [
    -0.0887735464118696,
    -0.17160367372085722,
    0.0
   ],
   [
    -0.06968263867494404,
    -0.2774110129108119,
    0.0
   ],
   [
    -0.33118476117782536,
    -0.08186534841818222,
    0.0
   ],
   [
    -0.2793320616283588,
    -0.08007545132261193,
    0.0
   ],
   [
    -0.17377608591031982,
    -0.13248627240559274,
    0.0
   ],
   [
    -0.09717415789964992,
    -0.0740167783107917,
    0.0
   ],
   [
    -0.08005252379860325,
    -0.021345441028834095,
    0.0
   ],
   [
    -0.22939283789169052,
    -0.05458399465486982,
    0.0
   ],
   [
    -0.25444503430654886,
    -0.042727276902015915,
    0.0
   ],
   [
    -0.07446019806838208,
    -0.19753596146266406,
    0.0
   ],
   [
    -0.20146576873106006,
    -0.1279458071664032,
    0.0
   ],
   [
    -0.2820109601882752,
    -0.2519809853547965,
    0.0
   ],
   [
    -0.12204384458066189,
    -0.14622106137095042,
    0.0
   ],
   [
    -0.11671827799319662,
    -0.1229360189672283,
    0.0
   ],
   [
    -0.2559138321795586,
    -0.14742213030084758,
    0.0
   ],
   [
    -0.13360953753813465,
    -0.11424556419154391,
    0.0
   ],
   [
    -0.11024287861516072,
    -0.21649067410606748,
    0.0
   ],
   [
    -0.31678916509822536,
    -0.025989666145412288,
    0.0
   ],
   [
    -0.3474958952572262,
    -0.13907793150129102,
    0.0
   ],
   [
    -0.29232534248210096,
    -0.1310794726483028,
    0.0
   ],
   [
    -0.27625745127545465,
    -0.22236113843452565,
    0.0
   ],
   [
    -0.06360055253801475,
    -0.15682675603511106,
    0.0
   ],
   [
    -0.12514484262917497,
    -0.034599176785333835,
    0.0
   ],
   [
    -0.0666696023231623,
    -0.050526265581741,
    0.0
   ]
  ],
  "positions": [
   [
    -0.07080682219654048,
    1.3147734503451116,
    0.5532232207971008
   ],
   [
    -0.04026621665419249,
    1.3077906629466687,
    0.4947999809336664
   ],
   [
    -1.0681830257247034,
    -0.8350959428328156,
    0.5188278163665638
   ],
   [
    0.8202593541108961,
    -1.218445567147596,
    0.5482693116641675
   ],
   [
    0.9446417852188551,
    1.1381898500776557,
    0.6474167328363586
   ],
   [
    0.68211241939217,
    -1.1681053806491255,
    0.5331350240613842
   ],
   [
    -0.3891479116636556,
    -1.2830504960205955,
    0.5258415505141762
   ],
   [
    0.3833894793573932,
    -1.2439325560954855,
    0.4967459353402752
   ],
   [
    1.0515941778835338,
    1.0247604604717955,
    0.5102997743336222
   ],
   [
    0.3792622360648853,
    1.2523857584609945,
    0.5108337131113068
   ],
   [
    1.3919915546771076,
    -0.0830070095980729,
    0.536312325722043
   ],
   [
    0.5844617536976369,
    -1.2069796743666703,
    0.6087033593055966
   ],
   [
    -1.1524312052751204,
    0.774856191590854,
    0.4875617606008948
   ],
   [
    -0.1190278222642585,
    1.4524690684432195,
    0.608066928803491
   ],
   [
    0.39639973818688046,
    1.3304279055474837,
    0.6402573202606103
   ],
   [
    1.2553508219871885,
    -0.5564791800611044,
    0.5606914803661928
   ],
   [
    -0.25218012305581905,
    1.301086868618433,
    0.5812861262032069
   ],
   [
    0.9428447003348082,
    -1.051844837417548,
    0.6233379681692152
   ],
   [
    0.6660758606833689,
    -1.2928845164451495,
    0.6018799934642547
   ],
   [
    1.0372080824081567,
    -0.9652672701182207,
    0.5836466484027175
   ],
   [
    -1.2670498996987916,
    -0.44951268093526725,
    0.5796318015177164
   ],
   [
    1.2263601100917985,
    0.5168165840090848,
    0.5837903498102182
   ],
   [
    1.3418037272501242,
    -0.12225952371038341,
    0.5989901694238126
   ],
   [
    1.1414472704278424,
    -0.7125446919135326,
    0.5713755814110129
   ],
   [
    1.1231843903493828,
    -0.8194719951951673,
    0.6373521331634255
   ]
  ]
 },
 "appearance_assets": {
  "floor_pbr": "Tiles072",
  "background_hdr": "balcony_4k.hdr"
 },
 "environment_strength": 0.4774065570234949
}