{
 "objects": [
  {
   "obj_subpath": "pig/pig_019/pig_019.blend",
   "obj_location": [
    0.14895573040126664,
    0.13468163200373473
   ],
   "obj_pose": [
    [
     -0.8066309863093677,
     -0.5910553712856154,
     0.0
    ],
    [
     0.5910553712856154,
     -0.8066309863093677,
     0.0
    ],
    [
     0.0,
     0.0,
     1.0
    ]
   ],
   "obj_scale": 0.6503528042462099,
   "obj_color": {
    "type": "random-mono",
    "color": [
     [
      0.5200888954932537,
      0.40069692976387195,
      0.6309761631210372
     ],
     [
      0.35951493469355233,
      0.285118003288026,
      0.42861231819881646
     ]
    ],
    "randomness": 0.07361857348473,
    "scale": 4.310825183358118,
    "specular": 0.763750442116957,
    "roughness": 0.24695631510649194,
    "clever": false
   }
  },
  {
   "obj_subpath": "Wireframe Cube/Wireframe Cube/Wireframe Cube.blend",
   "obj_location": [
    -0.4829967793342391,
    -0.08373658471046785
   ],
   "obj_pose": [
    [
     -0.04669723212927906,
     -0.998909089212559,
     0.0
    ],
    [
     0.998909089212559,
     -0.04669723212927906,
     0.0
    ],
    [
     0.0,
     0.0,
     1.0
    ]
   ],
   "obj_scale": 0.6125513554331524,
   "obj_color": {
    "type": "random-mono",
    "color": [
     [
      0.2894620659608615,
      0.083450582278281,
      0.270606649756848
     ],
     [
      0.7541849396863798,
      0.4746687848606128,
      0.7286019316871468
     ]
    ],
    "randomness": 0.9566197088336078,
    "scale": 2.72446160836565,
    "specular": 0.6666244030997898,
    "roughness": 0.14723968873888088,
    "clever": true
   }
  }
 ],
 "camera": {
  "track_to_point": [
   [
    -0.07188355766383744,
    0.10576479056149504,
    0.0
   ],
   [
    -0.20355642885241432,
    -0.012796956199422255,
    0.0
   ],
   [
    -0.09487624199451533,
    0.10315340481285831,
    0.0
   ],
   [
    -0.29982022455416535,
    -0.03211744513432625,
    0.0
   ],
   [
    -0.021328366513855418,
    -0.037056952049215136,
    0.0
   ],
   [
    -0.28763823519275705,
    -0.013335264149159365,
    0.0
   ],
   [
    -0.1802709143765897,
    0.15618906490210308,
    0.0
   ],
   [
    -0.24167888787190242,
    -0.049417878783225705,
    0.0
   ],
   [
    -0.19484823922411,
    -0.04287361320254525,
    0.0
   ],
   [
    -0.07245610788107834,
    -0.05190556777133308,
    0.0
   ],
   [
    -0.089482107354279,
    -0.043784884650504174,
    0.0
   ],
   [
    -0.17430495415691372,
    0.14893384328665424,
    0.0
   ],
   [
    -0.15246718949129803,
    0.015734890301565607,
    0.0
   ],
   [
    -0.20991341963399962,
    0.11366911587104855,
    0.0
   ],
   [
    -0.05058657211810838,
    0.023378677760099303,
    0.0
   ],
   [
    -0.23550360410001278,
    0.11152974894572049,
    0.0
   ],
   [
    -0.15009197146256506,
    -0.08188623321468164,
    0.0
   ],
   [
    -0.22312500819423087,
    0.004234979637247366,
    0.0
   ],
   [
    -0.13396410935105282,
    -0.12132215786600145,
    0.0
   ],
   [
    -0.06523189647758074,
    0.003993438205040306,
    0.0
   ],
   [
    -0.2699574059256791,
    0.13549548205277576,
    0.0
   ],
   [
    -0.20679588283438116,
    0.16391663146881244,
    0.0
   ],
   [
    -0.04705124627939031,
    -0.11308984287809457,
    0.0
   ],
   [
    -0.14591325102293942,
    0.13292798778636053,
    0.0
   ],
   [
    -0.31561089067061904,
    -0.08257481874366107,
    0.0
   ]
  ],
  "positions": [
   [
    0.7723535260485944,
    -1.2150663912724322,
    0.49722666984031055
   ],
   [
    1.1732638258068229,
    -0.6725000750463063,
    0.5326440608651358
   ],
   [
    -1.1000387803340252,
    -0.9137090607259295,
    0.6220829454284811
   ],
   [
    -0.12317657632071739,
    1.3017366941480082,
    0.6399530804974761
   ],
   [
    1.144072569944405,
    -0.8226736783511739,
    0.5565780475206207
   ],
   [
    0.6801564734632074,
    -1.203027677166879,
    0.4689134206469789
   ],
   [
    -1.3271276645336876,
    -0.301733156756434,
    0.5988516251706366
   ],
   [
    -1.0015913297605379,
    -1.1119126625475488,
    0.5455006831341642
   ],
   [
    -0.8858853536331152,
    -1.0931192321796739,
    0.457050545061552
   ],
   [
    -1.0895737679480342,
    -0.9867770860352323,
    0.528934729014362
   ],
   [
    0.39406136632312927,
    1.4214220285190817,
    0.46853855413631146
   ],
   [
    -0.9102796698621424,
    -1.1432464228889603,
    0.5759081526176353
   ],
   [
    -0.7704864121111215,
    -1.2656384718760834,
    0.6187835949298681
   ],
   [
    0.8207139041015702,
    -1.050043304795199,
    0.6197558118515409
   ],
   [
    1.3101350054762801,
    -0.30842070564541185,
    0.5483774369814967
   ],
   [
    0.3603220407241903,
    1.3408320917150223,
    0.5356035536691439
   ],
   [
    1.0630611462556692,
    0.765679373092891,
    0.5175349410556216
   ],
   [
    1.0648194651899572,
    -0.9881177123558464,
    0.552713757726837
   ],
   [
    1.3889597158136,
    0.4034445635447085,
    0.499916656171627
   ],
   [
    -1.1663675511141003,
    0.8846808803756105,
    0.5331141227553821
   ],
   [
    1.1815754804887755,
    0.8200785281619708,
    0.6411190782063482
   ],
   [
    1.3752192966971224,
    -0.3465317835766615,
    0.5302168987975484
   ],
   [
    0.27321824341678214,
    1.384770041564073,
    0.6038542611981201
   ],
   [
    -1.1824393784050893,
    0.6387355112718203,
    0.5367667759862743
   ],
   [
    -0.5478754349753031,
    -1.2530637299632146,
    0.5785941811602234
   ]
  ]
 },
 "appearance_assets": {
  "floor_pbr": "Carpet013",
  "background_hdr": "reading_room_4k.hdr"
 },
 "environment_strength": 0.7486794809236482
}