{
 "objects": [
  {
   "obj_subpath": "airplane/airplane_023/airplane_023.blend",
   "obj_location": [
    0.16990675212465334,
    -0.4749806873184752
   ],
   "obj_pose": [
    [
     -0.07088477075774674,
     -0.997484510794339,
     0.0
    ],
    [
     0.997484510794339,
     -0.07088477075774674,
     0.0
    ],
    [
     0.0,
     0.0,
     1.0
    ]
   ],
   "obj_scale": 0.6673600994266531,
   "obj_color": {
    "type": "random-multi",
    "color": [
     [
      0.6751753684976002,
      0.15353027418684284,
      0.7374090612411154
     ],
     [
      0.14496961678102682,
      0.5850385347012117,
      0.11736204210364876
     ],
     [
      0.7416291754153144,
      0.1831591908866863,
      0.33558728438704283
     ]
    ],
    "randomness": 0.27711053278042075,
    "scale": 1.3591655516192447,
    "specular": 0.7197524709963625,
    "roughness": 0.27990563044308664,
    "clever": false
   }
  },
  {
   "obj_subpath": "Cylinder Hole Stacked/Cylinder Hole Stacked/Cylinder Hole Stacked.blend",
   "obj_location": [
    -0.30266187410558565,
    0.1347666482073947
   ],
   "obj_pose": [
    [
     0.9564620646779711,
     -0.29185667515400876,
     0.0
    ],
    [
     0.29185667515400876,
     0.9564620646779711,
     0.0
    ],
    [
     0.0,
     0.0,
     1.0
    ]
   ],
   "obj_scale": 0.6354853853004983,
   "obj_color": {
    "type": "random-multi",
    "color": [
     [
      0.2888849188311772,
      0.6142885480929641,
      0.11466380340796467
     ],
     [
      0.42555016814216834,
      0.6395056450516888,
      0.12416790220849505
     ],
     [
      0.8298506831537887,
      0.057565517004603106,
      0.7256661309420609
     ],
     [
      0.04890065609266647,
      0.5601453171129569,
      0.23635533207185003
     ]
    ],
    "randomness": 1.4426350834075852,
    "scale": 1.4803681462632237,
    "specular": 0.8966860133258301,
    "roughness": 0.1748924516916208,
    "clever": false
   }
  }
 ],
 "camera": {
  "track_to_point": [
   [
    -0.21240102564090388,
    -0.21784059062631167,
    0.0
   ],
   [
    -0.011802135688654458,
    -0.2514278564822607,
    0.0
   ],
   [
    -0.10558091099669105,
    -0.15064640174345453,
    0.0
   ],
   [
    -0.06278942524577263,
    -0.2072728820774861,
    0.0
   ],
   [
    -0.05936046783561999,
    -0.2102498527626845,
    0.0
   ],
   [
    -0.20892530209295349,
    -0.26609977923595834,
    0.0
   ],
   [
    -0.034220043181966586,
    -0.08922747817725041,
    0.0
   ],
   [
    0.010076768535825648,
    -0.2793965098407195,
    0.0
   ],
   [
    0.06550483522840952,
    -0.11429719185556242,
    0.0
   ],
   [
    -0.19241621285415747,
    -0.284203194621637,
    0.0
   ],
   [
    -0.03403660911885581,
    -0.23702782164985575,
    0.0
   ],
   [
    -0.02296870624490549,
    -0.044040107020050984,
    0.0
   ],
   [
    0.07097659458490854,
    -0.27486732250738655,
    0.0
   ],
   [
    -0.1981552731435636,
    -0.14395998124950607,
    0.0
   ],
   [
    0.02890227970667847,
    -0.10984000574284022,
    0.0
   ],
   [
    0.025198958534782212,
    -0.3034217467245831,
    0.0
   ],
   [
    0.07861115348645889,
    -0.30816437931778895,
    0.0
   ],
   [
    -0.04965174882906523,
    -0.05192498963515621,
    0.0
   ],
   [
    -0.1419100738619672,
    -0.224305880357281,
    0.0
   ],
   [
    -0.12213814789253712,
    -0.29027106359342014,
    0.0
   ],
   [
    -0.13238655728566007,
    -0.2261894475661535,
    0.0
   ],
   [
    -0.09133726868183173,
    -0.2588774934154743,
    0.0
   ],
   [
    0.07266406110759296,
    -0.20616415001738964,
    0.0
   ],
   [
    -0.1203307625905395,
    -0.16842892544487825,
    0.0
   ],
   [
    -0.21267675583329027,
    -0.19853714970625086,
    0.0
   ]
  ],
  "positions": [
   [
    1.2992320127109025,
    -0.12420858305020044,
    0.5686498457816462
   ],
   [
    0.4749081114902222,
    1.3921405274579344,
    0.6406189523236218
   ],
   [
    -0.3807538787543918,
    1.3997911669275416,
    0.6044933615417557
   ],
   [
    -0.6201645791917796,
    -1.308755838578387,
    0.5575607463764697
   ],
   [
    -0.46912992289709876,
    1.356520416907703,
    0.6458348797631772
   ],
   [
    0.013019331729753392,
    1.4981946850025003,
    0.6199614690964812
   ],
   [
    -0.8346931854634969,
    1.0586820276157145,
    0.5323899570079629
   ],
   [
    -1.1460335762579406,
    -0.8916150579016899,
    0.45823683284610206
   ],
   [
    0.6776068402507994,
    -1.2172252369387664,
    0.558627542554109
   ],
   [
    -1.0193434837365822,
    0.8135661084161057,
    0.533655277560452
   ],
   [
    1.0184670853218973,
    0.9902843014952715,
    0.4603032961565703
   ],
   [
    -1.3436001041626708,
    0.2300340463653326,
    0.6284112162910165
   ],
   [
    1.2694266301010235,
    -0.7860728702869388,
    0.6128551894601177
   ],
   [
    1.0650043135455272,
    0.8846515282753189,
    0.6200607328674375
   ],
   [
    0.2989181127226418,
    1.3334726473098812,
    0.5914160547618917
   ],
   [
    0.03549606093891041,
    -1.4174623937559594,
    0.5241017839917695
   ],
   [
    0.4232632626307018,
    -1.2624400079354798,
    0.5358873260199437
   ],
   [
    -0.08617764280017776,
    -1.4698346766081594,
    0.5230573125390475
   ],
   [
    -0.3370317374358951,
    1.4034338970280469,
    0.5064290344926206
   ],
   [
    -0.2842375166889841,
    -1.4702213644829447,
    0.6161213577669915
   ],
   [
    0.9934708386534744,
    -1.0553451699936287,
    0.5653233553282161
   ],
   [
    -0.05520406038909675,
    1.34496385988633,
    0.6373100126219058
   ],
   [
    0.7664289969669448,
    -1.1747722694771392,
    0.5631160250491833
   ],
   [
    -0.7520573617381807,
    -1.2898019587562497,
    0.6408941956577883
   ],
   [
    0.022357286979057606,
    1.356478010446448,
    0.453546542919101
   ]
  ]
 },
 "appearance_assets": {
  "floor_pbr": "WoodFloor028",
  "background_hdr": "lebombo_4k.hdr"
 },
 "environment_strength": 0.7777191543790727
}