{
 "objects": [
  {
   "obj_subpath": "ball/ball_043/ball_043.blend",
   "obj_location": [
    -0.2128106668322569,
    -0.20144187941204827
   ],
   "obj_pose": [
    [
     -0.9830457419038839,
     -0.18336049008617536,
     0.0
    ],
    [
     0.18336049008617536,
     -0.9830457419038839,
     0.0
    ],
    [
     0.0,
     0.0,
     1.0
    ]
   ],
   "obj_scale": 0.6198463094067036,
   "obj_color": {
    "type": "random-multi",
    "color": [
     [
      0.2201045628970334,
      0.5438496270559162,
      0.11064870919021708
     ],
     [
      0.13023096388594624,
      0.594754381211427,
      0.6381392194150926
     ],
     [
      0.03572447352983066,
      0.4297601539254495,
      0.5770155611862533
     ],
     [
      0.17125847753515794,
      0.033977958346963266,
      0.6191345282107121
     ]
    ],
    "randomness": 3.7823437403069566,
    "scale": 1.1817989403261988,
    "specular": 0.6317963948902557,
    "roughness": 0.13494250543722225,
    "clever": false
   }
  },
  {
   "obj_subpath": "Torus Knot Yufoil/Torus Knot Yufoil/Torus Knot Yufoil.blend",
   "obj_location": [
    -0.0684301584738719,
    0.49700698182832614
   ],
   "obj_pose": [
    [
     -0.7274475592657171,
     -0.6861632812373094,
     0.0
    ],
    [
     0.6861632812373094,
     -0.7274475592657171,
     0.0
    ],
    [
     0.0,
     0.0,
     1.0
    ]
   ],
   "obj_scale": 0.6786184662613025,
   "obj_color": {
    "type": "random-mono",
    "color": [
     [
      0.4732106195560988,
      0.5567622791834198,
      0.7847485550532116
     ],
     [
      0.15560894647790763,
      0.22354574303443608,
      0.40892395467658876
     ],
     [
      0.20482524450193706,
      0.25238739567270196,
      0.3821695899001517
     ]
    ],
    "randomness": 0.21464926917696037,
    "scale": 3.905106558740342,
    "specular": 0.8458899729527267,
    "roughness": 0.11614010380493195,
    "clever": true
   }
  }
 ],
 "camera": {
  "track_to_point": [
   [
    0.006450715372265131,
    0.06508359996501815,
    0.0
   ],
   [
    -0.03109756593791832,
    0.08745781378780103,
    0.0
   ],
   [
    -0.016411620662476395,
    0.03943517376702883,
    0.0
   ],
   [
    -0.04499400215065394,
    0.20696098405864458,
    0.0
   ],
   [
    -0.19159018592715332,
    0.16783891045431193,
    0.0
   ],
   [
    -0.054707819770782457,
    0.16768173695682947,
    0.0
   ],
   [
    -0.03618952082106705,
    0.127253570863269,
    0.0
   ],
   [
    -0.002655143087020334,
    0.25647825471962293,
    0.0
   ],
   [
    -0.015959009016922127,
    0.036114000239322486,
    0.0
   ],
   [
    -0.049383217799848805,
    0.2090864792112438,
    0.0
   ],
   [
    -0.10963700397107279,
    0.19783224306880684,
    0.0
   ],
   [
    -0.12529344724346536,
    0.16907742586622554,
    0.0
   ],
   [
    -0.236370015381217,
    0.0867426071124692,
    0.0
   ],
   [
    -0.052488281123695996,
    0.1616965845412882,
    0.0
   ],
   [
    -0.03153040555276612,
    0.22471305607821004,
    0.0
   ],
   [
    -0.1281298968808473,
    0.07387548566803126,
    0.0
   ],
   [
    -0.037633674302273795,
    0.24867512431188762,
    0.0
   ],
   [
    -0.22456112887647872,
    0.17632777611142536,
    0.0
   ],
   [
    -0.21152261124604216,
    0.27092665595053944,
    0.0
   ],
   [
    -0.033079199740656956,
    0.10895149074925702,
    0.0
   ],
   [
    -0.006895854992923417,
    0.2588188195850155,
    0.0
   ],
   [
    -0.21577352159264418,
    0.21442762827971903,
    0.0
   ],
   [
    -0.24211993169984064,
    0.01996660371978809,
    0.0
   ],
   [
    -0.04017026935492121,
    0.17131566452865957,
    0.0
   ],
   [
    -0.24548073169153917,
    0.09639289744810817,
    0.0
   ]
  ],
  "positions": [
   [
    0.5366570903128217,
    1.2457057281624775,
    0.5060790753490021
   ],
   [
    1.1612344620833794,
    0.6779998361511161,
    0.6151658570200178
   ],
   [
    -1.3115176081947377,
    0.33250665324310036,
    0.517419320111153
   ],
   [
    -1.3240942865463483,
    0.5757667804965214,
    0.5716188866538388
   ],
   [
    1.112183643790665,
    0.6953698462822206,
    0.5806045511687967
   ],
   [
    -0.7010393214317031,
    1.2591620694451082,
    0.6461588638563898
   ],
   [
    1.1777656951053088,
    0.5835747373172218,
    0.5379768863347244
   ],
   [
    -1.1131890447320834,
    0.917760983416101,
    0.5925509056043077
   ],
   [
    0.07670117901355188,
    -1.3685563530381122,
    0.5634244925684484
   ],
   [
    0.37602065797916756,
    -1.3230666251914691,
    0.5959946607383606
   ],
   [
    -0.3967804651432654,
    -1.3331668382920732,
    0.46630005776282796
   ],
   [
    -1.201819190519788,
    -0.5577046772141521,
    0.6122637641643268
   ],
   [
    1.3491068111894777,
    0.11000221406743975,
    0.4801280349576583
   ],
   [
    0.6540653595917831,
    -1.1759745326701663,
    0.611766135083503
   ],
   [
    -0.7052428233093122,
    1.1387759172137746,
    0.5392515912056688
   ],
   [
    0.8300332383049264,
    1.2332396679195015,
    0.6390258456412956
   ],
   [
    1.1480749078970716,
    0.7160395772514403,
    0.4999895110386146
   ],
   [
    0.24733013962232134,
    1.467573908047235,
    0.5247849715996616
   ],
   [
    0.6569954584729181,
    -1.25832956659289,
    0.4973860959387208
   ],
   [
    -1.4911084576067233,
    0.06471396906601887,
    0.49637687906661465
   ],
   [
    0.34279628905223963,
    -1.34259016086511,
    0.4594766352455546
   ],
   [
    0.9072599659289946,
    -1.1824882758899038,
    0.6168079081664088
   ],
   [
    0.07504215560653245,
    1.3723139976296652,
    0.45194256902790647
   ],
   [
    -0.8460206353494485,
    -1.210172596314972,
    0.6330814847437239
   ],
   [
    1.23206176324504,
    -0.804597318408525,
    0.6491249425341957
   ]
  ]
 },
 "appearance_assets": {
  "floor_pbr": "Tiles001",
  "background_hdr": "st_fagans_interior_4k.hdr"
 },
 "environment_strength": 0.5339136300535519
}