{
 "objects": [
  {
   "obj_subpath": "pig/pig_033/pig_033.blend",
   "obj_location": [
    -0.28187586862714265,
    -0.29272300725463296
   ],
   "obj_pose": [
    [
     -0.6256933526419539,
     0.7800691177451338,
     0.0
    ],
    [
     -0.7800691177451338,
     -0.6256933526419539,
     0.0
    ],
    [
     0.0,
     0.0,
     1.0
    ]
   ],
   "obj_scale": 0.678971830718239,
   "obj_color": {
    "type": "random-mono",
    "color": [
     [
      0.8927913603939553,
      0.788384215262375,
      0.8935675961859155
     ],
     [
      0.8565222443237361,
      0.5912365208854935,
      0.8584945640665018
     ],
     [
      0.7703176405660102,
      0.4849374514380528,
      0.7724393566309243
     ]
    ],
    "randomness": 0.4348414857781361,
    "scale": 4.6913192801828085,
    "specular": 0.7127853362111495,
    "roughness": 0.2867268335417752,
    "clever": false
   }
  },
  {
   "obj_subpath": "100423/100423/100423.blend",
   "obj_location": [
    0.07644767505538252,
    0.34604512837447066
   ],
   "obj_pose": [
    [
     0.552450315162462,
     -0.8335458291401238,
     0.0
    ],
    [
     0.8335458291401238,
     0.552450315162462,
     0.0
    ],
    [
     0.0,
     0.0,
     1.0
    ]
   ],
   "obj_scale": 0.6129907690073928,
   "obj_color": {
    "type": "random-multi",
    "color": [
     [
      0.8968675724669418,
      0.10925217408783772,
      0.8973166449225963
     ],
     [
      0.09694668864442291,
      0.12959472803015645,
      0.6238968149314142
     ]
    ],
    "randomness": 1.1426382695904613,
    "scale": 1.281744480009865,
    "specular": 0.7533875296612986,
    "roughness": 0.13522624334119862,
    "clever": true
   }
  }
 ],
 "camera": {
  "track_to_point": [
   [
    -0.04890056317764341,
    -0.07137114382222137,
    0.0
   ],
   [
    -0.04594816554693998,
    -0.03290053611623202,
    0.0
   ],
   [
    -0.10465842946205825,
    0.0556356177568203,
    0.0
   ],
   [
    -0.058399497631987096,
    -0.07909503196891812,
    0.0
   ],
   [
    -0.1571827381212559,
    -0.03735410738763949,
    0.0
   ],
   [
    -0.1624304151930825,
    -0.022036813642320324,
    0.0
   ],
   [
    -0.09863444470348348,
    0.08787621898041553,
    0.0
   ],
   [
    -0.05255612565586734,
    -0.02916247340374803,
    0.0
   ],
   [
    -0.11053127198703114,
    0.1106595932559736,
    0.0
   ],
   [
    -0.23035977200704774,
    0.12914169863364353,
    0.0
   ],
   [
    -0.12276285704519829,
    -0.11956619059631052,
    0.0
   ],
   [
    -0.2460929614968239,
    0.004011318825188709,
    0.0
   ],
   [
    0.006925388944965166,
    0.16204393373375556,
    0.0
   ],
   [
    -0.07377492059210669,
    -0.0069110134195321665,
    0.0
   ],
   [
    -0.23816415196891313,
    0.07502724652569831,
    0.0
   ],
   [
    -0.11851287458775261,
    -0.007168666914828689,
    0.0
   ],
   [
    -0.1566149163542102,
    -0.07562380734429283,
    0.0
   ],
   [
    -0.13615945680807445,
    0.09916797269565575,
    0.0
   ],
   [
    -0.07124785237547568,
    0.17187709353850453,
    0.0
   ],
   [
    -0.2416336727724376,
    0.019568894183328633,
    0.0
   ],
   [
    -0.06825359254066202,
    0.03948252679006142,
    0.0
   ],
   [
    -0.2041475040705456,
    -0.018348525840226754,
    0.0
   ],
   [
    -0.025358948135087794,
    0.060483081978431164,
    0.0
   ],
   [
    -0.10266021970464212,
    -0.06291139826668074,
    0.0
   ],
   [
    -0.20127046464705003,
    -0.0665803858243764,
    0.0
   ]
  ],
  "positions": [
   [
    1.2241234656883628,
    0.458776636654896,
    0.4568741361744034
   ],
   [
    -0.5494889887823765,
    -1.240315690103102,
    0.6210118565649
   ],
   [
    -1.4085777747022334,
    0.15867551440828742,
    0.6162164289152785
   ],
   [
    0.7787675096680295,
    -1.1916581856876824,
    0.4643975815454374
   ],
   [
    -1.4006090369460114,
    -0.19237442799714397,
    0.4872881530766418
   ],
   [
    0.0640177113135377,
    -1.4481810124450292,
    0.5608357463584648
   ],
   [
    1.138348204494358,
    0.7948024793022306,
    0.5118782222462297
   ],
   [
    -0.27444647785042176,
    -1.3131755950180406,
    0.571219977727015
   ],
   [
    -0.932612447344621,
    1.0095310320672222,
    0.5893071274848443
   ],
   [
    -1.2799221027898748,
    -0.265195802126032,
    0.5097187018217383
   ],
   [
    1.1184664696256827,
    -0.8783542881329329,
    0.5652284123157212
   ],
   [
    -1.3794201035027958,
    0.38948174562701726,
    0.5850417257304958
   ],
   [
    0.33777658529179183,
    -1.3600824387791763,
    0.5462462949655447
   ],
   [
    0.4461185789650424,
    1.3550442135913183,
    0.5593716165621568
   ],
   [
    1.3169179242787192,
    -0.6457933134008405,
    0.5972670933253457
   ],
   [
    -0.09136051210717938,
    -1.3262277007646666,
    0.4863678649937868
   ],
   [
    -1.3776924227214964,
    0.2541936787831407,
    0.6133041957963596
   ],
   [
    -1.387859438084407,
    0.4529265860925736,
    0.5059387689721169
   ],
   [
    0.5495864424375718,
    -1.387726453636249,
    0.6101851716300015
   ],
   [
    -1.2826666583077557,
    -0.6448196137623089,
    0.4527904072124545
   ],
   [
    -0.6797586567761433,
    -1.2742511433547756,
    0.519559270120679
   ],
   [
    0.5373177765519142,
    -1.1935838676870865,
    0.5506244069743691
   ],
   [
    1.1875765689339948,
    -0.850329049552058,
    0.4847528228600755
   ],
   [
    0.8046210258135701,
    1.163092624004332,
    0.48278510532287766
   ],
   [
    0.3158423136115167,
    1.42316168646906,
    0.6171326945970608
   ]
  ]
 },
 "appearance_assets": {
  "floor_pbr": "Carpet013",
  "background_hdr": "cabin_4k.hdr"
 },
 "environment_strength": 0.7771936519084904
}