{
 "objects": [
  {
   "obj_subpath": "bottle/bottle_046/bottle_046.blend",
   "obj_location": [
    -0.11256720844750423,
    0.3228728282589256
   ],
   "obj_pose": [
    [
     0.9999872532916948,
     0.005049084484524509,
     0.0
    ],
    [
     -0.005049084484524509,
     0.9999872532916948,
     0.0
    ],
    [
     0.0,
     0.0,
     1.0
    ]
   ],
   "obj_scale": 0.6636661270180064,
   "obj_color": {
    "type": "random-multi",
    "color": [
     [
      0.4802830889136148,
      0.08278771593235534,
      0.646980439029845
     ],
     [
      0.07291352165294107,
      0.5756027553317578,
      0.37241158965478255
     ]
    ],
    "randomness": 3.370829463773821,
    "scale": 1.4558355533633036,
    "specular": 0.7678031809192827,
    "roughness": 0.26638918546962137,
    "clever": true
   }
  },
  {
   "obj_subpath": "93073/93073/93073.blend",
   "obj_location": [
    0.15647714631807297,
    -0.484619543861013
   ],
   "obj_pose": [
    [
     -0.9375740097519037,
     -0.3477858194891463,
     0.0
    ],
    [
     0.3477858194891463,
     -0.9375740097519037,
     0.0
    ],
    [
     0.0,
     0.0,
     1.0
    ]
   ],
   "obj_scale": 0.6545590769286502,
   "obj_color": {
    "type": "random-mono",
    "color": [
     [
      0.9626781873296061,
      0.9524879257836014,
      0.986740165456597
     ],
     [
      0.9666110974016071,
      0.962008255077162,
      0.977479659590397
     ],
     [
      0.308995935406979,
      0.26730114699848506,
      0.4074486671808798
     ],
     [
      0.22795478305475148,
      0.13289769306566002,
      0.4524104174667747
     ]
    ],
    "randomness": 0.2970611216262268,
    "scale": 3.308746183223448,
    "specular": 0.7533066348293654,
    "roughness": 0.21940659274777594,
    "clever": false
   }
  }
 ],
 "camera": {
  "track_to_point": [
   [
    0.07429834546648939,
    -0.1511819408958433,
    0.0
   ],
   [
    -0.056040856825881114,
    -0.10794389058532192,
    0.0
   ],
   [
    0.1314792578966126,
    0.015477339697825138,
    0.0
   ],
   [
    -0.12144796168285935,
    -0.225455997404316,
    0.0
   ],
   [
    -0.027468684179952296,
    0.02663976122168002,
    0.0
   ],
   [
    0.01673473952316279,
    -0.17667697862860188,
    0.0
   ],
   [
    0.05672249432190862,
    -0.047881198113625845,
    0.0
   ],
   [
    0.05465396828046662,
    -0.1931642505694167,
    0.0
   ],
   [
    0.02893868167513866,
    -0.16507086660262016,
    0.0
   ],
   [
    -0.0883492417208201,
    0.04713044020189225,
    0.0
   ],
   [
    -0.1011280926530628,
    0.021491898960980443,
    0.0
   ],
   [
    -0.10017409258146905,
    0.04068037376567327,
    0.0
   ],
   [
    0.10580933368904313,
    -0.05620586295708746,
    0.0
   ],
   [
    0.025588893646625754,
    -0.1787181052728357,
    0.0
   ],
   [
    0.059857055038812834,
    -0.1757813891742209,
    0.0
   ],
   [
    0.12664383532885468,
    -0.15910279965337898,
    0.0
   ],
   [
    0.15862724319407204,
    -0.09562059659922417,
    0.0
   ],
   [
    0.16078340758846485,
    -0.10032876990647827,
    0.0
   ],
   [
    -0.04110976718517273,
    -0.17642598837158494,
    0.0
   ],
   [
    -0.0839159864125624,
    -0.0582586992311695,
    0.0
   ],
   [
    0.05973274414619048,
    0.03456004519132275,
    0.0
   ],
   [
    -0.12716543087711538,
    0.04655361529648058,
    0.0
   ],
   [
    0.10311668663741544,
    -0.120323037618929,
    0.0
   ],
   [
    0.03450028556531637,
    -0.09662684117811388,
    0.0
   ],
   [
    -0.039173207371848234,
    0.01385212918993925,
    0.0
   ]
  ],
  "positions": [
   [
    -1.3468394773440846,
    -0.15750646438843022,
    0.48638860938860534
   ],
   [
    0.5819219245879416,
    1.3609558056612276,
    0.4612792303990185
   ],
   [
    -0.16474885368663358,
    1.2917796594366755,
    0.584607069016767
   ],
   [
    0.9023900870501697,
    1.1038744157091132,
    0.6258496486794316
   ],
   [
    -0.7173989373279587,
    -1.1364305015470106,
    0.501287651871978
   ],
   [
    1.2688601816506082,
    0.7724109583470742,
    0.5762309448077736
   ],
   [
    -1.3158934897349903,
    0.01224706520518525,
    0.5412446953101822
   ],
   [
    -0.5500910188205115,
    -1.219159533408568,
    0.5361789397497636
   ],
   [
    -1.1832794050389923,
    -0.7016333576473028,
    0.49224625445257014
   ],
   [
    -1.2206736968020135,
    -0.7164770031421066,
    0.452729802826733
   ],
   [
    1.060361013123254,
    -1.0276852514043702,
    0.4836240915187928
   ],
   [
    -1.3688793273152813,
    0.27552535312715803,
    0.5841120718917382
   ],
   [
    1.0494058816031067,
    -0.881895704075498,
    0.48039387328651356
   ],
   [
    0.812582741565654,
    1.0684141937789524,
    0.5528249216219595
   ],
   [
    1.2434623389557176,
    0.4939665875304949,
    0.5833524050127217
   ],
   [
    1.0294004585180188,
    -0.9126017420706446,
    0.45173244078769564
   ],
   [
    -1.3623662162085373,
    -0.5050119741398977,
    0.4850510610239089
   ],
   [
    0.9470987525980052,
    -0.940467266036419,
    0.616937161792324
   ],
   [
    -1.467919722746806,
    0.30725569600792507,
    0.5091041128066797
   ],
   [
    -1.4148859591146976,
    -0.38106618249251856,
    0.5947953300888053
   ],
   [
    -1.0287534371003808,
    -0.824454616347744,
    0.547944649160931
   ],
   [
    -1.188627242632214,
    -0.8589426705093025,
    0.6115802788634582
   ],
   [
    0.9746999028579467,
    0.9871741484715012,
    0.502185637564389
   ],
   [
    -0.5957707032820878,
    1.280288165944748,
    0.5077767600078102
   ],
   [
    0.8636830657219665,
    -1.1271077239566087,
    0.5382009656966835
   ]
  ]
 },
 "appearance_assets": {
  "floor_pbr": "Tiles072",
  "background_hdr": "wooden_lounge_4k.hdr"
 },
 "environment_strength": 0.75217112952961
}