{
 "objects": [
  {
   "obj_subpath": "cake/cake_020/cake_020.blend",
   "obj_location": [
    0.06768665833298637,
    -0.05031669044456932
   ],
   "obj_pose": [
    [
     0.8661830512720464,
     -0.49972684707652787,
     0.0
    ],
    [
     0.49972684707652787,
     0.8661830512720464,
     0.0
    ],
    [
     0.0,
     0.0,
     1.0
    ]
   ],
   "obj_scale": 0.6721552893298914,
   "obj_color": {
    "type": "random-multi",
    "color": [
     [
      0.16990630960548736,
      0.7285078581756649,
      0.8572133911428548
     ],
     [
      0.8419912293405605,
      0.427597865479093,
      0.07647617187919198
     ]
    ],
    "randomness": 1.1525468453964764,
    "scale": 0.9597502690104204,
    "specular": 0.7323331838273772,
    "roughness": 0.23472908246635446,
    "clever": false
   }
  },
  {
   "obj_subpath": "Multi Holed Block/Multi Holed Block/Multi Holed Block.blend",
   "obj_location": [
    -0.3510982118222272,
    0.48090241652561816
   ],
   "obj_pose": [
    [
     0.11683912557532428,
     0.9931508539667041,
     0.0
    ],
    [
     -0.9931508539667041,
     0.11683912557532428,
     0.0
    ],
    [
     0.0,
     0.0,
     1.0
    ]
   ],
   "obj_scale": 0.667137106876142,
   "obj_color": {
    "type": "random-mono",
    "color": [
     [
      0.14368967467175758,
      0.16074711233001418,
      0.2989102798536069
     ],
     [
      0.23277085864510483,
      0.27629608789848936,
      0.6288451437015626
     ],
     [
      0.5256407316400438,
      0.547188232318646,
      0.7217203634404274
     ],
     [
      0.2229693539200559,
      0.2421773515392646,
      0.3977597928194132
     ]
    ],
    "randomness": 0.7408641462479566,
    "scale": 4.051064937347755,
    "specular": 0.7208580555361626,
    "roughness": 0.2468208384740811,
    "clever": false
   }
  }
 ],
 "camera": {
  "track_to_point": [
   [
    -0.19936821211196964,
    0.23329731150759792,
    0.0
   ],
   [
    -0.1856209679493399,
    0.24413762080966414,
    0.0
   ],
   [
    -0.17835769074298,
    0.32469339390052865,
    0.0
   ],
   [
    -0.27301586326795935,
    0.23701230633760062,
    0.0
   ],
   [
    0.006717986899399536,
    0.21300933764587762,
    0.0
   ],
   [
    -0.1750004798488592,
    0.2716640079798204,
    0.0
   ],
   [
    -0.15236213619742625,
    0.2950308016589188,
    0.0
   ],
   [
    -0.2196016864124573,
    0.16762382079363233,
    0.0
   ],
   [
    -0.06490309764560179,
    0.2620573602951607,
    0.0
   ],
   [
    -0.142140594742779,
    0.32758251545623707,
    0.0
   ],
   [
    -0.1627345374871375,
    0.2522605046862461,
    0.0
   ],
   [
    -0.29072239061914806,
    0.36165922033806963,
    0.0
   ],
   [
    -0.06879924946201088,
    0.22872464522888517,
    0.0
   ],
   [
    -0.1318106460990425,
    0.2765396724828348,
    0.0
   ],
   [
    -0.27972228478639727,
    0.17150804430958227,
    0.0
   ],
   [
    -0.21669540174311228,
    0.34625705695444364,
    0.0
   ],
   [
    -0.11896531422386411,
    0.17652765009612792,
    0.0
   ],
   [
    -0.045667412526766094,
    0.14438329259297109,
    0.0
   ],
   [
    -0.2036951829910989,
    0.31737051523361737,
    0.0
   ],
   [
    -0.07909313163576862,
    0.13105399101583282,
    0.0
   ],
   [
    -0.23421988878475605,
    0.23025277631621438,
    0.0
   ],
   [
    -0.08475414733239509,
    0.33211543942560795,
    0.0
   ],
   [
    -0.040201760680308535,
    0.07692151961285942,
    0.0
   ],
   [
    -0.20714402020620876,
    0.2811194326640493,
    0.0
   ],
   [
    -0.1729007866530111,
    0.07192420991803913,
    0.0
   ]
  ],
  "positions": [
   [
    -1.3614592239130985,
    -0.4769492738619326,
    0.5122081072171926
   ],
   [
    0.3911200700712339,
    1.3877257043638347,
    0.58040093562696
   ],
   [
    0.6612094269776945,
    1.220776276179098,
    0.4778806358218691
   ],
   [
    -1.0797103701399489,
    -0.915536599786094,
    0.6308993010437638
   ],
   [
    0.7855158750639936,
    -1.1894695852125239,
    0.48248363376617437
   ],
   [
    0.3394240914511325,
    -1.3008620124939896,
    0.5212562866303785
   ],
   [
    -1.3034354644132007,
    -0.044622885654827915,
    0.6422635243233978
   ],
   [
    -1.2350226168959668,
    0.572087706155313,
    0.5303664729023058
   ],
   [
    1.3267107648080438,
    -0.6765296820058055,
    0.6009518992904626
   ],
   [
    -1.2967005421357403,
    0.5135196629352634,
    0.5961687559494908
   ],
   [
    0.6058846186278667,
    1.35023690716309,
    0.5020654119919798
   ],
   [
    -1.1490420803414105,
    -0.6092500119459306,
    0.5580943063710352
   ],
   [
    -1.0163395513049067,
    1.0974584225189195,
    0.6155224870757547
   ],
   [
    1.0923489267188622,
    0.7538380200092747,
    0.5519276961625726
   ],
   [
    0.5046823978663195,
    -1.3875213614299413,
    0.4555195523080372
   ],
   [
    -0.9819270350834811,
    1.033095655031874,
    0.5522900102176334
   ],
   [
    0.6256568797260015,
    -1.1613961088474123,
    0.4551957762598991
   ],
   [
    0.06597704450672402,
    -1.363429062742931,
    0.5713974104658288
   ],
   [
    -1.4442159125325096,
    -0.2711636479146905,
    0.6020819025187971
   ],
   [
    0.22189375093833477,
    1.3660339581056042,
    0.4512949263797568
   ],
   [
    1.3445919283542884,
    0.5964638654807652,
    0.599911087487457
   ],
   [
    0.07998308977168764,
    1.363471379908329,
    0.5034659924925979
   ],
   [
    0.45817644238236344,
    1.343461608443284,
    0.5332983008280605
   ],
   [
    -0.008336400269155692,
    1.3474629843820312,
    0.517934662082526
   ],
   [
    1.149732303113579,
    -0.75966916270669,
    0.4934102324487646
   ]
  ]
 },
 "appearance_assets": {
  "floor_pbr": "Carpet014",
  "background_hdr": "cabin_4k.hdr"
 },
 "environment_strength": 0.5999974632792036
}