{
 "objects": [
  {
   "obj_subpath": "helicopter/helicopter_007/helicopter_007.blend",
   "obj_location": [
    -0.3115382136554792,
    -0.4630544641174339
   ],
   "obj_pose": [
    [
     0.5797912754664999,
     -0.8147650439807351,
     0.0
    ],
    [
     0.8147650439807351,
     0.5797912754664999,
     0.0
    ],
    [
     0.0,
     0.0,
     1.0
    ]
   ],
   "obj_scale": 0.630278387551968,
   "obj_color": {
    "type": "random-multi",
    "color": [
     [
      0.9047066570595588,
      0.3734598761550048,
      0.10994214971891125
     ],
     [
      0.822044057540356,
      0.03747413699525137,
      0.8544837921114357
     ],
     [
      0.9582709825008637,
      0.04751805264474562,
      0.3728641882111628
     ],
     [
      0.43084744135590647,
      0.8832023365776013,
      0.0036065531412129426
     ]
    ],
    "randomness": 0.46857028007676105,
    "scale": 1.4777730582537572,
    "specular": 0.861726489634471,
    "roughness": 0.2749036806645565,
    "clever": false
   }
  },
  {
   "obj_subpath": "Formation Grid Box Cylinder/Formation Grid Box Cylinder/Formation Grid Box Cylinder.blend",
   "obj_location": [
    0.47789481531668365,
    -0.47413741108719476
   ],
   "obj_pose": [
    [
     -0.9497170628494427,
     0.3131094066498605,
     0.0
    ],
    [
     -0.3131094066498605,
     -0.9497170628494427,
     0.0
    ],
    [
     0.0,
     0.0,
     1.0
    ]
   ],
   "obj_scale": 0.627757985558484,
   "obj_color": {
    "type": "random-mono",
    "color": [
     [
      0.901511277796572,
      0.8953873363905439,
      0.9563681778652559
     ],
     [
      0.40235839804644125,
      0.36085918815355944,
      0.7740990564045138
     ],
     [
      0.8541565751292302,
      0.8487021168286164,
      0.9030163949882248
     ]
    ],
    "randomness": 0.13569110304316512,
    "scale": 3.4951254148964432,
    "specular": 0.73812360154,
    "roughness": 0.1129092394451783,
    "clever": false
   }
  }
 ],
 "camera": {
  "track_to_point": [
   [
    0.19975431706748528,
    -0.4234758634664107,
    0.0
   ],
   [
    -0.052177401448273014,
    -0.5984273008683494,
    0.0
   ],
   [
    0.07246934275513645,
    -0.4514211726728944,
    0.0
   ],
   [
    0.15113752736703231,
    -0.45600995255722904,
    0.0
   ],
   [
    -0.017222584046768075,
    -0.4160467478902075,
    0.0
   ],
   [
    0.15230353402964397,
    -0.3370956909075228,
    0.0
   ],
   [
    0.02223589419235647,
    -0.5151722387896855,
    0.0
   ],
   [
    0.1280626902666741,
    -0.5481310278592546,
    0.0
   ],
   [
    0.08618697966799682,
    -0.4111990911947334,
    0.0
   ],
   [
    -0.05350078205806269,
    -0.3797424385541419,
    0.0
   ],
   [
    0.232829998584318,
    -0.3561702551155784,
    0.0
   ],
   [
    0.1100562603674167,
    -0.6090518491536545,
    0.0
   ],
   [
    0.13700229858714277,
    -0.6139490025342375,
    0.0
   ],
   [
    0.19453620821310305,
    -0.57134774133005,
    0.0
   ],
   [
    0.04428092026456423,
    -0.3496680525398953,
    0.0
   ],
   [
    0.10147016875937437,
    -0.4852861528972677,
    0.0
   ],
   [
    -0.04491163078746038,
    -0.5998640958582048,
    0.0
   ],
   [
    -0.038001740295956626,
    -0.46388452658395873,
    0.0
   ],
   [
    0.11306783850459459,
    -0.43934140887309997,
    0.0
   ],
   [
    0.12108871813401115,
    -0.4363861257821559,
    0.0
   ],
   [
    0.1702865792632734,
    -0.618034192514696,
    0.0
   ],
   [
    0.11952247606087979,
    -0.5025666783402744,
    0.0
   ],
   [
    0.09977973344977825,
    -0.4739061332639152,
    0.0
   ],
   [
    0.04675297729669961,
    -0.5955839548346257,
    0.0
   ],
   [
    -0.0021164762983156976,
    -0.5590080499631706,
    0.0
   ]
  ],
  "positions": [
   [
    0.11800984424591497,
    1.3048119031861558,
    0.4975089493127553
   ],
   [
    -1.0092404255164238,
    -0.9741252674412162,
    0.5220439529106614
   ],
   [
    0.6002657881551194,
    -1.293299148183593,
    0.6495187099857735
   ],
   [
    1.3466039773769878,
    0.4127790253254685,
    0.5658625642184278
   ],
   [
    -0.7785994970328234,
    -1.1342087858907082,
    0.5933149365605656
   ],
   [
    1.3485394386153957,
    0.0625920096225872,
    0.6394998924645803
   ],
   [
    -1.3294583097679202,
    0.25625767363403273,
    0.45367804327244
   ],
   [
    -0.6619057413042597,
    -1.1335848822644778,
    0.5403107884502467
   ],
   [
    0.908188160635228,
    -1.1072269788581108,
    0.5216958752477995
   ],
   [
    -0.23111849126441014,
    -1.3862605470763265,
    0.5732262393627819
   ],
   [
    -0.46984643121564623,
    1.3992932649772278,
    0.48952035707302916
   ],
   [
    1.106289459051689,
    -0.7227886181968834,
    0.6268078759124722
   ],
   [
    -1.376171961947445,
    0.1329037207270417,
    0.5686845169613785
   ],
   [
    -1.4802350831107063,
    0.10400355397086386,
    0.4525068860912964
   ],
   [
    1.2610297234619812,
    0.655808732799492,
    0.5899246283735352
   ],
   [
    1.2071590238989183,
    -0.606732529038611,
    0.48778808612943053
   ],
   [
    1.0603303469449485,
    -0.8235092990167422,
    0.6463533578020981
   ],
   [
    1.383477333813069,
    -0.35344603923947504,
    0.6402000740500952
   ],
   [
    -1.184362011441138,
    -0.5469100465600929,
    0.5857150717652249
   ],
   [
    0.11047438252083797,
    1.451736647555878,
    0.4623043676235287
   ],
   [
    1.3621569051421407,
    0.1458503305706174,
    0.5523020142899856
   ],
   [
    -1.1616948966444334,
    -0.7273056703399102,
    0.4671698287689036
   ],
   [
    -0.49522652757707064,
    1.281614975954454,
    0.462738762972922
   ],
   [
    -1.2133826023419756,
    -0.6645364082858894,
    0.6481073696062074
   ],
   [
    -0.08217488754301702,
    -1.328033572716587,
    0.5044846294089422
   ]
  ]
 },
 "appearance_assets": {
  "floor_pbr": "Tiles071",
  "background_hdr": "reading_room_4k.hdr"
 },
 "environment_strength": 0.498499969830132
}