{
 "objects": [
  {
   "obj_subpath": "mug/mug_006/mug_006.blend",
   "obj_location": [
    0.4561278511771366,
    -0.3638571421531144
   ],
   "obj_pose": [
    [
     0.8058451730092463,
     -0.5921263016770137,
     0.0
    ],
    [
     0.5921263016770137,
     0.8058451730092463,
     0.0
    ],
    [
     0.0,
     0.0,
     1.0
    ]
   ],
   "obj_scale": 0.6318239160750099,
   "obj_color": {
    "type": "random-mono",
    "color": [
     [
      0.89439757192626,
      0.8626609506758707,
      0.7352655688677003
     ],
     [
      0.14697716328159796,
      0.13231772491573834,
      0.07347262187285805
     ],
     [
      0.4350513843732937,
      0.38940113171432333,
      0.20615442371582726
     ]
    ],
    "randomness": 0.7050188818344768,
    "scale": 4.361777782518983,
    "specular": 0.6372938893125067,
    "roughness": 0.2613821721035395,
    "clever": true
   }
  },
  {
   "obj_subpath": "Classic Set Cylinder/Classic Set Cylinder/Classic Set Cylinder.blend",
   "obj_location": [
    -0.20944338793320172,
    -0.4694419701441279
   ],
   "obj_pose": [
    [
     -0.5761616474786444,
     -0.8173357669738271,
     0.0
    ],
    [
     0.8173357669738271,
     -0.5761616474786444,
     0.0
    ],
    [
     0.0,
     0.0,
     1.0
    ]
   ],
   "obj_scale": 0.6745687669654055,
   "obj_color": {
    "type": "random-multi",
    "color": [
     [
      0.8175978058791189,
      0.2650838931630034,
      0.20727667841207253
     ],
     [
      0.40743604110312487,
      0.13765826360368982,
      0.6876035775996316
     ]
    ],
    "randomness": 1.8440895741365897,
    "scale": 1.3565292976658394,
    "specular": 0.6281776626654353,
    "roughness": 0.16779489757002194,
    "clever": false
   }
  }
 ],
 "camera": {
  "track_to_point": [
   [
    0.14724994116473283,
    -0.2950445002016554,
    0.0
   ],
   [
    -0.02568001520381774,
    -0.5180161445858018,
    0.0
   ],
   [
    0.04851445039715707,
    -0.3739302601040623,
    0.0
   ],
   [
    -0.0045276245798349934,
    -0.3417396660028996,
    0.0
   ],
   [
    0.10698437328915017,
    -0.5649646543288851,
    0.0
   ],
   [
    0.08819095380327782,
    -0.3129664018052689,
    0.0
   ],
   [
    0.12957051236978848,
    -0.3021064721381068,
    0.0
   ],
   [
    0.07536784196841571,
    -0.3098521633899681,
    0.0
   ],
   [
    -0.021411269013614204,
    -0.32584539067859086,
    0.0
   ],
   [
    0.0594476241764664,
    -0.5441978539641138,
    0.0
   ],
   [
    -0.02180992110655533,
    -0.44362728684321806,
    0.0
   ],
   [
    0.24351454886802273,
    -0.36664665315523615,
    0.0
   ],
   [
    0.1548526683293286,
    -0.5207778611955253,
    0.0
   ],
   [
    0.07088513981666382,
    -0.29625380697408954,
    0.0
   ],
   [
    0.09577084482190946,
    -0.306131644939431,
    0.0
   ],
   [
    0.1931668804233258,
    -0.31497120717469484,
    0.0
   ],
   [
    0.07669032818452369,
    -0.33149010048113803,
    0.0
   ],
   [
    0.09444413632865024,
    -0.514768024528211,
    0.0
   ],
   [
    0.14391965804756066,
    -0.4521389618290803,
    0.0
   ],
   [
    0.24245317833490246,
    -0.4252556403945851,
    0.0
   ],
   [
    0.23226172387282049,
    -0.4452414010083111,
    0.0
   ],
   [
    0.15165435211440936,
    -0.33980604342823295,
    0.0
   ],
   [
    -0.02061395657138146,
    -0.28953274359378856,
    0.0
   ],
   [
    -0.009064924997760987,
    -0.38685321745538237,
    0.0
   ],
   [
    0.07612997780138032,
    -0.42307235208256044,
    0.0
   ]
  ],
  "positions": [
   [
    0.13655027837712644,
    1.4142554499084317,
    0.6161453163241559
   ],
   [
    -1.3684354401607772,
    0.06111285746161601,
    0.451615495483226
   ],
   [
    -0.2965880539417716,
    1.4450812653928098,
    0.5362880648159934
   ],
   [
    -1.2767508446439138,
    -0.6192901571624692,
    0.6452135095214775
   ],
   [
    1.489337143719726,
    0.09371065084820178,
    0.5487565657723987
   ],
   [
    0.2821329786721276,
    -1.347025510479648,
    0.6233110864284626
   ],
   [
    -0.05671533303262165,
    -1.3153570932072964,
    0.5468884440397535
   ],
   [
    -0.7589394071050887,
    -1.0623012215767365,
    0.5220202473345164
   ],
   [
    -0.7519051368210316,
    -1.21641522743293,
    0.5308349960338169
   ],
   [
    -0.22126830904257458,
    -1.399059722431418,
    0.6124682606437687
   ],
   [
    1.2022110129661652,
    0.5972723692101826,
    0.5934198558331663
   ],
   [
    -1.199506740290775,
    -0.697362868825358,
    0.5143626328587767
   ],
   [
    -1.1647052211452122,
    -0.6672702172471112,
    0.6295165323592755
   ],
   [
    1.2607690694129567,
    0.4920968592810245,
    0.5551559939115778
   ],
   [
    1.4340182503913443,
    -0.28813377933545736,
    0.6083367269812843
   ],
   [
    1.3621880443136811,
    -0.37430948427364036,
    0.6235240688841228
   ],
   [
    1.3107024695157592,
    -0.3756108416501567,
    0.5178677105051608
   ],
   [
    -1.3681785056849864,
    0.5082356532380226,
    0.6166740828945638
   ],
   [
    -1.0339344127672496,
    -0.7975535625084335,
    0.5318436571417332
   ],
   [
    -1.0134300501316857,
    0.9340551769879603,
    0.6150743355377131
   ],
   [
    -1.3918328080027322,
    -0.3917640427420552,
    0.4573209091559664
   ],
   [
    -0.7485591187620694,
    1.2113207604174046,
    0.4909399748222186
   ],
   [
    1.4072167415501526,
    -0.3118202653225182,
    0.627616650502678
   ],
   [
    -0.7369178827544334,
    -1.1308936922102542,
    0.5067225511589244
   ],
   [
    0.9628878034366191,
    0.9065712816405185,
    0.5390944703107943
   ]
  ]
 },
 "appearance_assets": {
  "floor_pbr": "Carpet009",
  "background_hdr": "anniversary_lounge_4k.hdr"
 },
 "environment_strength": 0.7283525447817446
}