{
 "objects": [
  {
   "obj_subpath": "cup/cup_041/cup_041.blend",
   "obj_location": [
    0.21090733517166804,
    0.25626117147143457
   ],
   "obj_pose": [
    [
     -0.9157307666366115,
     -0.401792437752534,
     0.0
    ],
    [
     0.401792437752534,
     -0.9157307666366115,
     0.0
    ],
    [
     0.0,
     0.0,
     1.0
    ]
   ],
   "obj_scale": 0.6122514800984606,
   "obj_color": {
    "type": "random-mono",
    "color": [
     [
      0.11907368705872043,
      0.20693560489670637,
      0.09314545403124375
     ],
     [
      0.8224380225588324,
      0.9038724671890391,
      0.7984065501212675
     ],
     [
      0.07871360971251459,
      0.11759064137075778,
      0.06724091754899666
     ]
    ],
    "randomness": 0.04520213648766924,
    "scale": 2.4539804091706356,
    "specular": 0.6251673126749383,
    "roughness": 0.23585975567896147,
    "clever": false
   }
  },
  {
   "obj_subpath": "Infinity Icosphere/Infinity Icosphere/Infinity Icosphere.blend",
   "obj_location": [
    0.08583040119819163,
    -0.36086211473860497
   ],
   "obj_pose": [
    [
     0.24130912884070482,
     -0.970448300703412,
     0.0
    ],
    [
     0.970448300703412,
     0.24130912884070482,
     0.0
    ],
    [
     0.0,
     0.0,
     1.0
    ]
   ],
   "obj_scale": 0.6493837711117959,
   "obj_color": {
    "type": "random-mono",
    "color": [
     [
      0.25738976989942763,
      0.18238001317917218,
      0.5210773673758302
     ],
     [
      0.8403016462104277,
      0.8117387784053098,
      0.9407109038574903
     ]
    ],
    "randomness": 0.096800904994229,
    "scale": 4.356048104693205,
    "specular": 0.6574189789512548,
    "roughness": 0.1165523413511004,
    "clever": true
   }
  }
 ],
 "camera": {
  "track_to_point": [
   [
    0.11608709492060591,
    0.08231413841504451,
    0.0
   ],
   [
    0.26745700698562336,
    -0.0035300425303891603,
    0.0
   ],
   [
    0.17691231605732188,
    -0.1846346310128512,
    0.0
   ],
   [
    0.14666617556691577,
    -0.18862513417809104,
    0.0
   ],
   [
    0.17286354722309097,
    -0.1605673529872132,
    0.0
   ],
   [
    0.09446658864788432,
    -0.08050079985859034,
    0.0
   ],
   [
    0.18089570413478429,
    0.09667463168853588,
    0.0
   ],
   [
    0.05345414127714518,
    -0.060491926619269665,
    0.0
   ],
   [
    0.04872967161605292,
    -0.08711726954059933,
    0.0
   ],
   [
    0.08725525247599182,
    -0.1294458857491188,
    0.0
   ],
   [
    0.25935073408634024,
    -0.022956481685020513,
    0.0
   ],
   [
    0.17919663302523725,
    0.010499207080230666,
    0.0
   ],
   [
    0.1646368597221626,
    -0.17001220851848953,
    0.0
   ],
   [
    0.07343558292554786,
    -0.19570956040161896,
    0.0
   ],
   [
    0.21650193273791385,
    0.03367875967904213,
    0.0
   ],
   [
    0.06849214236241845,
    -0.10628036858474366,
    0.0
   ],
   [
    0.009961094695195988,
    -0.05017536238232978,
    0.0
   ],
   [
    0.29180990887156544,
    -0.0737275753963921,
    0.0
   ],
   [
    0.28636711815569016,
    -0.20124157466246748,
    0.0
   ],
   [
    0.031312470423566455,
    -0.15087492937891994,
    0.0
   ],
   [
    0.049777904694538036,
    0.06866652551090477,
    0.0
   ],
   [
    0.2494472671353021,
    -0.05950688339193616,
    0.0
   ],
   [
    0.2489951804688266,
    0.06593109655989124,
    0.0
   ],
   [
    0.18853535826368104,
    -0.14697510376580641,
    0.0
   ],
   [
    0.13342399417567186,
    -0.04225752268718316,
    0.0
   ]
  ],
  "positions": [
   [
    1.3402494236384201,
    -0.32237349905602686,
    0.5620783367421521
   ],
   [
    1.429983343801277,
    0.1398774586457229,
    0.5175453259908334
   ],
   [
    -0.7289058049556939,
    1.1938054337644406,
    0.6015653852969083
   ],
   [
    0.17761259796862486,
    1.365964197687536,
    0.513998480637097
   ],
   [
    -0.40681024932764703,
    1.2727557153728777,
    0.5794133175593432
   ],
   [
    -1.4790530103856732,
    -0.14160062485415076,
    0.5189290295655842
   ],
   [
    -0.1621403085683868,
    1.4659193438364875,
    0.5351395058243787
   ],
   [
    1.3714409217657906,
    0.563204194371986,
    0.5735835043582589
   ],
   [
    -0.5544586806868655,
    -1.3070012002217624,
    0.47136361587827025
   ],
   [
    0.9928883980039375,
    1.0275988053227818,
    0.46275113097768394
   ],
   [
    -1.0875419671283755,
    0.9937689726144086,
    0.4857215191847021
   ],
   [
    0.5633546905314359,
    1.2723818439553458,
    0.5097907963203562
   ],
   [
    1.32703651488317,
    0.3847862835589062,
    0.635692354546662
   ],
   [
    0.948546313434672,
    1.018824824846542,
    0.6098370780895503
   ],
   [
    -0.1834044277309761,
    1.4690156141759383,
    0.5679053476902142
   ],
   [
    -0.9428071051932615,
    -0.9712392722994854,
    0.5714525153342435
   ],
   [
    1.4251677094299668,
    0.03211818626331141,
    0.5140015922179839
   ],
   [
    0.9616933091359865,
    -0.8989263398034393,
    0.5398102538158486
   ],
   [
    1.019897742051839,
    0.8678625843958885,
    0.5188546944865621
   ],
   [
    0.9251327092691014,
    1.1413951965972131,
    0.5851072941418078
   ],
   [
    1.3258087440871746,
    0.2185513534469738,
    0.4659629784681537
   ],
   [
    0.9091868542780497,
    -1.0735662432103719,
    0.4797003237704664
   ],
   [
    -0.22226037050084904,
    1.3874042079756237,
    0.5545084030346185
   ],
   [
    1.394951922084098,
    0.24231635547678362,
    0.49631248828307306
   ],
   [
    -1.2958037333650634,
    -0.5802055893572511,
    0.4606970088871165
   ]
  ]
 },
 "appearance_assets": {
  "floor_pbr": "WoodFloor028",
  "background_hdr": "fireplace_4k.hdr"
 },
 "environment_strength": 0.44794163031377865
}