{
 "objects": [
  {
   "obj_subpath": "chair/chair_030/chair_030.blend",
   "obj_location": [
    -0.10098725096810812,
    -0.19643039390923867
   ],
   "obj_pose": [
    [
     0.6295782256983097,
     -0.7769371002382164,
     0.0
    ],
    [
     0.7769371002382164,
     0.6295782256983097,
     0.0
    ],
    [
     0.0,
     0.0,
     1.0
    ]
   ],
   "obj_scale": 0.6973332140464845,
   "obj_color": {
    "type": "random-mono",
    "color": [
     [
      0.8849886380017656,
      0.7544618155431472,
      0.8395517771611286
     ],
     [
      0.8319649376317546,
      0.3982553692429196,
      0.680989062076492
     ],
     [
      0.5380718736501413,
      0.299552410223934,
      0.4550423823674904
     ],
     [
      0.8213912169507939,
      0.7286783164716036,
      0.7891175196535175
     ]
    ],
    "randomness": 0.24863669872799032,
    "scale": 3.0950946139326874,
    "specular": 0.8213702132925693,
    "roughness": 0.24673609853800563,
    "clever": false
   }
  },
  {
   "obj_subpath": "Tier Stack Ring/Tier Stack Ring/Tier Stack Ring.blend",
   "obj_location": [
    0.23797420972082572,
    0.47658852578066024
   ],
   "obj_pose": [
    [
     0.23603563127721905,
     0.9717444009447982,
     0.0
    ],
    [
     -0.9717444009447982,
     0.23603563127721905,
     0.0
    ],
    [
     0.0,
     0.0,
     1.0
    ]
   ],
   "obj_scale": 0.6105751031029145,
   "obj_color": {
    "type": "random-multi",
    "color": [
     [
      0.7465227943369521,
      0.48614511846440406,
      0.12722937801690837
     ],
     [
      0.6307847776496969,
      0.22190403633241584,
      0.07797356828003088
     ],
     [
      0.22507404772423012,
      0.008049006517300561,
      0.8445978321892081
     ]
    ],
    "randomness": 1.9173923557883332,
    "scale": 1.0214688596735002,
    "specular": 0.7767891452995882,
    "roughness": 0.2243491344880511,
    "clever": false
   }
  }
 ],
 "camera": {
  "track_to_point": [
   [
    -0.018206827345571858,
    0.17645839233584942,
    0.0
   ],
   [
    -0.012869342299318479,
    0.04182232352870155,
    0.0
   ],
   [
    0.006120440980002598,
    0.012753111616396778,
    0.0
   ],
   [
    0.012700613633558927,
    0.037403502712863274,
    0.0
   ],
   [
    0.06426582374670631,
    0.20829971409271766,
    0.0
   ],
   [
    -0.03086910438081905,
    0.2883074415406075,
    0.0
   ],
   [
    0.048280950624192076,
    0.048367181843706586,
    0.0
   ],
   [
    -0.009466311702150731,
    0.2324735457962594,
    0.0
   ],
   [
    0.04923016812475281,
    0.0562102911851617,
    0.0
   ],
   [
    0.07050829176049264,
    0.03892301544325091,
    0.0
   ],
   [
    0.17310642331556567,
    0.27808293435511067,
    0.0
   ],
   [
    0.118535276247277,
    0.28311441893290445,
    0.0
   ],
   [
    0.1842879452056629,
    0.1354234259832243,
    0.0
   ],
   [
    0.2140935262589285,
    0.24377815720733173,
    0.0
   ],
   [
    0.15393988250873694,
    0.18923140953355835,
    0.0
   ],
   [
    -0.061938470870579104,
    0.211114975350875,
    0.0
   ],
   [
    -0.024861090539221795,
    0.20608899532723482,
    0.0
   ],
   [
    -0.03685211160415744,
    0.02872275475425909,
    0.0
   ],
   [
    0.21059289930074196,
    0.16276688232166894,
    0.0
   ],
   [
    -0.050028214873672705,
    0.2329902590801806,
    0.0
   ],
   [
    -0.023664030699188182,
    0.10963362867810056,
    0.0
   ],
   [
    0.12822307994233567,
    0.09187122970561519,
    0.0
   ],
   [
    0.1809020487817031,
    0.08574102361745962,
    0.0
   ],
   [
    0.13541491183727478,
    0.020739783041782936,
    0.0
   ],
   [
    0.20509802569809396,
    0.07685506885856899,
    0.0
   ]
  ],
  "positions": [
   [
    -0.4769962645396335,
    1.3830938890796511,
    0.6428503720495792
   ],
   [
    0.37407672680406645,
    -1.3702651014954392,
    0.5090815383537746
   ],
   [
    -1.2581414749442592,
    0.5790864648801953,
    0.637825587353088
   ],
   [
    0.4299938595823485,
    1.281600772509176,
    0.5510836407428678
   ],
   [
    0.847757802880096,
    -1.1092214344403306,
    0.5664543594185419
   ],
   [
    -0.20293243398557922,
    -1.322358739145359,
    0.49714185158424457
   ],
   [
    0.6925099016266946,
    -1.2183001303413377,
    0.5830140206125485
   ],
   [
    -1.1018766386906038,
    1.0142780055503422,
    0.6112994055738067
   ],
   [
    -1.4677030026466162,
    0.16862145543286405,
    0.6458957724816257
   ],
   [
    1.1443027941014934,
    -0.8272151814932144,
    0.5519632830492128
   ],
   [
    -1.3278848491390878,
    0.5731076483847297,
    0.5080758303184043
   ],
   [
    0.09365107071839181,
    1.3577722460626256,
    0.6450452721648462
   ],
   [
    -1.332008824310427,
    0.018849231977645285,
    0.4787794130112919
   ],
   [
    0.9292087294760343,
    1.1669108080034487,
    0.6341392519001745
   ],
   [
    0.29433899170601274,
    1.444344167059117,
    0.6332852848811974
   ],
   [
    -1.105979439146974,
    0.700124419430182,
    0.4650173508684497
   ],
   [
    -1.3645424197099565,
    -0.5844791581274905,
    0.4824251948287143
   ],
   [
    -1.2414021611405524,
    -0.47277128005974184,
    0.4615560224147
   ],
   [
    1.3759557919364034,
    0.04060505448288525,
    0.6095376594645677
   ],
   [
    1.299779153294511,
    0.5905660485734453,
    0.5336779852381341
   ],
   [
    0.8471001141137001,
    -1.1710397509436952,
    0.49998420763863205
   ],
   [
    0.9555468236564258,
    0.9548327725667736,
    0.6494585915572237
   ],
   [
    -1.0253526802235813,
    -0.9705403047381466,
    0.532718633344446
   ],
   [
    1.3968740794259704,
    0.4219148272032002,
    0.5888883986102764
   ],
   [
    -1.0713472977088767,
    -0.81284521766033,
    0.47472449829463376
   ]
  ]
 },
 "appearance_assets": {
  "floor_pbr": "Carpet007",
  "background_hdr": "lebombo_4k.hdr"
 },
 "environment_strength": 0.47073205611992175
}