{
 "objects": [
  {
   "obj_subpath": "monitor/monitor_030/monitor_030.blend",
   "obj_location": [
    0.451082873885423,
    -0.3488318227772558
   ],
   "obj_pose": [
    [
     0.7450025897114791,
     -0.6670615723628438,
     0.0
    ],
    [
     0.6670615723628438,
     0.7450025897114791,
     0.0
    ],
    [
     0.0,
     0.0,
     1.0
    ]
   ],
   "obj_scale": 0.6761060342249989,
   "obj_color": {
    "type": "random-mono",
    "color": [
     [
      0.11276648572144117,
      0.03638275752702344,
      0.13362950617225525
     ],
     [
      0.04086964325914549,
      0.022828106024869656,
      0.04579740692269404
     ],
     [
      0.29925118432834735,
      0.10071396604123017,
      0.3534785196952348
     ]
    ],
    "randomness": 0.818261523053301,
    "scale": 3.278981256517795,
    "specular": 0.6722009798865894,
    "roughness": 0.12983172736747173,
    "clever": false
   }
  },
  {
   "obj_subpath": "Arch Cube v2/Arch Cube v2/Arch Cube v2.blend",
   "obj_location": [
    -0.2137072409107741,
    -0.06493050299833802
   ],
   "obj_pose": [
    [
     -0.9425363711189415,
     0.3341035604688119,
     0.0
    ],
    [
     -0.3341035604688119,
     -0.9425363711189415,
     0.0
    ],
    [
     0.0,
     0.0,
     1.0
    ]
   ],
   "obj_scale": 0.6877877933703443,
   "obj_color": {
    "type": "random-mono",
    "color": [
     [
      0.791088088785991,
      0.4997863426396085,
      0.8400556415780807
     ],
     [
      0.30087643552090787,
      0.10096402134896143,
      0.3344815265451123
     ],
     [
      0.8038526700200913,
      0.6632305130172264,
      0.8274911239183905
     ]
    ],
    "randomness": 0.2618061572677891,
    "scale": 2.996720589879635,
    "specular": 0.8860540912224513,
    "roughness": 0.18618260471536047,
    "clever": false
   }
  }
 ],
 "camera": {
  "track_to_point": [
   [
    0.20570968732368422,
    -0.24081695741695186,
    0.0
   ],
   [
    -0.010071062029273797,
    -0.2685401477613292,
    0.0
   ],
   [
    -0.030375528043011718,
    -0.1676150670786131,
    0.0
   ],
   [
    0.041810605981939766,
    -0.19977420830738252,
    0.0
   ],
   [
    0.0325365560859838,
    -0.12345312595518124,
    0.0
   ],
   [
    0.11879253763124031,
    -0.10604929912030167,
    0.0
   ],
   [
    0.21671789223646964,
    -0.07385375865715302,
    0.0
   ],
   [
    0.07103603320797207,
    -0.10732068723305757,
    0.0
   ],
   [
    -0.023195846667958597,
    -0.22589609939472996,
    0.0
   ],
   [
    0.206796088078482,
    -0.23946168235295084,
    0.0
   ],
   [
    -0.01351662504520712,
    -0.151296121229228,
    0.0
   ],
   [
    -0.015020703953359221,
    -0.2600179760613436,
    0.0
   ],
   [
    0.11334646441906077,
    -0.2571155903072708,
    0.0
   ],
   [
    0.16558004745844473,
    -0.15118949158182501,
    0.0
   ],
   [
    0.24707835307321888,
    -0.2080590588290094,
    0.0
   ],
   [
    0.24786825064303233,
    -0.1990084400904212,
    0.0
   ],
   [
    0.21357724739556158,
    -0.29130989055421863,
    0.0
   ],
   [
    0.24573437301068232,
    -0.27581845663945725,
    0.0
   ],
   [
    0.2265869576505605,
    -0.31082707200387516,
    0.0
   ],
   [
    0.06967231126839474,
    -0.18043674838280227,
    0.0
   ],
   [
    0.06348707074524396,
    -0.09205447634574801,
    0.0
   ],
   [
    0.1887306629524606,
    -0.2557719796362258,
    0.0
   ],
   [
    0.01070884898693128,
    -0.13448744594443507,
    0.0
   ],
   [
    -0.00038235355376092794,
    -0.16113392678013372,
    0.0
   ],
   [
    0.1451013250674723,
    -0.07698179841557848,
    0.0
   ]
  ],
  "positions": [
   [
    1.3170247359317646,
    -0.3009571625893299,
    0.45706605391527244
   ],
   [
    0.647166503634844,
    -1.2812237380835454,
    0.5781790258734568
   ],
   [
    -0.4997130390266522,
    1.3363226831323514,
    0.5339622533126335
   ],
   [
    -1.378029945332221,
    0.3103409661213154,
    0.5715482869524815
   ],
   [
    0.43658056520082456,
    1.3913695153866121,
    0.6300645300842675
   ],
   [
    0.4158127738649128,
    -1.35306432414226,
    0.5239875445829583
   ],
   [
    0.7716676886011861,
    -1.1781422245023532,
    0.45807462047628067
   ],
   [
    -0.17942081586597544,
    1.3720287081955558,
    0.6419037624026647
   ],
   [
    1.3063506699813674,
    0.4170594962777444,
    0.6109543421331389
   ],
   [
    -0.5530504254866503,
    -1.1929772122835116,
    0.5368944975020261
   ],
   [
    0.17420766689369777,
    1.438343606360899,
    0.6122108846240832
   ],
   [
    1.2701931301710228,
    0.6581552802360372,
    0.5438856188430047
   ],
   [
    -1.335429131577997,
    0.24183500455012177,
    0.5697438743484061
   ],
   [
    0.9115496150666824,
    -0.946808939163333,
    0.4937811750077282
   ],
   [
    1.2989466044587596,
    -0.6285869384737769,
    0.6204755068850893
   ],
   [
    -0.5708837194783352,
    -1.1935935685393162,
    0.6422703783399601
   ],
   [
    -1.3383461799258125,
    0.32086860278877516,
    0.6479904148936845
   ],
   [
    0.3692149717341939,
    -1.349663127447706,
    0.45158179857291625
   ],
   [
    -0.7205461697557488,
    1.1496730861030255,
    0.5430610000216113
   ],
   [
    -0.6439025458845342,
    1.1396895517218297,
    0.5495590030611985
   ],
   [
    1.0912375875178717,
    0.8674572251496954,
    0.6148602919979234
   ],
   [
    1.0593184411429297,
    1.0434263031600204,
    0.5715281060758374
   ],
   [
    -1.4394813507007236,
    -0.27017659599186444,
    0.5522047291454687
   ],
   [
    0.19371690252128637,
    -1.4775408478371215,
    0.5109555699369844
   ],
   [
    0.9894305595720759,
    0.9251934140152218,
    0.5145354527420775
   ]
  ]
 },
 "appearance_assets": {
  "floor_pbr": "Carpet013",
  "background_hdr": "lythwood_room_4k.hdr"
 },
 "environment_strength": 0.6467142863484908
}