{
 "objects": [
  {
   "obj_subpath": "mug/mug_055/mug_055.blend",
   "obj_location": [
    0.219909065804462,
    0.06531827903943033
   ],
   "obj_pose": [
    [
     -0.5627114329176793,
     -0.826653399717035,
     0.0
    ],
    [
     0.826653399717035,
     -0.5627114329176793,
     0.0
    ],
    [
     0.0,
     0.0,
     1.0
    ]
   ],
   "obj_scale": 0.6212385981283703,
   "obj_color": {
    "type": "random-multi",
    "color": [
     [
      0.525912451420385,
      0.0476213048094688,
      0.5720234715257565
     ],
     [
      0.7657453111745569,
      0.32319424994268897,
      0.11615292188561854
     ],
     [
      0.8716303775414698,
      0.1674781161128085,
      0.852624665487903
     ],
     [
      0.1536185679521785,
      0.8140970214910497,
      0.08111639495884326
     ]
    ],
    "randomness": 2.943432093910446,
    "scale": 1.3488624154299402,
    "specular": 0.6393092642728475,
    "roughness": 0.11615214887444159,
    "clever": true
   }
  },
  {
   "obj_subpath": "Spiral Ring Sphere/Spiral Ring Sphere/Spiral Ring Sphere.blend",
   "obj_location": [
    -0.36537814542358793,
    0.46566303512696816
   ],
   "obj_pose": [
    [
     -0.7452025522969037,
     -0.6668381783087862,
     0.0
    ],
    [
     0.6668381783087862,
     -0.7452025522969037,
     0.0
    ],
    [
     0.0,
     0.0,
     1.0
    ]
   ],
   "obj_scale": 0.648678126889418,
   "obj_color": {
    "type": "random-mono",
    "color": [
     [
      0.027277578365353633,
      0.05180793265270729,
      0.013424486033863633
     ],
     [
      0.5301848542974327,
      0.6890482070073307,
      0.44046952987120336
     ],
     [
      0.628957016412578,
      0.7848383297950922,
      0.5409257470005756
     ],
     [
      0.10171696602623079,
      0.1417068006511426,
      0.07913340017591941
     ]
    ],
    "randomness": 0.2484562634127484,
    "scale": 3.1747473071579315,
    "specular": 0.8671783109649405,
    "roughness": 0.22145493019725565,
    "clever": false
   }
  }
 ],
 "camera": {
  "track_to_point": [
   [
    -0.2003036224658865,
    0.3106754797066016,
    0.0
   ],
   [
    0.07448409031536621,
    0.1326517242661621,
    0.0
   ],
   [
    0.030769120917436193,
    0.2323250849394916,
    0.0
   ],
   [
    0.011350921635423894,
    0.4107334373630406,
    0.0
   ],
   [
    -0.04706179524805515,
    0.2881559803551357,
    0.0
   ],
   [
    0.03034267770329732,
    0.1777586818905948,
    0.0
   ],
   [
    -0.11674769033472306,
    0.21637652775600058,
    0.0
   ],
   [
    -0.07467138001482218,
    0.2778735148411661,
    0.0
   ],
   [
    -0.21927803645203783,
    0.26605537008732205,
    0.0
   ],
   [
    -0.16320730118427285,
    0.3156120124775681,
    0.0
   ],
   [
    0.056118186162138234,
    0.27118072976938845,
    0.0
   ],
   [
    -0.054008343615159105,
    0.40211127258654233,
    0.0
   ],
   [
    -0.18761793906119012,
    0.22581052732449775,
    0.0
   ],
   [
    -0.18147946259225609,
    0.15846634512458688,
    0.0
   ],
   [
    0.01957889476965216,
    0.2776969207222156,
    0.0
   ],
   [
    0.019225349266030645,
    0.12024602826892272,
    0.0
   ],
   [
    -0.16628249775793708,
    0.2983729832961124,
    0.0
   ],
   [
    -0.015486655006633376,
    0.29681023064656276,
    0.0
   ],
   [
    0.02401105303567294,
    0.13743219474390336,
    0.0
   ],
   [
    0.018834075928675947,
    0.38500334854813834,
    0.0
   ],
   [
    -0.122117812823023,
    0.2354874428676786,
    0.0
   ],
   [
    -0.16351381748479077,
    0.2685555849418829,
    0.0
   ],
   [
    -0.08239962554853453,
    0.3832497210798138,
    0.0
   ],
   [
    0.03928422190456907,
    0.3263575309399258,
    0.0
   ],
   [
    -0.02133913671832499,
    0.2478153868493594,
    0.0
   ]
  ],
  "positions": [
   [
    -1.1903562357667088,
    0.7591349842685545,
    0.5462697064003639
   ],
   [
    -0.2735835104819683,
    1.2885105771569707,
    0.5079958349978854
   ],
   [
    0.25329810290469223,
    -1.427744964994051,
    0.5850576701510274
   ],
   [
    1.3614175114903266,
    0.20594565812391888,
    0.5323766783709583
   ],
   [
    0.05241067515589021,
    -1.434802430092038,
    0.576995642062126
   ],
   [
    0.45936620143770757,
    1.4234292958740071,
    0.6174492216941667
   ],
   [
    0.26501789473706866,
    1.4479315437446418,
    0.5790394721249065
   ],
   [
    -0.006288369440779178,
    1.3988261113633733,
    0.6359140445708401
   ],
   [
    0.6493837556648595,
    -1.2211762090961615,
    0.6013758027000362
   ],
   [
    1.468547267598625,
    0.21143908188520874,
    0.4543820625079747
   ],
   [
    -0.6309771342561502,
    -1.2795968834554072,
    0.5797655543291858
   ],
   [
    0.611886778077774,
    1.2226577346956395,
    0.5290428059404892
   ],
   [
    -1.2266235786370427,
    0.4675588787071072,
    0.50910537850237
   ],
   [
    1.4337740198039954,
    -0.09615863695743819,
    0.4709885865030984
   ],
   [
    -0.9980819156026766,
    0.9044738842305481,
    0.5563832212435801
   ],
   [
    -1.2197461405067935,
    -0.6099275370234588,
    0.6456671457376737
   ],
   [
    0.4370851151681101,
    1.3824523784298428,
    0.5391669090498135
   ],
   [
    1.294431084127612,
    0.1782231997018415,
    0.49460679560492987
   ],
   [
    0.2662787367012247,
    -1.4535155876396813,
    0.4709307121958735
   ],
   [
    1.4396936876889845,
    -0.421021660906201,
    0.5816909995920261
   ],
   [
    -1.2345059418553304,
    -0.45430982559314026,
    0.5931265869441504
   ],
   [
    -0.3898463191218559,
    1.2674641151935293,
    0.5652700787275637
   ],
   [
    0.7894034890730123,
    -1.2681783832229947,
    0.5618016122210301
   ],
   [
    1.4180135672325955,
    -0.4056675301514346,
    0.5056306233400368
   ],
   [
    -0.835248626289885,
    -1.2110011810226284,
    0.5159839730505843
   ]
  ]
 },
 "appearance_assets": {
  "floor_pbr": "Carpet006",
  "background_hdr": "cabin_4k.hdr"
 },
 "environment_strength": 0.6569951491210153
}