{
 "objects": [
  {
   "obj_subpath": "pencil/pencil_027/pencil_027.blend",
   "obj_location": [
    0.31770895062800963,
    -0.30453354705001434
   ],
   "obj_pose": [
    [
     -0.18639169525073443,
     0.9824755141689575,
     0.0
    ],
    [
     -0.9824755141689575,
     -0.18639169525073443,
     0.0
    ],
    [
     0.0,
     0.0,
     1.0
    ]
   ],
   "obj_scale": 0.6086538925633602,
   "obj_color": {
    "type": "random-mono",
    "color": [
     [
      0.6803110004285491,
      0.8957443490103778,
      0.712977141259041
     ],
     [
      0.06467435949181705,
      0.13205196387364732,
      0.07489082007253366
     ]
    ],
    "randomness": 0.14237436871581244,
    "scale": 4.19930673121498,
    "specular": 0.7338283697316541,
    "roughness": 0.17610137966278328,
    "clever": true
   }
  },
  {
   "obj_subpath": "Noodle Cube/Noodle Cube/Noodle Cube.blend",
   "obj_location": [
    -0.24772399843869208,
    0.25202524233763013
   ],
   "obj_pose": [
    [
     0.29808126360973797,
     -0.954540496932855,
     0.0
    ],
    [
     0.954540496932855,
     0.29808126360973797,
     0.0
    ],
    [
     0.0,
     0.0,
     1.0
    ]
   ],
   "obj_scale": 0.6646050579874242,
   "obj_color": {
    "type": "random-mono",
    "color": [
     [
      0.857034459741609,
      0.9448061951359908,
      0.9177725856421666
     ],
     [
      0.36956323414067804,
      0.7514222238901018,
      0.6338100248808418
     ],
     [
      0.6299769315169027,
      0.8094431960315996,
      0.7541677603756216
     ]
    ],
    "randomness": 0.03798209373091921,
    "scale": 2.3458625732518117,
    "specular": 0.6051550577862074,
    "roughness": 0.23996000082237448,
    "clever": true
   }
  }
 ],
 "camera": {
  "track_to_point": [
   [
    -0.040930863222224195,
    -0.13431629003621906,
    0.0
   ],
   [
    0.18077340684149598,
    -0.04393457110128879,
    0.0
   ],
   [
    -0.05433199945199427,
    0.10914611964889279,
    0.0
   ],
   [
    -0.062026169887856086,
    -0.02530911139380221,
    0.0
   ],
   [
    0.077562228575702,
    0.07775213531393219,
    0.0
   ],
   [
    -0.06556713225464864,
    0.11181869916004947,
    0.0
   ],
   [
    0.14057644092182023,
    -0.08057861828563724,
    0.0
   ],
   [
    0.16161672192295498,
    0.004626171530791784,
    0.0
   ],
   [
    0.18498093093766163,
    0.006206632503405418,
    0.0
   ],
   [
    0.06676968555019461,
    -0.06315489136152673,
    0.0
   ],
   [
    0.14630545552762955,
    -0.1253457331632142,
    0.0
   ],
   [
    0.059979224294390454,
    -0.1754858495200678,
    0.0
   ],
   [
    0.1600051820132494,
    0.09471172900050176,
    0.0
   ],
   [
    0.08905353794462434,
    -0.05464577094047725,
    0.0
   ],
   [
    0.086247046917512,
    -0.13753835174043988,
    0.0
   ],
   [
    0.14445912091327864,
    -0.07582895323552385,
    0.0
   ],
   [
    0.09532504926812263,
    -0.09637209154155753,
    0.0
   ],
   [
    0.16554964659660268,
    -0.12151299311284446,
    0.0
   ],
   [
    -0.11058154103206963,
    -0.06925414932704103,
    0.0
   ],
   [
    -0.1052985464278216,
    -0.041207508608179955,
    0.0
   ],
   [
    0.09212685861418912,
    -0.15652016145099096,
    0.0
   ],
   [
    0.04878962295237463,
    0.0260950589038714,
    0.0
   ],
   [
    0.1678234020436721,
    0.09800481881371823,
    0.0
   ],
   [
    -0.10106011940733514,
    -0.1429943838987931,
    0.0
   ],
   [
    0.13442259494637251,
    -0.07957385947598387,
    0.0
   ]
  ],
  "positions": [
   [
    -0.013816077246153085,
    1.3266562347320243,
    0.47458867463500404
   ],
   [
    1.205767696667862,
    0.8144294982793376,
    0.6018131088098702
   ],
   [
    -1.3547452119847239,
    -0.5257587012313754,
    0.630722374469587
   ],
   [
    -1.129549945951627,
    -0.7041355947396033,
    0.4542187517900112
   ],
   [
    0.04229201544009021,
    1.3929295884252073,
    0.5286653629359329
   ],
   [
    0.6859593579675607,
    1.3022361495900503,
    0.6247388827898551
   ],
   [
    -1.31492369539928,
    0.22983301111594143,
    0.5012791870373218
   ],
   [
    0.3056529032210567,
    -1.271753000690537,
    0.6323518443880871
   ],
   [
    0.5752166839843674,
    1.356183873150939,
    0.5920224673745229
   ],
   [
    1.1487855433354306,
    -0.7513738284526967,
    0.5739025903938529
   ],
   [
    0.6579613107300989,
    1.2003365395329353,
    0.48912627187655616
   ],
   [
    -0.6733187324552903,
    1.249936098632647,
    0.45392634944905147
   ],
   [
    0.28222522676311146,
    -1.4420610156054257,
    0.5033239726805736
   ],
   [
    -0.9956148619513943,
    -1.0576929649911537,
    0.5023449584384203
   ],
   [
    1.212167774270194,
    -0.49867690500168205,
    0.5585356855158354
   ],
   [
    1.4311149723193717,
    0.12081146686305529,
    0.4604770455610559
   ],
   [
    1.4091992084014815,
    0.472694477985002,
    0.5174816913103923
   ],
   [
    1.109136660701621,
    -0.7073406718987324,
    0.606350988613346
   ],
   [
    1.0366330598030364,
    0.8154146727697732,
    0.5354758446414183
   ],
   [
    0.6714586342311498,
    -1.1785066706316483,
    0.498642114998821
   ],
   [
    -0.7304027342187834,
    -1.202168600579998,
    0.4630893442919525
   ],
   [
    1.3330533947201497,
    -0.19260089947603565,
    0.5165585355775596
   ],
   [
    1.2123673134712643,
    -0.7125685671870694,
    0.588917386637767
   ],
   [
    -1.0463578309230694,
    0.9111442199166782,
    0.6417831674904426
   ],
   [
    0.5993749899877672,
    1.3660412311714387,
    0.528548559045717
   ]
  ]
 },
 "appearance_assets": {
  "floor_pbr": "Planks011",
  "background_hdr": "colorful_studio_4k.hdr"
 },
 "environment_strength": 0.5989333974446899
}