{
 "objects": [
  {
   "obj_subpath": "closet/closet_003/closet_003.blend",
   "obj_location": [
    0.12688170101457463,
    0.254538709455397
   ],
   "obj_pose": [
    [
     -0.39978628973223784,
     0.9166083801395944,
     0.0
    ],
    [
     -0.9166083801395944,
     -0.39978628973223784,
     0.0
    ],
    [
     0.0,
     0.0,
     1.0
    ]
   ],
   "obj_scale": 0.6533654918115257,
   "obj_color": {
    "type": "random-mono",
    "color": [
     [
      0.5826910779645197,
      0.4658502785266723,
      0.2508612566655529
     ],
     [
      0.07698740420369056,
      0.056939459039774126,
      0.02005090519682927
     ]
    ],
    "randomness": 0.007529937940115916,
    "scale": 4.643959397223739,
    "specular": 0.7044846806012699,
    "roughness": 0.12479044817936827,
    "clever": false
   }
  },
  {
   "obj_subpath": "Cone Wave/Cone Wave/Cone Wave.blend",
   "obj_location": [
    0.12103837120632766,
    -0.4286911410746438
   ],
   "obj_pose": [
    [
     0.8394807119478112,
     0.5433894867105878,
     0.0
    ],
    [
     -0.5433894867105878,
     0.8394807119478112,
     0.0
    ],
    [
     0.0,
     0.0,
     1.0
    ]
   ],
   "obj_scale": 0.6955416150709927,
   "obj_color": {
    "type": "random-multi",
    "color": [
     [
      0.7641710855083328,
      0.14681394224554029,
      0.13699271567816584
     ],
     [
      0.11810904592264737,
      0.24218456223583001,
      0.9682497747375512
     ],
     [
      0.11077622613615667,
      0.8096067863549028,
      0.8026186692229651
     ],
     [
      0.9615184007628353,
      0.17118905740670132,
      0.09728597884098622
     ]
    ],
    "randomness": 1.4797774144548448,
    "scale": 1.4092869094715121,
    "specular": 0.7792365522455394,
    "roughness": 0.24923440675610883,
    "clever": false
   }
  }
 ],
 "camera": {
  "track_to_point": [
   [
    0.06463315314193684,
    -0.15722445874613222,
    0.0
   ],
   [
    0.16608399110745656,
    -0.2243615153647234,
    0.0
   ],
   [
    0.18750211065863315,
    -0.085542927666622,
    0.0
   ],
   [
    0.08107036976531239,
    -0.11176356615850827,
    0.0
   ],
   [
    0.11518456033665811,
    -0.12492408780934598,
    0.0
   ],
   [
    0.21912458476378452,
    -0.022431166533134178,
    0.0
   ],
   [
    0.2152504218906531,
    -0.2016583124268731,
    0.0
   ],
   [
    0.07964524733107682,
    -0.13522253875699913,
    0.0
   ],
   [
    0.012782183628276267,
    -0.11838223484464802,
    0.0
   ],
   [
    0.06280118182204984,
    -0.19880648499767672,
    0.0
   ],
   [
    0.1118778108428716,
    -0.02437295005622861,
    0.0
   ],
   [
    0.0199215861361067,
    -0.09500142951365859,
    0.0
   ],
   [
    0.025855457443746455,
    0.04089889009036915,
    0.0
   ],
   [
    0.015517487422944592,
    0.061615376240186454,
    0.0
   ],
   [
    0.20890309986392133,
    -0.19516982975209995,
    0.0
   ],
   [
    0.21616338330538817,
    -0.1251366000978094,
    0.0
   ],
   [
    0.20282738496917363,
    -0.028558831865465817,
    0.0
   ],
   [
    0.19747619208438383,
    -0.15284144336748856,
    0.0
   ],
   [
    0.0831523358909002,
    -0.0539469834957903,
    0.0
   ],
   [
    0.10701168175608061,
    -0.051190906256345786,
    0.0
   ],
   [
    0.04995978913796631,
    -0.15831777398153013,
    0.0
   ],
   [
    0.12105165803053297,
    -0.019084079245914043,
    0.0
   ],
   [
    0.069287960541366,
    -0.18947541177313548,
    0.0
   ],
   [
    0.2651508359887986,
    0.008429492317562737,
    0.0
   ],
   [
    0.143854404339747,
    -0.1917049747034049,
    0.0
   ]
  ],
  "positions": [
   [
    -1.157489740853714,
    0.8003316578924232,
    0.5066034984997991
   ],
   [
    1.4112070831061485,
    0.0785120962124621,
    0.49726988841894965
   ],
   [
    -1.3085118330883274,
    0.055618151621783,
    0.6313381184042086
   ],
   [
    1.065336121903941,
    0.9591965541977671,
    0.5660991053506109
   ],
   [
    0.0073211020286866055,
    1.3616875265465975,
    0.5975281706728617
   ],
   [
    -0.9548592572625341,
    -0.9616808937272009,
    0.50742476926977
   ],
   [
    1.4350653281223023,
    -0.33677647185483567,
    0.5002080389904349
   ],
   [
    -1.1029697382636132,
    0.6974017694982678,
    0.5581231437080907
   ],
   [
    1.3850894292750697,
    0.18892014512811245,
    0.5294461110892542
   ],
   [
    0.3264143132940462,
    -1.4248865394073946,
    0.473714965612542
   ],
   [
    0.857839443028076,
    -1.0487757122192287,
    0.6491064614328736
   ],
   [
    0.35299668640501236,
    1.3562042390422309,
    0.6346337980506807
   ],
   [
    0.337764654495293,
    1.4060813889322672,
    0.6477397226177547
   ],
   [
    -1.1038453674819324,
    -1.0050678051187654,
    0.6268704640876369
   ],
   [
    -0.47650938938655163,
    -1.2234313465831388,
    0.5479712746595857
   ],
   [
    0.740872205856749,
    1.1755763015347727,
    0.5733340855089966
   ],
   [
    -0.8353863168784902,
    -1.1362434269143518,
    0.5269999305279222
   ],
   [
    1.4315098037055491,
    0.39398377350542185,
    0.4602480800287217
   ],
   [
    -0.6078681358033446,
    1.221431576488828,
    0.5974290904063699
   ],
   [
    -1.2056173665168533,
    0.8785616329232716,
    0.4704928257438357
   ],
   [
    -0.3256381831592548,
    1.2878871437314916,
    0.48457355173215166
   ],
   [
    0.07213788670837419,
    1.3129109368326797,
    0.5444187785622482
   ],
   [
    0.6975347673703142,
    -1.2818418692685218,
    0.5812718457424946
   ],
   [
    1.3556926270816383,
    0.48515071337319354,
    0.6391566012578727
   ],
   [
    -0.9848396359228678,
    0.8805533145659351,
    0.5011791656142257
   ]
  ]
 },
 "appearance_assets": {
  "floor_pbr": "Carpet007",
  "background_hdr": "umhlanga_sunrise_4k.hdr"
 },
 "environment_strength": 0.6831911991265376
}