{
 "objects": [
  {
   "obj_subpath": "shoe/shoe_030/shoe_030.blend",
   "obj_location": [
    -0.16238683371056672,
    -0.15171861083242444
   ],
   "obj_pose": [
    [
     -0.9893901371531021,
     0.14528302207816948,
     0.0
    ],
    [
     -0.14528302207816948,
     -0.9893901371531021,
     0.0
    ],
    [
     0.0,
     0.0,
     1.0
    ]
   ],
   "obj_scale": 0.6470831915422219,
   "obj_color": {
    "type": "random-multi",
    "color": [
     [
      0.7206852428506328,
      0.2751109777709531,
      0.09328786594006078
     ],
     [
      0.8546293740256036,
      0.39821566058851376,
      0.13975768639856323
     ],
     [
      0.0570402157687071,
      0.5454150317446995,
      0.21993330687881651
     ]
    ],
    "randomness": 2.4859061477029716,
    "scale": 0.649321647063543,
    "specular": 0.6792091457882952,
    "roughness": 0.11050809386606836,
    "clever": false
   }
  },
  {
   "obj_subpath": "Circular Array Cube/Circular Array Cube/Circular Array Cube.blend",
   "obj_location": [
    0.4624667329363362,
    0.1096667986471358
   ],
   "obj_pose": [
    [
     -0.970918091974018,
     -0.23941190170401347,
     0.0
    ],
    [
     0.23941190170401347,
     -0.970918091974018,
     0.0
    ],
    [
     0.0,
     0.0,
     1.0
    ]
   ],
   "obj_scale": 0.6180146431775091,
   "obj_color": {
    "type": "random-multi",
    "color": [
     [
      0.7284827600985815,
      0.03240603384616503,
      0.51450518235775
     ],
     [
      0.05989600680021845,
      0.7619946118991988,
      0.19096622829249185
     ]
    ],
    "randomness": 1.0443445889436598,
    "scale": 0.9802937623063045,
    "specular": 0.8247411157524445,
    "roughness": 0.2785815634889467,
    "clever": true
   }
  }
 ],
 "camera": {
  "track_to_point": [
   [
    0.024080887265179707,
    -0.17045531184392648,
    0.0
   ],
   [
    0.20361316774188237,
    0.02158494446062481,
    0.0
   ],
   [
    0.2920036605220563,
    -0.11924250325535099,
    0.0
   ],
   [
    0.2495937954715312,
    -0.13000469366289558,
    0.0
   ],
   [
    0.2619502896318078,
    -0.14417662126497705,
    0.0
   ],
   [
    0.26860066406317784,
    -0.16596290322877225,
    0.0
   ],
   [
    0.1159151284322775,
    -0.13682802943810685,
    0.0
   ],
   [
    0.005786626223193675,
    -0.13681733429340598,
    0.0
   ],
   [
    0.17148631495475458,
    -0.14718708200522027,
    0.0
   ],
   [
    0.16695992437309076,
    -0.0066223010531488435,
    0.0
   ],
   [
    0.04017976058841341,
    0.03378483025101045,
    0.0
   ],
   [
    0.09586360566077785,
    0.10653719663388969,
    0.0
   ],
   [
    0.27355478567918834,
    -0.13971258440991557,
    0.0
   ],
   [
    0.02229372963559259,
    0.08673069979383571,
    0.0
   ],
   [
    0.23126235116763696,
    0.0014402900941545838,
    0.0
   ],
   [
    0.26433123033117656,
    -0.10769432340814161,
    0.0
   ],
   [
    0.299349502996089,
    0.11614064840276753,
    0.0
   ],
   [
    0.13187860867543758,
    0.06773589644018513,
    0.0
   ],
   [
    0.0512935057151819,
    -0.0580600724265157,
    0.0
   ],
   [
    0.07602303756927097,
    0.09833411475167511,
    0.0
   ],
   [
    0.0006084938049578104,
    0.048883017308632176,
    0.0
   ],
   [
    0.22038516009589476,
    0.03241172980883225,
    0.0
   ],
   [
    0.207168926608852,
    -0.055565313646636,
    0.0
   ],
   [
    0.09613201332964767,
    -0.16016028366872045,
    0.0
   ],
   [
    0.14713418702803907,
    -0.022914946803039765,
    0.0
   ]
  ],
  "positions": [
   [
    -0.4501123140785703,
    1.322595851064848,
    0.5700289642158541
   ],
   [
    1.3461534650174072,
    -0.5915418067012116,
    0.47631964371753405
   ],
   [
    -0.17259162070768092,
    1.3503696586122402,
    0.6312634286532498
   ],
   [
    -1.1690895363004892,
    0.6876987065954223,
    0.5629267031168435
   ],
   [
    -1.0016975394610472,
    0.9802137658300586,
    0.4666135356778737
   ],
   [
    1.2475985234096307,
    0.687333647221692,
    0.6156535246038701
   ],
   [
    -0.5711650882007385,
    -1.2426779159971073,
    0.5127019774960029
   ],
   [
    -1.3570182704608604,
    0.4914966494546641,
    0.6327304694592295
   ],
   [
    -1.3542600437209922,
    -0.17255714069449243,
    0.5414301055091099
   ],
   [
    -0.051790949781052524,
    1.4768607187034193,
    0.5215973401808711
   ],
   [
    0.49519061109277285,
    1.2628183835831615,
    0.5475181855974725
   ],
   [
    -0.13919232022757355,
    -1.3835872258052788,
    0.5290180484734679
   ],
   [
    -0.8417141717093497,
    1.1165648817485958,
    0.5303799100215127
   ],
   [
    -1.3913540594674718,
    0.07809928474912048,
    0.5973688997115967
   ],
   [
    -0.5242355325091546,
    1.3146374858067045,
    0.5724458093276643
   ],
   [
    0.5430826004889641,
    -1.221522231554781,
    0.6390069840838505
   ],
   [
    -1.4450695212914275,
    0.04762492145222064,
    0.6447055235333661
   ],
   [
    -1.1887081756982054,
    -0.6541128478799236,
    0.6186452369699597
   ],
   [
    0.08839811892452694,
    1.4415429498573258,
    0.5047207296919392
   ],
   [
    1.065459323809812,
    1.0150771895947772,
    0.6223182241130627
   ],
   [
    -1.2624832628725886,
    0.6595018233277893,
    0.5970090361349973
   ],
   [
    1.1244984738547659,
    0.7280038425472944,
    0.5590839976012496
   ],
   [
    1.1139824516149621,
    0.733627607189824,
    0.6137903466337404
   ],
   [
    0.40163123787530275,
    1.3714003167856288,
    0.5622205026914582
   ],
   [
    -0.9423940384207197,
    -0.9684654584624423,
    0.5172436385773538
   ]
  ]
 },
 "appearance_assets": {
  "floor_pbr": "Carpet007",
  "background_hdr": "st_fagans_interior_4k.hdr"
 },
 "environment_strength": 0.7082183267893379
}