{
 "objects": [
  {
   "obj_subpath": "whale/whale_031/whale_031.blend",
   "obj_location": [
    0.002455226544897604,
    0.14897953148182952
   ],
   "obj_pose": [
    [
     0.03334211457947446,
     -0.9994439971280878,
     0.0
    ],
    [
     0.9994439971280878,
     0.03334211457947446,
     0.0
    ],
    [
     0.0,
     0.0,
     1.0
    ]
   ],
   "obj_scale": 0.6055912435966979,
   "obj_color": {
    "type": "random-multi",
    "color": [
     [
      0.8275849000496662,
      0.24274594626412616,
      0.32132080743951663
     ],
     [
      0.6384366989026397,
      0.05658742107597481,
      0.11198156731515486
     ],
     [
      0.002351474723735314,
      0.8042856044515079,
      0.07717818116613032
     ]
    ],
    "randomness": 2.174763398584748,
    "scale": 0.9167013195333426,
    "specular": 0.7875462009045346,
    "roughness": 0.1780016465568218,
    "clever": false
   }
  },
  {
   "obj_subpath": "93073/93073/93073.blend",
   "obj_location": [
    0.058863838585188843,
    -0.4898127299452296
   ],
   "obj_pose": [
    [
     -0.3122860845485816,
     0.9499881059241301,
     0.0
    ],
    [
     -0.9499881059241301,
     -0.3122860845485816,
     0.0
    ],
    [
     0.0,
     0.0,
     1.0
    ]
   ],
   "obj_scale": 0.6621331855575664,
   "obj_color": {
    "type": "random-mono",
    "color": [
     [
      0.0970186547181625,
      0.1718165835148658,
      0.09496897945872443
     ],
     [
      0.2061043297043069,
      0.5745429007191056,
      0.1960080685406551
     ],
     [
      0.32414077535796737,
      0.5214067103014526,
      0.31873512960161854
     ]
    ],
    "randomness": 0.0652121452717348,
    "scale": 4.0241629725753985,
    "specular": 0.6789244278153221,
    "roughness": 0.23826240014773645,
    "clever": false
   }
  }
 ],
 "camera": {
  "track_to_point": [
   [
    -0.05043952443990532,
    -0.20937290087432525,
    0.0
   ],
   [
    0.046149376951620025,
    -0.31789782336187455,
    0.0
   ],
   [
    -0.06585084178519024,
    -0.31878434800559485,
    0.0
   ],
   [
    0.0392894082057933,
    -0.23652219197934546,
    0.0
   ],
   [
    0.10566139690951212,
    -0.083740045926362,
    0.0
   ],
   [
    0.12445328815240514,
    -0.0887579242717691,
    0.0
   ],
   [
    0.1344615228974457,
    -0.14515324032341106,
    0.0
   ],
   [
    -0.09323720297150835,
    -0.024103235334633405,
    0.0
   ],
   [
    0.06499469254967088,
    -0.13909241936312178,
    0.0
   ],
   [
    0.11441226420410644,
    -0.057133331522571745,
    0.0
   ],
   [
    0.14590584326132391,
    -0.27701671940881867,
    0.0
   ],
   [
    -0.05870553441032883,
    -0.05579953443573735,
    0.0
   ],
   [
    -0.08840318117316899,
    -0.17231870782259637,
    0.0
   ],
   [
    0.0899429615655084,
    -0.2672577446722451,
    0.0
   ],
   [
    0.11277781561898911,
    -0.07768844565914249,
    0.0
   ],
   [
    0.07787820520922917,
    -0.10227466847313013,
    0.0
   ],
   [
    0.047357058777362154,
    -0.297302774920526,
    0.0
   ],
   [
    0.051952224636537814,
    -0.17775719735221332,
    0.0
   ],
   [
    -0.02047642910464849,
    -0.19095008948731146,
    0.0
   ],
   [
    0.10245854374297358,
    -0.09939295059770398,
    0.0
   ],
   [
    -0.009164126398471723,
    -0.15256000957775154,
    0.0
   ],
   [
    -0.019139628150496482,
    -0.1871089510327042,
    0.0
   ],
   [
    0.009329067623442794,
    -0.14615514093549492,
    0.0
   ],
   [
    -0.026950130074497952,
    -0.21653792159878138,
    0.0
   ],
   [
    0.09710213773824494,
    -0.25727936184591105,
    0.0
   ]
  ],
  "positions": [
   [
    -0.9317705857896268,
    -0.98430811996229,
    0.4870259417456964
   ],
   [
    -1.435716971317424,
    -0.20130859758744446,
    0.5428904697291311
   ],
   [
    1.1405703868272827,
    -0.7952048016426851,
    0.5383183436559313
   ],
   [
    -0.983426742803062,
    1.0751107613680777,
    0.5123599870582048
   ],
   [
    -1.4464553268254612,
    -0.04549989866263429,
    0.5471358842439203
   ],
   [
    -0.8341752338217492,
    -1.2051361161749803,
    0.6393967037936941
   ],
   [
    1.1965491360919254,
    -0.8285875477883641,
    0.4883078652392576
   ],
   [
    -1.0744478102861375,
    0.8051895489301438,
    0.5374715799469276
   ],
   [
    -0.9189166743627933,
    1.097896423549506,
    0.5278124464125575
   ],
   [
    0.965045138628468,
    0.9951231124800826,
    0.6314160255233812
   ],
   [
    -0.0794190508912151,
    -1.3064951503717606,
    0.6086697624229582
   ],
   [
    0.19155563308942042,
    -1.4345370823058907,
    0.6433478042394043
   ],
   [
    1.0529751984978863,
    0.9721584980786536,
    0.6093920463422587
   ],
   [
    1.280514586382233,
    0.7282641761979131,
    0.646317148469319
   ],
   [
    -1.0793160377213646,
    -0.9963623144893721,
    0.518472072388192
   ],
   [
    -1.154322589700284,
    -0.6804790531340525,
    0.5770587506622945
   ],
   [
    1.0513391136193706,
    -0.9951935880147573,
    0.6063540637571545
   ],
   [
    -0.33705779905992234,
    -1.4043909957856633,
    0.6253283760575292
   ],
   [
    1.2715957552669312,
    -0.45203479633593885,
    0.6001456603947797
   ],
   [
    -0.37898696152579586,
    1.4368890840600277,
    0.4808667266491064
   ],
   [
    -1.1157743122310833,
    0.7469453069473051,
    0.4955386133335633
   ],
   [
    1.4092080451470228,
    -0.003951630562027635,
    0.5304089811266317
   ],
   [
    -0.4717530392812988,
    1.2807062143763095,
    0.5192904936189842
   ],
   [
    1.3583201044479614,
    0.336984530991777,
    0.5301776238851592
   ],
   [
    -1.0798198720959575,
    -0.7431610754551501,
    0.5503350094130718
   ]
  ]
 },
 "appearance_assets": {
  "floor_pbr": "Planks018",
  "background_hdr": "wooden_lounge_4k.hdr"
 },
 "environment_strength": 0.5307359980255102
}