{
 "objects": [
  {
   "obj_subpath": "dog/dog_016/dog_016.blend",
   "obj_location": [
    -0.1565155924497953,
    0.005301212658987087
   ],
   "obj_pose": [
    [
     -0.34004824019336694,
     -0.940407993554603,
     0.0
    ],
    [
     0.940407993554603,
     -0.34004824019336694,
     0.0
    ],
    [
     0.0,
     0.0,
     1.0
    ]
   ],
   "obj_scale": 0.624442675929383,
   "obj_color": {
    "type": "random-multi",
    "color": [
     [
      0.5869890183061831,
      0.10687686438789612,
      0.7329377049178671
     ],
     [
      0.7020759775979923,
      0.7469822465952911,
      0.031453525312539865
     ],
     [
      0.370908171314982,
      0.9907443136224451,
      0.08931861150373799
     ],
     [
      0.0897145979770525,
      0.841838023378747,
      0.9117149999128334
     ]
    ],
    "randomness": 1.7345085339637933,
    "scale": 0.7639040578119528,
    "specular": 0.6579809101838385,
    "roughness": 0.11260780495443873,
    "clever": true
   }
  },
  {
   "obj_subpath": "Extrudy Sphere Rings/Extrudy Sphere Rings/Extrudy Sphere Rings.blend",
   "obj_location": [
    0.4133025523114874,
    0.385836794874697
   ],
   "obj_pose": [
    [
     0.8898431772546034,
     -0.45626650095468596,
     0.0
    ],
    [
     0.45626650095468596,
     0.8898431772546034,
     0.0
    ],
    [
     0.0,
     0.0,
     1.0
    ]
   ],
   "obj_scale": 0.6636999157840695,
   "obj_color": {
    "type": "random-mono",
    "color": [
     [
      0.7016965270855342,
      0.8211086158836891,
      0.7671909990386359
     ],
     [
      0.20936204795741087,
      0.6658309091291587,
      0.45972352581424275
     ],
     [
      0.9646734828328629,
      0.9867644266875129,
      0.9767897996753857
     ]
    ],
    "randomness": 0.17918479149116417,
    "scale": 3.4941490444489065,
    "specular": 0.8797111284147163,
    "roughness": 0.15641545510616367,
    "clever": false
   }
  }
 ],
 "camera": {
  "track_to_point": [
   [
    0.05961514173219286,
    0.2636659825914519,
    0.0
   ],
   [
    0.019137221971460422,
    0.24962510709780272,
    0.0
   ],
   [
    0.2148745361764835,
    0.061256069796911644,
    0.0
   ],
   [
    0.0895301373814409,
    0.1435277463473527,
    0.0
   ],
   [
    0.050178253195876474,
    0.10075669738219498,
    0.0
   ],
   [
    0.010885421648809013,
    0.32867988097460565,
    0.0
   ],
   [
    0.02647399732635386,
    0.18493897156351774,
    0.0
   ],
   [
    0.26881269849572953,
    0.22566715921620029,
    0.0
   ],
   [
    0.15626433311702892,
    0.12969826460881004,
    0.0
   ],
   [
    0.2322133815651081,
    0.18426683096285462,
    0.0
   ],
   [
    0.2516646076646094,
    0.07731115658721135,
    0.0
   ],
   [
    -0.017418802575860315,
    0.07217823041223408,
    0.0
   ],
   [
    0.25415977138079504,
    0.33844699781536725,
    0.0
   ],
   [
    0.03171579564526346,
    0.12911276957273124,
    0.0
   ],
   [
    0.0568804007671954,
    0.3197158058464238,
    0.0
   ],
   [
    0.2744170129882314,
    0.32587132595194235,
    0.0
   ],
   [
    0.01676094633089384,
    0.2690744191753409,
    0.0
   ],
   [
    -0.009115630577545525,
    0.09747789609849516,
    0.0
   ],
   [
    0.009229603088238947,
    0.21544734987052722,
    0.0
   ],
   [
    0.07801310816791203,
    0.1722182643396868,
    0.0
   ],
   [
    -0.005991619352494093,
    0.19537340756681953,
    0.0
   ],
   [
    0.05566434987456256,
    0.22678406203528098,
    0.0
   ],
   [
    0.18635202680799373,
    0.05894168659848159,
    0.0
   ],
   [
    0.05834157617275526,
    0.32104404643160556,
    0.0
   ],
   [
    0.03514802690257965,
    0.3187818902919646,
    0.0
   ]
  ],
  "positions": [
   [
    -1.3149852317134394,
    0.2312364193908249,
    0.5792557050344047
   ],
   [
    0.925048212456946,
    1.1101856134677288,
    0.4646800274849263
   ],
   [
    -1.3841723608097039,
    0.37183891092389376,
    0.5741867404907223
   ],
   [
    1.261355626622489,
    -0.4977549970020914,
    0.46610911412070216
   ],
   [
    0.5205611562966866,
    1.2732769172164382,
    0.5714283311620476
   ],
   [
    -1.0297263750472352,
    0.9675729436207615,
    0.6456108305670245
   ],
   [
    1.3165127397831387,
    -0.23526032515197184,
    0.4627181916015092
   ],
   [
    -0.0046232287539427035,
    -1.377965720713553,
    0.6431613468059734
   ],
   [
    1.2908862411498887,
    0.31866682194958407,
    0.4944349203590206
   ],
   [
    0.5326753406981228,
    -1.3521672033920138,
    0.505800102708161
   ],
   [
    1.3084427071495026,
    0.6020323484460809,
    0.4634639360863652
   ],
   [
    -0.013382118202628898,
    -1.3882006602402934,
    0.6139611310780009
   ],
   [
    1.1389342640610103,
    0.6890757926412835,
    0.4789119927677252
   ],
   [
    0.46033220669538855,
    -1.3747026438374683,
    0.6458114690895604
   ],
   [
    -0.3314432594659299,
    -1.2943424114617228,
    0.6386466532343342
   ],
   [
    1.3048980077185008,
    0.020549190862311283,
    0.5218823245129177
   ],
   [
    -1.3704783403683891,
    0.2816501073192686,
    0.6241515951909586
   ],
   [
    -1.3261496546104181,
    0.1993340035094628,
    0.4776934356320072
   ],
   [
    1.1964369636648708,
    0.7759183851111608,
    0.5231443986445896
   ],
   [
    1.1765894869293172,
    0.8423136890205315,
    0.46004071275913794
   ],
   [
    1.430912420352774,
    -0.19511910068896712,
    0.5550109699708985
   ],
   [
    0.48666535060883953,
    -1.282119622985995,
    0.507887535971961
   ],
   [
    0.4802352227961689,
    -1.2604252885827554,
    0.507553603030225
   ],
   [
    -1.3854932105525026,
    -0.10615788511422253,
    0.5620826858547894
   ],
   [
    1.399876807419562,
    0.032935879412362506,
    0.5426444576424543
   ]
  ]
 },
 "appearance_assets": {
  "floor_pbr": "Planks018",
  "background_hdr": "hotel_room_4k.hdr"
 },
 "environment_strength": 0.6829625203671723
}