{
 "objects": [
  {
   "obj_subpath": "pencil/pencil_043/pencil_043.blend",
   "obj_location": [
    -0.1919826754548618,
    0.2964671415116684
   ],
   "obj_pose": [
    [
     0.9763592051621202,
     0.21615434877696296,
     0.0
    ],
    [
     -0.21615434877696296,
     0.9763592051621202,
     0.0
    ],
    [
     0.0,
     0.0,
     1.0
    ]
   ],
   "obj_scale": 0.6537011386954149,
   "obj_color": {
    "type": "random-multi",
    "color": [
     [
      0.6250812813473278,
      0.3853932214415573,
      0.07928681443866503
     ],
     [
      0.11001320351338595,
      0.7136200681540521,
      0.5575144912731802
     ],
     [
      0.16552878592504727,
      0.8142678571027381,
      0.8715834149016825
     ],
     [
      0.9630975160999364,
      0.053170517620992674,
      0.9256079546029347
     ]
    ],
    "randomness": 3.456605165923916,
    "scale": 1.1782191663342396,
    "specular": 0.7263279172861009,
    "roughness": 0.16040029895472305,
    "clever": false
   }
  },
  {
   "obj_subpath": "Organic Blob/Organic Blob/Organic Blob.blend",
   "obj_location": [
    0.01822681938592996,
    -0.4057602111624852
   ],
   "obj_pose": [
    [
     -0.8181996568295861,
     -0.5749341888981273,
     0.0
    ],
    [
     0.5749341888981273,
     -0.8181996568295861,
     0.0
    ],
    [
     0.0,
     0.0,
     1.0
    ]
   ],
   "obj_scale": 0.6001628164333314,
   "obj_color": {
    "type": "random-mono",
    "color": [
     [
      0.8763980989122857,
      0.9058239609682548,
      0.8373179172771994
     ],
     [
      0.6194137365169623,
      0.7903177819609146,
      0.39243784961118355
     ]
    ],
    "randomness": 0.011244546887064444,
    "scale": 4.130367112132617,
    "specular": 0.6685549080384263,
    "roughness": 0.1503072919801943,
    "clever": false
   }
  }
 ],
 "camera": {
  "track_to_point": [
   [
    -0.0018132502292025898,
    -0.13546894044103946,
    0.0
   ],
   [
    -0.1869018420956792,
    -0.16668244577702246,
    0.0
   ],
   [
    -0.14021877263864577,
    -0.11102472416268994,
    0.0
   ],
   [
    -0.011207849495279448,
    0.041433696008392834,
    0.0
   ],
   [
    -0.006821360607300486,
    -0.15523510165665028,
    0.0
   ],
   [
    -0.21970691981034016,
    0.010312792362189932,
    0.0
   ],
   [
    -0.18653147525647504,
    -0.06480513420938169,
    0.0
   ],
   [
    -0.024040669624055405,
    -0.06545825221113727,
    0.0
   ],
   [
    -0.005069271831471045,
    -0.09296916894145314,
    0.0
   ],
   [
    -0.052178598872323956,
    -0.030236797770041568,
    0.0
   ],
   [
    0.05061030202160641,
    0.07937755819326622,
    0.0
   ],
   [
    0.0031827893440472266,
    -0.11760104375019044,
    0.0
   ],
   [
    -0.21772491460951698,
    0.0163657165357948,
    0.0
   ],
   [
    -0.13984979531393332,
    0.038901014030861714,
    0.0
   ],
   [
    -0.1842664429174402,
    -0.12171185825046323,
    0.0
   ],
   [
    -0.10411853942731342,
    -0.12465121951482039,
    0.0
   ],
   [
    -0.08039441184366791,
    -0.1772296190546555,
    0.0
   ],
   [
    0.02269901938663557,
    -0.10355466925684911,
    0.0
   ],
   [
    0.04275066352567916,
    -0.044075054617024434,
    0.0
   ],
   [
    -0.1843611653415948,
    -0.06279254188711295,
    0.0
   ],
   [
    0.009460347777413503,
    -0.16067447414464275,
    0.0
   ],
   [
    -0.11270349409870796,
    -0.008802229012508878,
    0.0
   ],
   [
    -0.014250498436467196,
    -0.18194598277240656,
    0.0
   ],
   [
    -0.1664676087899517,
    -0.11238425346555468,
    0.0
   ],
   [
    -0.013645968209763631,
    0.004263985233750739,
    0.0
   ]
  ],
  "positions": [
   [
    -0.7146609033871761,
    -1.1237594143835206,
    0.5716653582788904
   ],
   [
    1.311388031899773,
    -0.13856949830785165,
    0.48062315191995625
   ],
   [
    0.29633477857883467,
    1.3684617116727682,
    0.5591205942515562
   ],
   [
    0.036733696526476366,
    -1.3778741064604434,
    0.520191068127086
   ],
   [
    0.5990149288368184,
    -1.2141006132899803,
    0.5466155413317807
   ],
   [
    0.2547332859734844,
    -1.2917947610576805,
    0.5106548005827725
   ],
   [
    1.3865334272361403,
    -0.42977451060852945,
    0.4614380423788786
   ],
   [
    0.6382392465044029,
    1.2735619842936317,
    0.5069761317380063
   ],
   [
    1.216945194428128,
    0.548610472967542,
    0.5443926914774402
   ],
   [
    0.06748673185137688,
    -1.4866833810128732,
    0.4865140883764061
   ],
   [
    0.46753378320513245,
    1.2674550120056678,
    0.459894305094011
   ],
   [
    -0.7759320517383568,
    1.2282997889454634,
    0.5034300147996621
   ],
   [
    1.0784753712171267,
    -1.0360383689192971,
    0.619141273190547
   ],
   [
    -1.211205109853784,
    -0.5521350595857447,
    0.5043643088555989
   ],
   [
    -0.5154735604986057,
    -1.2856529650260264,
    0.5570389641209854
   ],
   [
    -1.3825554501331379,
    0.06711478967978259,
    0.6068955008206789
   ],
   [
    -0.12370409208618374,
    -1.397966648171596,
    0.5812926350986427
   ],
   [
    -0.5958740654063874,
    -1.1684901745442262,
    0.4666851382910672
   ],
   [
    1.2311796301971336,
    -0.5188899322713528,
    0.5665769659324306
   ],
   [
    0.020534786437251863,
    1.4935368775817537,
    0.6135320591642546
   ],
   [
    -1.4220249501436022,
    0.050606567658165555,
    0.6309352026675584
   ],
   [
    -0.7241775112218183,
    1.3055758937934867,
    0.48364091863580283
   ],
   [
    0.6598046268594235,
    -1.1407130229152154,
    0.6080374836568443
   ],
   [
    0.5136914362697387,
    -1.2630474796099478,
    0.5871881125038172
   ],
   [
    -1.42400832584846,
    0.23056438824104586,
    0.499237729909966
   ]
  ]
 },
 "appearance_assets": {
  "floor_pbr": "Tiles001",
  "background_hdr": "st_fagans_interior_4k.hdr"
 },
 "environment_strength": 0.5359741152608103
}