{
 "objects": [
  {
   "obj_subpath": "chair/chair_042/chair_042.blend",
   "obj_location": [
    0.10526988269938653,
    -0.21910558034264072
   ],
   "obj_pose": [
    [
     -0.30204094710099305,
     0.9532949524015824,
     0.0
    ],
    [
     -0.9532949524015824,
     -0.30204094710099305,
     0.0
    ],
    [
     0.0,
     0.0,
     1.0
    ]
   ],
   "obj_scale": 0.6770328596103729,
   "obj_color": {
    "type": "random-multi",
    "color": [
     [
      0.18313152326515986,
      0.14327129223346047,
      0.7289976944455587
     ],
     [
      0.6677982334044451,
      0.03545013112711348,
      0.17581117652712924
     ],
     [
      0.7989213098611117,
      0.29119458336972215,
      0.07702098529941404
     ],
     [
      0.7159864516520076,
      0.05247601643201094,
      0.5170191219668179
     ]
    ],
    "randomness": 3.806251038968407,
    "scale": 0.7368436967373155,
    "specular": 0.7514653059136676,
    "roughness": 0.2411661632183754,
    "clever": false
   }
  },
  {
   "obj_subpath": "Spiral Ring Cone/Spiral Ring Cone/Spiral Ring Cone.blend",
   "obj_location": [
    0.24777975908365424,
    0.4668701080296225
   ],
   "obj_pose": [
    [
     -0.7337033103453011,
     -0.679469979019196,
     0.0
    ],
    [
     0.679469979019196,
     -0.7337033103453011,
     0.0
    ],
    [
     0.0,
     0.0,
     1.0
    ]
   ],
   "obj_scale": 0.6722673361688863,
   "obj_color": {
    "type": "random-mono",
    "color": [
     [
      0.13557764714642298,
      0.21141490864219797,
      0.11011250845601611
     ],
     [
      0.9810487947051446,
      0.9912818617049084,
      0.9776126675924623
     ]
    ],
    "randomness": 0.8348396052723491,
    "scale": 2.4065751487662994,
    "specular": 0.8062198079683804,
    "roughness": 0.28152369068757965,
    "clever": false
   }
  }
 ],
 "camera": {
  "track_to_point": [
   [
    0.09898871225751707,
    0.025523913024962375,
    0.0
   ],
   [
    0.11990214432661844,
    0.07979554054753747,
    0.0
   ],
   [
    0.10335908101605312,
    0.18863035853468937,
    0.0
   ],
   [
    0.1520547642157952,
    0.12145294774587345,
    0.0
   ],
   [
    0.13626004437736494,
    0.05439130707209093,
    0.0
   ],
   [
    0.1384174875181169,
    -0.018642639544741824,
    0.0
   ],
   [
    0.29374512388284757,
    0.060384536243133835,
    0.0
   ],
   [
    0.1533194104582874,
    0.17526714430045615,
    0.0
   ],
   [
    0.26822248443122165,
    0.05030727620694615,
    0.0
   ],
   [
    0.1917943680491369,
    0.1917981270043608,
    0.0
   ],
   [
    0.15716683518362912,
    0.1657119504747865,
    0.0
   ],
   [
    0.2571579445408071,
    0.16498883576084905,
    0.0
   ],
   [
    0.052409187416829664,
    0.0059726044385357835,
    0.0
   ],
   [
    0.2815316829286759,
    0.14490585266644773,
    0.0
   ],
   [
    0.1647900527966925,
    0.2654157358599277,
    0.0
   ],
   [
    0.20747216524149348,
    0.25076668671138513,
    0.0
   ],
   [
    0.16128369820338428,
    0.18150196988203046,
    0.0
   ],
   [
    0.25000712851621354,
    0.10148225355987653,
    0.0
   ],
   [
    0.18580555495225287,
    0.04995868486523654,
    0.0
   ],
   [
    0.27542591393068727,
    0.18664486922422785,
    0.0
   ],
   [
    0.28578390179822655,
    0.06570037785706133,
    0.0
   ],
   [
    0.052922628952121686,
    0.0136979132329004,
    0.0
   ],
   [
    0.13162065527985486,
    0.273627344165002,
    0.0
   ],
   [
    0.19905439967234406,
    0.02186043029897501,
    0.0
   ],
   [
    0.11305201399111445,
    0.11722917154797663,
    0.0
   ]
  ],
  "positions": [
   [
    0.14345276730726478,
    -1.4360413091541713,
    0.5282286420614973
   ],
   [
    1.2786156427350361,
    0.6702193405273982,
    0.6490941246348167
   ],
   [
    1.4316774287401812,
    -0.29622095317536856,
    0.5264847269957404
   ],
   [
    1.4866957875856512,
    -0.1910314430031403,
    0.6312729598492797
   ],
   [
    1.4490402329439698,
    -0.16508743222428535,
    0.5312817911143838
   ],
   [
    1.0604388379500347,
    0.8633884501367531,
    0.5247893777118467
   ],
   [
    -0.14633947518941545,
    -1.321438535404575,
    0.5578165234180841
   ],
   [
    0.9544839065061844,
    0.9002670560469385,
    0.4659606976678374
   ],
   [
    -0.43609197591710863,
    -1.30242856613659,
    0.45699418513013246
   ],
   [
    -0.3290202082206393,
    -1.4058910308303276,
    0.5304235585680757
   ],
   [
    -1.3816484352832856,
    -0.09618400999559464,
    0.6168215598828161
   ],
   [
    0.6489251247298108,
    1.2877349027935971,
    0.5784038260872741
   ],
   [
    -1.4667049818341669,
    0.03754836416258918,
    0.5643834423800288
   ],
   [
    0.11415852441387815,
    -1.3413821485444801,
    0.4672086621714273
   ],
   [
    -0.16043533009037497,
    -1.4730839676172824,
    0.48492041503209654
   ],
   [
    -0.7392319485050904,
    -1.275030472638653,
    0.48554511417443647
   ],
   [
    -1.424386856203547,
    -0.14468830539409439,
    0.5171689985821614
   ],
   [
    1.392415569979006,
    -0.14141962587373216,
    0.5918035273716677
   ],
   [
    -1.3748222444739424,
    0.32013471612625544,
    0.47878351136253533
   ],
   [
    1.1302407615684464,
    -0.6468937578313299,
    0.6168867171335406
   ],
   [
    0.8587841540408189,
    1.070367965640901,
    0.4657674065103851
   ],
   [
    0.32037707341420996,
    1.450047847850694,
    0.47159321127794945
   ],
   [
    1.339368664203796,
    0.25239687735704064,
    0.560552638593169
   ],
   [
    1.4681409932018106,
    -0.1633011073997908,
    0.47133630186843256
   ],
   [
    -0.6412412258937884,
    1.2474060134667648,
    0.6268312643392029
   ]
  ]
 },
 "appearance_assets": {
  "floor_pbr": "Planks014",
  "background_hdr": "spiaggia_di_mondello_4k.hdr"
 },
 "environment_strength": 0.7827786789293598
}