{
 "objects": [
  {
   "obj_subpath": "dog/dog_001/dog_001.blend",
   "obj_location": [
    0.16418801857794363,
    -0.3103008748488588
   ],
   "obj_pose": [
    [
     -0.9983602244672846,
     0.05724388353032328,
     0.0
    ],
    [
     -0.05724388353032328,
     -0.9983602244672846,
     0.0
    ],
    [
     0.0,
     0.0,
     1.0
    ]
   ],
   "obj_scale": 0.6075816903358588,
   "obj_color": {
    "type": "random-mono",
    "color": [
     [
      0.6607526209253134,
      0.43778546909038263,
      0.27131467582865976
     ],
     [
      0.8214046311332696,
      0.6454113547158408,
      0.5140119979369148
     ],
     [
      0.9338460176517441,
      0.8313438585862265,
      0.7548141294747889
     ],
     [
      0.5173502952980062,
      0.3438668825326475,
      0.2143414295539019
     ]
    ],
    "randomness": 0.5444342639840243,
    "scale": 3.4082775968624044,
    "specular": 0.8217576513707998,
    "roughness": 0.2159900481997163,
    "clever": false
   }
  },
  {
   "obj_subpath": "Classic Set Cylinder/Classic Set Cylinder/Classic Set Cylinder.blend",
   "obj_location": [
    -0.40981806974602975,
    -0.0669742153459526
   ],
   "obj_pose": [
    [
     -0.6753413300400797,
     -0.7375053138382774,
     0.0
    ],
    [
     0.7375053138382774,
     -0.6753413300400797,
     0.0
    ],
    [
     0.0,
     0.0,
     1.0
    ]
   ],
   "obj_scale": 0.6102531832273234,
   "obj_color": {
    "type": "random-mono",
    "color": [
     [
      0.7291069753668581,
      0.7857344715394492,
      0.8899487104088036
     ],
     [
      0.6459081015132003,
      0.6973190937585458,
      0.7919331556276671
     ]
    ],
    "randomness": 0.6382561727552993,
    "scale": 4.25539865437873,
    "specular": 0.834403084301554,
    "roughness": 0.18887326532874732,
    "clever": false
   }
  }
 ],
 "camera": {
  "track_to_point": [
   [
    -0.23797841224503377,
    -0.11984446022999604,
    0.0
   ],
   [
    -0.17576335282627836,
    -0.1459410443813249,
    0.0
   ],
   [
    -0.11651147399965553,
    -0.13220136342544145,
    0.0
   ],
   [
    0.0068563376011898935,
    -0.2217643966852081,
    0.0
   ],
   [
    -0.15586292046673395,
    -0.23760777632658503,
    0.0
   ],
   [
    -0.19076489999812757,
    -0.04477214220475659,
    0.0
   ],
   [
    -0.18617593568972685,
    -0.14969217755737918,
    0.0
   ],
   [
    -0.08080514407654596,
    -0.2548702768281583,
    0.0
   ],
   [
    -0.08847716257947302,
    -0.24263344617924987,
    0.0
   ],
   [
    -0.05390410974722226,
    -0.06889396020046015,
    0.0
   ],
   [
    -0.2539775539106771,
    -0.3156177021197072,
    0.0
   ],
   [
    -0.10255319755899084,
    -0.22464304718104083,
    0.0
   ],
   [
    -0.1760151571577896,
    -0.3240496397908593,
    0.0
   ],
   [
    -0.04830356666622054,
    -0.13925055579506718,
    0.0
   ],
   [
    -0.098908571858142,
    -0.3333522876604556,
    0.0
   ],
   [
    -0.18784146827994058,
    -0.1792118194649739,
    0.0
   ],
   [
    -0.22053155759050896,
    -0.2399553756834763,
    0.0
   ],
   [
    -0.0892564331538897,
    -0.18584271266942917,
    0.0
   ],
   [
    -0.013331699280553083,
    -0.056295574944766696,
    0.0
   ],
   [
    0.017476415192481692,
    -0.04510242218524188,
    0.0
   ],
   [
    -0.15188735749574,
    -0.22325958068892865,
    0.0
   ],
   [
    -0.2254761826268581,
    -0.11479436537597365,
    0.0
   ],
   [
    -0.1998700582586549,
    -0.19796058385024298,
    0.0
   ],
   [
    -0.055731643800895375,
    -0.10199245156171019,
    0.0
   ],
   [
    -0.17066161085969905,
    -0.2407160296050899,
    0.0
   ]
  ],
  "positions": [
   [
    -0.7956466187118012,
    1.1570065427927272,
    0.4516357600918074
   ],
   [
    1.2024642536569032,
    0.7022754387587941,
    0.5557736246930676
   ],
   [
    1.3701124607408652,
    -0.20492239966724235,
    0.546032034546732
   ],
   [
    -0.3615389150986025,
    1.326238912070505,
    0.46940835820569293
   ],
   [
    1.3340677360647895,
    0.06042809719331243,
    0.5874945314998242
   ],
   [
    0.2664648871939631,
    -1.3027335211345044,
    0.47564600760580317
   ],
   [
    -1.0621249758584441,
    0.9196172608541058,
    0.6489862780450688
   ],
   [
    -0.6350813307943985,
    1.1487342015091144,
    0.6203764738237779
   ],
   [
    -1.367297411449734,
    -0.5702639987473792,
    0.6459624519324243
   ],
   [
    1.3554412888051064,
    -0.12391237584232417,
    0.4958080275775044
   ],
   [
    0.6634785315118172,
    1.284825642398241,
    0.587620774443672
   ],
   [
    -0.5281591118051842,
    -1.285947800730573,
    0.641138089654752
   ],
   [
    1.2571468802076002,
    0.6725634414794628,
    0.581952638076489
   ],
   [
    1.4710915080575502,
    -0.06576363205181988,
    0.5558722035421817
   ],
   [
    0.22749096095155052,
    -1.3505736032931972,
    0.5991337366919105
   ],
   [
    0.8790614049026649,
    1.1043248584216232,
    0.5947244870067024
   ],
   [
    0.5353996446725585,
    -1.249934422621673,
    0.5333974126027442
   ],
   [
    0.544066463174446,
    1.210428480379459,
    0.642094976251423
   ],
   [
    -1.4150766863313893,
    -0.4697385151035721,
    0.5548188143729806
   ],
   [
    0.8394939636964086,
    -1.0103523260022715,
    0.5167319791653645
   ],
   [
    -1.1993916598298566,
    -0.6570211040528251,
    0.4522222102067536
   ],
   [
    -1.049376746134065,
    1.0186167218654218,
    0.6200318128622302
   ],
   [
    -0.3246047229175861,
    -1.4276159721585675,
    0.5576831108754219
   ],
   [
    -0.26478857237223036,
    1.3114725450303117,
    0.4855898379749395
   ],
   [
    -1.3542574191876255,
    -0.5380841481300915,
    0.6441764000488744
   ]
  ]
 },
 "appearance_assets": {
  "floor_pbr": "Carpet005",
  "background_hdr": "balcony_4k.hdr"
 },
 "environment_strength": 0.5883278642370191
}