{
 "objects": [
  {
   "obj_subpath": "apple/apple_024/apple_024.blend",
   "obj_location": [
    0.29437286818990416,
    0.2366609300752175
   ],
   "obj_pose": [
    [
     0.4289334367080078,
     0.903336098511433,
     0.0
    ],
    [
     -0.903336098511433,
     0.4289334367080078,
     0.0
    ],
    [
     0.0,
     0.0,
     1.0
    ]
   ],
   "obj_scale": 0.6725870505672932,
   "obj_color": {
    "type": "random-multi",
    "color": [
     [
      0.7908332716811571,
      0.0069463032451108075,
      0.2758222506677175
     ],
     [
      0.17345741186606167,
      0.5174133843182267,
      0.7971047325095011
     ],
     [
      0.6149825967287276,
      0.44712334440345725,
      0.003418580996208287
     ]
    ],
    "randomness": 4.703001297281641,
    "scale": 1.4959837657705748,
    "specular": 0.8340186827445398,
    "roughness": 0.2594270202366184,
    "clever": false
   }
  },
  {
   "obj_subpath": "Classic Set Cylinder/Classic Set Cylinder/Classic Set Cylinder.blend",
   "obj_location": [
    -0.2736357267495041,
    -0.2829625049758314
   ],
   "obj_pose": [
    [
     0.21102085952863353,
     -0.9774815583139135,
     0.0
    ],
    [
     0.9774815583139135,
     0.21102085952863353,
     0.0
    ],
    [
     0.0,
     0.0,
     1.0
    ]
   ],
   "obj_scale": 0.6155228878725089,
   "obj_color": {
    "type": "random-multi",
    "color": [
     [
      0.8551050426170768,
      0.2256408390712179,
      0.5197256100259291
     ],
     [
      0.055796055109209056,
      0.02386261911808607,
      0.6494898090622895
     ],
     [
      0.7710446052695967,
      0.04859553409253037,
      0.10920942908203767
     ],
     [
      0.49617837574883006,
      0.06974443572092426,
      0.6872364513835508
     ]
    ],
    "randomness": 3.224206308898769,
    "scale": 1.425567370668595,
    "specular": 0.8678344480871651,
    "roughness": 0.22658361724115955,
    "clever": false
   }
  }
 ],
 "camera": {
  "track_to_point": [
   [
    -0.1103279929528174,
    0.01804964121222244,
    0.0
   ],
   [
    0.046268278587696554,
    -0.10191985557171905,
    0.0
   ],
   [
    -0.10522316237801949,
    -0.061578598712952334,
    0.0
   ],
   [
    -0.11810938357242753,
    0.04745789125385169,
    0.0
   ],
   [
    0.05634725718151756,
    -0.1391431022731923,
    0.0
   ],
   [
    0.07774852109652744,
    -0.01347372548070036,
    0.0
   ],
   [
    0.1465073879400268,
    -0.10938910345204159,
    0.0
   ],
   [
    0.02227457933624613,
    0.09956493085672638,
    0.0
   ],
   [
    0.04495855346517241,
    -0.04465885468280148,
    0.0
   ],
   [
    0.15840008701664174,
    0.1064729566169755,
    0.0
   ],
   [
    -0.1210151134734091,
    -0.09497315665567664,
    0.0
   ],
   [
    0.03222769409227494,
    0.025598301098298665,
    0.0
   ],
   [
    0.08290570323828683,
    -0.06009151463105225,
    0.0
   ],
   [
    0.1415476178865995,
    0.12307156665270133,
    0.0
   ],
   [
    0.0020465637257213176,
    -0.06821884263938895,
    0.0
   ],
   [
    0.10815286041817859,
    -0.14295966560319523,
    0.0
   ],
   [
    0.05632294995160497,
    0.03287263704483706,
    0.0
   ],
   [
    0.0653989633494424,
    -0.045932808012715654,
    0.0
   ],
   [
    -0.09706265626068336,
    0.011006898479403837,
    0.0
   ],
   [
    0.14704308411754055,
    0.06655415374213705,
    0.0
   ],
   [
    -0.003477889480573343,
    0.06103100750755566,
    0.0
   ],
   [
    -0.05723810479176056,
    0.05682758562373419,
    0.0
   ],
   [
    0.1171370441483702,
    -0.06123735579729854,
    0.0
   ],
   [
    -0.09180133661209483,
    0.06215455345144624,
    0.0
   ],
   [
    0.1306115518957627,
    0.058969551344643295,
    0.0
   ]
  ],
  "positions": [
   [
    0.49981483881872235,
    1.3496852995272057,
    0.5192139871679718
   ],
   [
    1.400687703698506,
    -0.3827315757675276,
    0.6347810135177715
   ],
   [
    -0.8339674092082948,
    -1.0677758006322768,
    0.626317455406735
   ],
   [
    -1.041693345498267,
    0.8465016183557136,
    0.5118847191836414
   ],
   [
    1.323214168661542,
    -0.4674849761955328,
    0.6330844631887917
   ],
   [
    -0.9398171814899178,
    -0.9626685163566028,
    0.5075667246697744
   ],
   [
    0.8108274669545061,
    -1.147235292607106,
    0.4844885704837096
   ],
   [
    0.4697481643124,
    -1.2910987978815323,
    0.6417546835909435
   ],
   [
    -0.8233159235715654,
    1.2491713281562493,
    0.6048494278453953
   ],
   [
    0.7740694890908091,
    -1.0751966685320768,
    0.5744254427065567
   ],
   [
    -0.5781171068609078,
    1.1926747682931071,
    0.590093222387087
   ],
   [
    -0.392054380417662,
    1.3036336390758805,
    0.4819461872232062
   ],
   [
    0.4978628096368626,
    -1.3792593689702308,
    0.6160155488311467
   ],
   [
    0.6223298763143071,
    1.2779567666246563,
    0.4947066175789834
   ],
   [
    -1.4584055903579474,
    -0.10695072219390486,
    0.5221203638864461
   ],
   [
    -1.2114892427028623,
    0.5362308611940219,
    0.6364671903599195
   ],
   [
    1.2041005900846538,
    -0.5835637660703361,
    0.5676659253581888
   ],
   [
    -0.9467644064879472,
    -0.928746305523361,
    0.5095775510362853
   ],
   [
    -0.5878847259875432,
    -1.253383340878914,
    0.524077341840964
   ],
   [
    1.0786503905968678,
    -0.8639337315511001,
    0.5035704801871292
   ],
   [
    -0.8704399940721014,
    -1.183424027099123,
    0.628244165384026
   ],
   [
    -0.2692878331802679,
    -1.27666877315126,
    0.5728738637977209
   ],
   [
    -0.44380690797139155,
    1.3285799544213874,
    0.47832184003064154
   ],
   [
    -0.5927016586425187,
    1.3647095711688517,
    0.5942424449951658
   ],
   [
    0.7513785340503257,
    -1.0932337397359144,
    0.5928513714978793
   ]
  ]
 },
 "appearance_assets": {
  "floor_pbr": "Terrazzo001",
  "background_hdr": "childrens_hospital_4k.hdr"
 },
 "environment_strength": 0.6794633777534045
}