{
 "objects": [
  {
   "obj_subpath": "fox/fox_011/fox_011.blend",
   "obj_location": [
    0.371205754131784,
    0.21317015970048103
   ],
   "obj_pose": [
    [
     0.8908142924280892,
     0.45436757851528403,
     0.0
    ],
    [
     -0.45436757851528403,
     0.8908142924280892,
     0.0
    ],
    [
     0.0,
     0.0,
     1.0
    ]
   ],
   "obj_scale": 0.6737228777822818,
   "obj_color": {
    "type": "random-mono",
    "color": [
     [
      0.3512296807572971,
      0.1859184789375642,
      0.38242752848981365
     ],
     [
      0.16025549109822068,
      0.06864152172971097,
      0.17754505547781393
     ],
     [
      0.7402973373494228,
      0.33639754385321496,
      0.8165220826660191
     ],
     [
      0.6808939866104632,
      0.32057135712101936,
      0.7488947657811933
     ]
    ],
    "randomness": 0.8876994787338555,
    "scale": 3.8835349095232083,
    "specular": 0.8454512914844092,
    "roughness": 0.22544734305359457,
    "clever": false
   }
  },
  {
   "obj_subpath": "Infinity Icosphere/Infinity Icosphere/Infinity Icosphere.blend",
   "obj_location": [
    -0.48711349510612845,
    -0.2295673189341787
   ],
   "obj_pose": [
    [
     -0.35241610682647195,
     -0.9358434097910145,
     0.0
    ],
    [
     0.9358434097910145,
     -0.35241610682647195,
     0.0
    ],
    [
     0.0,
     0.0,
     1.0
    ]
   ],
   "obj_scale": 0.612951145919983,
   "obj_color": {
    "type": "random-multi",
    "color": [
     [
      0.8804303540827668,
      0.39350515366026995,
      0.1320596140917728
     ],
     [
      0.08778575201684502,
      0.3231974883129986,
      0.5336644398569893
     ],
     [
      0.9794280941808403,
      0.0883809085408217,
      0.6942722696074087
     ]
    ],
    "randomness": 2.201573836406604,
    "scale": 0.8727641753295398,
    "specular": 0.7779399670769659,
    "roughness": 0.28089302549153283,
    "clever": false
   }
  }
 ],
 "camera": {
  "track_to_point": [
   [
    -0.14838395898465317,
    -0.11311865339540543,
    0.0
   ],
   [
    -0.10353886513249695,
    -0.04418869749926144,
    0.0
   ],
   [
    -0.02141221143288083,
    0.09538041354056506,
    0.0
   ],
   [
    -0.10284892216911391,
    -0.10805569975543308,
    0.0
   ],
   [
    -0.017646301456874347,
    -0.06393658201149645,
    0.0
   ],
   [
    0.04275057956731651,
    0.03157742189253965,
    0.0
   ],
   [
    -0.021958241974553427,
    -0.02807795476828609,
    0.0
   ],
   [
    0.06417279353926689,
    -0.11349355311868096,
    0.0
   ],
   [
    0.010232720530821887,
    -0.05561938163590065,
    0.0
   ],
   [
    -0.14042761742924886,
    -0.028102958471837747,
    0.0
   ],
   [
    0.0727158562187463,
    0.12088954992229298,
    0.0
   ],
   [
    0.057001823050153305,
    0.01716868098282473,
    0.0
   ],
   [
    -0.009984247647949751,
    -0.12731936405402178,
    0.0
   ],
   [
    -0.19189399858229006,
    0.09812093072760622,
    0.0
   ],
   [
    -0.18745282049696824,
    -0.13447333333858402,
    0.0
   ],
   [
    -0.03375442490207897,
    0.09269383434898146,
    0.0
   ],
   [
    0.08139167986718984,
    -0.011015080751473255,
    0.0
   ],
   [
    -0.16178651232247282,
    0.010014092341901953,
    0.0
   ],
   [
    0.06774026683002529,
    -0.12124938796201284,
    0.0
   ],
   [
    -0.17284913025305804,
    -0.1164179187194497,
    0.0
   ],
   [
    0.06861176047198667,
    -0.11859830356888094,
    0.0
   ],
   [
    -0.0957449831023486,
    -0.08229495276026587,
    0.0
   ],
   [
    -0.09815593105184434,
    -0.055491745890461214,
    0.0
   ],
   [
    -0.04765621804386652,
    -0.10361223635724293,
    0.0
   ],
   [
    -0.16764286876422957,
    -0.06277450653953585,
    0.0
   ]
  ],
  "positions": [
   [
    0.8207740201791255,
    1.1082332035685327,
    0.5126841579136042
   ],
   [
    0.6193991747627313,
    1.1672789211600825,
    0.5584248681655964
   ],
   [
    -1.37430370203666,
    -0.5544281451571057,
    0.639605925309193
   ],
   [
    -0.9316219847711583,
    -1.0932343502739195,
    0.6261023412798727
   ],
   [
    -0.8542408962058968,
    1.0897050765759064,
    0.5724878091301989
   ],
   [
    -0.7661894122401033,
    -1.2829329673701833,
    0.588604541650653
   ],
   [
    1.288005548127526,
    0.20532840803740982,
    0.6072794534353241
   ],
   [
    -1.3485677744516487,
    0.4410547431386484,
    0.5357581959781383
   ],
   [
    -1.1942265643498844,
    -0.547267344721437,
    0.5218396432447935
   ],
   [
    -0.866741624822217,
    -1.110890417046651,
    0.6290347790342267
   ],
   [
    -1.3140603408652414,
    -0.2000612721156176,
    0.5613167337421279
   ],
   [
    -0.5361143643935949,
    -1.3033155488626569,
    0.48828252765249947
   ],
   [
    1.1416726881390757,
    0.6598475187838503,
    0.4811968417436108
   ],
   [
    1.4204555139569826,
    -0.3235854304195111,
    0.4804955290968722
   ],
   [
    0.07644818746378088,
    1.4613439121620198,
    0.45093834621836815
   ],
   [
    -1.3821630316533506,
    0.5807790272136298,
    0.5301835076560146
   ],
   [
    -0.7158622907243731,
    -1.1914629754911443,
    0.6495840169731604
   ],
   [
    1.4094120600172877,
    0.21538628906154764,
    0.5533770507192615
   ],
   [
    1.3503950204115212,
    -0.34786745416612075,
    0.5964876077967529
   ],
   [
    1.4281445365688001,
    0.09613639475924747,
    0.6273999144768008
   ],
   [
    -1.0458763879563246,
    0.8625127769024172,
    0.5904320681918337
   ],
   [
    -0.660541421468529,
    1.145806884313712,
    0.5356894668101819
   ],
   [
    -0.9252636789900817,
    -1.023783701111122,
    0.5998556343680541
   ],
   [
    0.7686924933015995,
    -1.241616242093767,
    0.6115693675847972
   ],
   [
    0.663004156225886,
    1.2515014811376548,
    0.47511463463734155
   ]
  ]
 },
 "appearance_assets": {
  "floor_pbr": "Tiles027",
  "background_hdr": "moonlit_golf_4k.hdr"
 },
 "environment_strength": 0.49315445726879953
}