{
 "objects": [
  {
   "obj_subpath": "robot/robot_087/robot_087.blend",
   "obj_location": [
    0.04510471749273526,
    0.4423824004754576
   ],
   "obj_pose": [
    [
     0.652779432606943,
     0.7575480264414644,
     0.0
    ],
    [
     -0.7575480264414644,
     0.652779432606943,
     0.0
    ],
    [
     0.0,
     0.0,
     1.0
    ]
   ],
   "obj_scale": 0.6575157056346005,
   "obj_color": {
    "type": "random-mono",
    "color": [
     [
      0.8334811840899918,
      0.6986497545128552,
      0.7959805250029164
     ],
     [
      0.16473089513719935,
      0.04978632497123131,
      0.1327613673110602
     ],
     [
      0.9153002993201744,
      0.8419406592147958,
      0.8948967861113458
     ]
    ],
    "randomness": 0.11633415075041775,
    "scale": 3.573282516044098,
    "specular": 0.8880556115342841,
    "roughness": 0.2714705676819844,
    "clever": true
   }
  },
  {
   "obj_subpath": "Fragment Sphere/Fragment Sphere/Fragment Sphere.blend",
   "obj_location": [
    -0.3090943621381358,
    -0.21165628057059027
   ],
   "obj_pose": [
    [
     0.7582490488143814,
     0.6519650143773712,
     0.0
    ],
    [
     -0.6519650143773712,
     0.7582490488143814,
     0.0
    ],
    [
     0.0,
     0.0,
     1.0
    ]
   ],
   "obj_scale": 0.6074570868418935,
   "obj_color": {
    "type": "random-mono",
    "color": [
     [
      0.7251927448607378,
      0.8480702557588067,
      0.4854266194459105
     ],
     [
      0.21119598295016923,
      0.2490970283196042,
      0.1372411418162264
     ],
     [
      0.15977263498390112,
      0.18355196381996824,
      0.11337295209385251
     ]
    ],
    "randomness": 0.46322492841042395,
    "scale": 2.361546132017723,
    "specular": 0.8454237422859522,
    "roughness": 0.2870538441938366,
    "clever": true
   }
  }
 ],
 "camera": {
  "track_to_point": [
   [
    -0.13517329570085582,
    0.11661528533423168,
    0.0
   ],
   [
    -0.03822044898509183,
    0.02971090961247866,
    0.0
   ],
   [
    -0.17578863452576665,
    0.1733011838605081,
    0.0
   ],
   [
    -0.059550808712041936,
    0.23819736546876238,
    0.0
   ],
   [
    -0.055959998042279135,
    -0.021561788766379375,
    0.0
   ],
   [
    -0.16271718151460823,
    0.19952826270683713,
    0.0
   ],
   [
    -0.18428216279037035,
    0.16012913373267523,
    0.0
   ],
   [
    -0.20927086791574773,
    0.05157695796748209,
    0.0
   ],
   [
    -0.015304255515948245,
    0.11405837377661199,
    0.0
   ],
   [
    -0.13382893214001018,
    0.18042057971363673,
    0.0
   ],
   [
    -0.20438535299907126,
    0.0916298312429335,
    0.0
   ],
   [
    -0.02163819390309943,
    -0.021992967401395752,
    0.0
   ],
   [
    -0.2686472428789655,
    0.0975869787833844,
    0.0
   ],
   [
    -0.10079001257590059,
    0.23415051687804048,
    0.0
   ],
   [
    -0.13445723934449244,
    -0.033569159184042824,
    0.0
   ],
   [
    -0.06615871740913046,
    0.09396346058776,
    0.0
   ],
   [
    -0.20255710634858634,
    0.0432506447319803,
    0.0
   ],
   [
    -0.059712159933734715,
    0.13581745201728102,
    0.0
   ],
   [
    -0.10987940738523028,
    0.060430616452821384,
    0.0
   ],
   [
    -0.12120042537129966,
    0.04198411368710056,
    0.0
   ],
   [
    -0.0967557830000147,
    0.09936867150836506,
    0.0
   ],
   [
    -0.24999625190069813,
    0.03174869999926723,
    0.0
   ],
   [
    -0.1380501976531159,
    0.0655971940060509,
    0.0
   ],
   [
    -0.0455774095705008,
    0.009312693923180626,
    0.0
   ],
   [
    -0.0023866886009609456,
    -0.024378135566961973,
    0.0
   ]
  ],
  "positions": [
   [
    1.4942716263513118,
    -0.09051587545522669,
    0.4807791358712379
   ],
   [
    -1.240575339227929,
    0.433219373217963,
    0.5915496140045541
   ],
   [
    -1.33964045178022,
    -0.03911478073715262,
    0.46375752003563003
   ],
   [
    1.1506087041418118,
    -0.6140167374913662,
    0.578940460442268
   ],
   [
    -0.7606941788712394,
    -1.1072273768282688,
    0.551924308757135
   ],
   [
    -0.4154852249692824,
    1.2327408587524875,
    0.5833127868955954
   ],
   [
    1.42839461761675,
    -0.06662434320155355,
    0.5957832702163344
   ],
   [
    -1.093716937372821,
    0.8001724475785335,
    0.5471051385317041
   ],
   [
    0.9059219629549687,
    -1.0450911866864696,
    0.5967932678934256
   ],
   [
    0.4249622540063421,
    -1.4010029346167663,
    0.5496629271028809
   ],
   [
    0.10772726458288706,
    1.330383885940546,
    0.5939389931990474
   ],
   [
    -0.5560654893542097,
    -1.2604837522788999,
    0.471910455148359
   ],
   [
    0.08132586396457532,
    1.4359610284972977,
    0.46674688473830395
   ],
   [
    -1.4610859415447492,
    0.20416978544960715,
    0.6184664228342325
   ],
   [
    0.936835920550868,
    -1.1535600265950396,
    0.6338343339151822
   ],
   [
    1.0152397106670057,
    0.9009649371850604,
    0.477421807203324
   ],
   [
    -1.3360247722322762,
    0.04534572516337053,
    0.5294453946577501
   ],
   [
    -1.1941205382402411,
    -0.7062331218512107,
    0.4779667202875022
   ],
   [
    -0.3382833956333244,
    1.3523201763718695,
    0.6218548725748412
   ],
   [
    -1.2096876616307513,
    0.5975835308909733,
    0.5683058118538642
   ],
   [
    0.9909409841702462,
    -0.9553069145724091,
    0.4718909421880507
   ],
   [
    0.6604072651733969,
    -1.2068557501440547,
    0.6287044763675853
   ],
   [
    -0.7861162492762167,
    -1.1291614518302056,
    0.526971067647227
   ],
   [
    -0.12376556565410973,
    -1.4567976884932863,
    0.5580807070442014
   ],
   [
    -0.06736530879925375,
    -1.3527170898693694,
    0.5662428682352816
   ]
  ]
 },
 "appearance_assets": {
  "floor_pbr": "Tiles001",
  "background_hdr": "moonlit_golf_4k.hdr"
 },
 "environment_strength": 0.43443084370223023
}