{
 "objects": [
  {
   "obj_subpath": "pig/pig_010/pig_010.blend",
   "obj_location": [
    -0.25646323732858534,
    -0.47224759782733106
   ],
   "obj_pose": [
    [
     0.8780434210634953,
     -0.4785809761441772,
     0.0
    ],
    [
     0.4785809761441772,
     0.8780434210634953,
     0.0
    ],
    [
     0.0,
     0.0,
     1.0
    ]
   ],
   "obj_scale": 0.6394279306016244,
   "obj_color": {
    "type": "random-mono",
    "color": [
     [
      0.19671171711674817,
      0.5385193331624115,
      0.5883105242742342
     ],
     [
      0.05797118930760492,
      0.15007685677704535,
      0.16349390975119626
     ]
    ],
    "randomness": 0.38702991375621676,
    "scale": 3.3302155973567737,
    "specular": 0.8445448631847344,
    "roughness": 0.2978888769617474,
    "clever": false
   }
  },
  {
   "obj_subpath": "Arch Cube v2 Array/Arch Cube v2 Array/Arch Cube v2 Array.blend",
   "obj_location": [
    0.3962966309472449,
    0.053031665838111586
   ],
   "obj_pose": [
    [
     -0.6967860837715035,
     -0.7172789927652777,
     0.0
    ],
    [
     0.7172789927652777,
     -0.6967860837715035,
     0.0
    ],
    [
     0.0,
     0.0,
     1.0
    ]
   ],
   "obj_scale": 0.6115833375249091,
   "obj_color": {
    "type": "random-multi",
    "color": [
     [
      0.6050621563153823,
      0.14189157487503856,
      0.2879029378799094
     ],
     [
      0.8731128471102243,
      0.14071556876781632,
      0.684199093269738
     ]
    ],
    "randomness": 1.976703583140249,
    "scale": 1.2602009749293033,
    "specular": 0.7250965357034487,
    "roughness": 0.2925071695270317,
    "clever": false
   }
  }
 ],
 "camera": {
  "track_to_point": [
   [
    0.05636745348989153,
    -0.08436784629619357,
    0.0
   ],
   [
    0.11382356315983347,
    -0.1876003781999509,
    0.0
   ],
   [
    0.17929853666413373,
    -0.3294427145870464,
    0.0
   ],
   [
    -0.026189254908238188,
    -0.06643020989516232,
    0.0
   ],
   [
    0.13352568488118674,
    -0.11097870333093302,
    0.0
   ],
   [
    -0.03567888821694598,
    -0.08745471256153228,
    0.0
   ],
   [
    0.10448451989070887,
    -0.3253929580411239,
    0.0
   ],
   [
    -0.0505289923293909,
    -0.21212800567390697,
    0.0
   ],
   [
    0.19202661351195285,
    -0.10475689665580704,
    0.0
   ],
   [
    0.005897030745635204,
    -0.15219380969186497,
    0.0
   ],
   [
    0.04210391476871886,
    -0.3513500252165059,
    0.0
   ],
   [
    0.011508560523610142,
    -0.24115418850984496,
    0.0
   ],
   [
    -0.0362629808451289,
    -0.2980327067900109,
    0.0
   ],
   [
    0.05961041494297398,
    -0.16040210721471976,
    0.0
   ],
   [
    0.027382726156970946,
    -0.2410785238378818,
    0.0
   ],
   [
    -0.018206280331442865,
    -0.33064840195364176,
    0.0
   ],
   [
    0.027596654073571134,
    -0.07794026555200276,
    0.0
   ],
   [
    0.10186562076678007,
    -0.2512457841866161,
    0.0
   ],
   [
    0.012538760483576453,
    -0.14062974587841526,
    0.0
   ],
   [
    0.006509817483430297,
    -0.11962038940415412,
    0.0
   ],
   [
    0.19539947277208583,
    -0.3591566531121425,
    0.0
   ],
   [
    -0.04890347483354901,
    -0.2181558970871874,
    0.0
   ],
   [
    0.13965482588615946,
    -0.32879902735032346,
    0.0
   ],
   [
    0.16033765721090074,
    -0.07048441817127973,
    0.0
   ],
   [
    0.1110952842857777,
    -0.07125058026661388,
    0.0
   ]
  ],
  "positions": [
   [
    -0.2683721577070951,
    -1.4507334080630199,
    0.6470072438745218
   ],
   [
    1.4447702849641324,
    -0.3138794299075809,
    0.6013015562752382
   ],
   [
    -1.1790789878744887,
    0.7127659184758477,
    0.5153722267259235
   ],
   [
    1.2978157858431323,
    -0.36005055474980424,
    0.4746124367765114
   ],
   [
    -0.07417009871241408,
    1.3231998013221642,
    0.5125793278930305
   ],
   [
    -0.6303916774388068,
    -1.2152604167403855,
    0.4514369655702785
   ],
   [
    1.2673936415693587,
    -0.3358395776909863,
    0.6260956021111659
   ],
   [
    -1.3222042316059814,
    0.6088913235225754,
    0.5724240467279051
   ],
   [
    0.3478887359828427,
    1.397802558794659,
    0.5743767119689915
   ],
   [
    1.367944627905326,
    -0.08688111837577916,
    0.6127861368516223
   ],
   [
    -1.350042957956156,
    -0.04496736098532444,
    0.6259975749063672
   ],
   [
    -0.41398828980759295,
    1.4294686382770174,
    0.4967252124877093
   ],
   [
    -1.4862245158966194,
    -0.09097042885737697,
    0.5163758482192358
   ],
   [
    1.2249441126345793,
    0.5189091980035496,
    0.5344754207162801
   ],
   [
    0.36841748593567486,
    1.3214768263924863,
    0.5031052984146858
   ],
   [
    -1.3795262588386463,
    -0.469415805072213,
    0.6322746572453068
   ],
   [
    0.9001620819442684,
    1.1291513257990435,
    0.5450835323944395
   ],
   [
    -1.4296633069833653,
    -0.3749944517187867,
    0.4750666965763145
   ],
   [
    -0.9298337211096529,
    -1.0124439960657423,
    0.6008503935778402
   ],
   [
    -0.9358072103689739,
    -0.9446659070775875,
    0.6277353974150233
   ],
   [
    -0.8917208552983492,
    1.0768811232158992,
    0.4897979715154737
   ],
   [
    0.4447427176771992,
    -1.2560111219558483,
    0.6297012034543781
   ],
   [
    1.2424604894764761,
    -0.4995757867423371,
    0.63573475776176
   ],
   [
    0.37213677539391793,
    1.4145381566132127,
    0.45097488846108597
   ],
   [
    -1.106857726636719,
    0.7662136799853102,
    0.5192538421739867
   ]
  ]
 },
 "appearance_assets": {
  "floor_pbr": "Carpet009",
  "background_hdr": "spiaggia_di_mondello_4k.hdr"
 },
 "environment_strength": 0.5066519776674884
}