{
 "objects": [
  {
   "obj_subpath": "frog/frog_005/frog_005.blend",
   "obj_location": [
    0.3148492821410477,
    -0.10366032548432746
   ],
   "obj_pose": [
    [
     0.91704872903817,
     -0.39877516042185607,
     0.0
    ],
    [
     0.39877516042185607,
     0.91704872903817,
     0.0
    ],
    [
     0.0,
     0.0,
     1.0
    ]
   ],
   "obj_scale": 0.6028033648060975,
   "obj_color": {
    "type": "random-mono",
    "color": [
     [
      0.13660866295052848,
      0.047219100980255,
      0.09695361302368115
     ],
     [
      0.8991462040891226,
      0.818535505633868,
      0.8633856387454397
     ],
     [
      0.8188817390817587,
      0.4683371680681496,
      0.6633729508213051
     ],
     [
      0.98572504078473,
      0.9732172805239572,
      0.9801763408394397
     ]
    ],
    "randomness": 0.17277193418919612,
    "scale": 2.6165335779533905,
    "specular": 0.7150210514902466,
    "roughness": 0.27368057719430544,
    "clever": false
   }
  },
  {
   "obj_subpath": "Circular Array Cube/Circular Array Cube/Circular Array Cube.blend",
   "obj_location": [
    -0.34917837706860944,
    -0.1801291885957207
   ],
   "obj_pose": [
    [
     -0.09290773694699017,
     -0.9956747221936434,
     0.0
    ],
    [
     0.9956747221936434,
     -0.09290773694699017,
     0.0
    ],
    [
     0.0,
     0.0,
     1.0
    ]
   ],
   "obj_scale": 0.6859587317324458,
   "obj_color": {
    "type": "random-mono",
    "color": [
     [
      0.740363735064232,
      0.5760850637420019,
      0.6251264274246877
     ],
     [
      0.9942669470720302,
      0.9776155008996374,
      0.9825863813006678
     ],
     [
      0.8688036640468748,
      0.5265859144843017,
      0.6287466209222616
     ],
     [
      0.04990765071570938,
      0.028761651102839764,
      0.035074270075844224
     ]
    ],
    "randomness": 0.9188331910749691,
    "scale": 2.3602902745456147,
    "specular": 0.6780667941599753,
    "roughness": 0.12915550054674724,
    "clever": true
   }
  }
 ],
 "camera": {
  "track_to_point": [
   [
    -0.10806351595514288,
    -0.028804625824288804,
    0.0
   ],
   [
    -0.010749930231946703,
    -0.21365596438694417,
    0.0
   ],
   [
    -0.012534147729706818,
    -0.08497451540062795,
    0.0
   ],
   [
    0.06163508165906548,
    -0.18737352954242864,
    0.0
   ],
   [
    -0.1134168495208993,
    -0.23302047038120732,
    0.0
   ],
   [
    -0.07610256461495418,
    -0.08475433155836931,
    0.0
   ],
   [
    -0.14841582717504945,
    -0.22598297505379994,
    0.0
   ],
   [
    -0.059340911083903214,
    -0.09616280931923354,
    0.0
   ],
   [
    0.04579542638276085,
    -0.1039705916805666,
    0.0
   ],
   [
    0.022081200784370647,
    -0.2814291565059688,
    0.0
   ],
   [
    0.11396596971070602,
    -0.23410435214986977,
    0.0
   ],
   [
    0.01498059492633752,
    -0.21580850972262716,
    0.0
   ],
   [
    0.1174210381645506,
    -0.12877540924735376,
    0.0
   ],
   [
    -0.029571609228505297,
    -0.14181224530782943,
    0.0
   ],
   [
    -0.005814308757082165,
    -0.11926307584290866,
    0.0
   ],
   [
    -0.07884272917383603,
    -0.1723221840746252,
    0.0
   ],
   [
    -0.04220946892310855,
    -0.00963781411879408,
    0.0
   ],
   [
    0.041242540850127685,
    -0.06066263052279569,
    0.0
   ],
   [
    -0.10271613910732398,
    -0.26980949398716436,
    0.0
   ],
   [
    -0.019154265273354565,
    -0.014271213926234178,
    0.0
   ],
   [
    0.0016212125278244338,
    -0.27583225602612205,
    0.0
   ],
   [
    -0.05122641300255755,
    -4.142333040521584e-05,
    0.0
   ],
   [
    0.05823440847387695,
    -0.025834260994020558,
    0.0
   ],
   [
    0.08691164743472865,
    -0.15226755882449017,
    0.0
   ],
   [
    0.03359939321295674,
    -0.27114187546108515,
    0.0
   ]
  ],
  "positions": [
   [
    -1.3067774389992892,
    -0.4828636540418265,
    0.5646687886336118
   ],
   [
    -0.4657542274529184,
    -1.3202375258688306,
    0.6142602711670561
   ],
   [
    -1.344975024409504,
    -0.026097807399011522,
    0.5586110298457677
   ],
   [
    -1.4165545196364449,
    0.04249254903579685,
    0.6322136002139621
   ],
   [
    -1.3751822088836592,
    -0.5259354466464359,
    0.45937006273811226
   ],
   [
    -0.3458521304953299,
    -1.4273249688070715,
    0.5324994428612745
   ],
   [
    1.3606490949263634,
    0.1604237190627676,
    0.46070943259847646
   ],
   [
    -0.13381669408213764,
    -1.4189276777402375,
    0.5860595484762905
   ],
   [
    1.3256800322683615,
    0.13260769024085742,
    0.4510928086602724
   ],
   [
    -1.399643787025286,
    0.46811652740857407,
    0.5280919211037314
   ],
   [
    1.3910199899342903,
    -0.14295520098459277,
    0.6278910128735969
   ],
   [
    -0.4105059794518757,
    -1.3773847256038703,
    0.5299495397941437
   ],
   [
    -1.3315842114453957,
    -0.5089410069084525,
    0.603705518095697
   ],
   [
    -1.4276859950705008,
    0.0971537574587524,
    0.515316604060854
   ],
   [
    -0.5696980033564649,
    1.169084022076493,
    0.49130269557449135
   ],
   [
    1.2959723721491974,
    -0.5968444514477441,
    0.566985455473807
   ],
   [
    1.2990183705924812,
    -0.3850601268952605,
    0.45974858924899353
   ],
   [
    -1.3150879956208408,
    -0.6173637021089255,
    0.5599671145677032
   ],
   [
    -0.0838309615546246,
    -1.3637687717639957,
    0.6367390744134631
   ],
   [
    -1.2007348346852842,
    -0.8931188706537557,
    0.614968654491111
   ],
   [
    0.4163976472776629,
    1.289760089355961,
    0.46142306661062316
   ],
   [
    -0.43213659229517715,
    1.2484083304811582,
    0.49355816930998675
   ],
   [
    -1.4101998021835271,
    -0.026909570997179364,
    0.5191696471594238
   ],
   [
    -1.1703178791122133,
    0.7361090843827491,
    0.5049500203590268
   ],
   [
    0.11362588296147473,
    -1.3275932667214334,
    0.48182904627583767
   ]
  ]
 },
 "appearance_assets": {
  "floor_pbr": "Planks009",
  "background_hdr": "entrance_hall_4k.hdr"
 },
 "environment_strength": 0.5115610571214204
}