{
 "objects": [
  {
   "obj_subpath": "cake/cake_027/cake_027.blend",
   "obj_location": [
    0.17124269140202375,
    0.4019571903676642
   ],
   "obj_pose": [
    [
     -0.9743295461460627,
     0.22512648779476715,
     0.0
    ],
    [
     -0.22512648779476715,
     -0.9743295461460627,
     0.0
    ],
    [
     0.0,
     0.0,
     1.0
    ]
   ],
   "obj_scale": 0.6055105120049923,
   "obj_color": {
    "type": "random-mono",
    "color": [
     [
      0.9652075296250187,
      0.9820287016121623,
      0.943539913777782
     ],
     [
      0.32621888758984374,
      0.416727139589213,
      0.20963378657392923
     ]
    ],
    "randomness": 0.017752568927606793,
    "scale": 4.993480731540362,
    "specular": 0.7800520203830186,
    "roughness": 0.140343288359208,
    "clever": true
   }
  },
  {
   "obj_subpath": "Wireframe Icosphere/Wireframe Icosphere/Wireframe Icosphere.blend",
   "obj_location": [
    -0.387964281198226,
    0.12287697340677917
   ],
   "obj_pose": [
    [
     -0.9886901299453774,
     -0.1499727540208309,
     0.0
    ],
    [
     0.1499727540208309,
     -0.9886901299453774,
     0.0
    ],
    [
     0.0,
     0.0,
     1.0
    ]
   ],
   "obj_scale": 0.6990804098895201,
   "obj_color": {
    "type": "random-mono",
    "color": [
     [
      0.920915202687794,
      0.8727827902550547,
      0.8080824354110887
     ],
     [
      0.8860032229008356,
      0.826153892749676,
      0.7457034706278919
     ],
     [
      0.8401296246378356,
      0.7108708430938615,
      0.5371191317230581
     ]
    ],
    "randomness": 0.5997391766519705,
    "scale": 3.582926700501349,
    "specular": 0.6769646401319759,
    "roughness": 0.23572443401752552,
    "clever": false
   }
  }
 ],
 "camera": {
  "track_to_point": [
   [
    0.03586155162441709,
    0.12703818680356785,
    0.0
   ],
   [
    -0.2270862049131342,
    0.4124000362707604,
    0.0
   ],
   [
    -0.2144221897633601,
    0.17646971522008137,
    0.0
   ],
   [
    -0.011661314347979984,
    0.26405606563944534,
    0.0
   ],
   [
    -0.2406999895719478,
    0.2029644878538986,
    0.0
   ],
   [
    -0.04846206991573401,
    0.3699736557299491,
    0.0
   ],
   [
    -0.009242182813442523,
    0.3995874777749582,
    0.0
   ],
   [
    -0.1759436752929075,
    0.3109795271922053,
    0.0
   ],
   [
    0.020892456602113224,
    0.38437494584811216,
    0.0
   ],
   [
    0.03417610024007292,
    0.24048082240663307,
    0.0
   ],
   [
    -0.08772959214470516,
    0.2082140472750171,
    0.0
   ],
   [
    -0.202039437894259,
    0.21482256966462399,
    0.0
   ],
   [
    -0.14377683140450953,
    0.1732440498102006,
    0.0
   ],
   [
    0.036215649672361155,
    0.30394808793539074,
    0.0
   ],
   [
    -0.02049123997722907,
    0.1698754673398054,
    0.0
   ],
   [
    -0.14737085848326825,
    0.15010575487653663,
    0.0
   ],
   [
    -0.07692656375981033,
    0.2372080345150788,
    0.0
   ],
   [
    0.021585232572783247,
    0.3361987604477835,
    0.0
   ],
   [
    -0.07791700635040588,
    0.17278636214413573,
    0.0
   ],
   [
    -0.14152651843870198,
    0.3948214985871251,
    0.0
   ],
   [
    -0.06044590880995446,
    0.3014886140410943,
    0.0
   ],
   [
    0.03307482352609478,
    0.27837092666670654,
    0.0
   ],
   [
    0.028918679985142776,
    0.29714986341915794,
    0.0
   ],
   [
    -0.11297498295415193,
    0.40118381162167915,
    0.0
   ],
   [
    -0.190978017648254,
    0.126664704701992,
    0.0
   ]
  ],
  "positions": [
   [
    1.2848030274942581,
    0.3130155869642377,
    0.4764924939281803
   ],
   [
    1.1630467075675224,
    -0.7395525523179197,
    0.6229637289641532
   ],
   [
    -0.5943192538221221,
    1.362002157212537,
    0.5908266514358018
   ],
   [
    1.4179961874178784,
    0.40554176070299935,
    0.5662893512096224
   ],
   [
    -0.02622963823483341,
    -1.3080059787440794,
    0.4968339909955494
   ],
   [
    -1.316429434196726,
    -0.4469938520002789,
    0.5602730605975734
   ],
   [
    -0.8533622341157527,
    1.069593308832457,
    0.5845339288032926
   ],
   [
    -1.1347984897112973,
    -0.857107393855017,
    0.5935819886150495
   ],
   [
    0.5447409122388256,
    1.3704574652891428,
    0.6157153320837182
   ],
   [
    -0.46028291815993544,
    1.3532127229107127,
    0.4694771934688918
   ],
   [
    0.2568088162579837,
    1.335204946905486,
    0.566784235574654
   ],
   [
    0.919777351485053,
    1.1817680475766865,
    0.6215079602149554
   ],
   [
    0.4257513302540873,
    -1.3869246282416654,
    0.45436532618268444
   ],
   [
    -0.21498101903740002,
    1.30235621412079,
    0.48533775841852395
   ],
   [
    -0.4793052863460588,
    1.266722835596182,
    0.600319583127815
   ],
   [
    -1.0879383050344722,
    0.7723263711723265,
    0.5305033636201398
   ],
   [
    -1.4583681875884165,
    -0.2618906058134693,
    0.5889442425452811
   ],
   [
    -1.2003270099742085,
    0.5820088102298419,
    0.5869666417397141
   ],
   [
    0.24356842311955737,
    -1.4795843890279967,
    0.49030149760584485
   ],
   [
    0.6102754169323601,
    1.1586694919184315,
    0.4606129001474006
   ],
   [
    -0.33130449926304073,
    -1.4598662128125284,
    0.5672085970657554
   ],
   [
    0.42370495661126734,
    -1.2601372496358152,
    0.4719974451277192
   ],
   [
    -1.2699619645413718,
    -0.6382682511960323,
    0.4581595126224903
   ],
   [
    1.299440458526494,
    -0.3510422950370575,
    0.5053674055542947
   ],
   [
    -1.2758249193306985,
    -0.2509674341851191,
    0.452994794472858
   ]
  ]
 },
 "appearance_assets": {
  "floor_pbr": "Planks011",
  "background_hdr": "fireplace_4k.hdr"
 },
 "environment_strength": 0.4384624656860656
}