{
 "objects": [
  {
   "obj_subpath": "robot/robot_062/robot_062.blend",
   "obj_location": [
    -0.06352667477365781,
    -0.03191883444239074
   ],
   "obj_pose": [
    [
     0.4571246172805104,
     0.8894026558742373,
     0.0
    ],
    [
     -0.8894026558742373,
     0.4571246172805104,
     0.0
    ],
    [
     0.0,
     0.0,
     1.0
    ]
   ],
   "obj_scale": 0.6996794344794854,
   "obj_color": {
    "type": "random-multi",
    "color": [
     [
      0.9401845403531435,
      0.07026947316328735,
      0.9374987348687871
     ],
     [
      0.4980162596791575,
      0.6425456191082098,
      0.12318387313988655
     ],
     [
      0.6533023877527128,
      0.6726694915551096,
      0.12278606835501649
     ]
    ],
    "randomness": 0.3441020601206374,
    "scale": 1.296482678509741,
    "specular": 0.7876852628380318,
    "roughness": 0.16833085780287504,
    "clever": false
   }
  },
  {
   "obj_subpath": "Cone Hourglass/Cone Hourglass/Cone Hourglass.blend",
   "obj_location": [
    0.45971382938429195,
    0.49089070683073444
   ],
   "obj_pose": [
    [
     -0.9390226392541227,
     0.34385532272777447,
     0.0
    ],
    [
     -0.34385532272777447,
     -0.9390226392541227,
     0.0
    ],
    [
     0.0,
     0.0,
     1.0
    ]
   ],
   "obj_scale": 0.6019520535074134,
   "obj_color": {
    "type": "random-multi",
    "color": [
     [
      0.08375932952953324,
      0.30229706073848817,
      0.8629944661318208
     ],
     [
      0.4137526438184295,
      0.5215370421499147,
      0.11548345812185512
     ]
    ],
    "randomness": 2.417578916378824,
    "scale": 1.3825861298909308,
    "specular": 0.6423030918746924,
    "roughness": 0.24977313561208603,
    "clever": false
   }
  }
 ],
 "camera": {
  "track_to_point": [
   [
    0.311862188021948,
    0.26978121037533587,
    0.0
   ],
   [
    0.2536225944661138,
    0.2564756314819583,
    0.0
   ],
   [
    0.2949676507440112,
    0.24361629806457016,
    0.0
   ],
   [
    0.12383461808857403,
    0.3457168600826458,
    0.0
   ],
   [
    0.3398695805357975,
    0.3493322779945174,
    0.0
   ],
   [
    0.16117396897765973,
    0.10901034997814721,
    0.0
   ],
   [
    0.09725870683747742,
    0.14225799330634753,
    0.0
   ],
   [
    0.2840850115558784,
    0.22777758704825435,
    0.0
   ],
   [
    0.2806881691540133,
    0.2089705743313136,
    0.0
   ],
   [
    0.25739891746176347,
    0.253247795965549,
    0.0
   ],
   [
    0.243339409630947,
    0.1889869749799097,
    0.0
   ],
   [
    0.07333830219715308,
    0.3466443190043087,
    0.0
   ],
   [
    0.326110387517176,
    0.14268469282055282,
    0.0
   ],
   [
    0.1889638151938238,
    0.1877384644861219,
    0.0
   ],
   [
    0.20944164634830872,
    0.2667096203560326,
    0.0
   ],
   [
    0.23865371060290716,
    0.09402323599104948,
    0.0
   ],
   [
    0.1469146917138272,
    0.29106592085044697,
    0.0
   ],
   [
    0.2906247750375607,
    0.24906671209753117,
    0.0
   ],
   [
    0.29727983320080287,
    0.19824219128740977,
    0.0
   ],
   [
    0.1757257883753278,
    0.16242109044093123,
    0.0
   ],
   [
    0.1354283912628565,
    0.2973857243721163,
    0.0
   ],
   [
    0.33921719144629536,
    0.354850110563401,
    0.0
   ],
   [
    0.06333558882487636,
    0.19680673415505567,
    0.0
   ],
   [
    0.28774838921435997,
    0.10649189703701863,
    0.0
   ],
   [
    0.10019798615972572,
    0.32932221762854136,
    0.0
   ]
  ],
  "positions": [
   [
    -0.5809490252481916,
    1.2798316322480876,
    0.539145848963014
   ],
   [
    -0.2051433879818694,
    1.3868617211912067,
    0.45892921291830796
   ],
   [
    1.423831412051485,
    0.3623174583808298,
    0.6397786078419735
   ],
   [
    -1.4698029709065568,
    -0.0334445446395804,
    0.45621016061048814
   ],
   [
    -0.007621577906803094,
    1.440248232145698,
    0.6374761113521504
   ],
   [
    -1.4048653184474251,
    0.3983918536796166,
    0.45951842263168385
   ],
   [
    -0.49536626630812175,
    -1.376705051309191,
    0.4834001653544161
   ],
   [
    1.374106715663906,
    -0.471087961370294,
    0.5283270890236174
   ],
   [
    1.2810247583217602,
    0.3095312624542567,
    0.6003379402314541
   ],
   [
    -1.4858027538220544,
    0.07238031918317762,
    0.6214678963453037
   ],
   [
    -1.3049343832286762,
    -0.2575338096212883,
    0.6075162895330464
   ],
   [
    0.731279849612433,
    1.2008883305516698,
    0.5506577034364875
   ],
   [
    1.0810929513530276,
    0.8328282378822399,
    0.5027208275519098
   ],
   [
    0.012219049397505127,
    -1.30680290527616,
    0.49772235782725294
   ],
   [
    1.2133230630022833,
    0.6530538287344171,
    0.551517187298343
   ],
   [
    0.43350019339407214,
    1.2810182528271972,
    0.5160823959547034
   ],
   [
    -0.82831786744469,
    -1.2157674072403697,
    0.5123148863074504
   ],
   [
    -1.4311271957795269,
    0.21323865376579706,
    0.48556682425140013
   ],
   [
    1.1516452027378639,
    0.6644208304298255,
    0.5641633823240394
   ],
   [
    1.3148209408514195,
    -0.49617149919720277,
    0.55015195027877
   ],
   [
    0.021119085119414845,
    -1.3515409887924767,
    0.5972253221043217
   ],
   [
    -1.4168987107495836,
    -0.09240615160934887,
    0.5383128647670528
   ],
   [
    1.1033393203391884,
    0.774770185129606,
    0.5521441829528486
   ],
   [
    -1.2221262593217401,
    0.8342797524937544,
    0.5528684405969218
   ],
   [
    -0.08107062803118992,
    -1.4231412397915293,
    0.48919126479735203
   ]
  ]
 },
 "appearance_assets": {
  "floor_pbr": "Tiles027",
  "background_hdr": "childrens_hospital_4k.hdr"
 },
 "environment_strength": 0.7427194282107119
}