{
 "objects": [
  {
   "obj_subpath": "dragon/dragon_030/dragon_030.blend",
   "obj_location": [
    0.3973775084376241,
    0.24343687200392627
   ],
   "obj_pose": [
    [
     -0.9980288488602961,
     -0.0627568071414754,
     0.0
    ],
    [
     0.0627568071414754,
     -0.9980288488602961,
     0.0
    ],
    [
     0.0,
     0.0,
     1.0
    ]
   ],
   "obj_scale": 0.6424659459085976,
   "obj_color": {
    "type": "random-mono",
    "color": [
     [
      0.04211863436258889,
      0.12100274445564507,
      0.05885962092691551
     ],
     [
      0.029289481786521437,
      0.05811895042370743,
      0.035407744977200326
     ],
     [
      0.10072889475111352,
      0.30483861074507984,
      0.14404557803590468
     ]
    ],
    "randomness": 0.17563849839377632,
    "scale": 4.412137041199298,
    "specular": 0.7173216968867163,
    "roughness": 0.12488994873948274,
    "clever": false
   }
  },
  {
   "obj_subpath": "Classic Set Wedge/Classic Set Wedge/Classic Set Wedge.blend",
   "obj_location": [
    -0.17166281887656232,
    -0.4521294102124751
   ],
   "obj_pose": [
    [
     0.9987002439122473,
     -0.05096884155656063,
     0.0
    ],
    [
     0.05096884155656063,
     0.9987002439122473,
     0.0
    ],
    [
     0.0,
     0.0,
     1.0
    ]
   ],
   "obj_scale": 0.608744091222876,
   "obj_color": {
    "type": "random-mono",
    "color": [
     [
      0.8360232800641001,
      0.8352075623174139,
      0.7472607788360217
     ],
     [
      0.9671104354867611,
      0.9664999511860385,
      0.9006804556159648
     ],
     [
      0.5330833492214649,
      0.5302933508544592,
      0.22948907965489906
     ]
    ],
    "randomness": 0.1239033234610819,
    "scale": 3.5494409502106774,
    "specular": 0.7325337268364871,
    "roughness": 0.23339300962248885,
    "clever": false
   }
  }
 ],
 "camera": {
  "track_to_point": [
   [
    0.1885968174892677,
    -0.10103140780303987,
    0.0
   ],
   [
    0.14749109320024792,
    -0.10353116047548433,
    0.0
   ],
   [
    0.10502058732784914,
    0.02016102840521969,
    0.0
   ],
   [
    0.14346875970712863,
    -0.1030330760572257,
    0.0
   ],
   [
    0.22070616073313457,
    -0.061850630104300475,
    0.0
   ],
   [
    0.10407215593514474,
    -0.22297637554860222,
    0.0
   ],
   [
    0.15735020512893827,
    -0.1718482340723271,
    0.0
   ],
   [
    0.08969813127492479,
    -0.047333519868215546,
    0.0
   ],
   [
    0.0022802566294773396,
    -0.19668220006759118,
    0.0
   ],
   [
    0.03455335989965051,
    -0.20690795927910158,
    0.0
   ],
   [
    0.10993075741509559,
    -0.13894624844674497,
    0.0
   ],
   [
    -0.002416495201612995,
    -0.13234473009757045,
    0.0
   ],
   [
    0.005345818831135329,
    -0.19917380240377933,
    0.0
   ],
   [
    0.04738174505325464,
    -0.04355480785837107,
    0.0
   ],
   [
    -0.03579350075849333,
    -0.10660653195109226,
    0.0
   ],
   [
    0.04876297812578094,
    -0.2256526048299703,
    0.0
   ],
   [
    0.17191954626578484,
    -0.170954808469715,
    0.0
   ],
   [
    0.16486941897355586,
    -0.07268034636911486,
    0.0
   ],
   [
    0.022376865687309927,
    -0.19784140377253862,
    0.0
   ],
   [
    0.20599314279602793,
    -0.06748781538700888,
    0.0
   ],
   [
    0.14927222654404923,
    -0.1308261376805866,
    0.0
   ],
   [
    0.04478157614816573,
    -0.022884580124585024,
    0.0
   ],
   [
    0.04567181635317516,
    0.042372036819368825,
    0.0
   ],
   [
    -0.0136951007258104,
    -0.18886299010096025,
    0.0
   ],
   [
    0.08672653207686723,
    -0.12246992266272722,
    0.0
   ]
  ],
  "positions": [
   [
    1.3201773037180662,
    0.3462230900399087,
    0.5383789080920052
   ],
   [
    -1.4056567627417451,
    -0.4769408319137004,
    0.5504132931313808
   ],
   [
    0.5188495419869427,
    -1.355984639933825,
    0.5990580970882073
   ],
   [
    1.007799036979928,
    -0.9505918717790713,
    0.49317091992409284
   ],
   [
    -0.38579840339973837,
    1.4386849836523279,
    0.5793112041724575
   ],
   [
    0.17000721490979828,
    -1.3555022126071035,
    0.5180768912280477
   ],
   [
    0.055317725290154406,
    1.4668340910037836,
    0.5074935708425128
   ],
   [
    -1.3052432201754653,
    -0.5394529850522393,
    0.6025500003316832
   ],
   [
    -1.4115038212195234,
    0.25104130750363896,
    0.5684019555124454
   ],
   [
    -1.4649318956845188,
    0.2205894205036768,
    0.5063681935397931
   ],
   [
    -0.850037231643955,
    -1.0025506478548305,
    0.596496862748996
   ],
   [
    1.1012250810566342,
    -0.7395617710969828,
    0.4804835760124706
   ],
   [
    1.3930996636238466,
    0.06896535389813456,
    0.5076109637748378
   ],
   [
    -1.3160804034981433,
    0.5769938503661922,
    0.531112994447991
   ],
   [
    1.3087509451169796,
    -0.503776647078239,
    0.545814271947127
   ],
   [
    1.3575235069666787,
    -0.5729614784159821,
    0.47148424247426984
   ],
   [
    0.8466896661536131,
    1.1715593242886366,
    0.5348673524806635
   ],
   [
    1.4641143546259558,
    0.29786095325607603,
    0.5081700511596295
   ],
   [
    -0.39558757669167616,
    1.3983924894042408,
    0.5500179830127871
   ],
   [
    0.6696679144605737,
    -1.2244129311000311,
    0.5159327198361627
   ],
   [
    1.323530262934666,
    -0.25165000160373485,
    0.4512114952333976
   ],
   [
    0.47574982402015387,
    1.3817914189815796,
    0.5316586794078796
   ],
   [
    -1.4048518176801268,
    0.13731465129258794,
    0.6360423576949747
   ],
   [
    -1.0635778883113738,
    -0.9201685081665032,
    0.6065487460774814
   ],
   [
    -0.2810463410429674,
    1.3457180150139405,
    0.6139369614993273
   ]
  ]
 },
 "appearance_assets": {
  "floor_pbr": "Carpet009",
  "background_hdr": "spiaggia_di_mondello_4k.hdr"
 },
 "environment_strength": 0.43943337609343663
}