{
 "objects": [
  {
   "obj_subpath": "fan/fan_011/fan_011.blend",
   "obj_location": [
    -0.4358294379393618,
    0.12802868680008905
   ],
   "obj_pose": [
    [
     -0.8428061590336814,
     -0.5382172222206317,
     0.0
    ],
    [
     0.5382172222206317,
     -0.8428061590336814,
     0.0
    ],
    [
     0.0,
     0.0,
     1.0
    ]
   ],
   "obj_scale": 0.6234549385404793,
   "obj_color": {
    "type": "random-multi",
    "color": [
     [
      0.7926996487364084,
      0.7503546487733675,
      0.17578270345589542
     ],
     [
      0.5132199458337517,
      0.1254390480494788,
      0.1921266304857524
     ],
     [
      0.38519720943040425,
      0.05759649223946761,
      0.5925757992199234
     ]
    ],
    "randomness": 2.38825732274898,
    "scale": 1.1610043753715487,
    "specular": 0.7841200525491292,
    "roughness": 0.1660074798510951,
    "clever": false
   }
  },
  {
   "obj_subpath": "43664/43664/43664.blend",
   "obj_location": [
    0.1313922786023054,
    -0.0822441847252352
   ],
   "obj_pose": [
    [
     -0.011861215084155554,
     0.9999296533140356,
     0.0
    ],
    [
     -0.9999296533140356,
     -0.011861215084155554,
     0.0
    ],
    [
     0.0,
     0.0,
     1.0
    ]
   ],
   "obj_scale": 0.6530711220820189,
   "obj_color": {
    "type": "random-multi",
    "color": [
     [
      0.44671225846156914,
      0.009588780005642339,
      0.6977838419262816
     ],
     [
      0.11684457997637188,
      0.5232240426519018,
      0.3155527001069638
     ],
     [
      0.6064635216848742,
      0.8683762779358017,
      0.12772687514852565
     ],
     [
      0.11278274683477141,
      0.28757687555052375,
      0.7967306243438557
     ]
    ],
    "randomness": 3.980019776590151,
    "scale": 1.4903713809522139,
    "specular": 0.6496444903209841,
    "roughness": 0.2752451422321823,
    "clever": false
   }
  }
 ],
 "camera": {
  "track_to_point": [
   [
    -0.12316207716214428,
    0.14050197440091947,
    0.0
   ],
   [
    -0.2206655525407923,
    -0.010148934048837155,
    0.0
   ],
   [
    -0.010208552164875123,
    -0.01543750237367704,
    0.0
   ],
   [
    -0.03252931995910949,
    0.09014979262169598,
    0.0
   ],
   [
    -0.21830593300112097,
    0.16631801339764088,
    0.0
   ],
   [
    -0.1009011521865294,
    0.020520333952252445,
    0.0
   ],
   [
    -0.0027478670187331133,
    -0.10822709365152364,
    0.0
   ],
   [
    -0.07448568590969548,
    -0.08274031377480054,
    0.0
   ],
   [
    -0.04844917077626251,
    -0.11539835375329208,
    0.0
   ],
   [
    -0.09202067399491146,
    0.06472495659506308,
    0.0
   ],
   [
    -0.2859799002972445,
    0.12203877170108587,
    0.0
   ],
   [
    -0.24713855988543576,
    0.09086132551143405,
    0.0
   ],
   [
    -0.1172515214148453,
    0.17110924141590902,
    0.0
   ],
   [
    -0.1917571162190802,
    0.053789237320137656,
    0.0
   ],
   [
    -0.013787429325713502,
    0.04022154116359669,
    0.0
   ],
   [
    -0.1202594221919002,
    0.08938322894232276,
    0.0
   ],
   [
    -0.01231279846959124,
    -0.045401096910676966,
    0.0
   ],
   [
    -0.1334349532840625,
    -0.03455254399698081,
    0.0
   ],
   [
    -0.0970920790633551,
    0.1633785562592184,
    0.0
   ],
   [
    -0.025145311373113294,
    -0.03231677856864308,
    0.0
   ],
   [
    -0.07438628802400654,
    0.15986482994092402,
    0.0
   ],
   [
    -0.19483290056117003,
    -0.01701338326037989,
    0.0
   ],
   [
    -0.014022704407788661,
    0.011937878724563311,
    0.0
   ],
   [
    -0.11727243079949362,
    0.022962800868268796,
    0.0
   ],
   [
    -0.18531364359060998,
    0.1447273576926512,
    0.0
   ]
  ],
  "positions": [
   [
    -1.2901581172810745,
    -0.2565248533744153,
    0.4660950780351922
   ],
   [
    0.08986476584655194,
    -1.372576907334247,
    0.4832992097324623
   ],
   [
    1.0708928128622457,
    -0.9887405315529333,
    0.5855741915477222
   ],
   [
    1.3497326981081976,
    -0.6046305263695914,
    0.5919614567401997
   ],
   [
    0.6169232095086142,
    -1.2557211862884534,
    0.6139272613868235
   ],
   [
    1.092426396173734,
    -0.9041074576390612,
    0.4865837650136102
   ],
   [
    -0.9042597951269501,
    -0.9580827735889552,
    0.4871229551658964
   ],
   [
    -1.4137303226947484,
    -0.15026554538069428,
    0.46140960233892786
   ],
   [
    -1.1602292941432044,
    -0.9142316077291948,
    0.5330079399107381
   ],
   [
    1.2518339374196195,
    0.44348366590876226,
    0.5914947230894999
   ],
   [
    0.953339915084202,
    -1.1112663078028826,
    0.5476821030043515
   ],
   [
    0.8170163964420692,
    1.079133988893544,
    0.6243607266608515
   ],
   [
    -0.13808248226452854,
    -1.3151067783089307,
    0.5513621469703823
   ],
   [
    -0.035210395330306746,
    -1.3354766042833912,
    0.6211785537801373
   ],
   [
    -1.3742224235019462,
    0.4142883115610188,
    0.6327951914396808
   ],
   [
    -0.95932983280203,
    -1.065260258940711,
    0.5598993625649564
   ],
   [
    0.6617374726188819,
    1.3224593558808182,
    0.45526062999294825
   ],
   [
    1.253507904197211,
    -0.7619549313141702,
    0.5668520721490039
   ],
   [
    1.2185052298410097,
    0.7337961623548899,
    0.6349091433251878
   ],
   [
    -0.9556794002997615,
    0.9993684275257702,
    0.5837461030347006
   ],
   [
    0.8674741136545789,
    1.151241651104878,
    0.6292811224834662
   ],
   [
    -0.13716836045583275,
    -1.4032553808399546,
    0.49639935683836617
   ],
   [
    -0.6699893204839238,
    1.1739283536906366,
    0.5798600461990606
   ],
   [
    0.8757450591616518,
    1.1675311351231097,
    0.6404590343466174
   ],
   [
    -1.454525482849928,
    0.250386514436796,
    0.4934791341307038
   ]
  ]
 },
 "appearance_assets": {
  "floor_pbr": "Carpet001",
  "background_hdr": "wooden_lounge_4k.hdr"
 },
 "environment_strength": 0.4107122695586398
}