{
 "objects": [
  {
   "obj_subpath": "keyboard/keyboard_025/keyboard_025.blend",
   "obj_location": [
    -0.3856758562774364,
    0.2798841961027242
   ],
   "obj_pose": [
    [
     -0.8583473997405403,
     0.5130689440598146,
     0.0
    ],
    [
     -0.5130689440598146,
     -0.8583473997405403,
     0.0
    ],
    [
     0.0,
     0.0,
     1.0
    ]
   ],
   "obj_scale": 0.6460422357264286,
   "obj_color": {
    "type": "random-multi",
    "color": [
     [
      0.11117739384354741,
      0.7388032749782714,
      0.6450068333677282
     ],
     [
      0.41380398311814937,
      0.6051753839987216,
      0.05838480316895478
     ]
    ],
    "randomness": 2.367631650527693,
    "scale": 0.7157310437196959,
    "specular": 0.7021733181329217,
    "roughness": 0.22905845493937843,
    "clever": false
   }
  },
  {
   "obj_subpath": "Tier Stack Cylinder/Tier Stack Cylinder/Tier Stack Cylinder.blend",
   "obj_location": [
    -0.028073821260125253,
    -0.4613106385970689
   ],
   "obj_pose": [
    [
     -0.6169832126828179,
     -0.7869763117575959,
     0.0
    ],
    [
     0.7869763117575959,
     -0.6169832126828179,
     0.0
    ],
    [
     0.0,
     0.0,
     1.0
    ]
   ],
   "obj_scale": 0.667731017079721,
   "obj_color": {
    "type": "random-multi",
    "color": [
     [
      0.046188377690239646,
      0.050635628623191806,
      0.584806870882827
     ],
     [
      0.7696518280076263,
      0.229248828550511,
      0.13157775627868595
     ],
     [
      0.8056282347822671,
      0.8334187358382955,
      0.07308873064230126
     ],
     [
      0.0939746170091349,
      0.0438237826762371,
      0.8251405669853635
     ]
    ],
    "randomness": 2.633379322897915,
    "scale": 0.850900670951511,
    "specular": 0.7077324589633088,
    "roughness": 0.2704563653279758,
    "clever": false
   }
  }
 ],
 "camera": {
  "track_to_point": [
   [
    -0.3240184043602025,
    -0.07671127615665668,
    0.0
   ],
   [
    -0.2412683347241328,
    -0.17758936692472643,
    0.0
   ],
   [
    -0.2769855201987544,
    -0.04835276320772369,
    0.0
   ],
   [
    -0.13747730245065282,
    -0.1657457932965382,
    0.0
   ],
   [
    -0.18705149138918922,
    -0.07737854146157314,
    0.0
   ],
   [
    -0.355395459088112,
    -0.20632099648728172,
    0.0
   ],
   [
    -0.10450633856217087,
    -0.16975097706380954,
    0.0
   ],
   [
    -0.0805943215329972,
    -0.0870161450496412,
    0.0
   ],
   [
    -0.3515540521695123,
    0.03759055593696295,
    0.0
   ],
   [
    -0.2777507003556568,
    -0.12015661793096907,
    0.0
   ],
   [
    -0.06193927764830917,
    -0.08212702296558838,
    0.0
   ],
   [
    -0.26944637439737806,
    -0.17583916432948576,
    0.0
   ],
   [
    -0.2610944790722633,
    -0.041856677690944144,
    0.0
   ],
   [
    -0.13527275841640657,
    -0.21296852557633197,
    0.0
   ],
   [
    -0.08295485341299294,
    -0.15755764798756622,
    0.0
   ],
   [
    -0.25390015462112536,
    -0.20526945830613413,
    0.0
   ],
   [
    -0.2934264453513791,
    -0.05422064134289575,
    0.0
   ],
   [
    -0.16855382332274077,
    0.007938659274674686,
    0.0
   ],
   [
    -0.25107359323100176,
    -0.15952637106187129,
    0.0
   ],
   [
    -0.2633613337647296,
    -0.08854242788487454,
    0.0
   ],
   [
    -0.2765934721622066,
    -0.16383934519154808,
    0.0
   ],
   [
    -0.13028310687404268,
    -0.20241671799311647,
    0.0
   ],
   [
    -0.19167059465172104,
    0.0211881674769753,
    0.0
   ],
   [
    -0.0935685334150824,
    -0.124050016420709,
    0.0
   ],
   [
    -0.16694092356114354,
    0.024665908540951714,
    0.0
   ]
  ],
  "positions": [
   [
    -0.9841507643655828,
    -1.1102340967448925,
    0.5050262871402772
   ],
   [
    -0.92441620827412,
    -0.9710183684330851,
    0.5608613911569938
   ],
   [
    -0.6783455660606943,
    1.2795048297280762,
    0.5168144779808148
   ],
   [
    -0.7369837830947529,
    1.2541704946412844,
    0.5505892868936381
   ],
   [
    1.116540329617253,
    0.8927525662983562,
    0.6340633579609267
   ],
   [
    0.0951467502131312,
    -1.314966815894188,
    0.5992346684065624
   ],
   [
    -1.342360822059085,
    -0.41205276106480765,
    0.4868203045746474
   ],
   [
    0.8077462901948278,
    -1.2009846394727783,
    0.6132792423170692
   ],
   [
    -1.4422034594645143,
    0.13798015655631277,
    0.5340984723155475
   ],
   [
    1.323362025938699,
    -0.6655648886071693,
    0.6263115259545925
   ],
   [
    1.0442234921934794,
    -0.8668153606689246,
    0.608860729636416
   ],
   [
    -1.3721711428150818,
    0.13031816302132102,
    0.5968843930503062
   ],
   [
    -0.07408234589606197,
    -1.3854853792654624,
    0.6042436314320302
   ],
   [
    -1.2979951051972234,
    -0.0858891475513145,
    0.6272431568827765
   ],
   [
    0.016286436356483098,
    -1.3392706979439477,
    0.4761852716816298
   ],
   [
    1.2984773866609287,
    -0.15975351091447165,
    0.45981555569109894
   ],
   [
    0.46046675456925273,
    1.2707642282682252,
    0.5719205367171064
   ],
   [
    1.3451832021111014,
    0.5080703432221813,
    0.5107556513069123
   ],
   [
    0.64846627964431,
    -1.3022921084951373,
    0.5024004204381222
   ],
   [
    -0.8862748298556631,
    1.0811220766469372,
    0.5630718792311652
   ],
   [
    1.4453950630779928,
    -0.3924616260953862,
    0.5605155595981772
   ],
   [
    -0.02504913087210535,
    -1.47833162397942,
    0.5561087241348341
   ],
   [
    -1.3778626815000872,
    0.3542089889985737,
    0.5463686045607424
   ],
   [
    0.4239588350568306,
    1.2447661634751823,
    0.5481519307833764
   ],
   [
    -1.1152415517700902,
    0.8474120546368362,
    0.48625593658920646
   ]
  ]
 },
 "appearance_assets": {
  "floor_pbr": "Carpet009",
  "background_hdr": "hotel_room_4k.hdr"
 },
 "environment_strength": 0.7163733853437263
}