{
 "objects": [
  {
   "obj_subpath": "truck/truck_015/truck_015.blend",
   "obj_location": [
    -0.2927906580495879,
    -0.06489128185332516
   ],
   "obj_pose": [
    [
     0.9575729276947007,
     -0.28819106187770543,
     0.0
    ],
    [
     0.28819106187770543,
     0.9575729276947007,
     0.0
    ],
    [
     0.0,
     0.0,
     1.0
    ]
   ],
   "obj_scale": 0.6073030117703667,
   "obj_color": {
    "type": "random-multi",
    "color": [
     [
      0.8597910641230043,
      0.1763926110725973,
      0.9169202039082722
     ],
     [
      0.11080174209901572,
      0.5847839422344536,
      0.3487158611010986
     ]
    ],
    "randomness": 0.6096422662276885,
    "scale": 1.1805565512562395,
    "specular": 0.801295148624148,
    "roughness": 0.14688057248385317,
    "clever": false
   }
  },
  {
   "obj_subpath": "Geo Instance Cone Cube/Geo Instance Cone Cube/Geo Instance Cone Cube.blend",
   "obj_location": [
    0.4571765763840214,
    -0.3321514209024641
   ],
   "obj_pose": [
    [
     0.14890133701741431,
     0.988852057607419,
     0.0
    ],
    [
     -0.988852057607419,
     0.14890133701741431,
     0.0
    ],
    [
     0.0,
     0.0,
     1.0
    ]
   ],
   "obj_scale": 0.6295267364519519,
   "obj_color": {
    "type": "random-multi",
    "color": [
     [
      0.0023433886925917635,
      0.16397593788581982,
      0.6384025278700091
     ],
     [
      0.8276148720483849,
      0.16232941665085732,
      0.4072901213120972
     ],
     [
      0.5857089812203025,
      0.166802502972767,
      0.7553437508833313
     ]
    ],
    "randomness": 0.5810115002193478,
    "scale": 0.9479425591160472,
    "specular": 0.6138869316012358,
    "roughness": 0.12365668053770969,
    "clever": false
   }
  }
 ],
 "camera": {
  "track_to_point": [
   [
    -0.02956330259537468,
    -0.06767467212435177,
    0.0
   ],
   [
    0.03518809769013946,
    -0.23513191744619502,
    0.0
   ],
   [
    0.21051904789243384,
    -0.16351563579842748,
    0.0
   ],
   [
    0.21241457097118085,
    -0.20085253926760854,
    0.0
   ],
   [
    0.023261611127652113,
    -0.24403653966052935,
    0.0
   ],
   [
    0.039114201045526625,
    -0.3001457185647354,
    0.0
   ],
   [
    0.050848494277500794,
    -0.2854610894705202,
    0.0
   ],
   [
    0.11320864779782563,
    -0.27526584721289427,
    0.0
   ],
   [
    0.11449461203360028,
    -0.28402523275744196,
    0.0
   ],
   [
    -0.06072693503071433,
    -0.0609681877570106,
    0.0
   ],
   [
    0.1341250785158906,
    -0.18185745605166886,
    0.0
   ],
   [
    0.17683758829229734,
    -0.18799532050947795,
    0.0
   ],
   [
    0.17772185852989156,
    -0.25699759931992233,
    0.0
   ],
   [
    0.07915713072630651,
    -0.21240341413000557,
    0.0
   ],
   [
    -0.018152052449876943,
    -0.232771501307881,
    0.0
   ],
   [
    0.113195446870099,
    -0.21642659892412217,
    0.0
   ],
   [
    0.22606326753152786,
    -0.19371890426918542,
    0.0
   ],
   [
    -0.035472390824675404,
    -0.058237282910440974,
    0.0
   ],
   [
    0.20993726682190958,
    -0.10043460941403323,
    0.0
   ],
   [
    0.11711976846338842,
    -0.26447594523369916,
    0.0
   ],
   [
    0.12582327488771594,
    -0.3044514321055031,
    0.0
   ],
   [
    0.07505990927389924,
    -0.22491487289466702,
    0.0
   ],
   [
    0.049230477424915056,
    -0.12038875335539717,
    0.0
   ],
   [
    0.0650279307769954,
    -0.10882370506840308,
    0.0
   ],
   [
    0.22763807034500058,
    -0.23442057642027286,
    0.0
   ]
  ],
  "positions": [
   [
    1.3755083632907683,
    0.3335911614902173,
    0.5775981669838544
   ],
   [
    0.7458392014176062,
    -1.1203097794440873,
    0.5208364297172314
   ],
   [
    0.6185827727777947,
    -1.1582921980837213,
    0.5979736902294887
   ],
   [
    0.24121564805515566,
    1.425980231000196,
    0.48222174644029797
   ],
   [
    0.3801204092105426,
    1.3454958457869495,
    0.5745731931478774
   ],
   [
    -1.0171210601894733,
    0.8147148415774831,
    0.5755800315778744
   ],
   [
    -0.5637041197353319,
    1.3223719735948174,
    0.49795171244022013
   ],
   [
    -0.7222702297492216,
    -1.1738585304552436,
    0.4725306306920663
   ],
   [
    -1.315734859566048,
    0.422813265624271,
    0.595892673194784
   ],
   [
    0.8659629008406791,
    1.0381412022233751,
    0.46586188201067746
   ],
   [
    0.5131771121606138,
    1.264784609604013,
    0.5153533028896854
   ],
   [
    1.2945342726702787,
    0.23121157063856526,
    0.5052959183353634
   ],
   [
    -1.1472657374534732,
    0.9544856945618724,
    0.5834563743672885
   ],
   [
    1.3000353017739075,
    0.01677135376993447,
    0.5229024536134245
   ],
   [
    -0.9438445082118659,
    0.9999588408530725,
    0.5443916585717079
   ],
   [
    1.3915762000072769,
    -0.3889561566782679,
    0.63255230696535
   ],
   [
    -0.49411788732917344,
    1.338174406251072,
    0.4551754841681425
   ],
   [
    0.38960363067778125,
    1.3880757176362877,
    0.5548687578839131
   ],
   [
    -0.5834834299123033,
    -1.3812901432551405,
    0.45045200792401996
   ],
   [
    -1.375966702472111,
    -0.2479680739176592,
    0.644626148275934
   ],
   [
    -0.16109923833555193,
    1.3788153069991864,
    0.5591443867738826
   ],
   [
    -0.7609824623956389,
    1.1450394895428413,
    0.4601164015304604
   ],
   [
    1.0769879152177493,
    -0.9687802831264555,
    0.6413899873001248
   ],
   [
    -0.8593453144710322,
    1.1644148889078034,
    0.5343665053404256
   ],
   [
    0.6390699721292666,
    1.2893810998528574,
    0.5941529710570804
   ]
  ]
 },
 "appearance_assets": {
  "floor_pbr": "WoodFloor028",
  "background_hdr": "fireplace_4k.hdr"
 },
 "environment_strength": 0.6590244738122593
}