{
 "objects": [
  {
   "obj_subpath": "dragon/dragon_007/dragon_007.blend",
   "obj_location": [
    0.028611676581043022,
    0.4448974352628645
   ],
   "obj_pose": [
    [
     -0.3822699803991305,
     0.9240506815568335,
     0.0
    ],
    [
     -0.9240506815568335,
     -0.3822699803991305,
     0.0
    ],
    [
     0.0,
     0.0,
     1.0
    ]
   ],
   "obj_scale": 0.6474141172416046,
   "obj_color": {
    "type": "random-mono",
    "color": [
     [
      0.0067502691439470216,
      0.0031196111882431403,
      0.0034973408593946343
     ],
     [
      0.7132182288353905,
      0.1857670367163411,
      0.24064248016994133
     ]
    ],
    "randomness": 0.8344875486750739,
    "scale": 3.0460720054409953,
    "specular": 0.8299910324200002,
    "roughness": 0.19857977656530063,
    "clever": false
   }
  },
  {
   "obj_subpath": "Extrudy Cone Rings/Extrudy Cone Rings/Extrudy Cone Rings.blend",
   "obj_location": [
    -0.46266783890097796,
    -0.42103317159681686
   ],
   "obj_pose": [
    [
     -0.837798662392417,
     -0.5459793048215994,
     0.0
    ],
    [
     0.5459793048215994,
     -0.837798662392417,
     0.0
    ],
    [
     0.0,
     0.0,
     1.0
    ]
   ],
   "obj_scale": 0.6073886873681258,
   "obj_color": {
    "type": "random-multi",
    "color": [
     [
      0.21996584268845384,
      0.9734959904862475,
      0.08033442669674384
     ],
     [
      0.07478873618108661,
      0.33708045028695705,
      0.6563196661139834
     ],
     [
      0.2176288602871749,
      0.05310513417328622,
      0.704033565196636
     ]
    ],
    "randomness": 2.8950722987306694,
    "scale": 0.8934160177122514,
    "specular": 0.6758423053101479,
    "roughness": 0.1440042570773373,
    "clever": false
   }
  }
 ],
 "camera": {
  "track_to_point": [
   [
    -0.20904211061564726,
    0.15386350420053765,
    0.0
   ],
   [
    -0.2831589069020986,
    -0.017718227378744594,
    0.0
   ],
   [
    -0.13698255629119552,
    0.0743562685926023,
    0.0
   ],
   [
    -0.2930461676146214,
    -0.10197456703853555,
    0.0
   ],
   [
    -0.1643828041557272,
    -0.0017685698559087304,
    0.0
   ],
   [
    -0.24953379511567436,
    -0.09268514260763511,
    0.0
   ],
   [
    -0.18686305207609302,
    -0.024555170569229928,
    0.0
   ],
   [
    -0.28609393131849026,
    -0.02409178823845652,
    0.0
   ],
   [
    -0.2134773433000438,
    0.022861668830655657,
    0.0
   ],
   [
    -0.2097935678853195,
    -0.044509605105995,
    0.0
   ],
   [
    -0.20542951953198735,
    -0.023803051573559886,
    0.0
   ],
   [
    -0.08925870130742655,
    -0.0399962166390498,
    0.0
   ],
   [
    -0.2851451743381108,
    -0.020939450904632687,
    0.0
   ],
   [
    -0.09747299913253685,
    0.010464960271539897,
    0.0
   ],
   [
    -0.06735477333481973,
    0.030409354374367648,
    0.0
   ],
   [
    -0.25322651994461737,
    0.15918383100031888,
    0.0
   ],
   [
    -0.09224914495594108,
    0.019099175329491236,
    0.0
   ],
   [
    -0.32959345676145646,
    -0.04716753133227815,
    0.0
   ],
   [
    -0.3621591807346622,
    0.09945386540795642,
    0.0
   ],
   [
    -0.08847932584555221,
    0.00899705676622814,
    0.0
   ],
   [
    -0.26113229397485915,
    0.10054366203726,
    0.0
   ],
   [
    -0.36006597006322183,
    0.11568690013002345,
    0.0
   ],
   [
    -0.3104111157361016,
    0.037839051920780464,
    0.0
   ],
   [
    -0.35552758429934306,
    0.0630231843735703,
    0.0
   ],
   [
    -0.348974765786192,
    0.13584068426777537,
    0.0
   ]
  ],
  "positions": [
   [
    -0.02608976420651545,
    1.4095341486307889,
    0.5557059037817365
   ],
   [
    -1.1829057105024656,
    -0.806279929643087,
    0.6349119588502183
   ],
   [
    -0.9042517568226159,
    -1.0992884112961305,
    0.47502266385534386
   ],
   [
    -1.405339707423912,
    -0.1644065264583122,
    0.5810915961187118
   ],
   [
    0.3211701293915558,
    1.448901892792071,
    0.5165698152648162
   ],
   [
    1.2179447297881036,
    -0.5593261866092083,
    0.6143262005174142
   ],
   [
    -0.9923790890691655,
    0.8902280395438934,
    0.47100508708155875
   ],
   [
    0.9377685432655571,
    1.0192932184417942,
    0.5588701010837669
   ],
   [
    0.5477612537388423,
    1.369970785747281,
    0.4593244376269598
   ],
   [
    0.086456870540149,
    1.4395498893748553,
    0.4825598202025724
   ],
   [
    1.3279897494917123,
    -0.292364747734826,
    0.5194450190266672
   ],
   [
    -0.621387767599936,
    1.313115082700774,
    0.5170702080103989
   ],
   [
    -1.286452288659329,
    0.28699856519659045,
    0.5901050199366488
   ],
   [
    -1.3332229650558425,
    -0.040313723842856905,
    0.46747376864892554
   ],
   [
    1.286731067273588,
    -0.28355847469647943,
    0.46331567923788414
   ],
   [
    0.8812323474722441,
    -1.1116424757627172,
    0.6081843863788252
   ],
   [
    0.2961223398136589,
    -1.3697821689423608,
    0.5943119515002384
   ],
   [
    0.09522634335713044,
    -1.3852444036867082,
    0.5756191260628085
   ],
   [
    -1.381899241699861,
    -0.27772186109979324,
    0.4888870742064213
   ],
   [
    0.07927510707609116,
    1.3756791595414888,
    0.6364174080457916
   ],
   [
    1.2495232106989103,
    -0.6934858866974244,
    0.4878521770976254
   ],
   [
    -0.6560627570541355,
    -1.1652334329714902,
    0.6182640356441862
   ],
   [
    -0.9575301757108637,
    -0.9908216635204345,
    0.5468214815411632
   ],
   [
    -0.6390667337268799,
    1.2771252144185121,
    0.4872497284393533
   ],
   [
    -0.35510164593192795,
    1.2805968587408516,
    0.4551541012871123
   ]
  ]
 },
 "appearance_assets": {
  "floor_pbr": "Carpet013",
  "background_hdr": "lapa_4k.hdr"
 },
 "environment_strength": 0.42015710120388294
}