{
 "objects": [
  {
   "obj_subpath": "ladder/ladder_057/ladder_057.blend",
   "obj_location": [
    0.021479373606558827,
    0.10948805334407363
   ],
   "obj_pose": [
    [
     -0.17774479866897652,
     0.9840766161971968,
     0.0
    ],
    [
     -0.9840766161971968,
     -0.17774479866897652,
     0.0
    ],
    [
     0.0,
     0.0,
     1.0
    ]
   ],
   "obj_scale": 0.6789581830386406,
   "obj_color": {
    "type": "random-multi",
    "color": [
     [
      0.7027343149537486,
      0.0460618160900772,
      0.14464749568605384
     ],
     [
      0.09692177538020941,
      0.20025306182317032,
      0.9557927467248573
     ],
     [
      0.20509320939143527,
      0.8795142312071051,
      0.7797062484924772
     ],
     [
      0.383159197220468,
      0.14001309513346505,
      0.6188339934024067
     ]
    ],
    "randomness": 4.219274160567752,
    "scale": 1.2738009802534798,
    "specular": 0.6824304268954727,
    "roughness": 0.13706226366066282,
    "clever": false
   }
  },
  {
   "obj_subpath": "Multi Arch/Multi Arch/Multi Arch.blend",
   "obj_location": [
    0.3796959466352763,
    -0.4079683540290807
   ],
   "obj_pose": [
    [
     -0.675841911120699,
     0.7370466139754807,
     0.0
    ],
    [
     -0.7370466139754807,
     -0.675841911120699,
     0.0
    ],
    [
     0.0,
     0.0,
     1.0
    ]
   ],
   "obj_scale": 0.6409569592759836,
   "obj_color": {
    "type": "random-mono",
    "color": [
     [
      0.6836627136313074,
      0.8948789593081496,
      0.8105562381774056
     ],
     [
      0.6100560764131755,
      0.8053594107097075,
      0.7273895152548497
     ]
    ],
    "randomness": 0.21270604988475916,
    "scale": 2.402048853538816,
    "specular": 0.7099317885903711,
    "roughness": 0.1415254680766539,
    "clever": false
   }
  }
 ],
 "camera": {
  "track_to_point": [
   [
    0.26669603173781486,
    -0.06384619566235941,
    0.0
   ],
   [
    0.08430029236458983,
    -0.0991136162645565,
    0.0
   ],
   [
    0.1789593937927393,
    -0.2596330935868706,
    0.0
   ],
   [
    0.07038068820596186,
    -0.19645810726822377,
    0.0
   ],
   [
    0.1355340837828708,
    -0.25003202303558225,
    0.0
   ],
   [
    0.16710423161092186,
    -0.14230083980821087,
    0.0
   ],
   [
    0.09771291981988392,
    -0.24396180159410466,
    0.0
   ],
   [
    0.24507056874687613,
    -0.13689755736716933,
    0.0
   ],
   [
    0.27947273505493675,
    -0.026275365849551396,
    0.0
   ],
   [
    0.3385584687440598,
    -0.1310348186255916,
    0.0
   ],
   [
    0.20607325090103784,
    -0.07909747986041787,
    0.0
   ],
   [
    0.2659947978041397,
    -0.013354936797745437,
    0.0
   ],
   [
    0.07858692076967105,
    -0.20493075344557343,
    0.0
   ],
   [
    0.24325465917076278,
    -0.09149809823984745,
    0.0
   ],
   [
    0.07231894274844561,
    -0.08725862549245283,
    0.0
   ],
   [
    0.13194000586384258,
    -0.22194141403164447,
    0.0
   ],
   [
    0.31603503039563086,
    -0.018872725963032327,
    0.0
   ],
   [
    0.3119019710460921,
    -0.1951981575164337,
    0.0
   ],
   [
    0.16610884091054423,
    -0.15263176938170037,
    0.0
   ],
   [
    0.21079413627059665,
    -0.24434010078380078,
    0.0
   ],
   [
    0.210843506383108,
    -0.20281715579454435,
    0.0
   ],
   [
    0.3222439071738681,
    -0.1675609124989761,
    0.0
   ],
   [
    0.19230540756380637,
    -0.02077728821107319,
    0.0
   ],
   [
    0.21928813184462678,
    -0.2856332803004342,
    0.0
   ],
   [
    0.2164436417900792,
    -0.08471916888477507,
    0.0
   ]
  ],
  "positions": [
   [
    -0.8220717921864319,
    1.0617512786872647,
    0.5176352894424971
   ],
   [
    -1.3361048077465705,
    -0.11157967967956643,
    0.5144456166196214
   ],
   [
    -0.9883452242850156,
    -1.0028071463990837,
    0.5445113050617526
   ],
   [
    1.42518856273128,
    -0.24415986053844982,
    0.6477395716206368
   ],
   [
    -0.7113464399472726,
    1.261182712427119,
    0.4647191256354521
   ],
   [
    -0.44592888479922876,
    -1.3034475818833131,
    0.5147730643819298
   ],
   [
    -0.5145395193379398,
    -1.2503073018918915,
    0.5912679887420933
   ],
   [
    -0.9859430735771207,
    1.0499346278686879,
    0.5376606730527775
   ],
   [
    0.6916332297609997,
    -1.1725936411412077,
    0.46177203975859527
   ],
   [
    -0.5743158237101914,
    1.329335715359439,
    0.48218870850399165
   ],
   [
    -0.1146439678196945,
    1.3889493439508915,
    0.5868408999224491
   ],
   [
    -1.0463673113909278,
    -1.0308236219432583,
    0.6303725911971396
   ],
   [
    -1.287556340918882,
    -0.27308285771973195,
    0.5211012829093584
   ],
   [
    -1.3232085873349595,
    -0.6660167931108655,
    0.5978724605957305
   ],
   [
    -1.209769653558189,
    0.5697138043301248,
    0.5009896224082501
   ],
   [
    1.3863068601558919,
    0.27392592142257766,
    0.5389239700744595
   ],
   [
    -0.30252459828489797,
    -1.44355593812558,
    0.5294258553298035
   ],
   [
    1.2577798882663325,
    0.48583455306407136,
    0.6444574835646794
   ],
   [
    -1.0727652075044876,
    0.8862753125884254,
    0.5822538937859092
   ],
   [
    1.2899253698711128,
    0.5124106140245692,
    0.48905993655308333
   ],
   [
    -0.8986097998570991,
    -1.0047206184709883,
    0.6222048404598571
   ],
   [
    0.3614654444929459,
    -1.3720195817319587,
    0.48936888105231563
   ],
   [
    -0.143455581520644,
    -1.434013656926451,
    0.5339765665978045
   ],
   [
    1.107386605762032,
    -0.78435535168229,
    0.548144054407221
   ],
   [
    -0.740207554398559,
    -1.1044233855365053,
    0.644869481069852
   ]
  ]
 },
 "appearance_assets": {
  "floor_pbr": "Fabric024",
  "background_hdr": "colorful_studio_4k.hdr"
 },
 "environment_strength": 0.44311553115696256
}