{
 "objects": [
  {
   "obj_subpath": "giraffe/giraffe_005/giraffe_005.blend",
   "obj_location": [
    0.3636791935051652,
    -0.007436807135051682
   ],
   "obj_pose": [
    [
     -0.15805363310593928,
     -0.9874305287269647,
     0.0
    ],
    [
     0.9874305287269647,
     -0.15805363310593928,
     0.0
    ],
    [
     0.0,
     0.0,
     1.0
    ]
   ],
   "obj_scale": 0.6897490579278392,
   "obj_color": {
    "type": "random-multi",
    "color": [
     [
      0.16155942687246072,
      0.7705714247402937,
      0.6986949175121406
     ],
     [
      0.0034585830809806817,
      0.027056378671315932,
      0.7742220017961118
     ]
    ],
    "randomness": 2.8218908301182672,
    "scale": 1.2824299063321378,
    "specular": 0.6111120208280071,
    "roughness": 0.25766495072532825,
    "clever": false
   }
  },
  {
   "obj_subpath": "Ico Pointy II/Ico Pointy II/Ico Pointy II.blend",
   "obj_location": [
    -0.28773679167449184,
    -0.016981486171621762
   ],
   "obj_pose": [
    [
     -0.058517798515899666,
     -0.9982863653565808,
     0.0
    ],
    [
     0.9982863653565808,
     -0.058517798515899666,
     0.0
    ],
    [
     0.0,
     0.0,
     1.0
    ]
   ],
   "obj_scale": 0.6496356345549554,
   "obj_color": {
    "type": "random-multi",
    "color": [
     [
      0.9677767798309789,
      0.15182738045422622,
      0.07874855936434999
     ],
     [
      0.6764803892805403,
      0.02740677357421614,
      0.01062719915625443
     ],
     [
      0.18829493490528548,
      0.47303449955483196,
      0.7681761206014059
     ],
     [
      0.6922763946503075,
      0.03322369382102297,
      0.7299626970678615
     ]
    ],
    "randomness": 3.272719973196956,
    "scale": 0.7289406794336071,
    "specular": 0.7767953688343531,
    "roughness": 0.2176430924756969,
    "clever": true
   }
  }
 ],
 "camera": {
  "track_to_point": [
   [
    0.15160053870022974,
    0.12209571313315284,
    0.0
   ],
   [
    0.01723623333742194,
    -0.027420156950596436,
    0.0
   ],
   [
    0.12709854030401352,
    0.0725812672418425,
    0.0
   ],
   [
    0.16550076356550367,
    0.13776111651393927,
    0.0
   ],
   [
    -0.10923141998450792,
    0.10059940775145834,
    0.0
   ],
   [
    0.15624949717759215,
    0.08291151694072618,
    0.0
   ],
   [
    0.018358121432965974,
    -0.10137009919469897,
    0.0
   ],
   [
    0.17272403134533063,
    -0.16094910921696684,
    0.0
   ],
   [
    -0.058119885368066615,
    -0.09373714021475359,
    0.0
   ],
   [
    0.13135311172226127,
    -0.1197251139267182,
    0.0
   ],
   [
    -0.09893126851798836,
    -0.1475360529002805,
    0.0
   ],
   [
    -0.08957949797018455,
    0.015280739518163194,
    0.0
   ],
   [
    -0.09287893650347431,
    -0.12656187477864211,
    0.0
   ],
   [
    -0.050605654570595654,
    0.10599439308402367,
    0.0
   ],
   [
    -0.009365526147472505,
    -0.0379798928602612,
    0.0
   ],
   [
    -0.10984247503092245,
    -0.03444031591832997,
    0.0
   ],
   [
    0.016127892104705166,
    -0.08311831858109306,
    0.0
   ],
   [
    -0.06865265731684694,
    0.003254869581997638,
    0.0
   ],
   [
    -0.09275741020868655,
    0.09861844408915707,
    0.0
   ],
   [
    -0.06821456190048046,
    0.12568537096310042,
    0.0
   ],
   [
    0.03547612530112865,
    0.08160509692087828,
    0.0
   ],
   [
    -0.06021996072015216,
    -0.05635521451827109,
    0.0
   ],
   [
    -0.0584954236899342,
    0.08765458299012613,
    0.0
   ],
   [
    0.04479361059651282,
    -0.06924361200526859,
    0.0
   ],
   [
    0.041345854430431594,
    0.010471204363616815,
    0.0
   ]
  ],
  "positions": [
   [
    -0.9243716467208001,
    1.096199380957063,
    0.6358570262155182
   ],
   [
    -0.4788294335464376,
    -1.2868495699248124,
    0.5983348542449601
   ],
   [
    -0.06250778371140185,
    -1.465717941765769,
    0.5209646737276455
   ],
   [
    -1.2479318269497568,
    -0.7502136433053174,
    0.5253174725473532
   ],
   [
    0.7211214166937447,
    1.145923103692192,
    0.5796825523252938
   ],
   [
    -1.292292406041071,
    0.5188480495178333,
    0.5982174456575435
   ],
   [
    -1.3887371985335946,
    0.4479544795955075,
    0.6251788227521984
   ],
   [
    1.431601952412717,
    -0.11718730651677592,
    0.5375272005967977
   ],
   [
    1.0479268932273191,
    0.9069454723969944,
    0.5930588490419295
   ],
   [
    1.4430736881779946,
    -0.22460411284796716,
    0.5367163440210462
   ],
   [
    -1.348727094115726,
    -0.39416464585334204,
    0.4851748814799799
   ],
   [
    -0.864080542035498,
    -1.0182633746496885,
    0.4966451487324378
   ],
   [
    0.9509048803888991,
    1.104634155287699,
    0.554688084623806
   ],
   [
    0.2498011129329917,
    -1.2940146879382144,
    0.6066429728604259
   ],
   [
    1.2975370289577213,
    -0.44996780727642505,
    0.6369691616819357
   ],
   [
    -1.4476788817996935,
    -0.3693966725437574,
    0.5024891643764808
   ],
   [
    -1.3374285660713479,
    -0.15168987581390908,
    0.5972885836605929
   ],
   [
    -0.7242049720636806,
    -1.2596201696737017,
    0.6353171724650335
   ],
   [
    -1.1819541304250996,
    0.6684461829082669,
    0.47642200288886155
   ],
   [
    -0.5297415129826257,
    -1.373681559392665,
    0.5604389123056206
   ],
   [
    -0.8250044994760517,
    -1.0687509991003579,
    0.47844267168919746
   ],
   [
    0.4271341626313037,
    1.3069014337153881,
    0.4836587680971436
   ],
   [
    0.8642309388482702,
    -1.1476507219483716,
    0.5545784565010539
   ],
   [
    -0.60517016225127,
    1.152299386785239,
    0.559276486792504
   ],
   [
    0.0809586178118834,
    -1.4135599390787752,
    0.6214767915565582
   ]
  ]
 },
 "appearance_assets": {
  "floor_pbr": "Carpet013",
  "background_hdr": "balcony_4k.hdr"
 },
 "environment_strength": 0.4757316253392832
}