{
 "objects": [
  {
   "obj_subpath": "penguin/penguin_014/penguin_014.blend",
   "obj_location": [
    -0.1395707851472838,
    -0.14386495053971485
   ],
   "obj_pose": [
    [
     -0.9314922542856323,
     0.3637611581874443,
     0.0
    ],
    [
     -0.3637611581874443,
     -0.9314922542856323,
     0.0
    ],
    [
     0.0,
     0.0,
     1.0
    ]
   ],
   "obj_scale": 0.6049354895004205,
   "obj_color": {
    "type": "random-mono",
    "color": [
     [
      0.36462187989050016,
      0.2720535079884413,
      0.5918043888455776
     ],
     [
      0.5356118674635885,
      0.45776314271711116,
      0.7266692258620955
     ]
    ],
    "randomness": 0.9365818351978624,
    "scale": 3.380813217378792,
    "specular": 0.6751877200248069,
    "roughness": 0.29997421719467365,
    "clever": false
   }
  }
 ],
 "camera": {
  "track_to_point": [
   [
    -0.18539828908324485,
    -0.1460460734455173,
    0.0
   ],
   [
    -0.1557502110477105,
    -0.12893708156242922,
    0.0
   ],
   [
    -0.27567131436261266,
    -0.03875426544553723,
    0.0
   ],
   [
    -0.28430436869597253,
    -0.08430872926324656,
    0.0
   ],
   [
    -0.060592663686522774,
    -0.22734143583622776,
    0.0
   ],
   [
    -0.15529667747553572,
    -0.09511622730658256,
    0.0
   ],
   [
    -0.2464554366216248,
    -0.07196131334498707,
    0.0
   ],
   [
    -0.19149268518080714,
    -0.1884211552827944,
    0.0
   ],
   [
    -0.16622804121732526,
    -0.2799579484370207,
    0.0
   ],
   [
    -0.018603122544250672,
    -0.19388297863609832,
    0.0
   ],
   [
    0.006556018618012138,
    -0.20441549310074986,
    0.0
   ],
   [
    0.009407537623436768,
    -0.2663703489389035,
    0.0
   ],
   [
    -0.14471853156661327,
    -0.23140013785929764,
    0.0
   ],
   [
    -0.19193562349472654,
    -0.030927447214364467,
    0.0
   ],
   [
    -0.2591639468230087,
    -0.08863275701640191,
    0.0
   ],
   [
    -0.13839277618029341,
    -0.08869001879194643,
    0.0
   ],
   [
    -0.1326187457309471,
    -0.2513998018015773,
    0.0
   ],
   [
    -0.05806049960428378,
    -0.10007462383064944,
    0.0
   ],
   [
    -0.2052847999890012,
    -0.03996101613370001,
    0.0
   ],
   [
    -0.14670373959383923,
    -0.07011804974118716,
    0.0
   ],
   [
    -0.09109327381107848,
    -0.27704179199201934,
    0.0
   ],
   [
    -0.18007142250595515,
    -0.29142461410619114,
    0.0
   ],
   [
    -0.1620126763353308,
    -0.2066904269236673,
    0.0
   ],
   [
    -0.1796092149440795,
    -0.0017042319552351137,
    0.0
   ],
   [
    -0.2660673323993446,
    -0.28567714402597005,
    0.0
   ]
  ],
  "positions": [
   [
    1.032403913717661,
    -0.8808889993854572,
    0.6389403947606838
   ],
   [
    0.37751577350679383,
    -1.4426849496329626,
    0.5515599005218297
   ],
   [
    0.5427359199144863,
    -1.2533981745757259,
    0.5989908354143679
   ],
   [
    0.6937109633473904,
    1.199184898503436,
    0.6403397072787922
   ],
   [
    -0.20408673744665834,
    -1.34504204848301,
    0.48410381234805583
   ],
   [
    1.4046434362407925,
    -0.4686316857876222,
    0.5577527969431615
   ],
   [
    -1.205872245482952,
    0.7789951371537633,
    0.5479348002417386
   ],
   [
    1.3676411139310136,
    -0.15180090445761807,
    0.4896064246757601
   ],
   [
    -0.3134408581337012,
    1.4608058857441446,
    0.47413480633128885
   ],
   [
    0.8051937093434383,
    1.25243161326072,
    0.5929139372676313
   ],
   [
    -0.31397117924124746,
    1.3171756400454124,
    0.5551118043845579
   ],
   [
    0.4824078678402737,
    1.2730308347666586,
    0.6065994856654929
   ],
   [
    0.10203990049877018,
    1.3563531510679092,
    0.48004646377240756
   ],
   [
    -1.2153043750461563,
    0.8674090796490522,
    0.6290165638833027
   ],
   [
    1.301198290812767,
    0.7288114171560414,
    0.49522890324174756
   ],
   [
    1.1707791488765937,
    0.869422128518939,
    0.5205273689944983
   ],
   [
    -1.0905200745989156,
    1.0198180422677656,
    0.5539484922979343
   ],
   [
    -1.0476201019900393,
    0.8574441150977007,
    0.4528336770706951
   ],
   [
    1.4044667982679988,
    -0.18230945030675147,
    0.4975037267731569
   ],
   [
    0.20895385587604795,
    -1.3068269025867758,
    0.5907050556561843
   ],
   [
    0.4640956056990834,
    1.275731139835574,
    0.6498944492572051
   ],
   [
    0.2984081042786962,
    -1.3349814115415195,
    0.5770581261219787
   ],
   [
    0.961695975366603,
    1.066175617758766,
    0.6034298736599187
   ],
   [
    1.373187206256561,
    -0.0046005648447736145,
    0.5844748127491015
   ],
   [
    0.09133910522774483,
    -1.4872119747158756,
    0.47403121779398266
   ]
  ]
 },
 "appearance_assets": {
  "floor_pbr": "Fabric024",
  "background_hdr": "anniversary_lounge_4k.hdr"
 },
 "environment_strength": 0.7820282867010712
}