{
 "objects": [
  {
   "obj_subpath": "trashcan/trashcan_029/trashcan_029.blend",
   "obj_location": [
    0.0325491972239797,
    -0.1675698006277894
   ],
   "obj_pose": [
    [
     0.9981019749277583,
     -0.0615828518770325,
     0.0
    ],
    [
     0.0615828518770325,
     0.9981019749277583,
     0.0
    ],
    [
     0.0,
     0.0,
     1.0
    ]
   ],
   "obj_scale": 0.6731675744473116,
   "obj_color": {
    "type": "random-multi",
    "color": [
     [
      0.0899375631666306,
      0.26841111710740984,
      0.8660524223017584
     ],
     [
      0.9147459186298852,
      0.11669684218720786,
      0.106139981591441
     ],
     [
      0.1306104981542917,
      0.5765860919777566,
      0.20534860318391218
     ],
     [
      0.9619231244263582,
      0.09574239761503955,
      0.2514245823501228
     ]
    ],
    "randomness": 2.0454096598153217,
    "scale": 1.288909268243402,
    "specular": 0.6153375270007787,
    "roughness": 0.29194864287196565,
    "clever": false
   }
  }
 ],
 "camera": {
  "track_to_point": [
   [
    0.044027165857471434,
    -0.15556348281411014,
    0.0
   ],
   [
    0.07577632225790171,
    -0.05677978509991394,
    0.0
   ],
   [
    0.044544402475694855,
    -0.12196589452847179,
    0.0
   ],
   [
    0.11751833034622652,
    -0.13516171393681195,
    0.0
   ],
   [
    0.13521011671874397,
    -0.1181751899183753,
    0.0
   ],
   [
    -0.0901857443921058,
    -0.12445950879070708,
    0.0
   ],
   [
    0.03525937375706059,
    -0.06133161174379914,
    0.0
   ],
   [
    0.13231630764514665,
    -0.09041785560440135,
    0.0
   ],
   [
    -0.00830542712211342,
    -0.303428212818576,
    0.0
   ],
   [
    -0.10925817624458461,
    -0.056861060336092395,
    0.0
   ],
   [
    0.058022310189152715,
    -0.14280935983932447,
    0.0
   ],
   [
    0.12158392965989229,
    -0.22615978518754437,
    0.0
   ],
   [
    0.08982363305214347,
    -0.0828667033392253,
    0.0
   ],
   [
    -0.107423451707815,
    -0.28742832525733913,
    0.0
   ],
   [
    0.16341265882593733,
    -0.16701053686220718,
    0.0
   ],
   [
    -0.01789530551775058,
    -0.14977875695389511,
    0.0
   ],
   [
    -0.06687007597797487,
    -0.17535077537770333,
    0.0
   ],
   [
    0.11039392958369418,
    -0.16521490554959575,
    0.0
   ],
   [
    0.0066273042061406745,
    -0.2428352617875564,
    0.0
   ],
   [
    0.01629285314076595,
    -0.1625481340812854,
    0.0
   ],
   [
    0.0074585027355944244,
    -0.20472209808894593,
    0.0
   ],
   [
    -0.0004161456476024922,
    -0.08910578383835593,
    0.0
   ],
   [
    0.04091352460586345,
    -0.09387492318352664,
    0.0
   ],
   [
    0.09671180039823979,
    -0.15506902608717796,
    0.0
   ],
   [
    -0.07093078741262177,
    -0.07174605136636908,
    0.0
   ]
  ],
  "positions": [
   [
    -0.8265581778080016,
    1.071336835440197,
    0.639967658978781
   ],
   [
    -0.8541808761984606,
    -1.1586788688098848,
    0.5082087826698033
   ],
   [
    -0.3658191579008552,
    1.303242200268774,
    0.6342373138327922
   ],
   [
    -1.1340454250319225,
    -0.7358586705850182,
    0.5161127392935896
   ],
   [
    1.2008117714767028,
    -0.5453879921729806,
    0.5014694523943246
   ],
   [
    -0.035451480282442334,
    -1.4490333010313121,
    0.5830542659776295
   ],
   [
    -1.3669724303949087,
    -0.18027334029398687,
    0.5116910473946292
   ],
   [
    0.8884486316348326,
    -0.950933492624353,
    0.6195327248544769
   ],
   [
    0.5994585684178898,
    1.1617216234325438,
    0.5279316791909185
   ],
   [
    0.7580065004680512,
    1.1541652956180681,
    0.6436723589147513
   ],
   [
    -1.2056598823546896,
    -0.8070971792503623,
    0.6021521670959593
   ],
   [
    -1.3666559869732195,
    0.21841947656273744,
    0.5393585543352902
   ],
   [
    1.0154340189111706,
    -1.0067421048456069,
    0.6425178420105471
   ],
   [
    0.48465963795268446,
    -1.2820903680141476,
    0.6099639663969332
   ],
   [
    1.316099707763239,
    0.5749919584879305,
    0.5155090627355675
   ],
   [
    -0.6297549359547692,
    -1.1756568754852843,
    0.4832351938942041
   ],
   [
    -0.4735112008750971,
    -1.392739615459398,
    0.6406537110174826
   ],
   [
    0.6755759844829907,
    1.2288461750843833,
    0.6009386538202126
   ],
   [
    0.9853610684699473,
    -1.0273581991140794,
    0.49831305358492506
   ],
   [
    -0.2949535372297459,
    1.31139138727622,
    0.513963755098275
   ],
   [
    0.08929115893306144,
    1.4793673909797191,
    0.49951802580954663
   ],
   [
    -1.3682683749125952,
    -0.23671878751519487,
    0.46529412415307525
   ],
   [
    0.8139302837249277,
    -1.1592025900628107,
    0.6169079710392897
   ],
   [
    0.1541855728527201,
    1.3670205173609757,
    0.4740341226000966
   ],
   [
    1.1769538881922228,
    0.8804260086998774,
    0.5197095880258726
   ]
  ]
 },
 "appearance_assets": {
  "floor_pbr": "Tiles071",
  "background_hdr": "spiaggia_di_mondello_4k.hdr"
 },
 "environment_strength": 0.5332152538199271
}