{
 "objects": [
  {
   "obj_subpath": "elephant/elephant_013/elephant_013.blend",
   "obj_location": [
    -0.13981177948960194,
    -0.07072588962805479
   ],
   "obj_pose": [
    [
     -0.6158315351733644,
     -0.7878778587357417,
     0.0
    ],
    [
     0.7878778587357417,
     -0.6158315351733644,
     0.0
    ],
    [
     0.0,
     0.0,
     1.0
    ]
   ],
   "obj_scale": 0.6713252047935792,
   "obj_color": {
    "type": "random-mono",
    "color": [
     [
      0.35568166642688276,
      0.20911960040658667,
      0.3163927408355319
     ],
     [
      0.8662106882051346,
      0.7911462045260793,
      0.8460881353925183
     ],
     [
      0.2412431751139738,
      0.10482553955367752,
      0.20467366924924155
     ],
     [
      0.37390411333462276,
      0.11836561763957337,
      0.30540185203531633
     ]
    ],
    "randomness": 0.474390570165118,
    "scale": 3.091892301869911,
    "specular": 0.7887919323141251,
    "roughness": 0.15470419216618653,
    "clever": false
   }
  }
 ],
 "camera": {
  "track_to_point": [
   [
    -0.1731089826898754,
    -0.21698505171902324,
    0.0
   ],
   [
    -0.19277425354099695,
    -0.007477838232667372,
    0.0
   ],
   [
    -0.08090369046505538,
    -0.17447370516268648,
    0.0
   ],
   [
    -0.0557257844069938,
    -0.05698393632571433,
    0.0
   ],
   [
    -0.09359709031810498,
    -0.04071391374644989,
    0.0
   ],
   [
    -0.27423828716627763,
    -0.07798128506055896,
    0.0
   ],
   [
    -0.026416515897250886,
    -0.12862065697069375,
    0.0
   ],
   [
    -0.07385118861133447,
    -0.19598881780296692,
    0.0
   ],
   [
    -0.0012720584003567958,
    -0.06764052220514585,
    0.0
   ],
   [
    -0.26656328331420787,
    -0.018642946613001782,
    0.0
   ],
   [
    -0.012188824002718673,
    0.043191582568841314,
    0.0
   ],
   [
    -0.1719643148825375,
    0.01584438933013632,
    0.0
   ],
   [
    -0.012339096382264908,
    -0.039852073799208215,
    0.0
   ],
   [
    -0.25217009261447365,
    0.04005470574879788,
    0.0
   ],
   [
    -0.14146493734001903,
    -0.0618236742872261,
    0.0
   ],
   [
    -0.21437447675555216,
    -0.01683063572470722,
    0.0
   ],
   [
    -0.02081985200051098,
    -0.16818247361449193,
    0.0
   ],
   [
    -0.14621907441945695,
    -0.05724565876379323,
    0.0
   ],
   [
    -0.02748499231547799,
    -0.022509415037683167,
    0.0
   ],
   [
    -0.033537231731997824,
    -0.03342042189930236,
    0.0
   ],
   [
    -0.2696848921357601,
    -0.04426741086056346,
    0.0
   ],
   [
    -0.27905142113398473,
    0.06912015486511713,
    0.0
   ],
   [
    -0.02943381540051268,
    -0.11770925586970357,
    0.0
   ],
   [
    -0.04354294211874585,
    0.03014953086922617,
    0.0
   ],
   [
    -0.19619147906045098,
    0.015761114083447186,
    0.0
   ]
  ],
  "positions": [
   [
    -0.861520783688583,
    1.0809976304004392,
    0.5936513315218525
   ],
   [
    -1.3976479995409155,
    0.08642581970500979,
    0.5977696866504035
   ],
   [
    -0.44888741620298206,
    -1.2247945064346404,
    0.5292933705596533
   ],
   [
    -1.2901634831412285,
    0.7039190606761063,
    0.4967314753628961
   ],
   [
    -0.405989978769564,
    1.4012499297134238,
    0.5564864809095558
   ],
   [
    0.9234064180633038,
    -1.1403192806440223,
    0.5256567996348466
   ],
   [
    -0.28761365244222753,
    -1.3178570197880657,
    0.5999456212441392
   ],
   [
    0.8576656608465928,
    -1.1654260311528846,
    0.6181168734035161
   ],
   [
    -1.193236487342611,
    0.8186441494484773,
    0.5858706122686621
   ],
   [
    -1.3562767858189817,
    0.3273955511691239,
    0.593219369278968
   ],
   [
    0.20828501159570967,
    -1.3194121770642129,
    0.5775493130669401
   ],
   [
    -0.1970406380350533,
    -1.3756898261976571,
    0.5252598179831313
   ],
   [
    -1.3394677133357185,
    0.27800722513359116,
    0.4580177352178771
   ],
   [
    -1.4186990905132177,
    -0.22309881034290666,
    0.6421176919213472
   ],
   [
    -1.4500150332926836,
    -0.3005631112961815,
    0.4663112164497354
   ],
   [
    1.1686446481910027,
    -0.6534564233737957,
    0.4946266696537464
   ],
   [
    -0.3940119276856159,
    1.3084681435659604,
    0.468758779968485
   ],
   [
    -0.8987496600971405,
    -1.036874111797607,
    0.4517840397620792
   ],
   [
    0.990128069085948,
    -1.1146441358012653,
    0.6028255723018212
   ],
   [
    -0.4607616839060151,
    1.3704933374497628,
    0.5761573266296437
   ],
   [
    1.2194724174250933,
    0.7546269566083615,
    0.5996965555662657
   ],
   [
    -0.32827388176311656,
    1.3320804666834767,
    0.4507458904645556
   ],
   [
    1.2240359141204376,
    0.6933609671497154,
    0.5313272918589408
   ],
   [
    -0.35391217663255914,
    1.3450932651369545,
    0.5205411582469861
   ],
   [
    0.07814441308137281,
    1.4460582432363123,
    0.5277752393315199
   ]
  ]
 },
 "appearance_assets": {
  "floor_pbr": "Planks009",
  "background_hdr": "anniversary_lounge_4k.hdr"
 },
 "environment_strength": 0.7135771458687744
}