{
 "objects": [
  {
   "obj_subpath": "dinosaur/dinosaur_075/dinosaur_075.blend",
   "obj_location": [
    -0.12022479253323422,
    0.05910362867312069
   ],
   "obj_pose": [
    [
     0.807017016683359,
     -0.5905281828867196,
     0.0
    ],
    [
     0.5905281828867196,
     0.807017016683359,
     0.0
    ],
    [
     0.0,
     0.0,
     1.0
    ]
   ],
   "obj_scale": 0.672789853912201,
   "obj_color": {
    "type": "random-mono",
    "color": [
     [
      0.3796646372960063,
      0.22514363876459548,
      0.20276479259237268
     ],
     [
      0.9378345801015446,
      0.8250693264240548,
      0.808737848569236
     ],
     [
      0.526450262135846,
      0.24484258877359116,
      0.2040581331786424
     ]
    ],
    "randomness": 0.5520579657582367,
    "scale": 2.955552279854033,
    "specular": 0.64822068790376,
    "roughness": 0.1068064542998519,
    "clever": false
   }
  }
 ],
 "camera": {
  "track_to_point": [
   [
    -0.03934461669090909,
    0.1630506122140493,
    0.0
   ],
   [
    -0.19685316193037017,
    0.18860623808643315,
    0.0
   ],
   [
    -0.0932942290338843,
    0.06744855763892857,
    0.0
   ],
   [
    -0.14708245625964247,
    0.16137267073480469,
    0.0
   ],
   [
    -0.05487337198653465,
    0.14508023671220263,
    0.0
   ],
   [
    -0.1383473784534402,
    -0.07484472876237105,
    0.0
   ],
   [
    -0.26235214073578134,
    0.10297116173038873,
    0.0
   ],
   [
    -0.07698615738125282,
    0.057073365030975126,
    0.0
   ],
   [
    -0.07233941955149555,
    0.052300845662412554,
    0.0
   ],
   [
    -0.048918205126129946,
    0.03393853333190601,
    0.0
   ],
   [
    -0.16171403448245425,
    -0.07559573986930809,
    0.0
   ],
   [
    -0.08935947323530537,
    0.16384297288253788,
    0.0
   ],
   [
    -0.1486461794298104,
    -0.01385760378497948,
    0.0
   ],
   [
    -0.05309608987107618,
    0.11241351834403304,
    0.0
   ],
   [
    -0.2585387809145378,
    0.16140009767657645,
    0.0
   ],
   [
    -0.02199575295985899,
    0.11622377843961243,
    0.0
   ],
   [
    -0.24182589993206577,
    0.12022548834262528,
    0.0
   ],
   [
    -0.1416790104513307,
    0.10888313343072015,
    0.0
   ],
   [
    0.0004250322235610088,
    0.13056810589057288,
    0.0
   ],
   [
    0.026373674070210587,
    0.1902732265152879,
    0.0
   ],
   [
    -0.0018360142562947462,
    -0.0021537432253739414,
    0.0
   ],
   [
    0.029686152941378177,
    0.15219499812853068,
    0.0
   ],
   [
    -0.13736480842825055,
    0.15370280397372207,
    0.0
   ],
   [
    -0.12257345777292068,
    0.056965655206844656,
    0.0
   ],
   [
    -0.0867375117636592,
    -0.0615758346058593,
    0.0
   ]
  ],
  "positions": [
   [
    -1.1475286735868762,
    -0.762859374856235,
    0.5671067873504505
   ],
   [
    0.987403371270371,
    1.050354788982133,
    0.5575716380682495
   ],
   [
    0.6060272485191648,
    -1.2271231774196831,
    0.6093827181397597
   ],
   [
    -1.2852927535517313,
    -0.24039791245326178,
    0.6449182824843815
   ],
   [
    -1.4709878048977498,
    0.16505289067480547,
    0.6162672179714213
   ],
   [
    -1.1416777340781217,
    0.8645524969374123,
    0.5185608647121572
   ],
   [
    -0.5916758312857238,
    -1.2611207468326309,
    0.563978737448814
   ],
   [
    0.4135217429704292,
    1.3977708115163618,
    0.4855644579765892
   ],
   [
    0.9649187673280502,
    0.9340255231502071,
    0.6440377711178602
   ],
   [
    1.0894641392294706,
    0.9602875115765146,
    0.5818643724188539
   ],
   [
    -1.0171029848519515,
    0.8392530187738166,
    0.48880395947508426
   ],
   [
    1.1501745023528367,
    -0.8864970242730745,
    0.5341159601829837
   ],
   [
    -0.9067017896487288,
    -0.9604266473922541,
    0.5121247012783934
   ],
   [
    1.275623230965457,
    -0.7454493542945346,
    0.5637888651737503
   ],
   [
    -1.0744448047161195,
    -0.9651368256575884,
    0.4821430231099217
   ],
   [
    -0.8806490345509627,
    -1.0020008605309725,
    0.48523327245331677
   ],
   [
    1.2590777686046946,
    0.8110868530850427,
    0.6430441293034614
   ],
   [
    0.5513871432006975,
    -1.3359165302599332,
    0.4831287895841421
   ],
   [
    0.7401240832101972,
    1.1999659180992082,
    0.5016888870842559
   ],
   [
    -0.02535523764334123,
    1.4184352423383253,
    0.45188791787883925
   ],
   [
    -1.343050443882184,
    0.009709541294945445,
    0.5284562471725536
   ],
   [
    -1.3184095886129161,
    -0.4091697022564285,
    0.4526949831757668
   ],
   [
    -1.4762709045352573,
    -0.1757083788755759,
    0.633742571722576
   ],
   [
    1.3165517665705997,
    0.23015775941180755,
    0.5768063490813182
   ],
   [
    -1.4317029073538947,
    0.11155974182016642,
    0.5974508911368843
   ]
  ]
 },
 "appearance_assets": {
  "floor_pbr": "WoodFloor005",
  "background_hdr": "aft_lounge_4k.hdr"
 },
 "environment_strength": 0.7966402141572354
}