{
 "objects": [
  {
   "obj_subpath": "penguin/penguin_015/penguin_015.blend",
   "obj_location": [
    -0.11750649374344904,
    0.11392560611557767
   ],
   "obj_pose": [
    [
     0.40088329392309,
     -0.9161291309926638,
     0.0
    ],
    [
     0.9161291309926638,
     0.40088329392309,
     0.0
    ],
    [
     0.0,
     0.0,
     1.0
    ]
   ],
   "obj_scale": 0.6730731935030387,
   "obj_color": {
    "type": "random-multi",
    "color": [
     [
      0.15695093139956728,
      0.32982838624142985,
      0.7711254709553249
     ],
     [
      0.3625144066667252,
      0.2574743085512289,
      0.837560556091112
     ]
    ],
    "randomness": 1.676924732565019,
    "scale": 0.9878701481358594,
    "specular": 0.6425773316264319,
    "roughness": 0.20118506553892263,
    "clever": false
   }
  }
 ],
 "camera": {
  "track_to_point": [
   [
    -0.01657392376672956,
    0.15379257225611057,
    0.0
   ],
   [
    -0.15154807941052362,
    0.08309171043405197,
    0.0
   ],
   [
    -0.16311149489940002,
    0.19328005856681837,
    0.0
   ],
   [
    -0.1466478880894111,
    0.2096257418979984,
    0.0
   ],
   [
    -0.08310092534449587,
    0.17945283465664896,
    0.0
   ],
   [
    -0.19112299396082338,
    -0.022680473683796054,
    0.0
   ],
   [
    -0.12739607850962595,
    0.17439564690746898,
    0.0
   ],
   [
    0.01637699855610969,
    0.04379757287525213,
    0.0
   ],
   [
    -0.022591576505329336,
    0.03098438448042834,
    0.0
   ],
   [
    -0.2189656739055719,
    0.19191869274981335,
    0.0
   ],
   [
    -0.11475831486493177,
    0.1643078265021069,
    0.0
   ],
   [
    -0.1920650515764399,
    0.12176700189880502,
    0.0
   ],
   [
    -0.1332691564310719,
    0.20191868405145322,
    0.0
   ],
   [
    0.0003282009913951889,
    0.08825016494638732,
    0.0
   ],
   [
    -0.19704336998522182,
    0.2117090071904084,
    0.0
   ],
   [
    0.03175854461590444,
    0.03991268933908883,
    0.0
   ],
   [
    -0.0019105792886831008,
    0.25335186032372503,
    0.0
   ],
   [
    -0.05303428570306079,
    0.1801574352201013,
    0.0
   ],
   [
    -0.172875923596719,
    0.21541654868463475,
    0.0
   ],
   [
    -0.18390069208874915,
    0.07551455330665946,
    0.0
   ],
   [
    -0.1503981043188044,
    -0.01794735263717198,
    0.0
   ],
   [
    -0.24780613717588154,
    0.10928713648930943,
    0.0
   ],
   [
    -0.2615500571492073,
    -0.013177698976837793,
    0.0
   ],
   [
    0.012192045260921991,
    -0.014735130767939336,
    0.0
   ],
   [
    -0.1688912260474221,
    0.13456773045864545,
    0.0
   ]
  ],
  "positions": [
   [
    -0.17153915560585978,
    -1.358369354219873,
    0.5521058443317222
   ],
   [
    0.2806340616128448,
    1.3647722588354039,
    0.5599341870875568
   ],
   [
    1.3660107544911952,
    -0.048108641221331135,
    0.47719847733371507
   ],
   [
    -1.2043667675826941,
    -0.5666266837615483,
    0.6142525852436587
   ],
   [
    -0.532255877095181,
    1.360958326518127,
    0.5518380885525018
   ],
   [
    1.0787394671500392,
    0.967243850785709,
    0.6148060566279105
   ],
   [
    1.1444680124147932,
    -0.669025976645705,
    0.6234129580825297
   ],
   [
    -1.137420615667015,
    0.9730069602796294,
    0.5224228848067417
   ],
   [
    -1.1780843340674125,
    0.5587414913588394,
    0.5079115796244722
   ],
   [
    -1.233296985820234,
    0.48283550745715814,
    0.5484616551017856
   ],
   [
    0.6779871976980477,
    1.1363305763748015,
    0.6016658900112255
   ],
   [
    0.9566771412706694,
    1.0954992269913544,
    0.46837134398776104
   ],
   [
    1.409983445894544,
    -0.022515853609281856,
    0.5820166557846171
   ],
   [
    -1.3095725219620495,
    -0.04702784253466631,
    0.5971492609964184
   ],
   [
    -1.178513384571624,
    -0.661887097134423,
    0.45018138959437753
   ],
   [
    1.4391871430531828,
    -0.005431961043869545,
    0.5680792858941245
   ],
   [
    -1.3578903066612058,
    0.3399605659020847,
    0.6496560991050268
   ],
   [
    0.16207741582051077,
    1.3932440223658689,
    0.6099745117495827
   ],
   [
    -1.266828388297918,
    0.621619897993215,
    0.4934253435737075
   ],
   [
    -1.2870899548885948,
    -0.6627571070340175,
    0.5808455075874471
   ],
   [
    -0.0006838047047555509,
    -1.487570327076771,
    0.46819287970163087
   ],
   [
    -1.3657540736878575,
    0.40172970121186913,
    0.5343201493463565
   ],
   [
    -1.2271147707898797,
    -0.8365896083039577,
    0.4562828737704495
   ],
   [
    1.197597115751373,
    0.5725203227760475,
    0.5366753764086782
   ],
   [
    -1.3019092835729422,
    -0.6428778009635464,
    0.49329999353713405
   ]
  ]
 },
 "appearance_assets": {
  "floor_pbr": "Tiles027",
  "background_hdr": "childrens_hospital_4k.hdr"
 },
 "environment_strength": 0.4585572195253089
}