{
 "objects": [
  {
   "obj_subpath": "bread/bread_002/bread_002.blend",
   "obj_location": [
    -0.07198392159018124,
    -0.03493923557735762
   ],
   "obj_pose": [
    [
     0.9319017991807039,
     0.36271067903187926,
     0.0
    ],
    [
     -0.36271067903187926,
     0.9319017991807039,
     0.0
    ],
    [
     0.0,
     0.0,
     1.0
    ]
   ],
   "obj_scale": 0.627710736540069,
   "obj_color": {
    "type": "random-multi",
    "color": [
     [
      0.16647254008067747,
      0.380208867047998,
      0.8821161092617309
     ],
     [
      0.6366375570586874,
      0.848091194489327,
      0.20846319494222998
     ],
     [
      0.15495072646187724,
      0.9048231294127875,
      0.8522826740121678
     ],
     [
      0.6415894748992306,
      0.12182993479765014,
      0.5823763515343251
     ]
    ],
    "randomness": 3.6589635208690723,
    "scale": 0.677034052972472,
    "specular": 0.7237924050502327,
    "roughness": 0.19800124871573854,
    "clever": false
   }
  }
 ],
 "camera": {
  "track_to_point": [
   [
    0.033989488040032906,
    -0.07058457870183822,
    0.0
   ],
   [
    -0.16753541814330086,
    -0.10581697401653639,
    0.0
   ],
   [
    -0.1283042878521498,
    0.021069864811506522,
    0.0
   ],
   [
    -0.05652986854962194,
    0.06640150233510042,
    0.0
   ],
   [
    -0.09158579252263871,
    -0.02098753701230127,
    0.0
   ],
   [
    -0.13229821500129024,
    -0.032327217837909455,
    0.0
   ],
   [
    -0.09266408517565264,
    -0.17711267908468867,
    0.0
   ],
   [
    -0.10059603920471565,
    0.1139204458696805,
    0.0
   ],
   [
    0.06016126565407323,
    -0.07102213095933575,
    0.0
   ],
   [
    -0.001346377720086056,
    0.06771171914896637,
    0.0
   ],
   [
    -0.15656198777751398,
    0.09486621702549605,
    0.0
   ],
   [
    -0.10479345147876264,
    -0.12319408680052543,
    0.0
   ],
   [
    -0.20147834471317108,
    -0.03562956437744186,
    0.0
   ],
   [
    -0.09098403737008451,
    0.01002766995319243,
    0.0
   ],
   [
    -0.19657725675524385,
    -0.034794354167819314,
    0.0
   ],
   [
    -0.0810260876302441,
    -0.03461430090846171,
    0.0
   ],
   [
    -0.1510330756534349,
    0.07625657799721355,
    0.0
   ],
   [
    -0.13677638201186004,
    -0.04892621346140158,
    0.0
   ],
   [
    -0.014597911737466052,
    0.03392483767428664,
    0.0
   ],
   [
    -0.04355912452230293,
    -0.14994073980495073,
    0.0
   ],
   [
    -0.20848869285823193,
    -0.03350544507677422,
    0.0
   ],
   [
    -0.18440922026421924,
    -0.08089395994696548,
    0.0
   ],
   [
    -0.1503731808539862,
    -0.049520098256268824,
    0.0
   ],
   [
    -0.0840051769308551,
    0.03329431747891873,
    0.0
   ],
   [
    0.018603350461817603,
    0.11420959510823728,
    0.0
   ]
  ],
  "positions": [
   [
    1.4722772930318866,
    -0.12076429939096675,
    0.615830334152937
   ],
   [
    -1.4530128699578249,
    -0.21465950671994974,
    0.5789663838615431
   ],
   [
    -1.3711749118761254,
    0.3554921429299434,
    0.4867414955658428
   ],
   [
    1.3352439164043266,
    0.021334931010515625,
    0.5686533118412769
   ],
   [
    0.38573318701124126,
    1.3573401355811785,
    0.5654845050847098
   ],
   [
    -1.3860783721417007,
    0.08073953109251694,
    0.6386801747497565
   ],
   [
    1.2094522683408997,
    -0.7614643853934738,
    0.6210960422012819
   ],
   [
    1.1076523805755485,
    0.8943225703854387,
    0.4797359204473336
   ],
   [
    1.2830205760537574,
    0.7405165789248055,
    0.6346747893162743
   ],
   [
    -1.4601563808010287,
    -0.17386637358327064,
    0.6212813407402282
   ],
   [
    -0.12965664756019973,
    1.4035079081440742,
    0.6446241824093686
   ],
   [
    -0.5828150049062051,
    1.2763790486723139,
    0.6407096337733134
   ],
   [
    1.3534173644174723,
    0.3492396980593577,
    0.4744543341902843
   ],
   [
    1.3793259757753378,
    -0.10760148300728785,
    0.5775100699502755
   ],
   [
    -1.1395691439418185,
    -0.912336890007716,
    0.5184186761577652
   ],
   [
    -0.7560158071913927,
    -1.1447298856917567,
    0.4932287768387044
   ],
   [
    0.708921274208036,
    -1.1818382188391778,
    0.4696292513560369
   ],
   [
    -1.2218043863353665,
    -0.7829449480296098,
    0.5510070857055086
   ],
   [
    -1.3213462300357135,
    0.6940460385867222,
    0.6257882199662181
   ],
   [
    -0.8911745640454368,
    1.1180125170635735,
    0.6474794602608565
   ],
   [
    0.768656143385489,
    1.0560486455361253,
    0.602282585066123
   ],
   [
    1.4775459162499336,
    0.18017399807306145,
    0.5842464180984637
   ],
   [
    0.8193616171072177,
    1.0285880949841693,
    0.5971715495808093
   ],
   [
    -1.2652097641218982,
    -0.6582969936712015,
    0.5670024403246403
   ],
   [
    0.5747337744593494,
    -1.3259227245446907,
    0.6325883716963141
   ]
  ]
 },
 "appearance_assets": {
  "floor_pbr": "Planks011",
  "background_hdr": "music_hall_02_4k.hdr"
 },
 "environment_strength": 0.7764092249087919
}