{
 "objects": [
  {
   "obj_subpath": "cells_battery/cells_battery_030/cells_battery_030.blend",
   "obj_location": [
    0.12008497532586992,
    -0.14838732351663572
   ],
   "obj_pose": [
    [
     0.4937710017911985,
     -0.8695919720133783,
     0.0
    ],
    [
     0.8695919720133783,
     0.4937710017911985,
     0.0
    ],
    [
     0.0,
     0.0,
     1.0
    ]
   ],
   "obj_scale": 0.6393769140800354,
   "obj_color": {
    "type": "random-multi",
    "color": [
     [
      0.3396656210551563,
      0.7938164284919613,
      0.1911866264391775
     ],
     [
      0.12943358112068382,
      0.8867817742980354,
      0.6194079880201181
     ]
    ],
    "randomness": 2.6531407542220347,
    "scale": 0.5950541323171359,
    "specular": 0.616339816969642,
    "roughness": 0.21976475250025979,
    "clever": false
   }
  }
 ],
 "camera": {
  "track_to_point": [
   [
    0.26298050024338615,
    -0.15115803999006394,
    0.0
   ],
   [
    0.13726271546426655,
    -0.20128217569517182,
    0.0
   ],
   [
    -0.020746691620356722,
    -0.00404412656950226,
    0.0
   ],
   [
    -0.013021156568428893,
    -0.004499524949044376,
    0.0
   ],
   [
    -0.02834462985211436,
    -0.2407158088117871,
    0.0
   ],
   [
    0.03532153725055906,
    -0.27390951812807607,
    0.0
   ],
   [
    0.22313422162701438,
    -0.0902075434256075,
    0.0
   ],
   [
    0.22034749296532122,
    -0.28262742733392565,
    0.0
   ],
   [
    0.19159903057931532,
    -0.29177523942800443,
    0.0
   ],
   [
    0.09622465379790193,
    -0.18804477162084882,
    0.0
   ],
   [
    0.15448147918841165,
    -0.2646526639936886,
    0.0
   ],
   [
    0.10135987476474151,
    -0.022463915789982858,
    0.0
   ],
   [
    0.0038202261971933826,
    -0.1941527149650334,
    0.0
   ],
   [
    0.1857926414928313,
    -0.07697914128506186,
    0.0
   ],
   [
    0.047491375337195926,
    -0.160490646275876,
    0.0
   ],
   [
    0.23259889842119455,
    -0.20525858781335476,
    0.0
   ],
   [
    0.2573233132876238,
    -0.21807208528287714,
    0.0
   ],
   [
    0.22534497544773083,
    -0.025900763176383845,
    0.0
   ],
   [
    -0.020490861462365978,
    -0.20257436428705156,
    0.0
   ],
   [
    0.17467259579324154,
    -0.12814635890359102,
    0.0
   ],
   [
    -0.020196099135491863,
    -0.017850955336287444,
    0.0
   ],
   [
    -0.003484248621101013,
    -0.06181628330038891,
    0.0
   ],
   [
    0.23524258081754432,
    -0.0364979272493286,
    0.0
   ],
   [
    0.0064924084089808265,
    -0.03379961732863779,
    0.0
   ],
   [
    0.07590455652625382,
    -0.15025449418811662,
    0.0
   ]
  ],
  "positions": [
   [
    -0.528786080006393,
    1.2796158896953373,
    0.592708859595608
   ],
   [
    1.0808936675949803,
    -0.890474191073774,
    0.476134738527891
   ],
   [
    -0.20838268251835554,
    1.3179143878226216,
    0.5922304626200614
   ],
   [
    1.2195080292151594,
    -0.5648451560331857,
    0.6027320727908304
   ],
   [
    0.4213871473944302,
    -1.238549794062299,
    0.5746193026023444
   ],
   [
    1.3569338616835636,
    -0.5359377620410686,
    0.4821306473212758
   ],
   [
    0.39147859049571676,
    1.256840654449159,
    0.6267690046398753
   ],
   [
    0.2888278344358727,
    -1.3974004098731119,
    0.6218878490065103
   ],
   [
    -0.024628178183183084,
    1.3854934230751037,
    0.5772552473314914
   ],
   [
    1.0552854383385675,
    -0.7976501342807828,
    0.583388144467255
   ],
   [
    -0.9469254417331295,
    -1.1098697897326675,
    0.5125310200654197
   ],
   [
    -0.5719817066078493,
    -1.3202764886164193,
    0.5444451726717975
   ],
   [
    -1.2899419588478216,
    -0.5040894477835979,
    0.5648272442289134
   ],
   [
    -1.0431835192516417,
    1.0760342970159116,
    0.5459482396744184
   ],
   [
    1.269489093627377,
    0.5840084470017666,
    0.517052441663366
   ],
   [
    -0.1492347006768574,
    1.4690077417305993,
    0.4993210269952471
   ],
   [
    -1.2844101941816297,
    -0.6293337641714131,
    0.48615010567235967
   ],
   [
    1.128107378990984,
    -0.7852189163289254,
    0.5691263094536436
   ],
   [
    -0.19307807136487948,
    -1.3588494860647784,
    0.5335346570056397
   ],
   [
    -0.16577956769783084,
    1.4404792743650552,
    0.6404697493463145
   ],
   [
    -0.395613500420298,
    -1.2920324468563866,
    0.5438492192968617
   ],
   [
    -1.4854060253320012,
    -0.001029647152955649,
    0.6431252656895149
   ],
   [
    0.5936764749958962,
    -1.3138284793275254,
    0.5747841277532759
   ],
   [
    -0.7200008323026633,
    -1.0977802700635404,
    0.5518238696405873
   ],
   [
    0.9372411197924131,
    -0.923363599375044,
    0.5411996981302656
   ]
  ]
 },
 "appearance_assets": {
  "floor_pbr": "Carpet013",
  "background_hdr": "entrance_hall_4k.hdr"
 },
 "environment_strength": 0.4257099458562166
}