{
 "objects": [
  {
   "obj_subpath": "robot/robot_101/robot_101.blend",
   "obj_location": [
    0.10789367962219532,
    -0.0016720150447081805
   ],
   "obj_pose": [
    [
     0.45156086115229466,
     0.8922403200233657,
     0.0
    ],
    [
     -0.8922403200233657,
     0.45156086115229466,
     0.0
    ],
    [
     0.0,
     0.0,
     1.0
    ]
   ],
   "obj_scale": 0.6642226595759932,
   "obj_color": {
    "type": "random-mono",
    "color": [
     [
      0.11775627666865585,
      0.12963062370306086,
      0.27385647366009247
     ],
     [
      0.11107429645644923,
      0.11813857863997768,
      0.20394136841053584
     ]
    ],
    "randomness": 0.3636621665921521,
    "scale": 4.4337026627939,
    "specular": 0.816366792290482,
    "roughness": 0.2672672610628251,
    "clever": false
   }
  }
 ],
 "camera": {
  "track_to_point": [
   [
    0.15374732533579105,
    -0.07545908346871381,
    0.0
   ],
   [
    0.11340206980018147,
    -0.05623245064296839,
    0.0
   ],
   [
    -0.028076677347275453,
    -0.08004946669575398,
    0.0
   ],
   [
    -0.014152826076869185,
    -0.024702858531217786,
    0.0
   ],
   [
    0.16917313218476873,
    -0.13379213765185993,
    0.0
   ],
   [
    0.17628657023395156,
    0.06703548736620915,
    0.0
   ],
   [
    -0.02474798733310829,
    0.06314814674361052,
    0.0
   ],
   [
    0.1521364180158784,
    0.01636704573970746,
    0.0
   ],
   [
    -0.016273590179685216,
    0.08526000047319249,
    0.0
   ],
   [
    0.17247130555904977,
    0.029173511401281466,
    0.0
   ],
   [
    -0.03882489725476845,
    0.09855826642950288,
    0.0
   ],
   [
    0.22088087012737254,
    0.1381193182322208,
    0.0
   ],
   [
    0.23507697853750334,
    0.011528480487151188,
    0.0
   ],
   [
    0.03485952204645952,
    -0.04400242633795297,
    0.0
   ],
   [
    0.1921722031496535,
    -0.10436323519405055,
    0.0
   ],
   [
    0.1679277999071458,
    -0.12520911835503795,
    0.0
   ],
   [
    0.19225675940748876,
    -0.049428826670447665,
    0.0
   ],
   [
    0.21466329408393567,
    0.015615116196610407,
    0.0
   ],
   [
    0.15721270988818958,
    0.10029422392817688,
    0.0
   ],
   [
    0.039932835175798265,
    -0.04440646010840203,
    0.0
   ],
   [
    0.08582841154724222,
    0.07865010362458713,
    0.0
   ],
   [
    0.15378154677421685,
    -0.036571715817959885,
    0.0
   ],
   [
    -0.013287472663750188,
    -0.09852543122281007,
    0.0
   ],
   [
    0.045210026545236925,
    0.02464605447934709,
    0.0
   ],
   [
    0.1708901174562874,
    0.07822904128065716,
    0.0
   ]
  ],
  "positions": [
   [
    0.030072244336302484,
    1.4180531548919202,
    0.5716416537498783
   ],
   [
    -1.338576425614176,
    0.40740440120385873,
    0.5519993581299935
   ],
   [
    1.3267934271557278,
    -0.18615103187745055,
    0.5803167717093788
   ],
   [
    1.3226549844851334,
    0.40450409979368773,
    0.6241641354521037
   ],
   [
    -1.3063040632848826,
    0.6787218097828487,
    0.5693880933840401
   ],
   [
    -1.3312845434159353,
    -0.2205434838049043,
    0.4735832334344706
   ],
   [
    -0.9091469744886997,
    -0.9373875469864975,
    0.46843619546783893
   ],
   [
    1.2424791352947344,
    0.4146245058877439,
    0.6331485785372579
   ],
   [
    0.5989557725389368,
    -1.3617826879406492,
    0.45617381050963607
   ],
   [
    -1.222955916633473,
    0.8404570271178156,
    0.5314363288350981
   ],
   [
    0.9220717955888214,
    -0.9213188552857784,
    0.47134676670484404
   ],
   [
    1.4514381549198376,
    0.21361740423837902,
    0.5579205063831613
   ],
   [
    -1.175803193877122,
    0.5950137277602308,
    0.5753137838518495
   ],
   [
    -1.4948251777591832,
    0.11826230843434965,
    0.46823125189219744
   ],
   [
    -0.8218842339674814,
    1.0326401758763846,
    0.4988894456186244
   ],
   [
    0.8109993316093518,
    1.0519549704681257,
    0.6078061620742778
   ],
   [
    1.1062143609818214,
    0.9438584241184149,
    0.6404693542346848
   ],
   [
    0.7268990886593493,
    -1.2167838342628707,
    0.520695248020133
   ],
   [
    -1.1001900624159313,
    0.7395117602464458,
    0.5491877239721374
   ],
   [
    1.0882929354547703,
    0.8957824176823682,
    0.4943136508062409
   ],
   [
    0.717620409714007,
    -1.2758447913794144,
    0.6310879403055871
   ],
   [
    1.026880283685089,
    -0.9978673977129299,
    0.6346549227018379
   ],
   [
    0.5928586202879623,
    1.2905691320445793,
    0.5597394125649698
   ],
   [
    -0.8185078083725221,
    -1.051781280294366,
    0.4866610014704458
   ],
   [
    1.2712950527120563,
    -0.6206102169309606,
    0.5128963711186549
   ]
  ]
 },
 "appearance_assets": {
  "floor_pbr": "Tiles071",
  "background_hdr": "lebombo_4k.hdr"
 },
 "environment_strength": 0.650026025238821
}