{
 "objects": [
  {
   "obj_subpath": "chair/chair_136/chair_136.blend",
   "obj_location": [
    0.07461188291263843,
    -0.07290533336772881
   ],
   "obj_pose": [
    [
     0.9915986540361281,
     -0.12935265483838784,
     0.0
    ],
    [
     0.12935265483838784,
     0.9915986540361281,
     0.0
    ],
    [
     0.0,
     0.0,
     1.0
    ]
   ],
   "obj_scale": 0.6981115908521663,
   "obj_color": {
    "type": "random-multi",
    "color": [
     [
      0.7914311068680171,
      0.15976170914173515,
      0.7314839027425126
     ],
     [
      0.5094472277980573,
      0.8941750785465914,
      0.03557998745142288
     ],
     [
      0.5000008294515504,
      0.10231595222549295,
      0.4494383180799546
     ]
    ],
    "randomness": 0.537590365742518,
    "scale": 1.0290653870136424,
    "specular": 0.8918607665350035,
    "roughness": 0.22453043600013006,
    "clever": false
   }
  }
 ],
 "camera": {
  "track_to_point": [
   [
    0.07487675596208562,
    -0.07576564036574404,
    0.0
   ],
   [
    0.2083913889968204,
    0.0003640250100203912,
    0.0
   ],
   [
    0.11527444336938544,
    -0.002725287416336264,
    0.0
   ],
   [
    -0.007249952976578003,
    -0.10825088424161641,
    0.0
   ],
   [
    0.218817488773255,
    -0.14309767928630526,
    0.0
   ],
   [
    0.09312181868049985,
    0.07149495323465307,
    0.0
   ],
   [
    0.20103391554474734,
    0.060728315833728314,
    0.0
   ],
   [
    0.0688379680513192,
    0.014606014983912702,
    0.0
   ],
   [
    0.08268249123123678,
    0.009046063655160252,
    0.0
   ],
   [
    -0.07521832035964382,
    -0.0315048959126597,
    0.0
   ],
   [
    0.008285033509232126,
    -0.2015830844935387,
    0.0
   ],
   [
    0.029944136925038847,
    -0.08545485069893519,
    0.0
   ],
   [
    0.11516482299036845,
    -0.11032224103580722,
    0.0
   ],
   [
    -0.011304064982816456,
    -0.21134707012479964,
    0.0
   ],
   [
    0.19540657270217507,
    -0.05383503908515677,
    0.0
   ],
   [
    0.10152170515233927,
    -0.013421407780912525,
    0.0
   ],
   [
    -0.035923188730289185,
    -0.04458622460793213,
    0.0
   ],
   [
    0.11109939915466,
    -0.005017777007360641,
    0.0
   ],
   [
    0.05979004348205835,
    -0.10471542708901886,
    0.0
   ],
   [
    0.174995074719017,
    -0.08727697535355503,
    0.0
   ],
   [
    0.14736727062757762,
    -0.04818863972633053,
    0.0
   ],
   [
    -0.06841557417239055,
    -0.18186960044737022,
    0.0
   ],
   [
    0.14429835978877764,
    0.003237486195108913,
    0.0
   ],
   [
    0.17889542168312758,
    -0.17708239753725766,
    0.0
   ],
   [
    0.14060061198985907,
    0.050540390214080605,
    0.0
   ]
  ],
  "positions": [
   [
    1.3713336192850103,
    -0.547348249989106,
    0.5505453280011565
   ],
   [
    0.35787689004065204,
    1.2714096825209822,
    0.648496796178866
   ],
   [
    -1.3301890628352684,
    0.4962543806719663,
    0.46176048824109556
   ],
   [
    -0.981276952731815,
    -0.9512619581251858,
    0.6009766651478992
   ],
   [
    -0.8988268132235843,
    -0.9777311981946101,
    0.5049659716621435
   ],
   [
    -0.5290613689016074,
    1.29159265559544,
    0.5810564782331665
   ],
   [
    -1.3703074923850185,
    -0.1601083781467758,
    0.6468572912174771
   ],
   [
    1.2002949572561858,
    -0.6657903537031489,
    0.6115185222894606
   ],
   [
    -1.3805037577067736,
    0.1675572177244255,
    0.5334188251706885
   ],
   [
    0.6824291237003816,
    -1.1680609667169166,
    0.5665059798176837
   ],
   [
    -0.833189326498568,
    -1.0472974013444123,
    0.6222427367705918
   ],
   [
    1.3330106896488907,
    0.5315770485636521,
    0.5160058118052744
   ],
   [
    1.3937160783276275,
    0.11038842447554599,
    0.5063199832183285
   ],
   [
    0.5216321050646209,
    1.2387626517657129,
    0.5904329217334194
   ],
   [
    1.2378929374143048,
    -0.5903150275874506,
    0.5637730693069286
   ],
   [
    1.1718952835238583,
    -0.8088056136222355,
    0.6261021584385985
   ],
   [
    0.9003314554236407,
    1.0667865916436126,
    0.562572351285484
   ],
   [
    -1.2975149785098292,
    -0.23014877029589018,
    0.5189218954229382
   ],
   [
    -1.3865407487622206,
    -0.31687203574091305,
    0.5647897525432881
   ],
   [
    0.756103604634678,
    -1.1500747204936703,
    0.5218164621218612
   ],
   [
    0.012445395869024886,
    -1.377192700702821,
    0.5076781491333695
   ],
   [
    0.9620862804908729,
    1.0251622024350104,
    0.5241967605457427
   ],
   [
    0.33034217662853044,
    -1.3727700798449165,
    0.5023608397159106
   ],
   [
    1.3021627621813372,
    -0.3223523803751285,
    0.590737629670903
   ],
   [
    1.1743823868069163,
    -0.5964594175631218,
    0.5479070524860867
   ]
  ]
 },
 "appearance_assets": {
  "floor_pbr": "Tiles027",
  "background_hdr": "aft_lounge_4k.hdr"
 },
 "environment_strength": 0.47273631114034426
}