{
 "objects": [
  {
   "obj_subpath": "penguin/penguin_019/penguin_019.blend",
   "obj_location": [
    -0.055244414671815595,
    -0.14312993192700826
   ],
   "obj_pose": [
    [
     -0.785784761435476,
     -0.618500047450113,
     0.0
    ],
    [
     0.618500047450113,
     -0.785784761435476,
     0.0
    ],
    [
     0.0,
     0.0,
     1.0
    ]
   ],
   "obj_scale": 0.6948642865983787,
   "obj_color": {
    "type": "random-mono",
    "color": [
     [
      0.10187584916547163,
      0.1230810319112471,
      0.2462405678129627
     ],
     [
      0.5144611467128183,
      0.547633159133954,
      0.7402959484007404
     ],
     [
      0.9227824669019999,
      0.9308781106884283,
      0.9778975466214086
     ]
    ],
    "randomness": 0.9147067385500813,
    "scale": 3.0026613498404675,
    "specular": 0.878769273597089,
    "roughness": 0.18902784077817852,
    "clever": false
   }
  }
 ],
 "camera": {
  "track_to_point": [
   [
    -0.11535929907705314,
    -0.041512077322550134,
    0.0
   ],
   [
    0.01951888762010795,
    -0.2671962622852817,
    0.0
   ],
   [
    0.013023902529571196,
    -0.2653381138494063,
    0.0
   ],
   [
    -0.12258319748219684,
    -0.2641787593255035,
    0.0
   ],
   [
    0.08591376881307072,
    -0.22586967870681074,
    0.0
   ],
   [
    -0.18583643673256306,
    -0.13515825671472015,
    0.0
   ],
   [
    -0.08498811606444051,
    -0.06817353169738241,
    0.0
   ],
   [
    -0.11214930515482371,
    -0.11219479356040188,
    0.0
   ],
   [
    0.024456191261476745,
    -0.1956815029969055,
    0.0
   ],
   [
    0.09117363735547601,
    -0.26204610339261697,
    0.0
   ],
   [
    0.023281034522992267,
    -0.24695029045333547,
    0.0
   ],
   [
    -0.12455512159339736,
    -0.26824238439248793,
    0.0
   ],
   [
    -0.09930768021377011,
    -0.24190472487600573,
    0.0
   ],
   [
    -0.10181815753654927,
    -0.09458646475010579,
    0.0
   ],
   [
    -0.10831729950782938,
    -0.273983514835569,
    0.0
   ],
   [
    0.030888012397827513,
    -0.22337578547662634,
    0.0
   ],
   [
    -0.14465212978107975,
    -0.23865799127055642,
    0.0
   ],
   [
    -0.11988464695032512,
    -0.034331454911015524,
    0.0
   ],
   [
    -0.13191049359203674,
    -0.052675436462642444,
    0.0
   ],
   [
    -0.1929181940772657,
    -0.22913628867310978,
    0.0
   ],
   [
    -0.14605242155640566,
    -0.2596112881452601,
    0.0
   ],
   [
    -0.10366526079402598,
    -0.1449901941920377,
    0.0
   ],
   [
    -0.1655915302458814,
    -0.26799841557118786,
    0.0
   ],
   [
    -0.11417861914402612,
    -0.2830692472599448,
    0.0
   ],
   [
    -0.0241604495493698,
    -0.0949205917074579,
    0.0
   ]
  ],
  "positions": [
   [
    -1.4758917384347778,
    -0.17164139734785433,
    0.47788767787497527
   ],
   [
    1.274829673704303,
    0.5384987534616033,
    0.5273703923498646
   ],
   [
    1.0083870343759695,
    1.0250738241082782,
    0.47951794571058987
   ],
   [
    0.6913974638995152,
    -1.2150822035476334,
    0.5062966174669288
   ],
   [
    0.8476324658091512,
    1.0064907267349825,
    0.6309992144515388
   ],
   [
    1.1192039630882615,
    0.7126416097563743,
    0.59566879225376
   ],
   [
    -0.0764335699357261,
    1.3765586235661365,
    0.5074064866443458
   ],
   [
    -1.3202935155871163,
    -0.19435579158576144,
    0.6198404895651202
   ],
   [
    0.7029707922086617,
    1.131819691146152,
    0.6436935140705631
   ],
   [
    -0.8418627238850087,
    1.1973713454239165,
    0.4609718512544979
   ],
   [
    -1.24794885210281,
    0.43533730372783236,
    0.6360191377634232
   ],
   [
    -0.9672096195632823,
    -1.0288264111071566,
    0.5677525176533881
   ],
   [
    -0.4377739668214443,
    -1.3342070463226456,
    0.46728042392043806
   ],
   [
    0.5943366510266361,
    1.3269624608272612,
    0.6006271040549747
   ],
   [
    -1.3095723213406738,
    0.652634553870976,
    0.5318947781991528
   ],
   [
    1.423153253920757,
    0.45196997864257155,
    0.45918842606628035
   ],
   [
    -1.27419894445207,
    -0.6363861162775887,
    0.5534351632079048
   ],
   [
    -1.0871801309532587,
    1.0201231839562417,
    0.5112532443893321
   ],
   [
    -1.428152456042057,
    -0.18589115951667448,
    0.534739721423582
   ],
   [
    0.8588195134708491,
    0.9901582675673262,
    0.4923308196823428
   ],
   [
    -0.8518818557091477,
    1.1307385509411874,
    0.5191134406642125
   ],
   [
    -0.33442448317185247,
    1.293576661311178,
    0.4863868997782706
   ],
   [
    -0.904381189648294,
    1.0048217204554422,
    0.4969696144980878
   ],
   [
    0.3239552588875879,
    -1.3013332564751499,
    0.4828138890359576
   ],
   [
    -1.0864530067525866,
    0.9874226238032565,
    0.5710516545782165
   ]
  ]
 },
 "appearance_assets": {
  "floor_pbr": "Terrazzo001",
  "background_hdr": "small_empty_house_4k.hdr"
 },
 "environment_strength": 0.6630035251292798
}