{
 "objects": [
  {
   "obj_subpath": "truck/truck_006/truck_006.blend",
   "obj_location": [
    -0.19282530050752414,
    0.028122764215234713
   ],
   "obj_pose": [
    [
     -0.3793489132031683,
     0.9252536960485892,
     0.0
    ],
    [
     -0.9252536960485892,
     -0.3793489132031683,
     0.0
    ],
    [
     0.0,
     0.0,
     1.0
    ]
   ],
   "obj_scale": 0.6444917869412017,
   "obj_color": {
    "type": "random-mono",
    "color": [
     [
      0.6684597588295651,
      0.8946821167047219,
      0.5848145274761507
     ],
     [
      0.29040038389459977,
      0.6248776731509956,
      0.1667281239769759
     ],
     [
      0.7256695405289196,
      0.8622069419801935,
      0.6751851293502135
     ]
    ],
    "randomness": 0.8112344287480168,
    "scale": 3.2328674400297013,
    "specular": 0.6591129008230238,
    "roughness": 0.18104900384427128,
    "clever": false
   }
  }
 ],
 "camera": {
  "track_to_point": [
   [
    -0.21295017095221866,
    0.06446256606530354,
    0.0
   ],
   [
    -0.07893316344422108,
    0.10787005453974816,
    0.0
   ],
   [
    -0.10897167570010158,
    -0.042241473895864426,
    0.0
   ],
   [
    -0.12356467858043274,
    0.15479171803093944,
    0.0
   ],
   [
    -0.18529557743143885,
    -0.053582738729180124,
    0.0
   ],
   [
    -0.28683572121030143,
    0.050662177738908354,
    0.0
   ],
   [
    -0.28876586677231225,
    -0.08977770841474259,
    0.0
   ],
   [
    -0.31102093922756224,
    0.09587623964231634,
    0.0
   ],
   [
    -0.07749487205232058,
    -0.08162185985877904,
    0.0
   ],
   [
    -0.21072026518462952,
    0.08953807091652055,
    0.0
   ],
   [
    -0.11935928177228314,
    0.1382166805163192,
    0.0
   ],
   [
    -0.058897208054238426,
    0.050609532582093414,
    0.0
   ],
   [
    -0.15304758614843766,
    -0.07551011265222138,
    0.0
   ],
   [
    -0.166000893950591,
    0.035097520728330195,
    0.0
   ],
   [
    -0.1962204599792067,
    0.014020432448637932,
    0.0
   ],
   [
    -0.32190775691631957,
    -0.050017672880627015,
    0.0
   ],
   [
    -0.10527191056315871,
    0.04719965830047898,
    0.0
   ],
   [
    -0.18243768228416973,
    0.16598991428526527,
    0.0
   ],
   [
    -0.16804973102668527,
    0.1486145049778576,
    0.0
   ],
   [
    -0.06816850858375423,
    -0.06828520810079583,
    0.0
   ],
   [
    -0.12668477227985833,
    0.06837097770722475,
    0.0
   ],
   [
    -0.20221438517940285,
    -0.056550944272181505,
    0.0
   ],
   [
    -0.13806943510361228,
    -0.054733210344026645,
    0.0
   ],
   [
    -0.3008731610646034,
    0.1639901348380144,
    0.0
   ],
   [
    -0.195083494977751,
    0.08022654988122929,
    0.0
   ]
  ],
  "positions": [
   [
    -0.2626964536625449,
    -1.4289205218780499,
    0.5442570408824696
   ],
   [
    -1.2271985929104072,
    -0.737329797407887,
    0.6427605618730434
   ],
   [
    1.4368249045404355,
    -0.2638136848820828,
    0.5410469932425636
   ],
   [
    -1.3522702315236865,
    0.32953869510798967,
    0.47116374120059
   ],
   [
    0.5337475666211915,
    -1.2662014434403557,
    0.5539523548482165
   ],
   [
    -0.5428823577758142,
    -1.3724027252766156,
    0.47191848989445906
   ],
   [
    0.958312436515826,
    -0.8915434429248046,
    0.5548876291482864
   ],
   [
    1.285131404504062,
    0.30568473286132203,
    0.5550047681585317
   ],
   [
    -1.4566293537820558,
    -0.15318928716321342,
    0.51213635582304
   ],
   [
    -1.35702299912436,
    0.5655380408831747,
    0.48804331834037307
   ],
   [
    1.3086575979101611,
    0.2699818261161333,
    0.5253161269426792
   ],
   [
    1.0926515466281281,
    0.9152864320226197,
    0.6473019624484049
   ],
   [
    0.45666203397488536,
    1.289219472253782,
    0.5778883977015951
   ],
   [
    -0.8870425939776959,
    0.957813484762556,
    0.6495336815962115
   ],
   [
    -0.41526448478662215,
    1.3954475909775013,
    0.4746480232492014
   ],
   [
    1.4360107995480653,
    0.06722146045909268,
    0.5775535250332147
   ],
   [
    0.387706703643262,
    1.3266655281425845,
    0.6427706414131747
   ],
   [
    0.022099067488919374,
    1.4877264158727561,
    0.6419848181220394
   ],
   [
    0.3878162534276593,
    1.3857808137303749,
    0.6170068361217846
   ],
   [
    -0.2252945181467837,
    -1.459610893224587,
    0.5373822283002437
   ],
   [
    1.4066500566644549,
    0.01674308737156881,
    0.5109069618950968
   ],
   [
    -0.9582684177572716,
    -1.146255672023753,
    0.4667436311664161
   ],
   [
    1.2843963979250659,
    -0.41132328758734005,
    0.5589400603187464
   ],
   [
    1.4173984475532422,
    -0.25097150088415865,
    0.6388434330874982
   ],
   [
    -0.2653786417422581,
    -1.4473835661459575,
    0.5148687568309815
   ]
  ]
 },
 "appearance_assets": {
  "floor_pbr": "Fabric028",
  "background_hdr": "cabin_4k.hdr"
 },
 "environment_strength": 0.5359856156347108
}