{
 "objects": [
  {
   "obj_subpath": "donut/donut_013/donut_013.blend",
   "obj_location": [
    -0.16396032024683885,
    -0.13109009897654036
   ],
   "obj_pose": [
    [
     -0.5705513552821414,
     -0.8212619259321058,
     0.0
    ],
    [
     0.8212619259321058,
     -0.5705513552821414,
     0.0
    ],
    [
     0.0,
     0.0,
     1.0
    ]
   ],
   "obj_scale": 0.6996819427638407,
   "obj_color": {
    "type": "random-mono",
    "color": [
     [
      0.2445933989897958,
      0.08871482485102561,
      0.31747433831810207
     ],
     [
      0.6231920916934881,
      0.2985014267529128,
      0.7750010287635368
     ]
    ],
    "randomness": 0.723884326339787,
    "scale": 2.465070851284242,
    "specular": 0.605253853615797,
    "roughness": 0.19870603464160974,
    "clever": false
   }
  }
 ],
 "camera": {
  "track_to_point": [
   [
    -0.10203635534835112,
    -0.053411999625212175,
    0.0
   ],
   [
    -0.09147938328667013,
    -0.13577488583316819,
    0.0
   ],
   [
    -0.1683451700286738,
    0.015299201902885973,
    0.0
   ],
   [
    -0.09081196202987424,
    0.004643721714074234,
    0.0
   ],
   [
    -0.10915980067492426,
    -0.20038246874561547,
    0.0
   ],
   [
    -0.31372147118651467,
    -0.15851986333002974,
    0.0
   ],
   [
    -0.31183365351772013,
    -0.27855013472504153,
    0.0
   ],
   [
    -0.10485293093537368,
    -0.27362129276024144,
    0.0
   ],
   [
    -0.17219784710756664,
    -0.12055193911162845,
    0.0
   ],
   [
    -0.3095675289368851,
    -0.14357359738892744,
    0.0
   ],
   [
    -0.24884495117988825,
    -0.1285984720615993,
    0.0
   ],
   [
    -0.2775147551531692,
    0.017274638950352417,
    0.0
   ],
   [
    -0.12946068559924498,
    -0.28017587833152185,
    0.0
   ],
   [
    -0.1611819654128175,
    -0.26577901681582017,
    0.0
   ],
   [
    -0.19912968132522108,
    -0.026111152299682694,
    0.0
   ],
   [
    -0.1724339795978463,
    -0.24248030037691382,
    0.0
   ],
   [
    -0.2525785912298224,
    -0.2204913667918063,
    0.0
   ],
   [
    -0.3062859947458425,
    -0.15161000581042353,
    0.0
   ],
   [
    -0.09699130185583602,
    -0.19253228748283124,
    0.0
   ],
   [
    -0.14292205383637502,
    -0.1434106142565729,
    0.0
   ],
   [
    -0.290185876368093,
    -0.0691704335536997,
    0.0
   ],
   [
    -0.22941072388288797,
    -0.014553889106711959,
    0.0
   ],
   [
    -0.05369721096153268,
    -0.06195085466125108,
    0.0
   ],
   [
    -0.07363075308748185,
    -0.1912935089669141,
    0.0
   ],
   [
    -0.14889312473761337,
    0.007934735056066955,
    0.0
   ]
  ],
  "positions": [
   [
    -0.24855054485584738,
    1.30199062355567,
    0.6264610068658834
   ],
   [
    0.5961684036343341,
    1.3053644631652417,
    0.6252087467192957
   ],
   [
    0.8742030479914088,
    -1.145832246191085,
    0.6119555049773502
   ],
   [
    1.0444001115251518,
    -1.0272372307755742,
    0.6383620460026938
   ],
   [
    1.3639033365366946,
    -0.18153740042709723,
    0.5462983698824793
   ],
   [
    -1.026560334257895,
    0.8348566609870124,
    0.4734794846899051
   ],
   [
    0.9520654923897929,
    -1.0369454688582378,
    0.451781125742382
   ],
   [
    -0.8377666487168091,
    -1.2320819738202946,
    0.498487922105232
   ],
   [
    -0.8035883943655142,
    1.208746331047576,
    0.5844847334674088
   ],
   [
    -0.7731583688688034,
    -1.0539235646682914,
    0.5427787885935956
   ],
   [
    0.6859662835281256,
    -1.3315553006515097,
    0.6102652989414089
   ],
   [
    0.49068737082383673,
    1.2146916414408397,
    0.5364557845092058
   ],
   [
    -1.3503850351943762,
    -0.02050191024130414,
    0.5896199169498842
   ],
   [
    1.093568404999921,
    -0.8370354792123649,
    0.5575868658229068
   ],
   [
    -1.2375700500218856,
    0.6430563079299434,
    0.6197967610731241
   ],
   [
    1.369102581068821,
    0.280456693627545,
    0.46432531834777674
   ],
   [
    1.3262680271041265,
    0.24984101764731076,
    0.5626472883956021
   ],
   [
    0.6860850495121584,
    1.1353422080201983,
    0.6240114418118314
   ],
   [
    -0.3309057590018234,
    -1.2575734907760892,
    0.4771933123413129
   ],
   [
    0.8130642726051623,
    1.1061285388952233,
    0.5310606179839865
   ],
   [
    -0.9694437264077048,
    -0.9257914740808324,
    0.6487868152580225
   ],
   [
    -1.2665409109723484,
    0.3969444834216739,
    0.5495148655614751
   ],
   [
    -1.2213269286289548,
    0.49712786644969936,
    0.6496929808562809
   ],
   [
    0.516407738798908,
    1.2493891282789962,
    0.45915585627025696
   ],
   [
    -1.0837765071850087,
    0.892128107162643,
    0.5502328298927638
   ]
  ]
 },
 "appearance_assets": {
  "floor_pbr": "Carpet008",
  "background_hdr": "balcony_4k.hdr"
 },
 "environment_strength": 0.5374478001649362
}