{
 "objects": [
  {
   "obj_subpath": "deer_moose/deer_moose_005/deer_moose_005.blend",
   "obj_location": [
    0.0011569954044908237,
    0.04253960763126918
   ],
   "obj_pose": [
    [
     -0.6929762103407975,
     0.720960450996937,
     0.0
    ],
    [
     -0.720960450996937,
     -0.6929762103407975,
     0.0
    ],
    [
     0.0,
     0.0,
     1.0
    ]
   ],
   "obj_scale": 0.6848011248349541,
   "obj_color": {
    "type": "random-multi",
    "color": [
     [
      0.23703320162401437,
      0.026321241726294464,
      0.7345859249252095
     ],
     [
      0.03812268678758013,
      0.22183930658902137,
      0.6405906893281166
     ],
     [
      0.6131843982429764,
      0.03149010239089878,
      0.1604738139775303
     ]
    ],
    "randomness": 4.958641277064438,
    "scale": 0.5311864246575703,
    "specular": 0.7851631540142486,
    "roughness": 0.21390758348719494,
    "clever": false
   }
  }
 ],
 "camera": {
  "track_to_point": [
   [
    -0.03261917886561018,
    -0.035981532445853406,
    0.0
   ],
   [
    -0.09728423152144683,
    0.017113841309219002,
    0.0
   ],
   [
    -0.04659202712581133,
    0.17028855374215038,
    0.0
   ],
   [
    0.09468456921660448,
    0.18444290185847687,
    0.0
   ],
   [
    -0.02915846170464724,
    -0.006047018714491828,
    0.0
   ],
   [
    0.025954614244412755,
    0.10701829937627458,
    0.0
   ],
   [
    0.018552764623685686,
    -0.07117816632352152,
    0.0
   ],
   [
    0.09840123610712967,
    0.06668237612974687,
    0.0
   ],
   [
    -0.13121773638732384,
    -0.0106090601146928,
    0.0
   ],
   [
    -0.11000771470682186,
    -0.0586173358706526,
    0.0
   ],
   [
    -0.038744122488327884,
    -0.021015897239774844,
    0.0
   ],
   [
    -0.049239919501837356,
    0.061922161075603666,
    0.0
   ],
   [
    -0.06559191126793297,
    0.07925257296883484,
    0.0
   ],
   [
    0.11770300154998362,
    0.11597132595135187,
    0.0
   ],
   [
    0.06899921742372883,
    -0.10442128009530716,
    0.0
   ],
   [
    0.00843275105516117,
    0.022304985169380592,
    0.0
   ],
   [
    0.0964216315667174,
    0.11964744200605618,
    0.0
   ],
   [
    0.09869156617540092,
    0.07633938710537694,
    0.0
   ],
   [
    0.007823622838663918,
    0.08046555415164355,
    0.0
   ],
   [
    -0.12901756135661127,
    0.08322359017747644,
    0.0
   ],
   [
    0.06929866611164692,
    0.1498939058178441,
    0.0
   ],
   [
    -0.10283421410881663,
    -0.03334962833369225,
    0.0
   ],
   [
    0.10414973334354402,
    -0.02935963752930086,
    0.0
   ],
   [
    0.014456464043371475,
    0.01185593840737205,
    0.0
   ],
   [
    0.13929970890240137,
    0.02942644834682781,
    0.0
   ]
  ],
  "positions": [
   [
    -1.3055677166820563,
    0.5363695172331194,
    0.5935321102894031
   ],
   [
    -0.8233158797223983,
    -1.1083626448675579,
    0.5219693262705071
   ],
   [
    -0.40943631068003095,
    1.2417462350003743,
    0.6206208862481852
   ],
   [
    -1.2091967479301688,
    0.886553052559332,
    0.45594825211407447
   ],
   [
    -1.329757495488695,
    -0.3667723547484902,
    0.5012574144449911
   ],
   [
    1.3909010911137227,
    0.04671804575711445,
    0.6249792696597325
   ],
   [
    -0.3161817032872025,
    1.2870716396797837,
    0.5728859892704602
   ],
   [
    1.1362498049840961,
    0.8969086718179342,
    0.5809940734589042
   ],
   [
    -0.8691803850461705,
    1.1278226405913905,
    0.5830945344217516
   ],
   [
    1.4780493904671375,
    -0.05446816093607816,
    0.6052917280131729
   ],
   [
    -0.14229713129342317,
    1.4475763990413508,
    0.613533574094768
   ],
   [
    -0.8601142978553444,
    -1.1548992890794312,
    0.4777727396022378
   ],
   [
    1.3286047098919171,
    -0.2930629654394725,
    0.5280547487843287
   ],
   [
    1.3756945324118388,
    0.5949950199905445,
    0.4580740171722167
   ],
   [
    -0.2910123569114262,
    -1.3711863302878982,
    0.6299664804658838
   ],
   [
    0.2692291768771481,
    -1.2864538423065532,
    0.599294909596708
   ],
   [
    -1.3872937654500686,
    0.4841019463653673,
    0.5583798504075184
   ],
   [
    -0.01509782107521701,
    -1.4377719942224125,
    0.46789467996350087
   ],
   [
    0.32923079661064697,
    1.4609768308861781,
    0.6337522451262716
   ],
   [
    -1.3540527826955315,
    0.13617646542730907,
    0.5573737645491601
   ],
   [
    0.04617640157928782,
    1.3539415988186168,
    0.4891622679993648
   ],
   [
    -1.288487768713026,
    -0.6509491708344901,
    0.5606497909222778
   ],
   [
    -0.21086574683632725,
    1.3294111159911675,
    0.562682047830147
   ],
   [
    -0.7028680326588315,
    1.234019493180667,
    0.5648629662648145
   ],
   [
    -1.3583302959107668,
    -0.6023446254387095,
    0.6253610840800817
   ]
  ]
 },
 "appearance_assets": {
  "floor_pbr": "Carpet013",
  "background_hdr": "lythwood_room_4k.hdr"
 },
 "environment_strength": 0.6783595552633701
}