{
 "objects": [
  {
   "obj_subpath": "hammer/hammer_055/hammer_055.blend",
   "obj_location": [
    0.12784798540609915,
    0.10186192212924505
   ],
   "obj_pose": [
    [
     -0.4521832593416861,
     0.8919250528890471,
     0.0
    ],
    [
     -0.8919250528890471,
     -0.4521832593416861,
     0.0
    ],
    [
     0.0,
     0.0,
     1.0
    ]
   ],
   "obj_scale": 0.646481990504648,
   "obj_color": {
    "type": "random-multi",
    "color": [
     [
      0.02711188231044026,
      0.6642400583020701,
      0.08568392308431311
     ],
     [
      0.14650818579909664,
      0.5938137314768861,
      0.446895553110481
     ]
    ],
    "randomness": 3.0356517842470603,
    "scale": 0.7085051683668978,
    "specular": 0.8942610120164308,
    "roughness": 0.17436081467561454,
    "clever": false
   }
  }
 ],
 "camera": {
  "track_to_point": [
   [
    0.07413818669209045,
    0.19884628622912523,
    0.0
   ],
   [
    0.1640834324775477,
    0.12246155271263018,
    0.0
   ],
   [
    0.14240626080170599,
    0.06098054975198876,
    0.0
   ],
   [
    -0.0074308255858754335,
    0.06607923011872266,
    0.0
   ],
   [
    0.14932739385248045,
    0.14611117437916765,
    0.0
   ],
   [
    -0.016196176502674353,
    0.1363943736743135,
    0.0
   ],
   [
    0.003777114712594537,
    0.013329256844545737,
    0.0
   ],
   [
    0.11878252964013927,
    -0.0408284157026553,
    0.0
   ],
   [
    0.05215697359268648,
    0.046998611093977946,
    0.0
   ],
   [
    0.08346242504788345,
    -0.03580193790818684,
    0.0
   ],
   [
    0.09756701322522351,
    0.17831789309524423,
    0.0
   ],
   [
    0.26022314136125424,
    0.145718104156052,
    0.0
   ],
   [
    0.08385890806197724,
    0.19568160798580356,
    0.0
   ],
   [
    0.031880825073934166,
    0.09308117619691939,
    0.0
   ],
   [
    0.05274724932911244,
    -0.02670089357990757,
    0.0
   ],
   [
    0.06729912340341364,
    0.09204915065125524,
    0.0
   ],
   [
    0.06255469315414762,
    0.06759562365060272,
    0.0
   ],
   [
    -0.008242590703276875,
    0.22169363444878917,
    0.0
   ],
   [
    0.27521397394437264,
    0.2450718085880241,
    0.0
   ],
   [
    0.25081658160781795,
    0.18567430558768053,
    0.0
   ],
   [
    0.035132304058601654,
    0.1448055886558987,
    0.0
   ],
   [
    0.048419662544469264,
    0.16019111364036812,
    0.0
   ],
   [
    0.13442288662163163,
    0.2310204935941834,
    0.0
   ],
   [
    0.1299805519189744,
    0.10307681918959061,
    0.0
   ],
   [
    0.19026724752188573,
    0.10182347889989915,
    0.0
   ]
  ],
  "positions": [
   [
    -1.135387818522341,
    0.6760535268137903,
    0.4505310043736922
   ],
   [
    1.319155415447517,
    -0.3067927540363191,
    0.6416443245163924
   ],
   [
    1.0304614902522338,
    0.9807936151943787,
    0.5919530241964402
   ],
   [
    -0.43991926627929917,
    -1.2271282164326485,
    0.4718449602722911
   ],
   [
    -1.387789119411179,
    -0.11715394988640322,
    0.5883711369053556
   ],
   [
    -1.466726676362393,
    0.22297511795508632,
    0.6267416221077158
   ],
   [
    1.1268795131695906,
    0.9604361446772266,
    0.53857122011662
   ],
   [
    1.383788780477964,
    -0.1685236798551836,
    0.46687236139346505
   ],
   [
    -1.2300169261873763,
    0.7952298564379832,
    0.4582685778619631
   ],
   [
    -1.3635783168751916,
    0.32158354438738684,
    0.47508119402662846
   ],
   [
    -1.3955743477598501,
    0.4008058177610761,
    0.6217199536274082
   ],
   [
    0.9199377198054327,
    -1.1370760178677595,
    0.4703275641519056
   ],
   [
    1.478646963057122,
    -0.06031991096625579,
    0.6252671081770907
   ],
   [
    -1.226359026147173,
    -0.6962962837950398,
    0.5281203876941293
   ],
   [
    1.3758265371928151,
    0.08979841427061684,
    0.549905980773111
   ],
   [
    0.301494360580341,
    -1.2685689827336752,
    0.4758354031869507
   ],
   [
    1.4491217162988541,
    -0.31589313648083595,
    0.4588787969992127
   ],
   [
    -0.12349143461026091,
    -1.4182716127765806,
    0.5080608625016265
   ],
   [
    -1.4255876020732186,
    0.4247069183572869,
    0.6366734839003119
   ],
   [
    -0.7606252999355221,
    1.2212906400274688,
    0.56905623606703
   ],
   [
    -1.4381922678215904,
    -0.22806191578276225,
    0.6312224450651689
   ],
   [
    1.2571211299701104,
    0.5703871364178084,
    0.5153056241574532
   ],
   [
    -0.9213507274566111,
    -0.9732478033660087,
    0.550081969806332
   ],
   [
    1.3236301952615788,
    0.2311328686081396,
    0.5867646469934207
   ],
   [
    -0.5760125635327705,
    1.169987170017526,
    0.6443778008736911
   ]
  ]
 },
 "appearance_assets": {
  "floor_pbr": "Planks018",
  "background_hdr": "spiaggia_di_mondello_4k.hdr"
 },
 "environment_strength": 0.7628220189073398
}