{
 "objects": [
  {
   "obj_subpath": "coin/coin_005/coin_005.blend",
   "obj_location": [
    0.08722036251348803,
    -0.1374117481736982
   ],
   "obj_pose": [
    [
     -0.9934241548882404,
     -0.11449213285018878,
     0.0
    ],
    [
     0.11449213285018878,
     -0.9934241548882404,
     0.0
    ],
    [
     0.0,
     0.0,
     1.0
    ]
   ],
   "obj_scale": 0.6751049284084027,
   "obj_color": {
    "type": "random-multi",
    "color": [
     [
      0.4690025053824854,
      0.14177898231007935,
      0.6239174399872517
     ],
     [
      0.7438380197518419,
      0.07952696213940302,
      0.40926445941104883
     ],
     [
      0.6192121903474429,
      0.14316093189023438,
      0.21128612835629784
     ]
    ],
    "randomness": 0.23608797034354423,
    "scale": 0.8954585296715417,
    "specular": 0.628714969555266,
    "roughness": 0.26485168155846384,
    "clever": false
   }
  }
 ],
 "camera": {
  "track_to_point": [
   [
    0.17219124359039792,
    -0.17154414463462625,
    0.0
   ],
   [
    0.11737223513001582,
    -0.028243615668317512,
    0.0
   ],
   [
    0.09799574831347127,
    -0.03283986456980997,
    0.0
   ],
   [
    -0.02829510536538382,
    -0.04937238862522536,
    0.0
   ],
   [
    0.20768968670466917,
    -0.24870796468725753,
    0.0
   ],
   [
    0.062310644131387566,
    -0.2633147491454165,
    0.0
   ],
   [
    0.006241992175512218,
    -0.09760154089528025,
    0.0
   ],
   [
    0.017727059976251472,
    -0.07112640090476316,
    0.0
   ],
   [
    0.202121857349268,
    -0.2530146416606559,
    0.0
   ],
   [
    0.06932449696804488,
    -0.04848671783563996,
    0.0
   ],
   [
    0.0734604919727386,
    -0.21822696793567634,
    0.0
   ],
   [
    0.17265954914642126,
    -0.17680713729676945,
    0.0
   ],
   [
    0.20815833096864408,
    -0.01452815920433359,
    0.0
   ],
   [
    0.096084167742919,
    -0.06874773504764295,
    0.0
   ],
   [
    0.06550601856285454,
    -0.1468825560985411,
    0.0
   ],
   [
    -0.060113007536742064,
    -0.0672730672490949,
    0.0
   ],
   [
    0.049108430321255586,
    -0.18603790498030637,
    0.0
   ],
   [
    0.06404298434301797,
    -0.24926986436702275,
    0.0
   ],
   [
    0.11541118216645854,
    -0.18569715730029707,
    0.0
   ],
   [
    -0.056799597165957866,
    -0.041044729121778256,
    0.0
   ],
   [
    0.021130420657156354,
    -0.013746843765311434,
    0.0
   ],
   [
    0.07455315358531822,
    -0.07623146020873398,
    0.0
   ],
   [
    -0.05264303245292984,
    -0.1316307889223514,
    0.0
   ],
   [
    0.03403326844617277,
    -0.2675627497084647,
    0.0
   ],
   [
    -0.04320937521061932,
    -0.13007574866819874,
    0.0
   ]
  ],
  "positions": [
   [
    1.238422508956968,
    -0.7093309711480852,
    0.581981409540208
   ],
   [
    1.2967012509330322,
    -0.4982567356917715,
    0.48248335095209477
   ],
   [
    0.5098949324269303,
    -1.2005533272259026,
    0.49451771935869315
   ],
   [
    0.41064232741866846,
    -1.373960940316004,
    0.6057616097468427
   ],
   [
    -0.06407663055037754,
    1.437965442646893,
    0.6091689087297228
   ],
   [
    -1.1063678980421232,
    -0.7623614280650889,
    0.5314084086428814
   ],
   [
    0.4405707425063579,
    -1.3961778072987976,
    0.5093627748323375
   ],
   [
    -0.04370944343494577,
    -1.346402357881305,
    0.5775999828414149
   ],
   [
    -1.2612461278808413,
    0.5083056992957263,
    0.5646203596933066
   ],
   [
    1.2194617280141433,
    0.6993698721700683,
    0.6428407966373604
   ],
   [
    -1.2586952828823719,
    -0.5796907341406526,
    0.47441212997261345
   ],
   [
    1.3546773660089477,
    0.07013391608983778,
    0.5719518916506132
   ],
   [
    -0.18565610340240893,
    -1.460793225365745,
    0.5989122364807283
   ],
   [
    0.08832363732797813,
    -1.3740820386981456,
    0.46839929649610873
   ],
   [
    -1.1825197218723535,
    0.6701946770989672,
    0.6454772362681784
   ],
   [
    0.3432670105724107,
    1.4306592928402646,
    0.6339881280236802
   ],
   [
    1.4724997534390802,
    -0.10212338616532568,
    0.6260611508259539
   ],
   [
    0.005910413678564058,
    -1.4967655756956142,
    0.6469494694041926
   ],
   [
    -1.3023694180844687,
    0.1808066718025748,
    0.587030980152785
   ],
   [
    0.8909073615359894,
    -1.191954995054161,
    0.6281987032787417
   ],
   [
    -0.8998379255238547,
    1.18252756142875,
    0.599291778722049
   ],
   [
    1.138394918368494,
    0.8828145929833667,
    0.5743782117677929
   ],
   [
    -1.4428397144697396,
    -0.3095594585731644,
    0.6270972561490143
   ],
   [
    -0.3446756839162604,
    -1.3604907543674867,
    0.5144970476087911
   ],
   [
    -0.22824821594760653,
    -1.3001718820919284,
    0.5740742821219073
   ]
  ]
 },
 "appearance_assets": {
  "floor_pbr": "Tiles027",
  "background_hdr": "lapa_4k.hdr"
 },
 "environment_strength": 0.5548004820876701
}