{
 "objects": [
  {
   "obj_subpath": "ice_cream/ice_cream_041/ice_cream_041.blend",
   "obj_location": [
    -0.1729639674486101,
    -0.02960798941622414
   ],
   "obj_pose": [
    [
     -0.9837098790781823,
     0.17976338282305407,
     0.0
    ],
    [
     -0.17976338282305407,
     -0.9837098790781823,
     0.0
    ],
    [
     0.0,
     0.0,
     1.0
    ]
   ],
   "obj_scale": 0.6864871551311084,
   "obj_color": {
    "type": "random-multi",
    "color": [
     [
      0.18348772495283144,
      0.17916925151413876,
      0.7489191954862175
     ],
     [
      0.4345058643516144,
      0.04246393766892398,
      0.5654367012429512
     ],
     [
      0.6102537620927766,
      0.8487116728838897,
      0.2132068658491657
     ],
     [
      0.40287741924984133,
      0.03791631523795713,
      0.6118988897469929
     ]
    ],
    "randomness": 3.6663271683190253,
    "scale": 1.201753285369974,
    "specular": 0.6424710352812313,
    "roughness": 0.282621007196636,
    "clever": false
   }
  }
 ],
 "camera": {
  "track_to_point": [
   [
    -0.2948664330706464,
    -0.04948883852342506,
    0.0
   ],
   [
    -0.18217476440902977,
    -0.060816832535798615,
    0.0
   ],
   [
    -0.19487634718566121,
    -0.06269749424910102,
    0.0
   ],
   [
    -0.17031217576300897,
    0.09451718324737113,
    0.0
   ],
   [
    -0.2864817626379086,
    -0.01121862739371729,
    0.0
   ],
   [
    -0.06997978774987498,
    0.0976934452950945,
    0.0
   ],
   [
    -0.2004081399766735,
    -0.06254325483343764,
    0.0
   ],
   [
    -0.0366979889756244,
    -0.011764849727589233,
    0.0
   ],
   [
    -0.12203035433272022,
    -0.14022691375882315,
    0.0
   ],
   [
    -0.24152640700814468,
    0.008940914492457375,
    0.0
   ],
   [
    -0.25841785826963914,
    -0.14383263088847423,
    0.0
   ],
   [
    -0.11451530546075533,
    0.0021410798707120204,
    0.0
   ],
   [
    -0.2793104625425041,
    -0.014393935673858604,
    0.0
   ],
   [
    -0.18228228383138886,
    -0.11765556138716915,
    0.0
   ],
   [
    -0.04426041739657391,
    -0.15490388159931912,
    0.0
   ],
   [
    -0.26223593963177616,
    0.023974245410006922,
    0.0
   ],
   [
    -0.26959541635637185,
    -0.07769762999923213,
    0.0
   ],
   [
    -0.12742826815346672,
    0.09277026371222186,
    0.0
   ],
   [
    -0.2002267108039602,
    -0.05841264796456139,
    0.0
   ],
   [
    -0.10546996274413523,
    0.002694393203711787,
    0.0
   ],
   [
    -0.0682680422928468,
    -0.12334236217347652,
    0.0
   ],
   [
    -0.05641206677200558,
    0.058581689910220586,
    0.0
   ],
   [
    -0.25833688028197677,
    -0.01358454764355796,
    0.0
   ],
   [
    -0.2669063283782147,
    0.02275296839442631,
    0.0
   ],
   [
    -0.256797386485803,
    0.028871906225642285,
    0.0
   ]
  ],
  "positions": [
   [
    -1.4432467469258288,
    -0.06789315651001779,
    0.5120390877628003
   ],
   [
    -0.03893350798098258,
    1.4774620243628473,
    0.6265910221032114
   ],
   [
    1.4587137938825725,
    0.12876280405770854,
    0.6419219758199867
   ],
   [
    -0.7818724549346284,
    1.190313028876203,
    0.5516467397888508
   ],
   [
    0.1398518232952883,
    1.4537049578672903,
    0.48251804807414195
   ],
   [
    1.035121037525303,
    -0.881687907790376,
    0.5551069262959683
   ],
   [
    1.1898899124712348,
    0.8887771587748925,
    0.4552622932822295
   ],
   [
    -0.6225542189089494,
    -1.2393243193394192,
    0.6170853751998452
   ],
   [
    1.3062753029236813,
    -0.5887005809131188,
    0.6176396936662806
   ],
   [
    -0.9164311356164823,
    1.1697087552913203,
    0.5509550780147986
   ],
   [
    -0.3367426919505393,
    -1.3277174793393869,
    0.5368859785264065
   ],
   [
    1.45540489572503,
    -0.2486693937529344,
    0.5785896895675903
   ],
   [
    -0.17834338071028077,
    1.3085593293283153,
    0.5066918935278475
   ],
   [
    -0.5821580556698492,
    1.228736284034222,
    0.5807834758942999
   ],
   [
    -1.201386282928497,
    0.5826817679269347,
    0.4569928638884544
   ],
   [
    -0.8979353321130974,
    1.0536317341651174,
    0.4700957444278962
   ],
   [
    -0.46230224821163557,
    1.2928095611460901,
    0.6246053184631288
   ],
   [
    -0.17812493137507088,
    1.2971563647590134,
    0.5587079895587991
   ],
   [
    -1.3976046612285713,
    0.4409012115986036,
    0.5444330078468408
   ],
   [
    0.11068407481592134,
    1.3264394253485436,
    0.5902300179814792
   ],
   [
    -1.254411844168486,
    -0.7901975477189301,
    0.5422723193754083
   ],
   [
    0.6327540659970856,
    1.169653237437023,
    0.4747329736565875
   ],
   [
    0.8588309918715645,
    -1.1406755443929701,
    0.632886973895127
   ],
   [
    -1.3487503614284788,
    -0.5708202859748757,
    0.6196907187766864
   ],
   [
    0.26047641061590915,
    -1.3960964150106718,
    0.5620362473642049
   ]
  ]
 },
 "appearance_assets": {
  "floor_pbr": "Tiles027",
  "background_hdr": "hotel_room_4k.hdr"
 },
 "environment_strength": 0.4687799032927772
}