{
 "objects": [
  {
   "obj_subpath": "pear/pear_011/pear_011.blend",
   "obj_location": [
    0.03917360086800731,
    -0.0729843175021892
   ],
   "obj_pose": [
    [
     0.10936682728774448,
     -0.9940014572871675,
     0.0
    ],
    [
     0.9940014572871675,
     0.10936682728774448,
     0.0
    ],
    [
     0.0,
     0.0,
     1.0
    ]
   ],
   "obj_scale": 0.6423275802881077,
   "obj_color": {
    "type": "random-mono",
    "color": [
     [
      0.8074199106003133,
      0.6736651854091066,
      0.6450337509461885
     ],
     [
      0.6444447283014382,
      0.2905457036323962,
      0.2147903483220147
     ],
     [
      0.9139653525546054,
      0.7585992821415418,
      0.7253417396028863
     ]
    ],
    "randomness": 0.3419114274104751,
    "scale": 2.227522563077343,
    "specular": 0.7791752326090354,
    "roughness": 0.23864147820933446,
    "clever": false
   }
  }
 ],
 "camera": {
  "track_to_point": [
   [
    0.012189354806586686,
    -0.01792551623451563,
    0.0
   ],
   [
    -0.06815124151980825,
    -0.2060316512099321,
    0.0
   ],
   [
    -0.07037828134737427,
    -0.17987086423162152,
    0.0
   ],
   [
    0.15578504545665847,
    -0.12634391031856895,
    0.0
   ],
   [
    0.16337585277368336,
    -0.05412779039046828,
    0.0
   ],
   [
    -0.05457763411344073,
    -0.14997624438618395,
    0.0
   ],
   [
    -0.014771355348716042,
    -0.07996158372790135,
    0.0
   ],
   [
    0.12703402075877532,
    -0.1786094443282745,
    0.0
   ],
   [
    -0.05087086148956718,
    0.05744721842602915,
    0.0
   ],
   [
    0.0449288715342088,
    -0.037003639636968205,
    0.0
   ],
   [
    0.012799316999792781,
    -0.19740405785588802,
    0.0
   ],
   [
    -0.04466376328130124,
    -0.13114830951457773,
    0.0
   ],
   [
    0.14125308894432195,
    0.014815801606786527,
    0.0
   ],
   [
    0.02677581267699175,
    -0.1040922187824134,
    0.0
   ],
   [
    0.13503257954884537,
    -0.15101011686712884,
    0.0
   ],
   [
    0.14318646025818546,
    -0.16110250658667435,
    0.0
   ],
   [
    0.019352297188048206,
    -0.08658641547519083,
    0.0
   ],
   [
    0.13698788005018755,
    -0.002503769099805958,
    0.0
   ],
   [
    0.08490760300853495,
    -0.22256926835637067,
    0.0
   ],
   [
    -0.03118983402884022,
    -0.10270450880165846,
    0.0
   ],
   [
    0.024396205017048173,
    0.07240382077780497,
    0.0
   ],
   [
    -0.06680353781416054,
    -0.1384256561496176,
    0.0
   ],
   [
    0.182337064311716,
    -0.1123187684446054,
    0.0
   ],
   [
    -0.02493139018347576,
    -0.17764550866022633,
    0.0
   ],
   [
    -0.04080491445033796,
    -0.03086395532128583,
    0.0
   ]
  ],
  "positions": [
   [
    -0.7034365118535776,
    1.3188576953552749,
    0.583566061654391
   ],
   [
    -0.5847536386370078,
    -1.2266468064046454,
    0.5038302505127928
   ],
   [
    0.7899093826254897,
    -1.1306041244238667,
    0.5208139958679173
   ],
   [
    -0.7918194037865461,
    -1.166723082445875,
    0.6303596027149014
   ],
   [
    -1.3343233791655063,
    -0.3919856522061562,
    0.5944776730832106
   ],
   [
    -0.5430944388945145,
    1.3259724131199093,
    0.5349811595452647
   ],
   [
    1.2936490962795972,
    0.7401978320321947,
    0.5348170155433924
   ],
   [
    -1.452730235761921,
    -0.29336598620210924,
    0.6145761242205774
   ],
   [
    -0.2957685971687744,
    1.2908380165162283,
    0.6329691594412232
   ],
   [
    0.8365942511607533,
    1.1947395174679944,
    0.6260691464426045
   ],
   [
    1.1460854924837671,
    -0.6570090602252172,
    0.5675957597516643
   ],
   [
    0.45218116553333243,
    1.3452004446994141,
    0.5109705170910288
   ],
   [
    1.3825470033425762,
    -0.2319823738694174,
    0.462018683740337
   ],
   [
    -0.2123205999581362,
    -1.4142641362385215,
    0.5253930636427133
   ],
   [
    -0.17634328273663094,
    -1.4890316507512191,
    0.6193372994311528
   ],
   [
    -0.9517887700561861,
    -1.0834117910051237,
    0.6131253882324303
   ],
   [
    -0.4520098497278597,
    1.252053514071026,
    0.48876298940862556
   ],
   [
    0.05799883972273854,
    -1.3153986446172181,
    0.5013244048030839
   ],
   [
    1.0565786849096916,
    -0.7911295426808241,
    0.5575850091691761
   ],
   [
    -0.32932247424194316,
    1.3606646916140157,
    0.5026970261870911
   ],
   [
    -1.3615157864524963,
    -0.0821249719335175,
    0.5363285972651002
   ],
   [
    1.0728505793177587,
    0.7781395003621872,
    0.48075570505938214
   ],
   [
    1.366661000056431,
    -0.2682300196297522,
    0.48381487349893876
   ],
   [
    0.12195106450029224,
    -1.2943616806568332,
    0.6220250135247853
   ],
   [
    1.1653857638494454,
    -0.7628149203743475,
    0.5195409871444031
   ]
  ]
 },
 "appearance_assets": {
  "floor_pbr": "Planks014",
  "background_hdr": "childrens_hospital_4k.hdr"
 },
 "environment_strength": 0.7255995593363822
}