{
 "objects": [
  {
   "obj_subpath": "cake/cake_032/cake_032.blend",
   "obj_location": [
    -0.12953962395789792,
    0.009522041481476784
   ],
   "obj_pose": [
    [
     0.6110320252508884,
     -0.7916058767579973,
     0.0
    ],
    [
     0.7916058767579973,
     0.6110320252508884,
     0.0
    ],
    [
     0.0,
     0.0,
     1.0
    ]
   ],
   "obj_scale": 0.6536348266883523,
   "obj_color": {
    "type": "random-multi",
    "color": [
     [
      0.42428672523817457,
      0.10371405676092227,
      0.6870867984469429
     ],
     [
      0.24710036669381868,
      0.13934150460069517,
      0.7487901969845598
     ],
     [
      0.12073489227052481,
      0.7560110625534642,
      0.49085933004110305
     ]
    ],
    "randomness": 0.5593583907615335,
    "scale": 0.6777010427159285,
    "specular": 0.7180826861263621,
    "roughness": 0.2996567615354984,
    "clever": false
   }
  }
 ],
 "camera": {
  "track_to_point": [
   [
    0.002410944941662635,
    0.10214063727946959,
    0.0
   ],
   [
    -0.13406831890165136,
    -0.09502507579868821,
    0.0
   ],
   [
    0.0029871205296291004,
    -0.08764761366421073,
    0.0
   ],
   [
    -0.0007788109151598832,
    0.1314968685174732,
    0.0
   ],
   [
    0.002905799144915816,
    0.131101568116787,
    0.0
   ],
   [
    -0.11960386234812714,
    0.10123778638106981,
    0.0
   ],
   [
    -0.016270652661206725,
    0.030658357622009275,
    0.0
   ],
   [
    -0.03155358596859523,
    0.06059867801930571,
    0.0
   ],
   [
    -0.16206662282280254,
    -0.08398323370921827,
    0.0
   ],
   [
    -0.2342067472932572,
    0.14171191597843916,
    0.0
   ],
   [
    -0.16651579368595382,
    0.02661742823562188,
    0.0
   ],
   [
    -0.11829999798756258,
    -0.047672201150410945,
    0.0
   ],
   [
    -0.2259029461871163,
    0.11326782762415724,
    0.0
   ],
   [
    -0.2705358483588309,
    -0.012050591558665197,
    0.0
   ],
   [
    -0.11957874751564698,
    -0.0470222985899421,
    0.0
   ],
   [
    -0.03029359712756094,
    -0.06202906240157326,
    0.0
   ],
   [
    -0.2264094908823456,
    0.007452804983392736,
    0.0
   ],
   [
    -0.23769504956209514,
    0.13402348059456268,
    0.0
   ],
   [
    -0.16432669272692707,
    0.08561575916080541,
    0.0
   ],
   [
    -0.035668071232696,
    -0.06769769289583516,
    0.0
   ],
   [
    -0.015850628581821596,
    -0.07598769488659816,
    0.0
   ],
   [
    -0.005835563890509793,
    -0.12842225039832125,
    0.0
   ],
   [
    0.000636294108690233,
    -0.07842566342809584,
    0.0
   ],
   [
    -0.04967767407251533,
    0.08255709494243627,
    0.0
   ],
   [
    -0.13359679940686714,
    -0.013957571104523614,
    0.0
   ]
  ],
  "positions": [
   [
    -0.6892438876860579,
    -1.1969217080912633,
    0.5849336456136984
   ],
   [
    1.0915339790626626,
    0.9112887165658489,
    0.4971851503692434
   ],
   [
    0.03162418159255734,
    -1.4463721804440126,
    0.5195325022940201
   ],
   [
    0.47925687967194003,
    1.3065798064029412,
    0.6147637021593038
   ],
   [
    -1.1674567855489555,
    -0.606654621562256,
    0.5151046472145218
   ],
   [
    1.287169437302433,
    0.40861666836866023,
    0.4764826180892459
   ],
   [
    -0.15325753378993914,
    1.3227943797293789,
    0.5993536927684889
   ],
   [
    0.03505203632321172,
    1.4834688432492702,
    0.6072587131119163
   ],
   [
    -0.4435333382999838,
    -1.303878262631267,
    0.6077869608843673
   ],
   [
    -0.9456648260487729,
    0.9329820187979119,
    0.5333821268399052
   ],
   [
    0.9063045178510817,
    0.9835601831070435,
    0.6143603640082592
   ],
   [
    -1.163505834042283,
    0.7387965145514614,
    0.5680653916778378
   ],
   [
    1.247187032364535,
    0.6655826998726562,
    0.49082946789238036
   ],
   [
    -0.086930572498095,
    1.3273529851861794,
    0.552866978860369
   ],
   [
    1.1880010853068395,
    0.7177879665204259,
    0.4747842164267196
   ],
   [
    -0.6042898098783328,
    -1.3131993046191262,
    0.45809551998879805
   ],
   [
    -1.2875466802989812,
    0.34438377067884746,
    0.4835619359526302
   ],
   [
    1.1543932374553667,
    0.7637791575875658,
    0.6170898811340995
   ],
   [
    -0.8166728231845711,
    1.2342397403288516,
    0.5785315033370231
   ],
   [
    0.7055208434624805,
    1.1365046335163917,
    0.6375456329065825
   ],
   [
    -0.46150698738013,
    -1.2881894673591217,
    0.4702746993974442
   ],
   [
    0.20479679614503643,
    1.2875063355146257,
    0.6293351949740411
   ],
   [
    1.0548308049336492,
    0.7921413849537903,
    0.4884413908780822
   ],
   [
    0.8634246292062739,
    1.1253205234578918,
    0.5969268820370346
   ],
   [
    -1.0003545232377467,
    0.9281255042027411,
    0.6166300001592525
   ]
  ]
 },
 "appearance_assets": {
  "floor_pbr": "WoodFloor028",
  "background_hdr": "cayley_interior_4k.hdr"
 },
 "environment_strength": 0.7940713870242982
}