{
 "objects": [
  {
   "obj_subpath": "mug/mug_045/mug_045.blend",
   "obj_location": [
    0.15327440674719384,
    -0.19928706061431273
   ],
   "obj_pose": [
    [
     0.007991531926786855,
     -0.9999680671988797,
     0.0
    ],
    [
     0.9999680671988797,
     0.007991531926786855,
     0.0
    ],
    [
     0.0,
     0.0,
     1.0
    ]
   ],
   "obj_scale": 0.6266977523387122,
   "obj_color": {
    "type": "random-mono",
    "color": [
     [
      0.5793995013988871,
      0.8514602286855877,
      0.6173994950182995
     ],
     [
      0.7875816951864928,
      0.9317169599757643,
      0.8077137414283334
     ]
    ],
    "randomness": 0.10518615157201039,
    "scale": 4.878230930390561,
    "specular": 0.7711924342917145,
    "roughness": 0.12622713380663175,
    "clever": false
   }
  }
 ],
 "camera": {
  "track_to_point": [
   [
    0.04125072530855961,
    -0.26582761289607837,
    0.0
   ],
   [
    0.16180997496816987,
    -0.3412336038988193,
    0.0
   ],
   [
    0.022065184908315716,
    -0.05766025364518604,
    0.0
   ],
   [
    0.2285949628503372,
    -0.2850226779182457,
    0.0
   ],
   [
    0.08736408333339363,
    -0.05592928717475684,
    0.0
   ],
   [
    0.2446524206894502,
    -0.23722493213358153,
    0.0
   ],
   [
    0.06469125762014441,
    -0.26413986908450826,
    0.0
   ],
   [
    0.1460370792400982,
    -0.2626925769660782,
    0.0
   ],
   [
    0.02700064665256699,
    -0.23823808392649298,
    0.0
   ],
   [
    0.28336566083081727,
    -0.26076348157409884,
    0.0
   ],
   [
    0.258423163578123,
    -0.28135265956533145,
    0.0
   ],
   [
    0.15708024320375102,
    -0.11606552216791607,
    0.0
   ],
   [
    0.2735621138899662,
    -0.18509839023474922,
    0.0
   ],
   [
    0.20352068377136187,
    -0.05430388746531192,
    0.0
   ],
   [
    0.10293439205498127,
    -0.10900647617604028,
    0.0
   ],
   [
    0.16705069705395945,
    -0.26394765525561653,
    0.0
   ],
   [
    0.12566360764128098,
    -0.102680093040599,
    0.0
   ],
   [
    0.1542760506031537,
    -0.27995943214749086,
    0.0
   ],
   [
    0.1959229097406011,
    -0.3401830475153259,
    0.0
   ],
   [
    0.11832078363388139,
    -0.29209610241848194,
    0.0
   ],
   [
    0.17483255599821196,
    -0.1687243140420013,
    0.0
   ],
   [
    0.09509443857637727,
    -0.20002565124573438,
    0.0
   ],
   [
    0.24644492950701244,
    -0.11413435014650611,
    0.0
   ],
   [
    0.08029846627055612,
    -0.1357632123016247,
    0.0
   ],
   [
    0.10766737949920858,
    -0.2990169074596686,
    0.0
   ]
  ],
  "positions": [
   [
    0.7930624044170314,
    1.1300878394755385,
    0.5770000138059204
   ],
   [
    -0.42894967101648007,
    -1.317874636557635,
    0.5837827488783354
   ],
   [
    -0.8790737698716193,
    1.109270531592905,
    0.518039108760678
   ],
   [
    1.1718630582626932,
    -0.5837386938325867,
    0.5914669306774153
   ],
   [
    -1.2561989118579648,
    -0.571691710901195,
    0.6047743634631488
   ],
   [
    1.4212208789949412,
    -0.18490933241092375,
    0.6398728100361986
   ],
   [
    -0.44721872790573586,
    -1.2931941287536723,
    0.48648967938993637
   ],
   [
    0.07726710707672106,
    1.351925842207928,
    0.616358902561053
   ],
   [
    -1.3443055078520132,
    -0.22249490805509586,
    0.5412295123488119
   ],
   [
    1.0368909084874414,
    0.8379673561449801,
    0.555745703995551
   ],
   [
    0.6219339060269015,
    1.235092163521773,
    0.6343369665907725
   ],
   [
    0.075738240760459,
    -1.4536920430109475,
    0.48130891842133583
   ],
   [
    1.3133208664551101,
    -0.028185029353281526,
    0.6197345602705127
   ],
   [
    0.3534861366121433,
    1.3494758138276268,
    0.5432799686218419
   ],
   [
    0.9968259226749684,
    1.0986539133569055,
    0.5261586553172455
   ],
   [
    1.3916373383086054,
    -0.5596365832489331,
    0.6289981326823151
   ],
   [
    1.0677500424832498,
    0.9896433602091019,
    0.48802525140331043
   ],
   [
    1.2388698489219958,
    -0.8017179395155524,
    0.6296074948600178
   ],
   [
    1.018592984643071,
    0.8663948308994619,
    0.59974177777434
   ],
   [
    0.7913473128528518,
    1.2337879124587823,
    0.6379674412330175
   ],
   [
    -0.9281806090082281,
    -1.0240299457607915,
    0.563705305261275
   ],
   [
    -0.7716281463319543,
    1.219597009202162,
    0.5170076293176127
   ],
   [
    -1.145103739321682,
    -0.6437802184852727,
    0.6258355710060182
   ],
   [
    0.4377341918281318,
    1.3438610713177188,
    0.49052738968905274
   ],
   [
    -1.0438186543408936,
    -0.7968811156252038,
    0.4565009546842801
   ]
  ]
 },
 "appearance_assets": {
  "floor_pbr": "Fabric024",
  "background_hdr": "cayley_interior_4k.hdr"
 },
 "environment_strength": 0.4449234249463101
}