{
 "objects": [
  {
   "obj_subpath": "flower/flower_043/flower_043.blend",
   "obj_location": [
    0.17204044096305748,
    -0.02450329724052308
   ],
   "obj_pose": [
    [
     -0.5230988873222678,
     0.8522719953642764,
     0.0
    ],
    [
     -0.8522719953642764,
     -0.5230988873222678,
     0.0
    ],
    [
     0.0,
     0.0,
     1.0
    ]
   ],
   "obj_scale": 0.6741694620281159,
   "obj_color": {
    "type": "random-multi",
    "color": [
     [
      0.08713141475100938,
      0.7772313082302438,
      0.49141362743217115
     ],
     [
      0.6610081567204101,
      0.01078959840563698,
      0.5163135735799576
     ],
     [
      0.07280092987267661,
      0.22718195703401936,
      0.9758238174224698
     ]
    ],
    "randomness": 3.8754340073759828,
    "scale": 1.2351010339454427,
    "specular": 0.6363898445828255,
    "roughness": 0.24955554004270553,
    "clever": true
   }
  }
 ],
 "camera": {
  "track_to_point": [
   [
    0.1725722140983758,
    -0.09262911082812703,
    0.0
   ],
   [
    0.2727673029166593,
    -0.10762717347356213,
    0.0
   ],
   [
    0.15529322789461267,
    -0.0459797174340528,
    0.0
   ],
   [
    0.19264292867416244,
    0.008689550912218846,
    0.0
   ],
   [
    0.2942709459721118,
    -0.049286696506982836,
    0.0
   ],
   [
    0.04055058280106991,
    -0.10370006063601701,
    0.0
   ],
   [
    0.11671083941833792,
    -0.01062444873019297,
    0.0
   ],
   [
    0.15238000872141166,
    -0.08235930446173707,
    0.0
   ],
   [
    0.03342191001075093,
    0.08314735717573593,
    0.0
   ],
   [
    0.23706078573375577,
    0.09615986913740696,
    0.0
   ],
   [
    0.26944403166810404,
    -0.08738165903361718,
    0.0
   ],
   [
    0.1425782194837235,
    0.11728056502537068,
    0.0
   ],
   [
    0.035515931305198034,
    0.01666586588752056,
    0.0
   ],
   [
    0.1617555529398017,
    0.08383276158378897,
    0.0
   ],
   [
    0.1771019485295823,
    -0.09561170237012573,
    0.0
   ],
   [
    0.2267502750217013,
    0.07764137927519996,
    0.0
   ],
   [
    0.06797246134131132,
    -0.049878610351444544,
    0.0
   ],
   [
    0.033977078625648416,
    0.028000906381190627,
    0.0
   ],
   [
    0.20798893504009397,
    -0.1412587029347465,
    0.0
   ],
   [
    0.06010618286919697,
    0.07042306189142883,
    0.0
   ],
   [
    0.22136916054645572,
    -0.03420859992609149,
    0.0
   ],
   [
    0.24680095087123236,
    0.10380934633950625,
    0.0
   ],
   [
    0.23126548484444917,
    -0.14846036855711622,
    0.0
   ],
   [
    0.2432869838365272,
    -0.09092196274118243,
    0.0
   ],
   [
    0.06049603091956886,
    0.07951391990126441,
    0.0
   ]
  ],
  "positions": [
   [
    0.9767705286307452,
    0.9143329656951209,
    0.5812049490459287
   ],
   [
    -1.157082602778405,
    0.8177822563984036,
    0.4961149182057093
   ],
   [
    0.41302992407048633,
    -1.2327724400919726,
    0.5356654525343801
   ],
   [
    -1.332047452704678,
    -0.5183694993491069,
    0.48672423873290693
   ],
   [
    1.1665931967680552,
    0.7870247599980877,
    0.5140142127788281
   ],
   [
    1.31016453423609,
    -0.29661045193020685,
    0.6240507740073615
   ],
   [
    -1.2975917572052038,
    -0.7119809629051792,
    0.4872834647207261
   ],
   [
    -1.2732292540011738,
    0.5922433803356273,
    0.45166496664521505
   ],
   [
    -0.5019380157266783,
    1.3654373468927037,
    0.6098913103184642
   ],
   [
    1.3976559055626276,
    0.5007041328391778,
    0.5269936221817553
   ],
   [
    -1.3018049382241204,
    0.16748786379985414,
    0.5196164550966191
   ],
   [
    -1.3457591972116565,
    -0.17866592897680966,
    0.6104963740918208
   ],
   [
    -1.036950197342239,
    1.0467101234614211,
    0.5667634037177939
   ],
   [
    0.696709069947618,
    1.202993605652937,
    0.5100324874361745
   ],
   [
    0.9944118984903867,
    0.8501843779395793,
    0.629338253076513
   ],
   [
    -0.3939070706517762,
    -1.2532538589522677,
    0.45253890107311556
   ],
   [
    -0.3338591983379801,
    1.356302346150263,
    0.47870000594077383
   ],
   [
    1.2640157501544105,
    -0.6206402898258974,
    0.6073985377087641
   ],
   [
    -1.4107614425112986,
    0.14527799164705735,
    0.5754774516385189
   ],
   [
    0.41255187281637523,
    -1.2725329290711522,
    0.48979722553816113
   ],
   [
    -1.3812254463094287,
    0.4665341177710261,
    0.5744033219837644
   ],
   [
    1.2998101566269038,
    0.49418117555215385,
    0.5501708032501896
   ],
   [
    -1.191033374702444,
    -0.7358923684269151,
    0.5377260775325319
   ],
   [
    -1.264226953979652,
    0.4234536176565695,
    0.5784705836414198
   ],
   [
    -0.7816597764451985,
    -1.2378018207103645,
    0.6498583707564607
   ]
  ]
 },
 "appearance_assets": {
  "floor_pbr": "Carpet013",
  "background_hdr": "photo_studio_01_4k.hdr"
 },
 "environment_strength": 0.7400005410474935
}