{
 "objects": [
  {
   "obj_subpath": "trashcan/trashcan_040/trashcan_040.blend",
   "obj_location": [
    0.0787846958524287,
    0.005470946027846979
   ],
   "obj_pose": [
    [
     -0.9387361638191283,
     0.34463664160699276,
     0.0
    ],
    [
     -0.34463664160699276,
     -0.9387361638191283,
     0.0
    ],
    [
     0.0,
     0.0,
     1.0
    ]
   ],
   "obj_scale": 0.6624095503669594,
   "obj_color": {
    "type": "random-multi",
    "color": [
     [
      0.16175789546007402,
      0.8933613281116788,
      0.2524384327932402
     ],
     [
      0.08175988007051449,
      0.08631344377295101,
      0.5319002704606935
     ],
     [
      0.8446124244560946,
      0.004749869221553071,
      0.6839508727923748
     ],
     [
      0.6715795954465936,
      0.03200856345154046,
      0.3085986587503296
     ]
    ],
    "randomness": 2.926301542750336,
    "scale": 0.6220947012273691,
    "specular": 0.6046987121073998,
    "roughness": 0.15350827160057928,
    "clever": false
   }
  }
 ],
 "camera": {
  "track_to_point": [
   [
    -0.005734273987999541,
    -0.06074245916862654,
    0.0
   ],
   [
    0.13980844672766704,
    0.11079893422938117,
    0.0
   ],
   [
    0.09042239036332039,
    0.08598201641909561,
    0.0
   ],
   [
    0.07806721336216421,
    0.15049000959048706,
    0.0
   ],
   [
    0.06598760363752251,
    -0.13354114190932595,
    0.0
   ],
   [
    0.11666373867979835,
    0.13878002410612475,
    0.0
   ],
   [
    0.11909870657476729,
    -0.04514911170939863,
    0.0
   ],
   [
    -0.057304161252726554,
    0.032093064190491793,
    0.0
   ],
   [
    0.07699916488800226,
    -0.11963406445280314,
    0.0
   ],
   [
    0.06163223863294537,
    -0.14445036143612097,
    0.0
   ],
   [
    0.10185556940591367,
    0.07713781058417635,
    0.0
   ],
   [
    0.20262978375041754,
    -0.09873420076239513,
    0.0
   ],
   [
    -0.0010197051768859183,
    0.11839892014285372,
    0.0
   ],
   [
    0.17893999488958304,
    -0.0783727228158373,
    0.0
   ],
   [
    0.015542558116247593,
    -0.013125623686235821,
    0.0
   ],
   [
    0.0049770734874202555,
    -0.06079627681681485,
    0.0
   ],
   [
    0.1557395076803643,
    -0.007081342829653697,
    0.0
   ],
   [
    0.08436661312290578,
    -0.05312249959126432,
    0.0
   ],
   [
    0.055059474330153596,
    0.057089043394025124,
    0.0
   ],
   [
    -0.0469264967363113,
    -0.08151268600429591,
    0.0
   ],
   [
    0.21394959834629987,
    -0.10422699364787984,
    0.0
   ],
   [
    0.20340161153306782,
    -0.1433104097523993,
    0.0
   ],
   [
    0.21561480252972462,
    -0.12109251110918653,
    0.0
   ],
   [
    -0.0514753927576119,
    -0.08679770330651579,
    0.0
   ],
   [
    0.007287507880428909,
    -0.112415976401922,
    0.0
   ]
  ],
  "positions": [
   [
    -1.1518528704565758,
    0.8295823994335669,
    0.6333528795640482
   ],
   [
    1.34486344848638,
    -0.2164668617207781,
    0.5099318160110814
   ],
   [
    -0.4943340493638255,
    -1.265969787254481,
    0.45295540150692437
   ],
   [
    -1.4038551658858558,
    -0.31445191610157297,
    0.6446723483996265
   ],
   [
    -1.380754115692285,
    0.3205559878346172,
    0.4806791310899332
   ],
   [
    -0.6276960258027602,
    -1.2786971739719781,
    0.6277574088341831
   ],
   [
    -1.1342169539173694,
    -0.648016423023543,
    0.6077433880620848
   ],
   [
    0.8600001179473837,
    -1.1138028817633145,
    0.5339034632235959
   ],
   [
    -1.1424752294352496,
    0.6648051365794115,
    0.6470667087498908
   ],
   [
    -1.4511464877485676,
    -0.2689772330789973,
    0.5225455417723761
   ],
   [
    1.2531327127205334,
    -0.410136728681345,
    0.5544568806242821
   ],
   [
    -1.4841788530473674,
    -0.006181350909378817,
    0.590889611682006
   ],
   [
    -0.024091652207013908,
    -1.3888828517636131,
    0.4901832059137205
   ],
   [
    0.9563776673417222,
    1.0451857125157182,
    0.48817817462361096
   ],
   [
    -0.38626888635095763,
    1.325945879363705,
    0.6429737064819987
   ],
   [
    -0.47947137562178804,
    1.2699760181576676,
    0.4789103624165359
   ],
   [
    0.7616290001393471,
    -1.2753617256780496,
    0.4933480902838617
   ],
   [
    -1.2546354717070771,
    -0.3647594091379957,
    0.6339731249558539
   ],
   [
    -0.8843444753444438,
    -1.1931340645984005,
    0.6268943714999677
   ],
   [
    0.5216607446076039,
    -1.386304533139628,
    0.5611933268620508
   ],
   [
    1.18950787200891,
    -0.612291923843712,
    0.5728013992837567
   ],
   [
    -1.262587831665877,
    0.7037447099115567,
    0.5250425289626509
   ],
   [
    0.9199285391881877,
    1.1847400338206766,
    0.5367368716898226
   ],
   [
    -1.1190486825247439,
    -0.7867745405365307,
    0.5636736963035759
   ],
   [
    -1.0099433589676408,
    -1.0218456613669533,
    0.6093906717194401
   ]
  ]
 },
 "appearance_assets": {
  "floor_pbr": "Planks018",
  "background_hdr": "cayley_interior_4k.hdr"
 },
 "environment_strength": 0.7768794846220727
}