{
 "objects": [
  {
   "obj_subpath": "robot/robot_104/robot_104.blend",
   "obj_location": [
    -0.14516781088140684,
    -0.09540055420163336
   ],
   "obj_pose": [
    [
     0.5528012608398186,
     -0.8333131260300097,
     0.0
    ],
    [
     0.8333131260300097,
     0.5528012608398186,
     0.0
    ],
    [
     0.0,
     0.0,
     1.0
    ]
   ],
   "obj_scale": 0.6772074148311951,
   "obj_color": {
    "type": "random-multi",
    "color": [
     [
      0.6258911264876744,
      0.14001170466972757,
      0.04094791360996919
     ],
     [
      0.6561020679779647,
      0.2047478557772835,
      0.8813621471689954
     ],
     [
      0.06445022229411901,
      0.6692561443123943,
      0.36519427850018427
     ],
     [
      0.06864597972479534,
      0.02073251204096571,
      0.8140333495264779
     ]
    ],
    "randomness": 1.7708340224083736,
    "scale": 1.4099983178504556,
    "specular": 0.8808752064105936,
    "roughness": 0.1480483502375312,
    "clever": false
   }
  }
 ],
 "camera": {
  "track_to_point": [
   [
    -0.27842349899217134,
    -0.09699546863672899,
    0.0
   ],
   [
    -0.17811815965433964,
    -0.1599150045491657,
    0.0
   ],
   [
    -0.05857106266937839,
    -0.20797819046809607,
    0.0
   ],
   [
    -0.026220969873533923,
    -0.08953140607618106,
    0.0
   ],
   [
    -0.2950069354126325,
    -0.1715417664286175,
    0.0
   ],
   [
    -0.26644036762488715,
    -0.1360296539186192,
    0.0
   ],
   [
    -0.2859726303878413,
    -0.034983182039232855,
    0.0
   ],
   [
    -0.07960321424211231,
    -0.19832044326233877,
    0.0
   ],
   [
    -0.1094284544733164,
    -0.1487648208118747,
    0.0
   ],
   [
    -0.10447849310449153,
    0.007609044165871784,
    0.0
   ],
   [
    -0.11908076961510039,
    -0.06389090992663259,
    0.0
   ],
   [
    -0.26436792757284205,
    -0.1532600421893432,
    0.0
   ],
   [
    -0.25934495594492935,
    0.050347721469109555,
    0.0
   ],
   [
    -0.1397505746550133,
    -0.0552651964659228,
    0.0
   ],
   [
    -0.13865513808016747,
    -0.1765953015278922,
    0.0
   ],
   [
    -0.17263155730004368,
    -0.0813968787658997,
    0.0
   ],
   [
    -0.1719715206257105,
    -0.012297546265992373,
    0.0
   ],
   [
    -0.20360542630774026,
    -0.012907353681602549,
    0.0
   ],
   [
    -0.05944182485967395,
    -0.11912684147100099,
    0.0
   ],
   [
    -0.20384319341285095,
    -0.08415953542401179,
    0.0
   ],
   [
    -0.04488969703742743,
    -0.1608634472418929,
    0.0
   ],
   [
    -0.22933632143443905,
    -0.043923390915121444,
    0.0
   ],
   [
    -0.2596319683221548,
    -0.230373128984049,
    0.0
   ],
   [
    -0.1988745612818425,
    -0.03733464518359579,
    0.0
   ],
   [
    -0.09614873382437647,
    -0.13638507332721828,
    0.0
   ]
  ],
  "positions": [
   [
    -1.408209621273134,
    0.37988269179938977,
    0.4790660171015138
   ],
   [
    -1.2175914766636473,
    -0.47669245353070877,
    0.4819421614994408
   ],
   [
    1.3589200372400845,
    -0.02724129441490785,
    0.5863558415177529
   ],
   [
    1.3743865672631197,
    0.4996941589580544,
    0.6121173337498329
   ],
   [
    1.2484131612618374,
    -0.4785324193519571,
    0.5222032020932775
   ],
   [
    0.07257488857264663,
    1.4644052120465145,
    0.4665396904591296
   ],
   [
    -1.2615260249613187,
    -0.7091908431941404,
    0.46002375405411594
   ],
   [
    -0.06837010466950362,
    -1.3498345125623485,
    0.5194095113250046
   ],
   [
    0.3279792753837754,
    -1.303253788541353,
    0.45063644587656465
   ],
   [
    -0.1074377048165953,
    1.3869114979690134,
    0.4610552701798942
   ],
   [
    -0.8814758675742161,
    -0.9688817788552642,
    0.6480344447725375
   ],
   [
    0.6433103625749204,
    -1.2029143668226658,
    0.47054285521580125
   ],
   [
    -1.2869010737890987,
    0.38496864557132354,
    0.4623973895015991
   ],
   [
    1.2979665622779648,
    -0.1671771595612143,
    0.5640750709528088
   ],
   [
    -1.349691980349085,
    0.051549143187808476,
    0.5472209007826153
   ],
   [
    -1.3218132871823538,
    0.1313397581822831,
    0.5603045399380309
   ],
   [
    0.3358865765143078,
    1.373124141399378,
    0.5034744050318062
   ],
   [
    -0.5528274670374491,
    1.3593844063228873,
    0.6242845085040384
   ],
   [
    -0.6174441012932445,
    1.36531680301703,
    0.6178330242347699
   ],
   [
    -0.5719378593991312,
    1.2985704278788424,
    0.5811322842955657
   ],
   [
    -1.2899591482598123,
    0.3969164281627498,
    0.5607113031759609
   ],
   [
    0.007743997825361957,
    -1.4209791309966797,
    0.6252522716546824
   ],
   [
    0.9572078440759074,
    -1.1004425648984821,
    0.5326603606170164
   ],
   [
    0.16421699078403967,
    1.371475974197346,
    0.4940846035474593
   ],
   [
    -0.047718224099502826,
    1.4706615903018683,
    0.4870586759704365
   ]
  ]
 },
 "appearance_assets": {
  "floor_pbr": "Tiles072",
  "background_hdr": "small_empty_house_4k.hdr"
 },
 "environment_strength": 0.4451725202761471
}