{
 "objects": [
  {
   "obj_subpath": "frog/frog_005/frog_005.blend",
   "obj_location": [
    0.19857730862075113,
    0.05378811211445955
   ],
   "obj_pose": [
    [
     -0.7373544142423709,
     -0.6755060827241233,
     0.0
    ],
    [
     0.6755060827241233,
     -0.7373544142423709,
     0.0
    ],
    [
     0.0,
     0.0,
     1.0
    ]
   ],
   "obj_scale": 0.6765182703468157,
   "obj_color": {
    "type": "random-multi",
    "color": [
     [
      0.6891231036392877,
      0.00793802365597851,
      0.05822817746874153
     ],
     [
      0.36678059491760207,
      0.6046651225742379,
      0.055770160901585375
     ],
     [
      0.8050654626042386,
      0.9223265184857059,
      0.023452148542495
     ]
    ],
    "randomness": 2.9176396636552737,
    "scale": 0.9676690161341102,
    "specular": 0.83521264166953,
    "roughness": 0.18006474577879636,
    "clever": false
   }
  }
 ],
 "camera": {
  "track_to_point": [
   [
    0.28834696846407903,
    0.08227791098045906,
    0.0
   ],
   [
    0.12043570630916516,
    -0.0003913991121882454,
    0.0
   ],
   [
    0.19313276552893158,
    0.15588269534313007,
    0.0
   ],
   [
    0.20028915291136126,
    -0.03342334756301896,
    0.0
   ],
   [
    0.08672892532040984,
    0.14109074985131626,
    0.0
   ],
   [
    0.29935325867899076,
    -0.0472202908740819,
    0.0
   ],
   [
    0.23859061033156825,
    -0.0002536404910584711,
    0.0
   ],
   [
    0.3003217886587428,
    -0.03981325925246004,
    0.0
   ],
   [
    0.2542092784870018,
    0.02386798378826438,
    0.0
   ],
   [
    0.29257691946779696,
    0.1749115303163625,
    0.0
   ],
   [
    0.16006184780340546,
    -0.09238461222369287,
    0.0
   ],
   [
    0.19944128805587932,
    0.0801195804389205,
    0.0
   ],
   [
    0.3325771194541258,
    0.1704050553184979,
    0.0
   ],
   [
    0.2601582924200808,
    0.14260606948452276,
    0.0
   ],
   [
    0.28791848136412923,
    -0.0496127828425723,
    0.0
   ],
   [
    0.15861496672902797,
    0.20144708057933117,
    0.0
   ],
   [
    0.17127022044490886,
    0.16130841481013766,
    0.0
   ],
   [
    0.25092253391158564,
    -0.09149648230086269,
    0.0
   ],
   [
    0.32433847704520813,
    0.1609840815459662,
    0.0
   ],
   [
    0.15926683173006256,
    -0.009272433284152698,
    0.0
   ],
   [
    0.2716606679759814,
    0.17258988239987386,
    0.0
   ],
   [
    0.09224647105403563,
    -0.03584926897162674,
    0.0
   ],
   [
    0.055502116794851536,
    0.12851808171864,
    0.0
   ],
   [
    0.06988104633652714,
    0.01958055755351404,
    0.0
   ],
   [
    0.2479228542269251,
    0.0499789292722303,
    0.0
   ]
  ],
  "positions": [
   [
    -1.196255130092615,
    -0.6065203824272551,
    0.5896235880771638
   ],
   [
    -1.2543627037605554,
    -0.7672419606382211,
    0.5664692732252326
   ],
   [
    0.5937754117740199,
    -1.26674533965941,
    0.4814815758854541
   ],
   [
    1.2311851146771131,
    0.8301074354493255,
    0.6045090762327452
   ],
   [
    -0.23263923712939003,
    1.3261236361261417,
    0.4734288876924378
   ],
   [
    -1.4329999474006685,
    0.30009221424188265,
    0.5210960149965669
   ],
   [
    -0.41314138586479515,
    1.4275879429963805,
    0.5983586738660478
   ],
   [
    0.003007393320630138,
    -1.4728462532247508,
    0.45299420870847806
   ],
   [
    0.0018790486198198577,
    1.3780244603191443,
    0.5806082593959778
   ],
   [
    -0.7957672736399429,
    -1.1353767480834194,
    0.497242561176837
   ],
   [
    -1.4044883524231442,
    -0.12438672906572935,
    0.6276305245821064
   ],
   [
    -1.0975329483778586,
    1.0071722845701536,
    0.46598123792488627
   ],
   [
    -0.0696172741019597,
    -1.3626518780768353,
    0.5884631243308683
   ],
   [
    1.3175644233941775,
    0.662119543909472,
    0.5635142156106029
   ],
   [
    -1.222065711583043,
    -0.8094892407158811,
    0.523147793696994
   ],
   [
    -1.1699634414165556,
    0.8866560762818306,
    0.621819012214679
   ],
   [
    -0.33123123734019505,
    -1.3132536530670431,
    0.4540153473525501
   ],
   [
    1.0518399766802145,
    0.9443888796465152,
    0.5693012468547514
   ],
   [
    1.265637163475117,
    0.40945060656574417,
    0.4738765506936426
   ],
   [
    0.9932011364414237,
    0.9407637473583867,
    0.5967286574520712
   ],
   [
    -1.2486607962833471,
    0.7476593664463691,
    0.5528168016174186
   ],
   [
    0.5844476829749873,
    -1.371792376447711,
    0.5548619205725716
   ],
   [
    -1.2598774576715253,
    -0.584291203566118,
    0.4728271782836619
   ],
   [
    -1.1495142277893822,
    0.6205215355292861,
    0.5053013769954883
   ],
   [
    -0.8480634644054624,
    -1.1607699276841525,
    0.6191035640129889
   ]
  ]
 },
 "appearance_assets": {
  "floor_pbr": "Planks011",
  "background_hdr": "wooden_lounge_4k.hdr"
 },
 "environment_strength": 0.7794095368204609
}