{
 "objects": [
  {
   "obj_subpath": "dinosaur/dinosaur_066/dinosaur_066.blend",
   "obj_location": [
    0.15606808746109618,
    0.055844077947614756
   ],
   "obj_pose": [
    [
     0.9999837706628144,
     -0.0056972283594564545,
     0.0
    ],
    [
     0.0056972283594564545,
     0.9999837706628144,
     0.0
    ],
    [
     0.0,
     0.0,
     1.0
    ]
   ],
   "obj_scale": 0.6093685582043392,
   "obj_color": {
    "type": "random-mono",
    "color": [
     [
      0.939723215122786,
      0.9668702983722715,
      0.9208469981943079
     ],
     [
      0.17914221319663648,
      0.27943263543414104,
      0.10940714263285195
     ]
    ],
    "randomness": 0.5648455752574056,
    "scale": 2.3392443260571145,
    "specular": 0.6247239640261719,
    "roughness": 0.22244942474567453,
    "clever": false
   }
  }
 ],
 "camera": {
  "track_to_point": [
   [
    0.178793779305557,
    0.04576361645810678,
    0.0
   ],
   [
    0.2324075965037451,
    0.13740653597474925,
    0.0
   ],
   [
    0.1990765514847029,
    0.17541068116991546,
    0.0
   ],
   [
    0.22498370898949957,
    0.08629199359689058,
    0.0
   ],
   [
    0.11679085641884321,
    0.08967784011298152,
    0.0
   ],
   [
    0.19478968513549627,
    0.039019889229578164,
    0.0
   ],
   [
    0.030522139174674418,
    0.13774732165840312,
    0.0
   ],
   [
    0.05514511481196882,
    -0.07517986715209343,
    0.0
   ],
   [
    0.17311349883281898,
    0.1560441358518662,
    0.0
   ],
   [
    0.16658935331855282,
    0.10500613316297511,
    0.0
   ],
   [
    0.0913658591267562,
    -0.008596177941350425,
    0.0
   ],
   [
    0.257920044236405,
    0.12280595493400204,
    0.0
   ],
   [
    0.018080571252939964,
    -0.09364174867263084,
    0.0
   ],
   [
    0.17997027249178646,
    0.149034959468503,
    0.0
   ],
   [
    0.14856149299123034,
    0.151334458684823,
    0.0
   ],
   [
    0.2203931608312912,
    0.13652449243635575,
    0.0
   ],
   [
    0.23364658993006412,
    0.08131495759740412,
    0.0
   ],
   [
    0.13715083758371444,
    -0.0031884934074798837,
    0.0
   ],
   [
    0.17418128031845065,
    0.029369766937979006,
    0.0
   ],
   [
    0.11908681924488568,
    0.04648414626523395,
    0.0
   ],
   [
    0.07613069928922973,
    -0.09178406506261427,
    0.0
   ],
   [
    0.2547356699034363,
    0.106102023211983,
    0.0
   ],
   [
    0.2892602476258721,
    -0.030398698087832215,
    0.0
   ],
   [
    0.020915511841429313,
    -0.07632880909722459,
    0.0
   ],
   [
    0.19844063498183515,
    0.0674745026497868,
    0.0
   ]
  ],
  "positions": [
   [
    -0.6823220524208979,
    1.1386733809113347,
    0.6143020312639338
   ],
   [
    0.7923104119735076,
    1.1667678716663525,
    0.5334635220553112
   ],
   [
    0.5772350813575978,
    -1.3052622985699263,
    0.5898928130746234
   ],
   [
    1.3418393545370653,
    -0.44648513517979216,
    0.5394805701949451
   ],
   [
    -1.0670372276184248,
    1.0154271652519258,
    0.5470343031864966
   ],
   [
    0.6008565085147243,
    1.2460703819135062,
    0.5475649944412269
   ],
   [
    1.4352820227762244,
    -0.26406818217332584,
    0.4990920796284006
   ],
   [
    1.0929368086048465,
    -1.014504381899259,
    0.6030028771348936
   ],
   [
    0.19256474416493757,
    1.4740781464919888,
    0.590602981382159
   ],
   [
    0.18622523152754686,
    -1.2915130963157497,
    0.6248031219262795
   ],
   [
    -0.21658142206589606,
    -1.287588702443406,
    0.536739190429711
   ],
   [
    -0.14593542837891305,
    1.4783457112739116,
    0.4965108252254629
   ],
   [
    -1.2823327449900992,
    0.4138114503029023,
    0.4885977064678757
   ],
   [
    1.3290712909423237,
    -0.14322436419170817,
    0.6099400180868296
   ],
   [
    1.2362952870118296,
    0.6014986406371544,
    0.5778450962437076
   ],
   [
    1.2619193238317932,
    0.804195757655928,
    0.6036279195683327
   ],
   [
    0.06848885262686706,
    1.3329511535400183,
    0.6068457326125827
   ],
   [
    -1.1061437044813411,
    -0.7850586438110645,
    0.6270999084669235
   ],
   [
    1.0271076813293938,
    -0.7986261327289462,
    0.5639766096198937
   ],
   [
    1.3855440042535012,
    0.4426896125962459,
    0.47298202374734283
   ],
   [
    -0.9678046402826982,
    -1.0432334299865196,
    0.5929272398027712
   ],
   [
    1.425300560668185,
    0.4625951380330003,
    0.5640375567198421
   ],
   [
    -0.7382517774414498,
    1.2535996639464013,
    0.506643165740537
   ],
   [
    -1.0811405831245067,
    0.8361961547442314,
    0.4682940044808419
   ],
   [
    0.8155648288927118,
    1.0149491917238052,
    0.5263579747991757
   ]
  ]
 },
 "appearance_assets": {
  "floor_pbr": "Planks013",
  "background_hdr": "entrance_hall_4k.hdr"
 },
 "environment_strength": 0.5432559226736877
}