{
 "objects": [
  {
   "obj_subpath": "violin/violin_006/violin_006.blend",
   "obj_location": [
    -0.032069765455466165,
    0.09064925037479188
   ],
   "obj_pose": [
    [
     -0.08042098105854065,
     0.9967609873011593,
     0.0
    ],
    [
     -0.9967609873011593,
     -0.08042098105854065,
     0.0
    ],
    [
     0.0,
     0.0,
     1.0
    ]
   ],
   "obj_scale": 0.6657002865459107,
   "obj_color": {
    "type": "random-multi",
    "color": [
     [
      0.8495918623329518,
      0.08606585728984262,
      0.5329131929194487
     ],
     [
      0.0768937080439438,
      0.08918155354380657,
      0.5937830209382031
     ]
    ],
    "randomness": 2.8021720543832,
    "scale": 0.7523699141609226,
    "specular": 0.6598410614613426,
    "roughness": 0.13181136003231694,
    "clever": false
   }
  }
 ],
 "camera": {
  "track_to_point": [
   [
    -0.09336588241197549,
    0.20928537634006963,
    0.0
   ],
   [
    -0.12452634983539336,
    0.11168258029805445,
    0.0
   ],
   [
    0.04138682379849498,
    0.17733207034489679,
    0.0
   ],
   [
    -0.1336605226964297,
    0.05700802690755863,
    0.0
   ],
   [
    0.03717664103322657,
    0.1507315787479227,
    0.0
   ],
   [
    0.0627962472017802,
    -0.025725702209896645,
    0.0
   ],
   [
    -0.16380049325887147,
    0.053833402712025455,
    0.0
   ],
   [
    -0.04037809882970672,
    0.11618491702065994,
    0.0
   ],
   [
    -0.13056847630951804,
    0.04035568780998171,
    0.0
   ],
   [
    -0.11304863027367361,
    0.04334752591129819,
    0.0
   ],
   [
    0.08361078507473979,
    0.035724888030143995,
    0.0
   ],
   [
    -0.12558321499499536,
    0.09108982946498725,
    0.0
   ],
   [
    -0.07491497740576679,
    -0.026818934871043365,
    0.0
   ],
   [
    -0.1516127090963884,
    0.13370885432651997,
    0.0
   ],
   [
    0.08664604677411081,
    0.16003344902842107,
    0.0
   ],
   [
    -0.18129225310311162,
    0.11934084091317917,
    0.0
   ],
   [
    -0.1466194198566828,
    0.1234382331584391,
    0.0
   ],
   [
    0.057748862106383,
    0.12045446411422747,
    0.0
   ],
   [
    -0.015162012621445925,
    -0.053038824176802224,
    0.0
   ],
   [
    -0.05071101717060669,
    0.1446908372791909,
    0.0
   ],
   [
    -0.0394713530709066,
    0.23630039898864283,
    0.0
   ],
   [
    -0.0070038817259427955,
    0.09184375861952865,
    0.0
   ],
   [
    -0.09960681025335354,
    0.06461804343838604,
    0.0
   ],
   [
    0.035168476628725576,
    0.1799302413422492,
    0.0
   ],
   [
    0.09537939412786112,
    -0.028235209639472222,
    0.0
   ]
  ],
  "positions": [
   [
    1.3063850278127453,
    -0.5300914849644432,
    0.5985323739538715
   ],
   [
    1.1159936044479717,
    0.7018558797833412,
    0.5132815472994888
   ],
   [
    -1.332891110051808,
    0.3747809488971243,
    0.45855962882196133
   ],
   [
    -1.005306983181023,
    0.8962801140865565,
    0.559282169169803
   ],
   [
    -1.3018242884420956,
    -0.6770061358619306,
    0.5404917689229267
   ],
   [
    0.8533935678324168,
    1.1087650242016835,
    0.49090225389558345
   ],
   [
    -0.3239129487958756,
    -1.3900823952052255,
    0.46567332118350757
   ],
   [
    -0.1856719499707136,
    -1.2888003123238962,
    0.5901150700855315
   ],
   [
    -1.3326474663981793,
    0.38758636284134723,
    0.6112415832093063
   ],
   [
    1.0835367273627148,
    -0.9449498616983922,
    0.6158161935311243
   ],
   [
    -1.287679338524047,
    -0.7367254060765829,
    0.6244956837985638
   ],
   [
    0.6518921527655582,
    -1.3459625398286634,
    0.5280283561979117
   ],
   [
    -1.3704674575064804,
    -0.5620601451931103,
    0.55175595916496
   ],
   [
    -1.4557468194142629,
    -0.19525053228598965,
    0.6378260015270392
   ],
   [
    -0.4867705640843955,
    1.3341308960042289,
    0.5875839722115772
   ],
   [
    0.9901525909105235,
    -0.8431195306682213,
    0.49531954530123523
   ],
   [
    1.350901700795943,
    0.21774334129134335,
    0.5860244126863577
   ],
   [
    0.38128045809467837,
    1.2447642377956485,
    0.5146899182502298
   ],
   [
    -1.3071904812382784,
    -0.01779958993733808,
    0.4872492114811975
   ],
   [
    -1.4233946984920944,
    0.15907626877776174,
    0.6264414569997101
   ],
   [
    -0.9969509012144597,
    0.9113717360973649,
    0.6397364517906159
   ],
   [
    -0.6226181664440772,
    1.313632252080579,
    0.5568226176531013
   ],
   [
    -1.3504037606595822,
    -0.3720650529098399,
    0.5908348985091688
   ],
   [
    -1.4663976700226986,
    -0.057318655292583814,
    0.48482045152930825
   ],
   [
    -1.4379751179334779,
    0.02839239383387693,
    0.49641649956239864
   ]
  ]
 },
 "appearance_assets": {
  "floor_pbr": "Marble012",
  "background_hdr": "music_hall_02_4k.hdr"
 },
 "environment_strength": 0.5307083638174289
}