{
 "objects": [
  {
   "obj_subpath": "snake/snake_004/snake_004.blend",
   "obj_location": [
    0.042132346342654114,
    -0.08230257760537363
   ],
   "obj_pose": [
    [
     0.810496476878005,
     -0.5857435112473219,
     0.0
    ],
    [
     0.5857435112473219,
     0.810496476878005,
     0.0
    ],
    [
     0.0,
     0.0,
     1.0
    ]
   ],
   "obj_scale": 0.6379326460471791,
   "obj_color": {
    "type": "random-multi",
    "color": [
     [
      0.12323278753798028,
      0.7621224359475031,
      0.2542644380290163
     ],
     [
      0.5618335389103026,
      0.08722314979410056,
      0.04989964696549276
     ],
     [
      0.9334841590311733,
      0.030369904196465236,
      0.5610480556291851
     ],
     [
      0.9251574484040647,
      0.21541351361098313,
      0.17085791613930723
     ]
    ],
    "randomness": 4.518404176881246,
    "scale": 1.1422595199101493,
    "specular": 0.7335119404077857,
    "roughness": 0.1905824949532102,
    "clever": false
   }
  }
 ],
 "camera": {
  "track_to_point": [
   [
    0.0823596818795497,
    -0.11323183964743916,
    0.0
   ],
   [
    0.07113917934386713,
    -0.16422178105808327,
    0.0
   ],
   [
    0.05341789932144106,
    -0.024504754910979643,
    0.0
   ],
   [
    0.00544804367418758,
    0.053195937522996256,
    0.0
   ],
   [
    -0.026592783739862305,
    -0.1426834022161611,
    0.0
   ],
   [
    -0.03326455537345639,
    -0.17968441429621915,
    0.0
   ],
   [
    0.19111795225868697,
    -0.011542436310359283,
    0.0
   ],
   [
    -0.09512626986879272,
    0.01781626554886842,
    0.0
   ],
   [
    -0.04532575162367687,
    -0.01603697605026061,
    0.0
   ],
   [
    0.12506882861752286,
    -0.08813665988258562,
    0.0
   ],
   [
    0.09587048423997754,
    -0.20111250909794137,
    0.0
   ],
   [
    0.18230438997942242,
    0.01964301681849287,
    0.0
   ],
   [
    0.15722580966600772,
    -0.22661555921901008,
    0.0
   ],
   [
    0.1491110427482222,
    -0.15668354243642996,
    0.0
   ],
   [
    0.12886052350040145,
    -0.21650572001450805,
    0.0
   ],
   [
    -0.009281629580475612,
    0.013099492356718728,
    0.0
   ],
   [
    -0.01789281403669357,
    -0.02016774424628917,
    0.0
   ],
   [
    0.18844819268099058,
    -0.09197160616387559,
    0.0
   ],
   [
    -0.027272188410639733,
    -0.20566204350284908,
    0.0
   ],
   [
    0.1446210935676491,
    -0.11650129813988513,
    0.0
   ],
   [
    0.0933170855940092,
    -0.04531180237926516,
    0.0
   ],
   [
    -0.07109420954119126,
    -0.16105286378889433,
    0.0
   ],
   [
    0.10513869922659524,
    -0.06929429626524378,
    0.0
   ],
   [
    0.14861253356500984,
    -0.18133650244789834,
    0.0
   ],
   [
    0.05072815793787103,
    -0.03222847464730799,
    0.0
   ]
  ],
  "positions": [
   [
    -0.9929936081030235,
    -0.85140026314254,
    0.4873979372004246
   ],
   [
    0.4835687142261305,
    1.256220617585621,
    0.48969925801676284
   ],
   [
    -1.3318332444557832,
    0.29734429315852984,
    0.5533065311153563
   ],
   [
    -1.1755216081144615,
    0.9217380854601043,
    0.4970744805425602
   ],
   [
    0.32595694915361423,
    1.4527127062975607,
    0.4678404381635458
   ],
   [
    1.2294657325904583,
    -0.748784573422248,
    0.5583706098706858
   ],
   [
    1.3609040833194213,
    0.31419759953190113,
    0.5384924318903386
   ],
   [
    1.3682528390609086,
    -0.32291002926869533,
    0.48384835200333626
   ],
   [
    1.4699965191724895,
    -0.18799160843277285,
    0.5245815766004762
   ],
   [
    1.2320170305327258,
    -0.4819289565955084,
    0.45329695661897934
   ],
   [
    -1.340445633704583,
    0.38813858908937,
    0.46442597126033286
   ],
   [
    0.9725538866997772,
    1.0546224296465,
    0.5514886833783335
   ],
   [
    -1.3498542912039118,
    0.14918116646307186,
    0.46838942619577073
   ],
   [
    1.2657830628420863,
    0.5806317780791385,
    0.49768405378448616
   ],
   [
    -1.2315130608310536,
    -0.6129790449506224,
    0.4871570660370018
   ],
   [
    -1.1751541150286353,
    -0.7208440570612686,
    0.4798817200026873
   ],
   [
    -0.6368690403529591,
    -1.218228775555612,
    0.509860586587831
   ],
   [
    -0.17985520036574842,
    -1.4736366101197418,
    0.6039575667754737
   ],
   [
    -0.18764222652490353,
    1.35198951903685,
    0.4884325282059729
   ],
   [
    0.14940266344054098,
    -1.428299703373426,
    0.4547420028172531
   ],
   [
    -0.00037781195280494413,
    1.3904807264670946,
    0.5142580610472179
   ],
   [
    -0.6643990901627733,
    -1.1950746516289439,
    0.4737932079939687
   ],
   [
    -1.1878530602886614,
    0.7865894804986024,
    0.46293575126040026
   ],
   [
    -1.30648980217864,
    0.4524956925021127,
    0.49958715998730713
   ],
   [
    -0.09415101053497864,
    -1.3632310999909403,
    0.5131312633852876
   ]
  ]
 },
 "appearance_assets": {
  "floor_pbr": "Carpet013",
  "background_hdr": "cayley_interior_4k.hdr"
 },
 "environment_strength": 0.4668388237869102
}