{
 "objects": [
  {
   "obj_subpath": "knife/knife_002/knife_002.blend",
   "obj_location": [
    -0.04054693311793903,
    0.04342216083029865
   ],
   "obj_pose": [
    [
     0.24901003260868504,
     0.9685009053481682,
     0.0
    ],
    [
     -0.9685009053481682,
     0.24901003260868504,
     0.0
    ],
    [
     0.0,
     0.0,
     1.0
    ]
   ],
   "obj_scale": 0.6308458613476071,
   "obj_color": {
    "type": "random-multi",
    "color": [
     [
      0.36338759684603994,
      0.5816934886965072,
      0.079322784654981
     ],
     [
      0.1070406919022272,
      0.20641840656333618,
      0.6464138079428111
     ],
     [
      0.03996926369958864,
      0.994021576241091,
      0.28417781602227654
     ],
     [
      0.0554519167128904,
      0.7633496642573363,
      0.3558598315036214
     ]
    ],
    "randomness": 0.22634619994624683,
    "scale": 1.399498497612238,
    "specular": 0.617005012622719,
    "roughness": 0.12668838002141028,
    "clever": false
   }
  }
 ],
 "camera": {
  "track_to_point": [
   [
    0.05709345598268395,
    0.002787098570666516,
    0.0
   ],
   [
    -0.026005050521714396,
    -0.04995078350904755,
    0.0
   ],
   [
    -0.18482959342091956,
    -0.000737337059911039,
    0.0
   ],
   [
    -0.018895810394184975,
    0.13279136706259778,
    0.0
   ],
   [
    -0.04741398062442076,
    0.03528957874486882,
    0.0
   ],
   [
    -0.18746210048264966,
    -0.06773799932247537,
    0.0
   ],
   [
    -0.02587683988897796,
    0.12355413596940601,
    0.0
   ],
   [
    -0.07823220500787757,
    -0.019285337212762946,
    0.0
   ],
   [
    0.02336997744707836,
    -0.036300493891514574,
    0.0
   ],
   [
    -0.11642528144579294,
    -0.06530230401876835,
    0.0
   ],
   [
    0.056217906710396975,
    0.029163683948120495,
    0.0
   ],
   [
    0.054287271463856285,
    0.021712357971380297,
    0.0
   ],
   [
    -0.030833055757237715,
    0.10821243928956181,
    0.0
   ],
   [
    -0.12054664885342921,
    -0.06738763338729595,
    0.0
   ],
   [
    0.08942338265654165,
    0.14920253629950134,
    0.0
   ],
   [
    0.027600399631462463,
    0.0922812364777035,
    0.0
   ],
   [
    0.10619233312289494,
    0.16700389789772022,
    0.0
   ],
   [
    0.01700993304595208,
    0.1795138389997534,
    0.0
   ],
   [
    -0.17139562945198042,
    -0.06447483405403029,
    0.0
   ],
   [
    -0.1843706034163878,
    0.033236289347482906,
    0.0
   ],
   [
    0.08896573224314319,
    0.038334503705929585,
    0.0
   ],
   [
    0.10334757447732801,
    -0.009460257929604088,
    0.0
   ],
   [
    0.03566302440939159,
    0.1313644046068763,
    0.0
   ],
   [
    -0.10674063110893202,
    0.16761063385691374,
    0.0
   ],
   [
    0.0048833518085549255,
    0.1643656593187313,
    0.0
   ]
  ],
  "positions": [
   [
    -0.8989019144637586,
    1.063752522479494,
    0.5702732039483187
   ],
   [
    -0.08855582333828779,
    -1.3021296933529996,
    0.4748947485063093
   ],
   [
    -1.2717493530376722,
    0.4801273166468542,
    0.4899962998442729
   ],
   [
    -1.3202568964409755,
    0.037664592230297604,
    0.6103884150745571
   ],
   [
    1.2744219452119139,
    -0.7540781484282825,
    0.5854061768508362
   ],
   [
    -0.736272179237439,
    -1.1984467911372048,
    0.6186833379202513
   ],
   [
    1.3732323133271198,
    0.127178667931094,
    0.619673757306682
   ],
   [
    0.05341265662784654,
    -1.3250258691456354,
    0.6266503057038662
   ],
   [
    0.07321770296541594,
    -1.3044769227845368,
    0.5648451499013462
   ],
   [
    -1.134839961382995,
    -0.8153224127681936,
    0.5903894163091545
   ],
   [
    1.182954070205013,
    0.7404561981104424,
    0.6129205649931078
   ],
   [
    1.0415667627173497,
    -0.7832830551096344,
    0.5766153683392162
   ],
   [
    -0.6454005256378365,
    -1.2393226727428244,
    0.6491948499227707
   ],
   [
    -1.4889794524849724,
    -0.0015903475911005845,
    0.6100477701940854
   ],
   [
    -0.06547204534423244,
    1.3819900977996131,
    0.6465757828237558
   ],
   [
    1.4327664007514826,
    0.39663248273988166,
    0.49965794550475945
   ],
   [
    1.021556819550621,
    -0.9356479131233407,
    0.4904611296588478
   ],
   [
    0.21426574519949884,
    -1.3308085270249108,
    0.46490315189863607
   ],
   [
    -1.1864453998790994,
    -0.7819468018995385,
    0.5776003563083107
   ],
   [
    1.129138054835225,
    0.8576426472975963,
    0.6153296967150844
   ],
   [
    0.20743814487031126,
    -1.3462611669964022,
    0.5961832960047078
   ],
   [
    -0.6043280528068207,
    -1.1795257957474856,
    0.4993027675336741
   ],
   [
    1.2778858176462051,
    -0.5412698280483718,
    0.49431332474844625
   ],
   [
    0.585010816686674,
    1.2397217808991408,
    0.6272398681235395
   ],
   [
    0.9920797564793058,
    0.9111451333942132,
    0.6377495201685072
   ]
  ]
 },
 "appearance_assets": {
  "floor_pbr": "Marble012",
  "background_hdr": "roof_garden_4k.hdr"
 },
 "environment_strength": 0.596394268527639
}