{
 "objects": [
  {
   "obj_subpath": "mug/mug_030/mug_030.blend",
   "obj_location": [
    -0.06922836244153321,
    -0.04264438606556267
   ],
   "obj_pose": [
    [
     -0.7761924003743758,
     0.6304961202109531,
     0.0
    ],
    [
     -0.6304961202109531,
     -0.7761924003743758,
     0.0
    ],
    [
     0.0,
     0.0,
     1.0
    ]
   ],
   "obj_scale": 0.6740466518903211,
   "obj_color": {
    "type": "random-mono",
    "color": [
     [
      0.17643591077246432,
      0.09092450701306812,
      0.1304424404478068
     ],
     [
      0.9153602562178436,
      0.8556379307787818,
      0.8832377920547032
     ],
     [
      0.9214188446672309,
      0.8349870050050243,
      0.8749303053866155
     ],
     [
      0.24480367756069302,
      0.0809451536991592,
      0.15667014421497805
     ]
    ],
    "randomness": 0.5006590671306174,
    "scale": 3.5827610722615564,
    "specular": 0.8170167838335876,
    "roughness": 0.12119991312026193,
    "clever": false
   }
  }
 ],
 "camera": {
  "track_to_point": [
   [
    -0.08094120952655837,
    0.05164351438429948,
    0.0
   ],
   [
    0.042673076743484195,
    0.043082727873884924,
    0.0
   ],
   [
    0.0020484286826917553,
    -0.10992724766427957,
    0.0
   ],
   [
    0.012861600442242244,
    -0.15957987950044886,
    0.0
   ],
   [
    0.02101460852742404,
    0.0849849481789835,
    0.0
   ],
   [
    -0.20804794527085155,
    -0.18685998552691993,
    0.0
   ],
   [
    0.04337848951703954,
    0.041502854609430956,
    0.0
   ],
   [
    -0.1916225971022204,
    0.08141738514587232,
    0.0
   ],
   [
    -0.2068490606518782,
    -0.11608527118522287,
    0.0
   ],
   [
    -0.12077954663179898,
    0.07346869718587856,
    0.0
   ],
   [
    -0.040757778699498176,
    -0.14653956176116806,
    0.0
   ],
   [
    -0.15289193167328702,
    0.04928914908737478,
    0.0
   ],
   [
    -0.12087149774476252,
    -0.02028753009575232,
    0.0
   ],
   [
    -0.14309348320260848,
    0.06990770949836922,
    0.0
   ],
   [
    -0.11763080543778796,
    0.0589725710985034,
    0.0
   ],
   [
    -0.16850854345181113,
    -0.0497876905787796,
    0.0
   ],
   [
    -0.16315522057946535,
    0.01588560536770431,
    0.0
   ],
   [
    -0.03104383360472493,
    -0.07429826368630735,
    0.0
   ],
   [
    -0.14286538284582884,
    -0.04027393723523556,
    0.0
   ],
   [
    -0.18677513853003752,
    0.016225219971551103,
    0.0
   ],
   [
    -0.1387812635497362,
    0.033131293912471854,
    0.0
   ],
   [
    -0.11399721125734827,
    -0.059699336585230356,
    0.0
   ],
   [
    -0.0136206696641967,
    -0.08218387356060057,
    0.0
   ],
   [
    -0.20815761198488666,
    -0.17454957942056185,
    0.0
   ],
   [
    -0.02819326525894486,
    -0.0033388187810493852,
    0.0
   ]
  ],
  "positions": [
   [
    -1.2179429589111945,
    0.623898166138013,
    0.49301260629395866
   ],
   [
    1.3404482581800643,
    -0.5384420292904988,
    0.618444964272285
   ],
   [
    1.1019186567104031,
    0.715815443066482,
    0.5960404085539859
   ],
   [
    -0.1741409250066157,
    1.368933855836922,
    0.4982938120906205
   ],
   [
    0.5293078024964332,
    -1.2675240261304757,
    0.45529311641304016
   ],
   [
    -0.5888893237472337,
    1.293189101689534,
    0.49078854308119235
   ],
   [
    0.8869751523493394,
    -1.0922489977489827,
    0.5587074968342927
   ],
   [
    1.2513063452880482,
    0.6222926795333227,
    0.47499587598665793
   ],
   [
    1.322000507974122,
    0.5581662964820229,
    0.5858237430561374
   ],
   [
    0.8019013444988148,
    -1.1931290521490516,
    0.4660916377705051
   ],
   [
    1.32290845231515,
    -0.6624380085629393,
    0.5000102697474762
   ],
   [
    -1.2012132914902025,
    -0.5755479131563127,
    0.4844797405185579
   ],
   [
    -0.09085948929444783,
    1.4317368774733892,
    0.5458297156480463
   ],
   [
    0.8936962347265922,
    1.2036098157133122,
    0.46620641865094203
   ],
   [
    -1.2685571480491038,
    -0.29641044497150093,
    0.6276742020565713
   ],
   [
    -0.9256838618391446,
    1.1537615533927652,
    0.5574319680367641
   ],
   [
    1.4313549799569982,
    0.4290856780476547,
    0.6045082082218869
   ],
   [
    -0.15601323924215704,
    1.3242884673686568,
    0.468251335879218
   ],
   [
    -1.2789409840085497,
    0.5560545161371724,
    0.6464316666241643
   ],
   [
    -1.2662434734374304,
    0.30914836900718545,
    0.56835907359044
   ],
   [
    -1.015881863230436,
    -0.9551886999416745,
    0.5533885536778013
   ],
   [
    -0.022817739428833864,
    1.3599675060550187,
    0.45452147670618165
   ],
   [
    1.1209856872029986,
    -0.7619485963345156,
    0.5662673764071359
   ],
   [
    0.4569111306745999,
    -1.4286013461173634,
    0.5372695315729119
   ],
   [
    -0.8459949784269079,
    1.1466405191077447,
    0.5013258161291759
   ]
  ]
 },
 "appearance_assets": {
  "floor_pbr": "Carpet009",
  "background_hdr": "wooden_lounge_4k.hdr"
 },
 "environment_strength": 0.41276243908489507
}