{
 "objects": [
  {
   "obj_subpath": "flower/flower_037/flower_037.blend",
   "obj_location": [
    -0.18119959467953542,
    0.08487330939955134
   ],
   "obj_pose": [
    [
     0.8141703951522676,
     0.5806260135901598,
     0.0
    ],
    [
     -0.5806260135901598,
     0.8141703951522676,
     0.0
    ],
    [
     0.0,
     0.0,
     1.0
    ]
   ],
   "obj_scale": 0.696672663052712,
   "obj_color": {
    "type": "random-mono",
    "color": [
     [
      0.1923082803588273,
      0.45983230375975925,
      0.4547435597662519
     ],
     [
      0.9969485844618732,
      0.9984025083904281,
      0.9983748523819531
     ]
    ],
    "randomness": 0.2323012716968368,
    "scale": 3.8725035196509396,
    "specular": 0.6870815419857945,
    "roughness": 0.27895528595288044,
    "clever": false
   }
  }
 ],
 "camera": {
  "track_to_point": [
   [
    -0.18249180842957352,
    0.14688274031980822,
    0.0
   ],
   [
    -0.2113589168854808,
    0.0562659234795876,
    0.0
   ],
   [
    -0.294236833441613,
    0.16280766568582725,
    0.0
   ],
   [
    -0.1937640190707009,
    -0.011406509086346467,
    0.0
   ],
   [
    -0.09289129700171517,
    0.003527496356066445,
    0.0
   ],
   [
    -0.21472235466966932,
    0.02277107173666311,
    0.0
   ],
   [
    -0.19136665245866685,
    0.023701271017416675,
    0.0
   ],
   [
    -0.3048431764684836,
    -0.016131704988777945,
    0.0
   ],
   [
    -0.11937027700083086,
    0.09996848489334598,
    0.0
   ],
   [
    -0.10799391493879978,
    0.14608855676049426,
    0.0
   ],
   [
    -0.1394526712481833,
    -0.035391253374434994,
    0.0
   ],
   [
    -0.033726078304015195,
    -0.01678604671721759,
    0.0
   ],
   [
    -0.058566615303892955,
    0.21445888935380322,
    0.0
   ],
   [
    -0.22751160271890564,
    0.17125301687177005,
    0.0
   ],
   [
    -0.30906241220460456,
    0.09403255135122293,
    0.0
   ],
   [
    -0.2030660215744179,
    -0.00417272319155626,
    0.0
   ],
   [
    -0.15848377362324773,
    0.06934008020067325,
    0.0
   ],
   [
    -0.09453947062087883,
    0.16388327463292582,
    0.0
   ],
   [
    -0.05107572040141006,
    0.012120563183079233,
    0.0
   ],
   [
    -0.08312571596678325,
    0.03809593723015113,
    0.0
   ],
   [
    -0.17517029668871795,
    0.12706967024584068,
    0.0
   ],
   [
    -0.28934951675365084,
    0.11299098412292632,
    0.0
   ],
   [
    -0.048949624108373224,
    0.1634452951749322,
    0.0
   ],
   [
    -0.047282046289151336,
    0.2299350684155491,
    0.0
   ],
   [
    -0.09905836301421797,
    0.045028919838282805,
    0.0
   ]
  ],
  "positions": [
   [
    0.6833150610619284,
    -1.3189206595869594,
    0.5171908855111548
   ],
   [
    0.4938439638748384,
    1.2760948251162003,
    0.554420457087903
   ],
   [
    0.8793420342980196,
    1.055524080328089,
    0.47095687399049885
   ],
   [
    1.1324706674951173,
    -0.7746969077515345,
    0.4693128641429987
   ],
   [
    1.447045356494538,
    0.22921970459559463,
    0.47771171709718596
   ],
   [
    0.5845367873673356,
    -1.194708153909887,
    0.5896679129990889
   ],
   [
    1.1437661571332118,
    -0.9346049469143047,
    0.5186526057869199
   ],
   [
    0.3252216822222421,
    1.335575808291512,
    0.49612181979348263
   ],
   [
    0.9005066143372668,
    -1.1687370540081354,
    0.56080021037346
   ],
   [
    1.246079998843063,
    0.39026575965723115,
    0.6104520181272808
   ],
   [
    0.8041809771879519,
    1.1927366054746997,
    0.5388041168398066
   ],
   [
    0.18058582664964506,
    1.3382555512729406,
    0.633250106402959
   ],
   [
    -1.4159948232354183,
    -0.06121554577727228,
    0.5671717438101713
   ],
   [
    -0.35512895039830006,
    -1.2922794045081125,
    0.5148303453447035
   ],
   [
    -0.4344684741470653,
    1.3441021649149647,
    0.5022052838399543
   ],
   [
    1.0529212944261952,
    0.92969778035234,
    0.6473055824830185
   ],
   [
    0.03208083504606228,
    1.330570130900382,
    0.5691258403520374
   ],
   [
    0.12451586633156744,
    1.4318811108551177,
    0.5900199488579568
   ],
   [
    -1.430707782434581,
    -0.3393082814239637,
    0.5527106029356377
   ],
   [
    -0.5564920009713715,
    1.3616599317084186,
    0.4761825349509404
   ],
   [
    -0.02041666122461,
    1.462193337443972,
    0.5606543226214865
   ],
   [
    -0.8521571900880198,
    -1.1296272598226238,
    0.49965842531778054
   ],
   [
    0.11075978215304348,
    -1.3555704346996091,
    0.5190728053292765
   ],
   [
    -1.0309922116222243,
    0.9137655222136187,
    0.520297870665837
   ],
   [
    1.0565236305030532,
    0.9912410937897947,
    0.47435822541121797
   ]
  ]
 },
 "appearance_assets": {
  "floor_pbr": "Fabric025",
  "background_hdr": "small_empty_house_4k.hdr"
 },
 "environment_strength": 0.7025536235525096
}