{
 "objects": [
  {
   "obj_subpath": "hat/hat_000/hat_000.blend",
   "obj_location": [
    -0.14833065203110946,
    -0.055993183291315946
   ],
   "obj_pose": [
    [
     -0.28253597941953634,
     -0.9592567020007957,
     0.0
    ],
    [
     0.9592567020007957,
     -0.28253597941953634,
     0.0
    ],
    [
     0.0,
     0.0,
     1.0
    ]
   ],
   "obj_scale": 0.6314428374947226,
   "obj_color": {
    "type": "random-multi",
    "color": [
     [
      0.02025951455674213,
      0.6643901245770829,
      0.8803158166199743
     ],
     [
      0.6737089959484476,
      0.056984092510943385,
      0.33285250403653693
     ],
     [
      0.6796310294297954,
      0.14301423495494023,
      0.018752983187995786
     ]
    ],
    "randomness": 3.4721557862150654,
    "scale": 0.7977005197075828,
    "specular": 0.8510358155389084,
    "roughness": 0.11646086498193116,
    "clever": false
   }
  }
 ],
 "camera": {
  "track_to_point": [
   [
    -0.11933207108136076,
    -0.10793016436470675,
    0.0
   ],
   [
    -0.07343181450255115,
    -0.011193790751633265,
    0.0
   ],
   [
    -0.15101278308769145,
    0.03614079796733577,
    0.0
   ],
   [
    -0.016310904695348932,
    -0.06282578708384676,
    0.0
   ],
   [
    -0.1661142022494036,
    -0.04880572607403086,
    0.0
   ],
   [
    -0.02542598298034157,
    -0.12129146343551274,
    0.0
   ],
   [
    -0.10861728249690278,
    -0.06527136569265632,
    0.0
   ],
   [
    -0.05300865724429002,
    0.07911974595666149,
    0.0
   ],
   [
    -0.15826092048616022,
    0.08085900494231968,
    0.0
   ],
   [
    -0.15322771960586823,
    0.03174032690733025,
    0.0
   ],
   [
    -0.04421032495822838,
    -0.027126040372359245,
    0.0
   ],
   [
    -0.14894319347402718,
    0.035107397758020076,
    0.0
   ],
   [
    -0.1059510984084305,
    -0.06280581955933262,
    0.0
   ],
   [
    -0.1622526328429331,
    0.022491020429760644,
    0.0
   ],
   [
    -0.23638199938048385,
    -0.18307881907441387,
    0.0
   ],
   [
    -0.16275207509833273,
    -0.06765214178078371,
    0.0
   ],
   [
    -0.07437657516406262,
    0.04583850043316773,
    0.0
   ],
   [
    -0.25344591577667364,
    -0.08287180631275957,
    0.0
   ],
   [
    -0.15841875187637677,
    -0.04728894894897914,
    0.0
   ],
   [
    -0.11644733052395029,
    -0.19649957052400702,
    0.0
   ],
   [
    -0.16783079265538176,
    -0.20184026077396142,
    0.0
   ],
   [
    -0.15999109890682223,
    -0.0014777513540644993,
    0.0
   ],
   [
    -0.06721059828094486,
    0.003215058420302702,
    0.0
   ],
   [
    -0.20719227100484114,
    0.0037921485519089304,
    0.0
   ],
   [
    -0.058334780603446545,
    -0.13485429974869828,
    0.0
   ]
  ],
  "positions": [
   [
    -0.9883314237757866,
    0.9846529574714852,
    0.59237944867156
   ],
   [
    -0.34796894611432283,
    -1.3659619663610487,
    0.5491339192373991
   ],
   [
    0.10479098073747377,
    -1.379566948176786,
    0.48755811573806646
   ],
   [
    -1.119505643545228,
    -0.9174786311245274,
    0.5613926814302461
   ],
   [
    -1.4127253324780116,
    -0.19588940361347637,
    0.5600387508962366
   ],
   [
    -1.0653362794764152,
    1.001480471739253,
    0.5010561236816766
   ],
   [
    1.4929875184646435,
    -0.07591408335500192,
    0.6379858267652609
   ],
   [
    0.6909777958083658,
    -1.3117522953003025,
    0.6372178621145415
   ],
   [
    -0.1980398532710426,
    -1.3352055337499769,
    0.4780199281662975
   ],
   [
    1.1019658568413058,
    -0.800073248960884,
    0.5195988652414578
   ],
   [
    1.3463635382595032,
    -0.13550420587296644,
    0.530071240211949
   ],
   [
    -0.2349596139039576,
    -1.3028877752963754,
    0.6333406294427422
   ],
   [
    0.11713756025838727,
    -1.4017615687589606,
    0.5275495272704441
   ],
   [
    0.4816778047434308,
    -1.2554252299962334,
    0.6041689856505454
   ],
   [
    1.3200102447005124,
    -0.029690962434825257,
    0.595298479331283
   ],
   [
    0.49174644233764336,
    1.404924732340586,
    0.6444806195639627
   ],
   [
    -1.1744095998017867,
    -0.6697098997426515,
    0.605904291251631
   ],
   [
    -0.6287077195409966,
    -1.3318484312209928,
    0.6433221578839045
   ],
   [
    0.13223110364386145,
    1.3437850859670701,
    0.4712320073955247
   ],
   [
    0.767316826661662,
    1.2472393794960643,
    0.5152264584326893
   ],
   [
    1.1576062957082667,
    0.8178506775181822,
    0.5103796171119342
   ],
   [
    -0.5857703077689445,
    1.292335809186358,
    0.6434696996559613
   ],
   [
    1.2041358664387203,
    -0.8536066037485285,
    0.6022268973609224
   ],
   [
    -0.42137743068643657,
    -1.409825969977904,
    0.5167075590526174
   ],
   [
    -0.6419053507102456,
    -1.2922693495508906,
    0.501216194435009
   ]
  ]
 },
 "appearance_assets": {
  "floor_pbr": "Fabric024",
  "background_hdr": "lythwood_lounge_4k.hdr"
 },
 "environment_strength": 0.777799125818753
}