{
 "objects": [
  {
   "obj_subpath": "drum/drum_007/drum_007.blend",
   "obj_location": [
    -0.08761662050182868,
    0.07883802895951836
   ],
   "obj_pose": [
    [
     -0.10990714522869321,
     -0.9939418591787343,
     0.0
    ],
    [
     0.9939418591787343,
     -0.10990714522869321,
     0.0
    ],
    [
     0.0,
     0.0,
     1.0
    ]
   ],
   "obj_scale": 0.6991792094953246,
   "obj_color": {
    "type": "random-multi",
    "color": [
     [
      0.578124539959067,
      0.9805212269447184,
      0.08176486148341822
     ],
     [
      0.3167882185369023,
      0.680382153037213,
      0.02618109993309803
     ],
     [
      0.783707001652039,
      0.10374721702549161,
      0.5314576996644771
     ],
     [
      0.5708279123683543,
      0.14615826411843025,
      0.7000061671402524
     ]
    ],
    "randomness": 3.3953866343840886,
    "scale": 1.462921730744796,
    "specular": 0.8883605320233309,
    "roughness": 0.179095027670212,
    "clever": false
   }
  }
 ],
 "camera": {
  "track_to_point": [
   [
    -0.21472364982603542,
    0.20317197204422568,
    0.0
   ],
   [
    0.03468447092022227,
    0.17079320079468419,
    0.0
   ],
   [
    -0.009620753700598658,
    0.019210162939988604,
    0.0
   ],
   [
    -0.04450302543392136,
    0.04213139578853123,
    0.0
   ],
   [
    0.05789484176719363,
    -0.0055300100746747405,
    0.0
   ],
   [
    -0.03881723178252176,
    0.20737873082000932,
    0.0
   ],
   [
    -0.21440406332221318,
    0.13387291493377065,
    0.0
   ],
   [
    -0.06770914407613103,
    0.15876948353878712,
    0.0
   ],
   [
    -0.08010060030911788,
    -0.05861226339296191,
    0.0
   ],
   [
    -0.1729890168929292,
    -0.00956748603431111,
    0.0
   ],
   [
    -0.19351606219613704,
    -0.062820918416198,
    0.0
   ],
   [
    -0.21614691388256296,
    0.09379673117911436,
    0.0
   ],
   [
    -0.17206095145235073,
    -0.02551027259768396,
    0.0
   ],
   [
    -0.03094229109192452,
    0.0024565581158937505,
    0.0
   ],
   [
    -0.08296080436123408,
    0.05693125998882104,
    0.0
   ],
   [
    -0.224333608465835,
    -0.03292111635005929,
    0.0
   ],
   [
    -0.043814227470283865,
    0.13582583688549876,
    0.0
   ],
   [
    -0.19033350691238943,
    0.2015446010943047,
    0.0
   ],
   [
    0.019336992245707743,
    0.0344993473779205,
    0.0
   ],
   [
    -0.17295141748698822,
    0.2119397254352625,
    0.0
   ],
   [
    -0.22942725779343798,
    -0.01993198485964509,
    0.0
   ],
   [
    -0.025796292867434248,
    0.2043439663883009,
    0.0
   ],
   [
    -0.21504971510149506,
    0.11253270657349562,
    0.0
   ],
   [
    -0.02466502925684856,
    0.1678991315820877,
    0.0
   ],
   [
    -0.08016566067611981,
    0.19234879894605986,
    0.0
   ]
  ],
  "positions": [
   [
    -1.1790346615837533,
    0.631826789676588,
    0.648567389507302
   ],
   [
    0.5867941289714578,
    1.2497260449102932,
    0.5510509507744721
   ],
   [
    -1.2612944323921012,
    0.7243133781581854,
    0.46668641777051895
   ],
   [
    0.5606954720573083,
    -1.3114412846765626,
    0.5320421660920079
   ],
   [
    -0.09756167920632496,
    1.3763393435818843,
    0.5089428949669325
   ],
   [
    1.3054926101512048,
    0.616395793040022,
    0.5363309176357995
   ],
   [
    -0.3550570197740281,
    1.3525765370864569,
    0.6278326000453153
   ],
   [
    -1.1663138153274886,
    0.5997208133188136,
    0.4982976683512963
   ],
   [
    -0.8293200798203885,
    1.0510992688922545,
    0.4804528521696351
   ],
   [
    1.0731323466634388,
    0.977549817095107,
    0.46837604145247375
   ],
   [
    -0.6576438778885926,
    1.2499914310807605,
    0.4804443153076816
   ],
   [
    -1.373160502994893,
    -0.602975163344647,
    0.6043450609284253
   ],
   [
    0.6767546267671484,
    1.2847530168351082,
    0.5260936797658572
   ],
   [
    1.3690880630956015,
    0.00464580649876787,
    0.5549391384559959
   ],
   [
    -0.8779581107589797,
    -1.0360518768241618,
    0.4554266779803309
   ],
   [
    -1.410204725934857,
    -0.41899122094941166,
    0.5899398399917737
   ],
   [
    1.4240060536622317,
    0.3112163248662764,
    0.5794196075839553
   ],
   [
    -0.8029383252576255,
    -1.240622743507696,
    0.5490564488521947
   ],
   [
    -0.8927079807626652,
    -1.0557957680491228,
    0.6251075999269771
   ],
   [
    -1.0206212838375432,
    1.0802091057027698,
    0.609020966555615
   ],
   [
    -1.4177531587672396,
    -0.4492723852462728,
    0.4751426618398609
   ],
   [
    -0.7131512171228604,
    -1.241858839188833,
    0.592493733882845
   ],
   [
    1.2415126740186553,
    0.47812753258398377,
    0.4920697621804867
   ],
   [
    -1.214615564566468,
    0.6485243135330558,
    0.49006385705146444
   ],
   [
    0.33736090593911966,
    -1.3003648370436256,
    0.5126072334246294
   ]
  ]
 },
 "appearance_assets": {
  "floor_pbr": "Carpet007",
  "background_hdr": "lythwood_room_4k.hdr"
 },
 "environment_strength": 0.665111389003135
}