{
 "objects": [
  {
   "obj_subpath": "pear/pear_012/pear_012.blend",
   "obj_location": [
    -0.18166614155961783,
    -0.16352236127110975
   ],
   "obj_pose": [
    [
     0.9999976562029552,
     0.0021650839697999868,
     0.0
    ],
    [
     -0.0021650839697999868,
     0.9999976562029552,
     0.0
    ],
    [
     0.0,
     0.0,
     1.0
    ]
   ],
   "obj_scale": 0.6549386548677079,
   "obj_color": {
    "type": "random-multi",
    "color": [
     [
      0.24344565592611417,
      0.8838904453498697,
      0.03402592481004829
     ],
     [
      0.6542820974336472,
      0.27536240151778957,
      0.06072558030354169
     ],
     [
      0.5896948888477285,
      0.13960123208876296,
      0.51104009395772
     ]
    ],
    "randomness": 1.063096224945716,
    "scale": 0.5714202767987683,
    "specular": 0.6928212250143844,
    "roughness": 0.10100138168815172,
    "clever": false
   }
  }
 ],
 "camera": {
  "track_to_point": [
   [
    -0.12563762882299911,
    -0.21728369222401056,
    0.0
   ],
   [
    -0.18518615223695425,
    -0.30446773965391505,
    0.0
   ],
   [
    -0.1748020169027489,
    -0.206380080524237,
    0.0
   ],
   [
    -0.11165531120762609,
    -0.18011281923959518,
    0.0
   ],
   [
    -0.10161143935710804,
    -0.2858074192155876,
    0.0
   ],
   [
    -0.23299457820992625,
    -0.2906758219042148,
    0.0
   ],
   [
    -0.17333264456888725,
    -0.24621987592902123,
    0.0
   ],
   [
    -0.10314992382662161,
    -0.04779268228372999,
    0.0
   ],
   [
    -0.11758212801635501,
    -0.24870678120884704,
    0.0
   ],
   [
    -0.28488000760370413,
    -0.221583978156217,
    0.0
   ],
   [
    -0.1872907738977188,
    -0.30490676146260487,
    0.0
   ],
   [
    -0.212173289326933,
    -0.30774793060090033,
    0.0
   ],
   [
    -0.11726000732908606,
    -0.23291953959171657,
    0.0
   ],
   [
    -0.3013338806487301,
    -0.0953875127704206,
    0.0
   ],
   [
    -0.11546913567478198,
    -0.1442228948266549,
    0.0
   ],
   [
    -0.279852203100332,
    -0.25614168389063896,
    0.0
   ],
   [
    -0.1151020762770075,
    -0.0636478599644614,
    0.0
   ],
   [
    -0.2030660368611319,
    -0.11601197824366563,
    0.0
   ],
   [
    -0.03178116945345938,
    -0.09948032048562824,
    0.0
   ],
   [
    -0.20130821237258376,
    -0.22831036608201544,
    0.0
   ],
   [
    -0.09133877067731741,
    -0.2611789377607091,
    0.0
   ],
   [
    -0.157849587891115,
    -0.29189027589189576,
    0.0
   ],
   [
    -0.09123465339971962,
    -0.13717548747265826,
    0.0
   ],
   [
    -0.3067719144447565,
    -0.04418610957190658,
    0.0
   ],
   [
    -0.24954811081590184,
    -0.1756715845577042,
    0.0
   ]
  ],
  "positions": [
   [
    1.1321053602835929,
    -0.8485673215557484,
    0.5849421188208468
   ],
   [
    -1.1635200944684243,
    -0.833724632862636,
    0.6088217208728233
   ],
   [
    -1.3031245774391522,
    0.572495571395538,
    0.46666932551021917
   ],
   [
    -0.16740347457078875,
    1.3772842615571004,
    0.5352117811067656
   ],
   [
    0.03570771680011108,
    1.4477485674707027,
    0.485736596834035
   ],
   [
    0.9158615356838153,
    -1.1874264217972352,
    0.5493889633181658
   ],
   [
    -0.42920849974780323,
    -1.2868514490028817,
    0.5571772534366218
   ],
   [
    1.2759100665378815,
    0.7237660370700595,
    0.5800185761306671
   ],
   [
    -0.1584083574651971,
    -1.2963425247779026,
    0.465174441361575
   ],
   [
    -0.8570583970521065,
    1.1397010170966064,
    0.6327055988453862
   ],
   [
    -0.9702492484798386,
    -0.9610375356660529,
    0.5639043862598373
   ],
   [
    1.053755777952466,
    0.9159895676618649,
    0.6165657164766014
   ],
   [
    -1.3450533159411016,
    0.35143515899020084,
    0.514978580772152
   ],
   [
    0.36712711172243745,
    1.3194516401918466,
    0.47012912320071404
   ],
   [
    -0.26694532519510694,
    1.3483724524865388,
    0.5964451698207393
   ],
   [
    0.486249676305564,
    1.3957332317054094,
    0.45723983157374154
   ],
   [
    1.0037004201755628,
    -0.8818062305833736,
    0.5109400572385273
   ],
   [
    -1.3175684245291985,
    -0.4923358823943554,
    0.6145597764423947
   ],
   [
    -0.6518971555752925,
    1.234127088914847,
    0.4755565352103995
   ],
   [
    -0.27344567730484143,
    -1.4605417842003148,
    0.4851046014326645
   ],
   [
    1.2583630029281574,
    -0.47787175296583645,
    0.5230089131682597
   ],
   [
    -1.3513589288814596,
    0.30008219809838205,
    0.511672721221837
   ],
   [
    1.3049336048735987,
    -0.37232416113595934,
    0.6361754102543125
   ],
   [
    0.5637876736295396,
    1.3719409365795185,
    0.588627758720579
   ],
   [
    0.3704989380362373,
    -1.2823000183576416,
    0.4754228922066876
   ]
  ]
 },
 "appearance_assets": {
  "floor_pbr": "Tiles027",
  "background_hdr": "fireplace_4k.hdr"
 },
 "environment_strength": 0.44133082269123963
}