{
 "objects": [
  {
   "obj_subpath": "cat/cat_010/cat_010.blend",
   "obj_location": [
    0.16256378377866054,
    -0.05022918577456234
   ],
   "obj_pose": [
    [
     -0.016622487251254484,
     -0.9998618369142718,
     0.0
    ],
    [
     0.9998618369142718,
     -0.016622487251254484,
     0.0
    ],
    [
     0.0,
     0.0,
     1.0
    ]
   ],
   "obj_scale": 0.6965064390071759,
   "obj_color": {
    "type": "random-multi",
    "color": [
     [
      0.516464395945866,
      0.3013324908127947,
      0.10874164148647403
     ],
     [
      0.9607149941853842,
      0.4822328294526944,
      0.04153978293804872
     ],
     [
      0.5165210498277542,
      0.8759971079907649,
      0.059561523833352115
     ],
     [
      0.06472341338090926,
      0.732558676877096,
      0.7502458030616967
     ]
    ],
    "randomness": 3.64726640184871,
    "scale": 1.0489043456531741,
    "specular": 0.8923342825375752,
    "roughness": 0.15589207494074345,
    "clever": false
   }
  }
 ],
 "camera": {
  "track_to_point": [
   [
    0.08946105208032773,
    -0.16095813711911677,
    0.0
   ],
   [
    0.19002256589788033,
    -0.002864723362815541,
    0.0
   ],
   [
    0.1307390826263312,
    -0.03569861973305141,
    0.0
   ],
   [
    0.18862631193296567,
    0.09196014988670598,
    0.0
   ],
   [
    0.307358737764186,
    -0.07689455459731304,
    0.0
   ],
   [
    0.228650482300119,
    -0.12596281008848104,
    0.0
   ],
   [
    0.013934730288272829,
    -0.09958142357149302,
    0.0
   ],
   [
    0.013895804487909669,
    0.05622940901881984,
    0.0
   ],
   [
    0.23638670599780304,
    0.031926078097886196,
    0.0
   ],
   [
    0.15525726696552677,
    -0.0695723058073025,
    0.0
   ],
   [
    0.2392915747053322,
    -0.14455630229676686,
    0.0
   ],
   [
    0.08598904294011941,
    -0.06683071487689524,
    0.0
   ],
   [
    0.076698696711904,
    0.02229101361608296,
    0.0
   ],
   [
    0.11382799208549299,
    -0.05750953870037426,
    0.0
   ],
   [
    0.22156444551706117,
    -0.19035363246309964,
    0.0
   ],
   [
    0.03325971220059226,
    -0.13455821161914383,
    0.0
   ],
   [
    0.038880339919644555,
    0.042085962259789333,
    0.0
   ],
   [
    0.1843078450247623,
    -0.02342005280498749,
    0.0
   ],
   [
    0.2768595491056248,
    -0.12407179622962251,
    0.0
   ],
   [
    0.1531723697693766,
    -0.10575922229003996,
    0.0
   ],
   [
    0.14881570108019487,
    -0.11745037489181073,
    0.0
   ],
   [
    0.1246964191791377,
    -0.06175399384007782,
    0.0
   ],
   [
    0.3088709088056564,
    -0.0764755358683241,
    0.0
   ],
   [
    0.020526754468761593,
    -0.06318018136882161,
    0.0
   ],
   [
    0.055419623957572134,
    -0.023581245742396423,
    0.0
   ]
  ],
  "positions": [
   [
    -1.290209870965705,
    -0.5776052807175079,
    0.4941842981055652
   ],
   [
    0.1501273451420477,
    1.3083135480251982,
    0.5163365353538214
   ],
   [
    0.8371594893857518,
    1.1126255521372148,
    0.6078861045800801
   ],
   [
    -0.4632530757058277,
    -1.343125723278813,
    0.5026196083887786
   ],
   [
    1.4103752859924015,
    -0.008155302923374597,
    0.49813902624609596
   ],
   [
    1.056310753585811,
    0.7908660085871904,
    0.5336728180321728
   ],
   [
    1.184639097955536,
    -0.782169749192667,
    0.6353745246188274
   ],
   [
    -1.2058100484490024,
    0.5824096581816643,
    0.4518680219075496
   ],
   [
    -1.3743103552745495,
    0.06581596494413589,
    0.6232912296734745
   ],
   [
    -0.6204061949755608,
    -1.2334422554308997,
    0.6269086630693868
   ],
   [
    1.0892471118538785,
    -0.7096248745758956,
    0.5421829961317137
   ],
   [
    1.441633436252901,
    0.2604462879290705,
    0.5668627579128508
   ],
   [
    -0.5322934399028109,
    -1.371804706559714,
    0.5801679569695032
   ],
   [
    -0.044051801382824704,
    -1.3429151208880443,
    0.6157903354030025
   ],
   [
    1.1690085065040356,
    0.688093220088792,
    0.6213701507789279
   ],
   [
    -0.4008568090431161,
    1.414073617624543,
    0.5923027881094259
   ],
   [
    1.4666366075080548,
    -0.14500922995255935,
    0.45030899564727583
   ],
   [
    1.3170957941942742,
    -0.01612985364757494,
    0.5880651345133963
   ],
   [
    -0.5617080749490899,
    1.2353646746095164,
    0.53051644159139
   ],
   [
    -1.0011028717703208,
    -0.9921572603340691,
    0.4839555194713594
   ],
   [
    1.1853619417824046,
    0.8610194143432567,
    0.5539688377509507
   ],
   [
    1.3939459503976503,
    0.2181441070114573,
    0.5405040414828512
   ],
   [
    -0.17003513324318034,
    1.3698444646777233,
    0.5535258086585336
   ],
   [
    -1.0822758171277786,
    0.9448547269360993,
    0.5523206438220987
   ],
   [
    -1.1446139438649767,
    -0.9609711133424472,
    0.49068437080649757
   ]
  ]
 },
 "appearance_assets": {
  "floor_pbr": "Planks001",
  "background_hdr": "aft_lounge_4k.hdr"
 },
 "environment_strength": 0.7897872751936267
}