{
 "objects": [
  {
   "obj_subpath": "pig/pig_028/pig_028.blend",
   "obj_location": [
    0.09537687431406633,
    -0.12271570200243974
   ],
   "obj_pose": [
    [
     0.23699630254769397,
     0.9715105519646824,
     0.0
    ],
    [
     -0.9715105519646824,
     0.23699630254769397,
     0.0
    ],
    [
     0.0,
     0.0,
     1.0
    ]
   ],
   "obj_scale": 0.6342005142488623,
   "obj_color": {
    "type": "random-multi",
    "color": [
     [
      0.7806370044688361,
      0.04673008973552306,
      0.2522935347480596
     ],
     [
      0.09496534464927198,
      0.36097825320422405,
      0.5126099328793359
     ],
     [
      0.8478861876554319,
      0.15809698895852092,
      0.11121143124006427
     ],
     [
      0.2783425324931794,
      0.18896576450111946,
      0.8108082269702289
     ]
    ],
    "randomness": 0.968495522549529,
    "scale": 1.1677478644604058,
    "specular": 0.8357502584693173,
    "roughness": 0.1646578640083479,
    "clever": false
   }
  }
 ],
 "camera": {
  "track_to_point": [
   [
    0.021958351814196628,
    -0.022172330740498805,
    0.0
   ],
   [
    -0.004955228100159054,
    -0.17084779243477144,
    0.0
   ],
   [
    -0.02929350221682242,
    -0.04871959190387613,
    0.0
   ],
   [
    0.15624791665929044,
    -0.2521637112430974,
    0.0
   ],
   [
    0.10250517470702136,
    -0.20404835074732286,
    0.0
   ],
   [
    0.15984867983655193,
    0.013708830229344368,
    0.0
   ],
   [
    0.19587646599461092,
    -0.2430062588365447,
    0.0
   ],
   [
    0.10888360798144836,
    -0.18681211503914263,
    0.0
   ],
   [
    0.16719970404984305,
    -0.16406964819786918,
    0.0
   ],
   [
    0.23904834338001554,
    -0.24247163628854124,
    0.0
   ],
   [
    0.20877199791122072,
    -0.07228587778563343,
    0.0
   ],
   [
    0.044073389245339586,
    -0.02329965150090381,
    0.0
   ],
   [
    0.10601480986720924,
    -0.08924494394424264,
    0.0
   ],
   [
    -0.04780783750693493,
    0.0017121607779893439,
    0.0
   ],
   [
    0.2026328888084761,
    0.015877407725336454,
    0.0
   ],
   [
    0.20403252377148742,
    0.007951967803917923,
    0.0
   ],
   [
    0.21725008814526045,
    -0.06301180606082697,
    0.0
   ],
   [
    0.01885597923557844,
    0.02395805746244027,
    0.0
   ],
   [
    0.20279932104745965,
    -0.11052105760796045,
    0.0
   ],
   [
    0.012991898634787419,
    -0.26757769831726624,
    0.0
   ],
   [
    -0.03576513211575799,
    -0.10436737076684992,
    0.0
   ],
   [
    0.04839646320387142,
    -0.2022203671567401,
    0.0
   ],
   [
    0.09805362796040917,
    -0.1381042374221071,
    0.0
   ],
   [
    0.08425477308427662,
    -0.0035434298611692477,
    0.0
   ],
   [
    0.06269104050141751,
    0.013388140133320667,
    0.0
   ]
  ],
  "positions": [
   [
    1.4002496598809924,
    -0.43961388927635714,
    0.6404383875627893
   ],
   [
    1.3564030288905444,
    -0.221996698265008,
    0.45161429953325194
   ],
   [
    -1.0057945725995814,
    0.831324673264938,
    0.457503344993845
   ],
   [
    1.429468382371764,
    -0.017973032597911803,
    0.48577628813074286
   ],
   [
    -1.3898305400152062,
    0.5092059140342482,
    0.5451112177784049
   ],
   [
    -1.2745344701262946,
    0.4481291669793981,
    0.5643116324695912
   ],
   [
    0.8687917724765275,
    -1.2126741819597493,
    0.6428659023375374
   ],
   [
    0.17624609367469185,
    -1.4787027591501893,
    0.6095333080727399
   ],
   [
    -0.677241685255845,
    -1.250815023065194,
    0.5727602369253271
   ],
   [
    0.32206686549399133,
    1.3631732415526239,
    0.5907428263551827
   ],
   [
    -0.6265219914850736,
    1.351938003851529,
    0.6335402159612931
   ],
   [
    -1.3347484540947283,
    -0.26015743915171163,
    0.5688306860039691
   ],
   [
    0.2398745502226901,
    -1.4439070769135551,
    0.4670627474492046
   ],
   [
    -1.2882826242341938,
    -0.6324859832947771,
    0.48870581241580563
   ],
   [
    0.16577932449763955,
    1.4155387261395145,
    0.6360484151661975
   ],
   [
    -0.39248344465323415,
    1.4437231248102838,
    0.4754553465519859
   ],
   [
    -0.24219474206918234,
    -1.3765393846941107,
    0.5153747927744824
   ],
   [
    1.3006147848455405,
    0.14100455725698954,
    0.6064470861698683
   ],
   [
    1.417631315614591,
    -0.19474641126636297,
    0.5037626541807836
   ],
   [
    -1.4191316716368996,
    0.05050348443930748,
    0.5094340425485709
   ],
   [
    -1.3462820947775131,
    -0.6601340746329724,
    0.4989405660941846
   ],
   [
    0.19679916698088182,
    1.4134746428509752,
    0.47232187259735436
   ],
   [
    -1.3210939462594296,
    -0.14021158149203228,
    0.6296959890956929
   ],
   [
    1.3189224776755473,
    -0.6604592442314094,
    0.47104031937970603
   ],
   [
    1.1435456077316695,
    0.8523659930571692,
    0.5114185314140985
   ]
  ]
 },
 "appearance_assets": {
  "floor_pbr": "Carpet009",
  "background_hdr": "lebombo_4k.hdr"
 },
 "environment_strength": 0.7865407324120747
}