{
 "objects": [
  {
   "obj_subpath": "dog/dog_057/dog_057.blend",
   "obj_location": [
    -0.15768329822605148,
    -0.15823726290729856
   ],
   "obj_pose": [
    [
     0.690760097699479,
     -0.7230840113197126,
     0.0
    ],
    [
     0.7230840113197126,
     0.690760097699479,
     0.0
    ],
    [
     0.0,
     0.0,
     1.0
    ]
   ],
   "obj_scale": 0.6532728275090396,
   "obj_color": {
    "type": "random-multi",
    "color": [
     [
      0.05564792307182609,
      0.7700821224040518,
      0.9002218109011071
     ],
     [
      0.0419039042786673,
      0.8292404937976383,
      0.4703884008324035
     ]
    ],
    "randomness": 0.2318459637377207,
    "scale": 1.0978285164739372,
    "specular": 0.8022200138175003,
    "roughness": 0.2374438114738866,
    "clever": false
   }
  }
 ],
 "camera": {
  "track_to_point": [
   [
    -0.1500443860155931,
    -0.25241005937977323,
    0.0
   ],
   [
    -0.22161895251173766,
    -0.04511040630473198,
    0.0
   ],
   [
    -0.25173887197636496,
    -0.013530827177196808,
    0.0
   ],
   [
    -0.08594120036791011,
    -0.12488558542180483,
    0.0
   ],
   [
    -0.25392577497959845,
    -0.16350539468992728,
    0.0
   ],
   [
    -0.14655644589313466,
    -0.14019481684467006,
    0.0
   ],
   [
    -0.20491522438417792,
    -0.15826440110316553,
    0.0
   ],
   [
    -0.03146745286063954,
    -0.23072753944023144,
    0.0
   ],
   [
    -0.19320342491225675,
    -0.29177088801633033,
    0.0
   ],
   [
    -0.14532411189157057,
    -0.09671436429198804,
    0.0
   ],
   [
    -0.13397401002068773,
    -0.28319370329861016,
    0.0
   ],
   [
    -0.14917373638712284,
    -0.10133986138773646,
    0.0
   ],
   [
    -0.2221352327478585,
    -0.04791345744646633,
    0.0
   ],
   [
    -0.044516266894188555,
    -0.12499134445409507,
    0.0
   ],
   [
    -0.21964719914659292,
    -0.10013904119724021,
    0.0
   ],
   [
    -0.04829773780656757,
    -0.19025441061969645,
    0.0
   ],
   [
    -0.054659834646930666,
    -0.03276817142995722,
    0.0
   ],
   [
    -0.22796668001166487,
    -0.15391759527894566,
    0.0
   ],
   [
    -0.20774134022168284,
    -0.282551552427812,
    0.0
   ],
   [
    -0.13308115934576262,
    -0.23812696278811035,
    0.0
   ],
   [
    -0.20825545695211167,
    -0.060372530784561784,
    0.0
   ],
   [
    -0.16126306260945436,
    -0.06116049198105494,
    0.0
   ],
   [
    -0.11407762691512185,
    -0.18862622626739345,
    0.0
   ],
   [
    -0.29521591636366606,
    -0.09510838536260657,
    0.0
   ],
   [
    -0.21471718507052553,
    -0.10610579115863233,
    0.0
   ]
  ],
  "positions": [
   [
    -1.3592634150353051,
    0.16544120941364615,
    0.528756977832738
   ],
   [
    0.7729414950569621,
    1.1909347346146189,
    0.5803621815611922
   ],
   [
    -1.1468293555856515,
    0.8037137773870491,
    0.6068570896354053
   ],
   [
    -1.059421157432468,
    0.8301903496566485,
    0.4948812938836196
   ],
   [
    1.393450827463565,
    0.309834664719131,
    0.4807500127701502
   ],
   [
    0.9805320578601591,
    0.9317694268319279,
    0.4882462915869817
   ],
   [
    0.8568685470145792,
    1.1777704742251598,
    0.48338247474584545
   ],
   [
    1.3173460412140445,
    0.018414062277100806,
    0.4927455290164079
   ],
   [
    -0.3852982968902154,
    1.4205562975730852,
    0.5676813390103166
   ],
   [
    0.9548905560614265,
    1.047951542986212,
    0.6355390428374875
   ],
   [
    -0.4153386280067169,
    -1.330561997466267,
    0.5342783852493111
   ],
   [
    -0.04643453873767574,
    -1.3129124871511844,
    0.4505342841135662
   ],
   [
    -0.39351576973137264,
    1.2815094989213558,
    0.508249573777033
   ],
   [
    1.005392487730632,
    -0.9144926069378615,
    0.478936975544026
   ],
   [
    1.2753645213638576,
    -0.43684999517392875,
    0.561857437596833
   ],
   [
    -1.2363590873152814,
    -0.7508960628794669,
    0.4556334216139785
   ],
   [
    -0.7423422163064994,
    1.1862588670996101,
    0.45087311425252274
   ],
   [
    1.3313203286883135,
    0.05075607245304966,
    0.56430177750719
   ],
   [
    -1.4198421290173706,
    -0.11121271889611736,
    0.6170547686708485
   ],
   [
    0.48804240900773704,
    1.3164547232490862,
    0.48297387078081827
   ],
   [
    1.276610378918769,
    0.57001241791866,
    0.6360419524752996
   ],
   [
    1.320929956484022,
    0.41279127679349265,
    0.6308090733564273
   ],
   [
    -0.9398702744056302,
    -1.0683868299503536,
    0.4699757688318142
   ],
   [
    0.9525241125906689,
    1.0526255178391533,
    0.5295003434512913
   ],
   [
    -0.723184938301056,
    -1.1191181969539523,
    0.4559844223291742
   ]
  ]
 },
 "appearance_assets": {
  "floor_pbr": "Terrazzo001",
  "background_hdr": "moonlit_golf_4k.hdr"
 },
 "environment_strength": 0.7363390500686436
}