{
 "objects": [
  {
   "obj_subpath": "cat/cat_048/cat_048.blend",
   "obj_location": [
    -0.05064713520040845,
    0.14346636396195617
   ],
   "obj_pose": [
    [
     -0.18907375482554276,
     -0.9819628889302133,
     0.0
    ],
    [
     0.9819628889302133,
     -0.18907375482554276,
     0.0
    ],
    [
     0.0,
     0.0,
     1.0
    ]
   ],
   "obj_scale": 0.6631817023263614,
   "obj_color": {
    "type": "random-mono",
    "color": [
     [
      0.10640807971873845,
      0.3815654205125941,
      0.3801646253924072
     ],
     [
      0.955064319740822,
      0.9742869567891723,
      0.9741890965027749
     ],
     [
      0.34354423012175106,
      0.7853617032950644,
      0.7831124601578509
     ]
    ],
    "randomness": 0.910369490700297,
    "scale": 2.9256921467829375,
    "specular": 0.6064571235175954,
    "roughness": 0.28499263282449494,
    "clever": false
   }
  }
 ],
 "camera": {
  "track_to_point": [
   [
    -0.1204751486661388,
    0.013102350456737105,
    0.0
   ],
   [
    -0.051105761459491805,
    0.18562349289544916,
    0.0
   ],
   [
    0.01677242595279055,
    0.23784953536183226,
    0.0
   ],
   [
    -0.027885195794963763,
    0.017886565366116353,
    0.0
   ],
   [
    -0.1623888308689243,
    0.27433415684076046,
    0.0
   ],
   [
    -0.09484906753321896,
    0.17283647551684592,
    0.0
   ],
   [
    -0.18812084095918133,
    0.22830674282093996,
    0.0
   ],
   [
    0.08790061329721127,
    0.1383149319221907,
    0.0
   ],
   [
    -0.059442447610474125,
    0.09248159962903894,
    0.0
   ],
   [
    -0.1120329422991741,
    0.04675255396809683,
    0.0
   ],
   [
    -0.17272448465195273,
    0.17336733980870972,
    0.0
   ],
   [
    -0.0536911589934477,
    0.14341688676091743,
    0.0
   ],
   [
    -0.05286270299287596,
    0.22940435871700654,
    0.0
   ],
   [
    -0.10052265052771654,
    0.07769308900618152,
    0.0
   ],
   [
    -0.0005720454773827377,
    0.16382550324597864,
    0.0
   ],
   [
    -0.15382106041706942,
    0.1027957186751049,
    0.0
   ],
   [
    0.04586754890647224,
    0.05574166555611429,
    0.0
   ],
   [
    -0.05509869338787618,
    0.05718629685819053,
    0.0
   ],
   [
    -0.18913043022987422,
    0.2015350089794933,
    0.0
   ],
   [
    0.0652540042512601,
    0.08324593103222311,
    0.0
   ],
   [
    -0.08780896899129813,
    0.02244842274458156,
    0.0
   ],
   [
    -0.012968407205504351,
    0.24339271821481848,
    0.0
   ],
   [
    -0.18010517590762395,
    0.14317966457628029,
    0.0
   ],
   [
    -0.16520596932162823,
    0.1377407850591032,
    0.0
   ],
   [
    -0.11958640980428462,
    0.1340598704285802,
    0.0
   ]
  ],
  "positions": [
   [
    -1.2984646283206607,
    0.6153151675172255,
    0.6074466263871934
   ],
   [
    -0.6938862386661161,
    1.1161834126941284,
    0.5998502567458742
   ],
   [
    -0.30385464243872,
    -1.4349749147813347,
    0.4717949624702631
   ],
   [
    -1.3604354919920094,
    0.38895361686958346,
    0.4801887104805541
   ],
   [
    1.3535753531351757,
    0.3285308268675635,
    0.5079880069052023
   ],
   [
    0.5938924223314233,
    -1.1578220045372873,
    0.6264819392027599
   ],
   [
    -0.9943737342268693,
    0.9020611802499259,
    0.46110265291970687
   ],
   [
    0.9201784408312628,
    -1.0981674008838325,
    0.45313176455784704
   ],
   [
    -0.9629562159155457,
    -0.895783167438322,
    0.5986433219781038
   ],
   [
    -1.283106304779901,
    0.6953920127561427,
    0.4691574943281784
   ],
   [
    -1.4015736975780282,
    0.3360696931956778,
    0.6169401752442051
   ],
   [
    1.3017865765802183,
    -0.5606366254646552,
    0.598128219329024
   ],
   [
    1.445314380324775,
    -0.22553698916656245,
    0.5728313083604947
   ],
   [
    -0.6784581993658901,
    1.3164599666923482,
    0.5142906226249266
   ],
   [
    0.7578470273941537,
    1.2486594590165057,
    0.5288112697249514
   ],
   [
    -0.12247044249293333,
    1.4523034099587417,
    0.644263951873817
   ],
   [
    1.1582214459676792,
    -0.8338483015391263,
    0.4869805377161261
   ],
   [
    -1.2842094967948527,
    0.5292845656280833,
    0.4706937903117832
   ],
   [
    -1.3288653896888571,
    -0.003318781267620527,
    0.5932508798212437
   ],
   [
    -1.100769963691802,
    -0.937050911317158,
    0.5806747423956905
   ],
   [
    -1.2424852933621957,
    -0.5001426928432905,
    0.5360939758132697
   ],
   [
    1.196786970581852,
    -0.8641910156972427,
    0.6447523807299134
   ],
   [
    -0.5738242996681302,
    -1.1828815218169753,
    0.5651759556863779
   ],
   [
    -1.4765430759715104,
    -0.0021013839303802608,
    0.6391827212084279
   ],
   [
    -1.3653430315854471,
    0.12415576606227148,
    0.61935768207601
   ]
  ]
 },
 "appearance_assets": {
  "floor_pbr": "Carpet009",
  "background_hdr": "lythwood_room_4k.hdr"
 },
 "environment_strength": 0.6698194179423976
}