{
 "objects": [
  {
   "obj_subpath": "apple/apple_018/apple_018.blend",
   "obj_location": [
    -0.05773799527923382,
    -0.1698513709279409
   ],
   "obj_pose": [
    [
     0.876903650731238,
     -0.4806661911703662,
     0.0
    ],
    [
     0.4806661911703662,
     0.876903650731238,
     0.0
    ],
    [
     0.0,
     0.0,
     1.0
    ]
   ],
   "obj_scale": 0.6481960285411764,
   "obj_color": {
    "type": "random-mono",
    "color": [
     [
      0.7393643169680035,
      0.6731567497346534,
      0.5306801497348519
     ],
     [
      0.9076224490709736,
      0.8793164741202347,
      0.8184029073001969
     ]
    ],
    "randomness": 0.6484210038622904,
    "scale": 4.1794635129174456,
    "specular": 0.7483210536867733,
    "roughness": 0.19410112968111803,
    "clever": false
   }
  }
 ],
 "camera": {
  "track_to_point": [
   [
    -0.20459962796518255,
    -0.22677894170941387,
    0.0
   ],
   [
    -0.04092308283958332,
    -0.28332367324406904,
    0.0
   ],
   [
    -0.11743936646305442,
    -0.08866635658883423,
    0.0
   ],
   [
    -0.15049191818477084,
    -0.29860034713274697,
    0.0
   ],
   [
    -0.07696896268621736,
    -0.10933869708115113,
    0.0
   ],
   [
    -0.019334661935292152,
    -0.09116749191097234,
    0.0
   ],
   [
    -0.17399321186011907,
    -0.26398350134621806,
    0.0
   ],
   [
    -0.18569131892465301,
    -0.3169028054862866,
    0.0
   ],
   [
    -0.12494260219727965,
    -0.14652023281224405,
    0.0
   ],
   [
    -0.1922654377577954,
    -0.1932496153645305,
    0.0
   ],
   [
    -0.15151273314155445,
    -0.2557421079501708,
    0.0
   ],
   [
    0.04242176828594363,
    -0.1442833208656857,
    0.0
   ],
   [
    0.006962642389579027,
    -0.2519195858104285,
    0.0
   ],
   [
    -0.182885057572281,
    -0.19998466292224465,
    0.0
   ],
   [
    -0.09619266030279738,
    -0.23713422682717414,
    0.0
   ],
   [
    -0.08912280448998976,
    -0.053461974565471054,
    0.0
   ],
   [
    -0.02542166610871574,
    -0.30202608717151946,
    0.0
   ],
   [
    -0.009999367947217452,
    -0.23234904857254263,
    0.0
   ],
   [
    -0.14827203028582764,
    -0.02871132817549596,
    0.0
   ],
   [
    -0.059491878974452045,
    -0.1323811306470547,
    0.0
   ],
   [
    -0.04267347311182457,
    -0.26008417763460956,
    0.0
   ],
   [
    -0.10983468593788645,
    -0.23867803210848612,
    0.0
   ],
   [
    -0.16815842544440984,
    -0.3153644589384802,
    0.0
   ],
   [
    -0.11810654455255827,
    -0.12086796225949126,
    0.0
   ],
   [
    0.05420767592711756,
    -0.038083082812458285,
    0.0
   ]
  ],
  "positions": [
   [
    -0.9383259327244754,
    -0.940790737082872,
    0.585885622545355
   ],
   [
    -1.0793434044638242,
    0.9480861232141344,
    0.5483844234081559
   ],
   [
    1.3459577298379521,
    0.233222156474912,
    0.6055619840239811
   ],
   [
    0.07212604553464234,
    -1.3440446487417632,
    0.4605371323862984
   ],
   [
    -0.9936115073478482,
    -1.0387490102810004,
    0.6068709841928752
   ],
   [
    -1.4443888800077418,
    -0.27727334917777874,
    0.6158548065623964
   ],
   [
    -1.470913592084807,
    -0.11848502822505945,
    0.5217621131407049
   ],
   [
    -1.3153588590012795,
    -0.2000109132920978,
    0.6372005482002816
   ],
   [
    -1.402514603319615,
    -0.04267762866066869,
    0.4761398225202321
   ],
   [
    1.3317129481122278,
    0.14778147431128436,
    0.6495476848690049
   ],
   [
    0.7294857371723406,
    1.170343357667249,
    0.5785391958043827
   ],
   [
    -0.011995668575719732,
    -1.3348330177397434,
    0.5991801039941107
   ],
   [
    -0.09218039809005968,
    1.3571876074895293,
    0.5528909340754045
   ],
   [
    0.3974972854595294,
    -1.3152410932421692,
    0.4954902536600272
   ],
   [
    0.6909591414839621,
    1.1126511021225436,
    0.5201821891814474
   ],
   [
    -0.9775984387568898,
    0.8650625896188515,
    0.6244536402460201
   ],
   [
    -0.2574643935319328,
    -1.4567772169462496,
    0.6199333082885095
   ],
   [
    0.7532260359788608,
    -1.088203898851059,
    0.5616401457769056
   ],
   [
    0.7726862793600532,
    -1.0786816142450244,
    0.5255657139810671
   ],
   [
    -0.14737794423494932,
    -1.3423055651243285,
    0.6344373091138236
   ],
   [
    -0.25958967068806565,
    1.3417675617295763,
    0.5957081449513562
   ],
   [
    -0.8298303881439959,
    -1.0508951708286471,
    0.5841161867790077
   ],
   [
    -1.1311959418566608,
    -0.851036765334773,
    0.5981648334262358
   ],
   [
    -0.5558381566833999,
    1.225323162226455,
    0.608640249333208
   ],
   [
    0.16349190511027292,
    -1.426616209613407,
    0.6029053271169422
   ]
  ]
 },
 "appearance_assets": {
  "floor_pbr": "Planks011",
  "background_hdr": "aft_lounge_4k.hdr"
 },
 "environment_strength": 0.5118813228429389
}