{
 "objects": [
  {
   "obj_subpath": "pen/pen_019/pen_019.blend",
   "obj_location": [
    0.0318276485960903,
    0.08141850713977544
   ],
   "obj_pose": [
    [
     -0.5985475128226069,
     0.8010873079096131,
     0.0
    ],
    [
     -0.8010873079096131,
     -0.5985475128226069,
     0.0
    ],
    [
     0.0,
     0.0,
     1.0
    ]
   ],
   "obj_scale": 0.6190471145221623,
   "obj_color": {
    "type": "random-mono",
    "color": [
     [
      0.547078553075733,
      0.635702174446466,
      0.8174880899724274
     ],
     [
      0.2177105150955876,
      0.37598299621361325,
      0.7006335514222193
     ]
    ],
    "randomness": 0.5831515687372673,
    "scale": 2.2457677384929493,
    "specular": 0.8260779812718877,
    "roughness": 0.2946034623450488,
    "clever": false
   }
  }
 ],
 "camera": {
  "track_to_point": [
   [
    0.15448396012234106,
    -0.018592627171986148,
    0.0
   ],
   [
    -0.046681503908818076,
    0.024192242978118367,
    0.0
   ],
   [
    0.16853373866829535,
    0.18604979723081674,
    0.0
   ],
   [
    -0.07681700387442073,
    0.16385290602335043,
    0.0
   ],
   [
    0.11995840024310167,
    0.08512685606510415,
    0.0
   ],
   [
    -0.06799040881924273,
    0.14718825103060343,
    0.0
   ],
   [
    0.13646266824555214,
    -0.0290334771711344,
    0.0
   ],
   [
    0.17596882045772033,
    0.1027770973025392,
    0.0
   ],
   [
    -0.11242860986661787,
    0.10281267573145023,
    0.0
   ],
   [
    0.14208074880231253,
    0.07541044755575729,
    0.0
   ],
   [
    0.05217676942252478,
    0.08540244384895057,
    0.0
   ],
   [
    -0.0637005869081744,
    0.1709110422287501,
    0.0
   ],
   [
    0.15096396659914657,
    0.17442450445341878,
    0.0
   ],
   [
    -0.08934689077624462,
    -0.039884540837982166,
    0.0
   ],
   [
    0.12981680906094106,
    0.09757671982965177,
    0.0
   ],
   [
    0.11089202678092619,
    -0.052011518706256255,
    0.0
   ],
   [
    -0.0002591035394917812,
    0.07548686288877965,
    0.0
   ],
   [
    0.1449437974227445,
    0.17781565054785511,
    0.0
   ],
   [
    0.032937971013917655,
    -0.0538187373014784,
    0.0
   ],
   [
    0.0034026956639342243,
    0.13671902034632433,
    0.0
   ],
   [
    0.08277971347682023,
    0.08534422848029777,
    0.0
   ],
   [
    0.03084054730802885,
    0.16183569117738433,
    0.0
   ],
   [
    -0.045991732935777074,
    0.16873229342987858,
    0.0
   ],
   [
    0.04826232228875288,
    0.029709696792817528,
    0.0
   ],
   [
    -0.07317528025402803,
    -0.05636320400305389,
    0.0
   ]
  ],
  "positions": [
   [
    0.7431336643370655,
    -1.0857757739452678,
    0.5920201749206442
   ],
   [
    0.4259985148280838,
    1.351998017473828,
    0.6319366782661126
   ],
   [
    -1.3261682014564642,
    -0.5513621458804137,
    0.5517449388410574
   ],
   [
    -0.9679961049345553,
    0.9920748758956428,
    0.633830546675663
   ],
   [
    -1.2747909282428393,
    0.2584744844738524,
    0.576749152924388
   ],
   [
    1.139237773877243,
    0.8133041974237426,
    0.5720613663639591
   ],
   [
    -0.6618753328006806,
    -1.156231835758615,
    0.558314982550338
   ],
   [
    1.1793642337936692,
    0.6741216661280057,
    0.641950164950822
   ],
   [
    -0.6064981337601417,
    -1.1672935234224768,
    0.5342719011864615
   ],
   [
    0.6645698316911491,
    -1.3272381511022011,
    0.6025386983019774
   ],
   [
    0.05763072886790506,
    1.3981890780971384,
    0.6193649269564508
   ],
   [
    1.0294247026337442,
    -0.8884162170456679,
    0.4931538152741205
   ],
   [
    1.3272593325060746,
    -0.2595962859770958,
    0.589845246038099
   ],
   [
    -1.0342712709445354,
    0.8657031818007883,
    0.47899621364966366
   ],
   [
    -0.7239425769636485,
    -1.1973755639505241,
    0.5772291019269573
   ],
   [
    -0.005474776541089304,
    -1.3919383694049963,
    0.5374522346226657
   ],
   [
    1.3774443139940542,
    0.2567399084554585,
    0.4808153861872463
   ],
   [
    -1.3337743830786981,
    -0.44941526671745247,
    0.4561883035814366
   ],
   [
    1.4534212197242837,
    -0.045206148503644614,
    0.493731581656542
   ],
   [
    0.9029610269527991,
    1.1505368074643227,
    0.5898475094800242
   ],
   [
    -0.10415258625061297,
    1.4785426077090178,
    0.5317405765611014
   ],
   [
    -1.4194955785190084,
    0.2926281236352708,
    0.5242790077935529
   ],
   [
    -1.1580031014769685,
    0.8397068537086899,
    0.5538578637404628
   ],
   [
    1.378081438894936,
    -0.1365942158742013,
    0.5465842241318823
   ],
   [
    -0.6758785580997082,
    1.2605569979193734,
    0.4650651069897557
   ]
  ]
 },
 "appearance_assets": {
  "floor_pbr": "Tiles027",
  "background_hdr": "reading_room_4k.hdr"
 },
 "environment_strength": 0.6162445734098281
}