{
 "objects": [
  {
   "obj_subpath": "radio/radio_034/radio_034.blend",
   "obj_location": [
    -0.19579842225021987,
    0.1998944926950076
   ],
   "obj_pose": [
    [
     0.709739558504611,
     -0.7044641645205807,
     0.0
    ],
    [
     0.7044641645205807,
     0.709739558504611,
     0.0
    ],
    [
     0.0,
     0.0,
     1.0
    ]
   ],
   "obj_scale": 0.6217489070892132,
   "obj_color": {
    "type": "random-mono",
    "color": [
     [
      0.14823171405147384,
      0.28247979225410724,
      0.2798945440067498
     ],
     [
      0.6690641491383856,
      0.8672588054738376,
      0.8634421222498628
     ],
     [
      0.773300663785589,
      0.9392446354028718,
      0.9360490115434705
     ]
    ],
    "randomness": 0.738565705332957,
    "scale": 3.14738897143984,
    "specular": 0.6559136748741854,
    "roughness": 0.25418726118834445,
    "clever": false
   }
  }
 ],
 "camera": {
  "track_to_point": [
   [
    -0.34342994493695544,
    0.06105214963409242,
    0.0
   ],
   [
    -0.07770337084619564,
    0.07655393658636898,
    0.0
   ],
   [
    -0.2884497564278167,
    0.13604219973541887,
    0.0
   ],
   [
    -0.11347354838271906,
    0.22359950488675623,
    0.0
   ],
   [
    -0.13187014699746352,
    0.11881412270676121,
    0.0
   ],
   [
    -0.19163965627178633,
    0.1097224856781692,
    0.0
   ],
   [
    -0.316169635060108,
    0.06683359886453913,
    0.0
   ],
   [
    -0.05553883260156181,
    0.17362256629307948,
    0.0
   ],
   [
    -0.15080229645378151,
    0.21153485230769367,
    0.0
   ],
   [
    -0.26709708981368985,
    0.12288424061830559,
    0.0
   ],
   [
    -0.07025174000044618,
    0.3103446942338861,
    0.0
   ],
   [
    -0.22141503761794107,
    0.12382073723301336,
    0.0
   ],
   [
    -0.06619601919045834,
    0.2501993167080338,
    0.0
   ],
   [
    -0.34131017055993806,
    0.24259974417092164,
    0.0
   ],
   [
    -0.2218588514760016,
    0.20610051383077285,
    0.0
   ],
   [
    -0.334779307256449,
    0.17830412048718083,
    0.0
   ],
   [
    -0.19301049005260595,
    0.23069014406976895,
    0.0
   ],
   [
    -0.3030812957380627,
    0.26145979773100003,
    0.0
   ],
   [
    -0.14045179938878447,
    0.34639962816217607,
    0.0
   ],
   [
    -0.3258628520375175,
    0.220988039960517,
    0.0
   ],
   [
    -0.2514194532553211,
    0.08894187168328777,
    0.0
   ],
   [
    -0.322573021074022,
    0.15837304767917743,
    0.0
   ],
   [
    -0.22872297222999188,
    0.2791939621709782,
    0.0
   ],
   [
    -0.11292906368541034,
    0.3157218783722856,
    0.0
   ],
   [
    -0.25369036277837004,
    0.12364595674535844,
    0.0
   ]
  ],
  "positions": [
   [
    -0.16136194737296963,
    -1.4739527486816022,
    0.4507064189182205
   ],
   [
    -0.4079653212715083,
    1.3334089841227221,
    0.5668031713738354
   ],
   [
    0.0707387765960774,
    -1.4247483377837171,
    0.45469423596926895
   ],
   [
    -0.5396271851743203,
    -1.2336632786423192,
    0.5975524779636096
   ],
   [
    -1.3980635337539022,
    0.39455750061566525,
    0.6414668566939383
   ],
   [
    -0.9824762912208606,
    -1.0338063786660219,
    0.4575211932656075
   ],
   [
    0.9471216958410786,
    1.0880816443864267,
    0.5089487381019024
   ],
   [
    0.7672705939048821,
    1.2640183545167294,
    0.5620939325316583
   ],
   [
    -1.1802315551970821,
    -0.9194940128739904,
    0.6236006840977475
   ],
   [
    1.2050284284076724,
    -0.5353090611235598,
    0.6478512503093057
   ],
   [
    0.7241330241568813,
    1.0927280001745363,
    0.4764911893967642
   ],
   [
    1.481230714655227,
    -0.1517364139758645,
    0.5087333483992403
   ],
   [
    0.26087325929838745,
    1.3814699230267253,
    0.6481601723689208
   ],
   [
    0.43784248663781294,
    -1.2272133520572976,
    0.5314634207298488
   ],
   [
    1.4842707385595766,
    0.1668385152783575,
    0.5542203480939079
   ],
   [
    -0.5884372957197754,
    1.2172774061679024,
    0.4846400247928588
   ],
   [
    -0.26133943419556566,
    -1.3743610134152546,
    0.6120959895652214
   ],
   [
    0.9231816106606794,
    -0.9998877817527614,
    0.5049688330695248
   ],
   [
    -0.5488602928458786,
    1.1912291732966473,
    0.5705594038405
   ],
   [
    -0.9725179516844114,
    0.8829172246565946,
    0.6079083150854654
   ],
   [
    1.2099158799297098,
    0.5997738094396007,
    0.587125021456899
   ],
   [
    1.249304384011982,
    0.4630569169426645,
    0.6362028128259538
   ],
   [
    -0.3441987222312071,
    1.4492064466132435,
    0.5966214717873441
   ],
   [
    -0.38835343929295213,
    -1.2486569468563165,
    0.5220433200465723
   ],
   [
    -0.652609201207413,
    1.1418580166129237,
    0.6291001133130736
   ]
  ]
 },
 "appearance_assets": {
  "floor_pbr": "Planks014",
  "background_hdr": "moonlit_golf_4k.hdr"
 },
 "environment_strength": 0.41903795896629215
}