{
 "objects": [
  {
   "obj_subpath": "coin/coin_007/coin_007.blend",
   "obj_location": [
    -0.12183340948116941,
    -0.13761303214236908
   ],
   "obj_pose": [
    [
     -0.8696600179413779,
     0.4936511452374058,
     0.0
    ],
    [
     -0.4936511452374058,
     -0.8696600179413779,
     0.0
    ],
    [
     0.0,
     0.0,
     1.0
    ]
   ],
   "obj_scale": 0.6772282347649968,
   "obj_color": {
    "type": "random-multi",
    "color": [
     [
      0.7776959543464739,
      0.12308904874098098,
      0.10201071694793085
     ],
     [
      0.0569157602923519,
      0.5496433744113481,
      0.2756430210953156
     ]
    ],
    "randomness": 4.186263695288426,
    "scale": 0.8187883693921905,
    "specular": 0.8412177246931734,
    "roughness": 0.1907147439861756,
    "clever": false
   }
  }
 ],
 "camera": {
  "track_to_point": [
   [
    -0.09252554512221747,
    -0.02556909699038598,
    0.0
   ],
   [
    -0.18464417354249907,
    -0.05722468557154539,
    0.0
   ],
   [
    -0.07621817605718406,
    -0.07667446577789627,
    0.0
   ],
   [
    -0.23218543419956322,
    -0.1562749102796523,
    0.0
   ],
   [
    -0.08168109082076688,
    -0.013390318718257493,
    0.0
   ],
   [
    -0.22052561937798348,
    -0.008992189433436576,
    0.0
   ],
   [
    0.006637914045422411,
    -0.16992531274087175,
    0.0
   ],
   [
    0.01575251445497372,
    -0.11306254821335246,
    0.0
   ],
   [
    -0.0029656263901525204,
    -0.13373325073175374,
    0.0
   ],
   [
    -0.2422929177896799,
    -0.04142534194807723,
    0.0
   ],
   [
    -0.0534701697162549,
    -0.21812722286732186,
    0.0
   ],
   [
    -0.05573367451816516,
    -0.05494130376340656,
    0.0
   ],
   [
    -0.050029907548071434,
    -0.02717888682032052,
    0.0
   ],
   [
    -0.12126038471082126,
    -0.16144427703656383,
    0.0
   ],
   [
    -0.22685801754687615,
    -0.06637527465064672,
    0.0
   ],
   [
    -0.10276347794393656,
    -0.1305888067609268,
    0.0
   ],
   [
    -0.12367107136151753,
    -0.2069639135784363,
    0.0
   ],
   [
    -0.021724036445241124,
    -0.18323877361167273,
    0.0
   ],
   [
    -0.20030642925568815,
    -0.06251428718823826,
    0.0
   ],
   [
    -0.21671372274049133,
    -0.0801097629215021,
    0.0
   ],
   [
    -0.1919396172731309,
    -0.1374258793686044,
    0.0
   ],
   [
    -0.14756209748513954,
    -0.21265773449239356,
    0.0
   ],
   [
    -0.03640293163183955,
    -0.1348346647754914,
    0.0
   ],
   [
    -0.1158767910785369,
    -0.11913632409282746,
    0.0
   ],
   [
    -0.09127425214273271,
    -0.21726073531218715,
    0.0
   ]
  ],
  "positions": [
   [
    0.530017751062831,
    1.2740566381530651,
    0.5927380412703771
   ],
   [
    1.0660579113101332,
    -1.01936052664424,
    0.598027693849474
   ],
   [
    0.6227664617672815,
    1.163007961080325,
    0.5623985493093042
   ],
   [
    -1.2091340581689176,
    -0.48821171800953506,
    0.4811735075723702
   ],
   [
    0.9542546646011131,
    -0.988641519941999,
    0.49832386779371135
   ],
   [
    -0.23793457685788125,
    1.2889012845303742,
    0.4718395654465664
   ],
   [
    0.7480268234722194,
    1.1247639425229223,
    0.4778789459895326
   ],
   [
    -1.1939441605774095,
    -0.736255941705089,
    0.4923476539208905
   ],
   [
    0.5530238953746833,
    -1.1776694434125503,
    0.47679550276316635
   ],
   [
    -0.8203271361620671,
    -1.2300666358447916,
    0.6298242261814342
   ],
   [
    -0.9673257672918233,
    1.0984997993624037,
    0.5126796721251745
   ],
   [
    -0.5457095846633511,
    -1.273045271939769,
    0.5443226509048621
   ],
   [
    0.37192634030955696,
    -1.2616755219962936,
    0.5509391048143433
   ],
   [
    0.5736566054190907,
    1.1747496948944012,
    0.4970863187432154
   ],
   [
    1.317123125068862,
    0.6988134384589823,
    0.49530286719065064
   ],
   [
    1.3837903517760113,
    -0.25092427836648246,
    0.5388751992774442
   ],
   [
    -1.0056005216407915,
    -1.0207727362931145,
    0.6389971383113724
   ],
   [
    -1.2366840213410646,
    0.5354357024540763,
    0.5955329547768539
   ],
   [
    -0.40386537971802094,
    1.4047441267308267,
    0.5738911106682651
   ],
   [
    -1.438965839182736,
    0.40320000432493913,
    0.6484905526521949
   ],
   [
    0.354044441258965,
    1.378615197742898,
    0.5078378469536947
   ],
   [
    -0.5123385407608259,
    -1.309125915248203,
    0.5451369151537923
   ],
   [
    1.330246714192868,
    -0.43406992889382756,
    0.5763210906812293
   ],
   [
    1.2906707712016703,
    0.1594896011294531,
    0.6064214341203028
   ],
   [
    0.3449777915893776,
    1.262185265561292,
    0.6471403783795373
   ]
  ]
 },
 "appearance_assets": {
  "floor_pbr": "Planks013",
  "background_hdr": "cayley_interior_4k.hdr"
 },
 "environment_strength": 0.5196799733181402
}