{
 "objects": [
  {
   "obj_subpath": "key/key_036/key_036.blend",
   "obj_location": [
    0.1062269189499156,
    0.08458794218339549
   ],
   "obj_pose": [
    [
     -0.6805310201319509,
     0.732719271370807,
     0.0
    ],
    [
     -0.732719271370807,
     -0.6805310201319509,
     0.0
    ],
    [
     0.0,
     0.0,
     1.0
    ]
   ],
   "obj_scale": 0.6242063743807489,
   "obj_color": {
    "type": "random-multi",
    "color": [
     [
      0.6897358975335696,
      0.0124637824340611,
      0.3423416417831012
     ],
     [
      0.06737168540784577,
      0.5729169058348416,
      0.5830901302214248
     ],
     [
      0.19351551312358684,
      0.7843114437326015,
      0.9058067721317584
     ]
    ],
    "randomness": 2.458257159106269,
    "scale": 0.6199898124105837,
    "specular": 0.7422796474648337,
    "roughness": 0.14049359479833703,
    "clever": false
   }
  }
 ],
 "camera": {
  "track_to_point": [
   [
    0.14188834698703268,
    0.02029030616585184,
    0.0
   ],
   [
    0.2367250548913937,
    0.14441598250153695,
    0.0
   ],
   [
    0.017868619256517115,
    0.12409256597090756,
    0.0
   ],
   [
    -0.0058204689854104985,
    -0.05386872452420002,
    0.0
   ],
   [
    0.050875554433509926,
    0.06951012632291872,
    0.0
   ],
   [
    0.2042910913577596,
    0.014240538465067898,
    0.0
   ],
   [
    0.21932665599781284,
    0.1777759411477133,
    0.0
   ],
   [
    0.074632181720913,
    0.12373526960719489,
    0.0
   ],
   [
    0.08948787370312702,
    -0.0556510879417812,
    0.0
   ],
   [
    0.19325343773936687,
    0.04266090623287154,
    0.0
   ],
   [
    0.07750187808340532,
    0.045865856622794646,
    0.0
   ],
   [
    0.08665284252360145,
    0.1532902451848268,
    0.0
   ],
   [
    0.22945306550903796,
    0.1873476299656975,
    0.0
   ],
   [
    0.1211482525760944,
    0.11124776253822052,
    0.0
   ],
   [
    0.15592474561326727,
    0.048582105643846324,
    0.0
   ],
   [
    0.05106761797165227,
    0.04002071443483865,
    0.0
   ],
   [
    0.1679731573884201,
    0.20313696104228798,
    0.0
   ],
   [
    0.016133303967384438,
    0.1757176469169073,
    0.0
   ],
   [
    0.16740809084091268,
    -0.0020658976396113055,
    0.0
   ],
   [
    0.07745296720696279,
    0.2045261074458871,
    0.0
   ],
   [
    0.13330882230346108,
    0.09196981358025183,
    0.0
   ],
   [
    0.09313472693074748,
    0.08987905727192472,
    0.0
   ],
   [
    0.2191043155474757,
    -0.06183529070643387,
    0.0
   ],
   [
    0.0016911151485848874,
    0.02118570222053845,
    0.0
   ],
   [
    0.09347081055810352,
    0.20935051753797354,
    0.0
   ]
  ],
  "positions": [
   [
    -0.5229451417469195,
    -1.2967425347679862,
    0.637559355856812
   ],
   [
    0.14893168321815672,
    1.3990078996373874,
    0.5245594017631662
   ],
   [
    1.0787277642798876,
    -0.9870088478419872,
    0.4639162009987456
   ],
   [
    -0.9362784363646223,
    1.1143674034583613,
    0.5325956768477926
   ],
   [
    1.3740693566709001,
    -0.055926704215956274,
    0.5343039733882229
   ],
   [
    -0.0011808912332065612,
    -1.3709129943840612,
    0.551612116358939
   ],
   [
    -0.3397969526833647,
    -1.3845119560975552,
    0.5256079236558456
   ],
   [
    1.3924163534226444,
    -0.12375134825963856,
    0.45487701768613603
   ],
   [
    -0.757788104330348,
    1.1322018999751204,
    0.5263386348826034
   ],
   [
    -0.22273016074921353,
    -1.4297091614601762,
    0.6329048748229733
   ],
   [
    1.4071884025947992,
    -0.26269778316183773,
    0.5411772328166292
   ],
   [
    -0.10279195872283976,
    -1.447315108883612,
    0.5543420812566641
   ],
   [
    0.8867348569473985,
    -1.116985867920096,
    0.47166356100015955
   ],
   [
    1.2258556589854397,
    -0.72040478131531,
    0.5002527356247318
   ],
   [
    -1.3406361798215778,
    -0.16498594013818146,
    0.6126174649518908
   ],
   [
    -0.2750122518099896,
    1.377370478524474,
    0.6119482463826277
   ],
   [
    -0.06615552121470043,
    1.3955089749687373,
    0.5900084252904565
   ],
   [
    -1.23597370204421,
    0.6617599726261755,
    0.635773673224513
   ],
   [
    -0.29654327596859503,
    1.4025758748723487,
    0.5171981113368493
   ],
   [
    -1.1669904315391653,
    -0.5734224225006728,
    0.6118117391367213
   ],
   [
    0.6664431087801479,
    1.116686239888098,
    0.546043428977085
   ],
   [
    -0.4664200138049799,
    1.3989906008260848,
    0.6329121741199433
   ],
   [
    -1.277899580478086,
    -0.4463771330817341,
    0.6202187213841808
   ],
   [
    -0.63114009900053,
    -1.1746197404055005,
    0.6403957541536172
   ],
   [
    -1.3011705581618045,
    -0.4626536878892357,
    0.49451831789070144
   ]
  ]
 },
 "appearance_assets": {
  "floor_pbr": "Carpet006",
  "background_hdr": "moonlit_golf_4k.hdr"
 },
 "environment_strength": 0.5045538589991092
}