{
 "objects": [
  {
   "obj_subpath": "glass/glass_004/glass_004.blend",
   "obj_location": [
    0.09069274420155998,
    0.08975185367356903
   ],
   "obj_pose": [
    [
     -0.9523614589295518,
     0.3049715585846908,
     0.0
    ],
    [
     -0.3049715585846908,
     -0.9523614589295518,
     0.0
    ],
    [
     0.0,
     0.0,
     1.0
    ]
   ],
   "obj_scale": 0.607460472891944,
   "obj_color": {
    "type": "random-mono",
    "color": [
     [
      0.6160986504751678,
      0.79732305110802,
      0.6434322548772433
     ],
     [
      0.7331512402826565,
      0.8877757276783027,
      0.7564728490427748
     ]
    ],
    "randomness": 0.5107788896688014,
    "scale": 2.8468734283946704,
    "specular": 0.6969527304876666,
    "roughness": 0.11958235866140016,
    "clever": false
   }
  }
 ],
 "camera": {
  "track_to_point": [
   [
    0.1858326255194222,
    -0.013577330352322364,
    0.0
   ],
   [
    0.1444251009059103,
    0.15128491921864154,
    0.0
   ],
   [
    0.0193178064312782,
    -0.01791164166570053,
    0.0
   ],
   [
    0.16422384913668933,
    0.11740927534328366,
    0.0
   ],
   [
    0.16653029034536537,
    0.2215035401937767,
    0.0
   ],
   [
    0.2104085591220791,
    0.10300496342459159,
    0.0
   ],
   [
    0.17428648261645327,
    0.08509763661634465,
    0.0
   ],
   [
    0.053695198850998674,
    -0.02189957677008808,
    0.0
   ],
   [
    0.07108795849594968,
    -0.014365692581755546,
    0.0
   ],
   [
    0.17184195462555932,
    -0.016470993664906827,
    0.0
   ],
   [
    -0.04452328502166902,
    0.08327399412036351,
    0.0
   ],
   [
    0.08489572268417636,
    0.14934987890143617,
    0.0
   ],
   [
    0.14492634481588068,
    0.0815214095901085,
    0.0
   ],
   [
    -0.004193575495534452,
    0.1171661097093944,
    0.0
   ],
   [
    0.23626857660762965,
    0.14106608659769895,
    0.0
   ],
   [
    0.10909582177998822,
    -0.05994223331596518,
    0.0
   ],
   [
    0.02351758624643545,
    0.1647552205517217,
    0.0
   ],
   [
    0.10438111269996656,
    0.036490445656329765,
    0.0
   ],
   [
    0.11293505001949736,
    0.10248428568602924,
    0.0
   ],
   [
    0.10043405164303304,
    0.1994359068490766,
    0.0
   ],
   [
    0.2377214401174396,
    0.16574602367672445,
    0.0
   ],
   [
    0.20798734504663233,
    0.23425222816041993,
    0.0
   ],
   [
    0.14482579095274262,
    0.2151284060745485,
    0.0
   ],
   [
    0.08542187244774663,
    0.012928644842008105,
    0.0
   ],
   [
    0.13949546214678302,
    -0.01140073249532167,
    0.0
   ]
  ],
  "positions": [
   [
    1.1526226514891278,
    0.6063883059347657,
    0.5028167242026477
   ],
   [
    -0.6032470588569979,
    -1.1636807384933208,
    0.5218124940778037
   ],
   [
    -1.3161890039362656,
    0.5279757036174418,
    0.5420732457571132
   ],
   [
    -1.2340713957143263,
    -0.7371164511550767,
    0.46765541872000777
   ],
   [
    0.8065797343344582,
    -1.1093648479356808,
    0.6281906379657674
   ],
   [
    -0.8875503062168008,
    -1.0807981771889037,
    0.580540719414151
   ],
   [
    0.7494869869245419,
    1.0814948286853447,
    0.47766752744261004
   ],
   [
    1.287724674902977,
    -0.7443117710281647,
    0.5657456604466033
   ],
   [
    0.02085871781941202,
    -1.3025801546486078,
    0.6483520762733317
   ],
   [
    -1.360927344029575,
    -0.2643713210150025,
    0.5043564387543498
   ],
   [
    -0.2629632032253148,
    -1.4739197835588438,
    0.49032615844787875
   ],
   [
    -1.35873119534886,
    -0.425133838479484,
    0.6453384549089958
   ],
   [
    1.3285158751119799,
    -0.04632231316106389,
    0.5917619608407899
   ],
   [
    0.24944504904485737,
    -1.318979499669041,
    0.4877279442714585
   ],
   [
    -0.3131311921805032,
    1.325472391611721,
    0.5812560772652504
   ],
   [
    1.4051284756406275,
    0.08482074639273002,
    0.5087290561705128
   ],
   [
    1.2524987367377993,
    0.7000534121482029,
    0.45466105312075306
   ],
   [
    -0.9602648200268954,
    1.1310068463009195,
    0.470817386220329
   ],
   [
    1.2299418770148902,
    0.56580654620976,
    0.5676402865031444
   ],
   [
    1.4354935168180525,
    0.30357792410226664,
    0.6432507065215378
   ],
   [
    -0.2151481635303972,
    1.4524411418730436,
    0.4663473373671124
   ],
   [
    0.19035235564188108,
    -1.348815167290903,
    0.6398286164102875
   ],
   [
    -0.03396720860039789,
    -1.3698592401108016,
    0.5464409929953895
   ],
   [
    1.171967100158809,
    -0.874007083713819,
    0.5429562922877041
   ],
   [
    -1.0248140460647173,
    -0.8297553972018605,
    0.5142331173332941
   ]
  ]
 },
 "appearance_assets": {
  "floor_pbr": "Planks001",
  "background_hdr": "st_fagans_interior_4k.hdr"
 },
 "environment_strength": 0.6804830082391884
}