{
 "objects": [
  {
   "obj_subpath": "hammer/hammer_089/hammer_089.blend",
   "obj_location": [
    0.059579287698519556,
    -0.13811313727531288
   ],
   "obj_pose": [
    [
     -0.9995201357422436,
     0.030975768687908155,
     0.0
    ],
    [
     -0.030975768687908155,
     -0.9995201357422436,
     0.0
    ],
    [
     0.0,
     0.0,
     1.0
    ]
   ],
   "obj_scale": 0.6770639826321637,
   "obj_color": {
    "type": "random-mono",
    "color": [
     [
      0.42231867638964293,
      0.14883106473749308,
      0.36781156421032146
     ],
     [
      0.26109179459912973,
      0.16866201590865054,
      0.24267019120233763
     ],
     [
      0.661589688997203,
      0.1813679541993387,
      0.5658796865899705
     ]
    ],
    "randomness": 0.3186791201354837,
    "scale": 2.3265279979786584,
    "specular": 0.7417296797465557,
    "roughness": 0.25373065846916054,
    "clever": true
   }
  }
 ],
 "camera": {
  "track_to_point": [
   [
    0.03745149921162663,
    -0.016574764028232408,
    0.0
   ],
   [
    -0.06680657018697281,
    -0.2255241973122927,
    0.0
   ],
   [
    0.07678206511161487,
    -0.06929560218506153,
    0.0
   ],
   [
    -0.02240635773297049,
    -0.1664671926912866,
    0.0
   ],
   [
    0.1578256869416204,
    -0.2851223571312451,
    0.0
   ],
   [
    0.2035362217065739,
    -0.21704629500244138,
    0.0
   ],
   [
    0.10595345550344498,
    -0.19698052584924075,
    0.0
   ],
   [
    0.05789063710265713,
    -0.16212341280693512,
    0.0
   ],
   [
    0.14991117898103476,
    -0.014693552062353649,
    0.0
   ],
   [
    0.037448347853721364,
    -0.2647993995614466,
    0.0
   ],
   [
    -0.02565811029390741,
    -0.139542691592558,
    0.0
   ],
   [
    -0.06316313110389371,
    -0.2840529211434369,
    0.0
   ],
   [
    -0.06646305227234842,
    -0.24110031747554012,
    0.0
   ],
   [
    0.02617908716087751,
    -0.10666668729092249,
    0.0
   ],
   [
    0.07672329594495847,
    -0.21495374931292877,
    0.0
   ],
   [
    0.10958450049094065,
    -0.23841087592682356,
    0.0
   ],
   [
    0.10791502054158453,
    -0.16816945358653532,
    0.0
   ],
   [
    0.017023784590159213,
    -0.27971926801876745,
    0.0
   ],
   [
    0.13118208680381074,
    -0.2092332420225137,
    0.0
   ],
   [
    0.09004274033224924,
    -0.2585547126098792,
    0.0
   ],
   [
    0.07258398679212072,
    -0.10250684170045732,
    0.0
   ],
   [
    0.1501034284566663,
    0.006065050083963547,
    0.0
   ],
   [
    0.19875579995176848,
    -0.28351328316212465,
    0.0
   ],
   [
    -0.01573160143667937,
    -0.08371093505288213,
    0.0
   ],
   [
    0.05875449157891574,
    -0.21966056076479748,
    0.0
   ]
  ],
  "positions": [
   [
    -0.7551585804965764,
    -1.0657309275106737,
    0.4990798849123649
   ],
   [
    -0.25400315732992684,
    -1.390236768643615,
    0.5594504495983772
   ],
   [
    -1.353642630896965,
    -0.582012134824406,
    0.45157975115710863
   ],
   [
    0.5518726054203467,
    -1.3060452309114805,
    0.6498492149280621
   ],
   [
    1.3160810898637183,
    0.2791990693204641,
    0.48961031044412323
   ],
   [
    1.169587695323651,
    -0.9329601015526798,
    0.6447752928316187
   ],
   [
    1.371535543519736,
    0.4032415982032765,
    0.5727762841308769
   ],
   [
    -1.1119153853453896,
    0.7309598264263236,
    0.5432333810928075
   ],
   [
    -1.1316370375358344,
    0.6753867293786726,
    0.6023499167508836
   ],
   [
    -0.6749173859696925,
    -1.2064763788202086,
    0.6382152027911918
   ],
   [
    -1.1602269228010627,
    -0.6045613911076927,
    0.6118021399474116
   ],
   [
    1.3083053709145516,
    0.7235017606568682,
    0.5262224949100465
   ],
   [
    -0.960387229907052,
    1.050289474038477,
    0.49522731284141247
   ],
   [
    1.106815719457166,
    0.9001101113141112,
    0.5541987660543005
   ],
   [
    0.9404337156913,
    -1.001400692643371,
    0.6035536906786994
   ],
   [
    -0.17454081379626915,
    -1.4232902562611325,
    0.6044724427727499
   ],
   [
    -1.083322706455331,
    0.7395142957989627,
    0.517062880669186
   ],
   [
    1.3829976207229895,
    0.09454614126764734,
    0.4921900277732164
   ],
   [
    -1.0588809451929495,
    0.8226162745992818,
    0.5428774812182632
   ],
   [
    1.0615786071095499,
    1.0350134772362414,
    0.5037709721798256
   ],
   [
    -0.4872775264294197,
    -1.221980322066538,
    0.5529077367626478
   ],
   [
    -1.4560538904959903,
    0.04696365503742149,
    0.6245726141405533
   ],
   [
    -1.2397438149953346,
    0.5404129611638305,
    0.4610405187534132
   ],
   [
    0.8938809500049827,
    1.1624680675119383,
    0.505246035335125
   ],
   [
    0.4620635770429669,
    1.2596109415916346,
    0.6054177806674859
   ]
  ]
 },
 "appearance_assets": {
  "floor_pbr": "Tiles001",
  "background_hdr": "small_empty_house_4k.hdr"
 },
 "environment_strength": 0.6466902892674432
}