{
 "objects": [
  {
   "obj_subpath": "ball/ball_027/ball_027.blend",
   "obj_location": [
    0.06642129903642913,
    0.1344965883370784
   ],
   "obj_pose": [
    [
     0.6742222823231782,
     -0.7385284788137318,
     0.0
    ],
    [
     0.7385284788137318,
     0.6742222823231782,
     0.0
    ],
    [
     0.0,
     0.0,
     1.0
    ]
   ],
   "obj_scale": 0.6084721461164355,
   "obj_color": {
    "type": "random-multi",
    "color": [
     [
      0.017218068462406366,
      0.6403994894724443,
      0.8042279409549391
     ],
     [
      0.6158877171575884,
      0.3177527765068455,
      0.12034436266820114
     ],
     [
      0.955105279180894,
      0.30994197131691,
      0.009934982774588819
     ]
    ],
    "randomness": 1.414358955946119,
    "scale": 1.05868208588821,
    "specular": 0.6182568127792542,
    "roughness": 0.2934203889699605,
    "clever": false
   }
  }
 ],
 "camera": {
  "track_to_point": [
   [
    0.03462434111048396,
    0.1667688702285221,
    0.0
   ],
   [
    -0.08329102527628632,
    0.21684358710815432,
    0.0
   ],
   [
    0.13954053179635773,
    0.14247785246151431,
    0.0
   ],
   [
    0.12879754035068036,
    0.22650249826701785,
    0.0
   ],
   [
    0.15866105306821485,
    0.08271523169714368,
    0.0
   ],
   [
    -0.03631130675706526,
    0.23204933461438154,
    0.0
   ],
   [
    0.040103340696152984,
    -0.009696917304975128,
    0.0
   ],
   [
    0.18818921719683288,
    0.19814006376315313,
    0.0
   ],
   [
    0.19065592467922923,
    0.07637122541756246,
    0.0
   ],
   [
    0.004727886186021421,
    0.04920034259839312,
    0.0
   ],
   [
    -0.07182039790773143,
    0.1256152516425386,
    0.0
   ],
   [
    -0.060822967949432594,
    0.12676533749450722,
    0.0
   ],
   [
    0.17020957381188603,
    0.1844986769322982,
    0.0
   ],
   [
    -0.034083415942335646,
    0.01323766501171228,
    0.0
   ],
   [
    -0.029805488060039714,
    0.2364166930462356,
    0.0
   ],
   [
    0.21166062488498275,
    0.19518765592994802,
    0.0
   ],
   [
    0.15670420013013156,
    0.11424713325031216,
    0.0
   ],
   [
    0.12109777204228292,
    0.02895274059778881,
    0.0
   ],
   [
    0.17727473091884569,
    0.06984996403144822,
    0.0
   ],
   [
    0.06534317316070531,
    0.13680683865816756,
    0.0
   ],
   [
    0.19155674709101114,
    0.2243235821898616,
    0.0
   ],
   [
    0.12978632284666183,
    0.2522673531391142,
    0.0
   ],
   [
    0.14623369630169689,
    0.20768647213278896,
    0.0
   ],
   [
    -0.02605239289015719,
    0.04459563497726138,
    0.0
   ],
   [
    0.01934203403193578,
    0.2819658018984853,
    0.0
   ]
  ],
  "positions": [
   [
    -0.98308652179796,
    0.9562303977822811,
    0.6183945343693373
   ],
   [
    0.928177346743734,
    0.9435673255872443,
    0.5499761666197306
   ],
   [
    1.3929237662145657,
    -0.49674740903841086,
    0.6226850900688097
   ],
   [
    1.041605168957488,
    0.9634559169961177,
    0.6194792631066393
   ],
   [
    -1.0016389974455813,
    1.000125074240024,
    0.4590311677444788
   ],
   [
    -1.2712587039009327,
    0.29343681578414355,
    0.5328419936606551
   ],
   [
    -1.2713648636032568,
    -0.47898722821414963,
    0.4907899354537339
   ],
   [
    0.807258156729738,
    1.1646110231979334,
    0.45991762093410044
   ],
   [
    0.9991528698022135,
    1.1184239516348746,
    0.4811270456008409
   ],
   [
    -0.7141985489792146,
    -1.2361211115869628,
    0.6069840715710004
   ],
   [
    1.4155273589223305,
    0.4693003305992027,
    0.5413033978356976
   ],
   [
    0.7070104775785684,
    1.2261429411239224,
    0.5990215421355063
   ],
   [
    1.357330429549245,
    0.03591426901116534,
    0.5432910069739995
   ],
   [
    -1.3568054059072119,
    -0.5260950423684857,
    0.5556240311943816
   ],
   [
    0.029041314263976072,
    1.3459572246743876,
    0.5180461206753882
   ],
   [
    -1.4403035212486108,
    0.22221246571548128,
    0.45258775374142685
   ],
   [
    0.47761040022565726,
    1.2193613847265758,
    0.6471187562502988
   ],
   [
    1.459901469420011,
    -0.22729034305053228,
    0.4941401219610985
   ],
   [
    -0.36563129997269833,
    1.3209684064322162,
    0.4959874575907358
   ],
   [
    -0.6728679465762837,
    -1.2334617616423584,
    0.47221257991830995
   ],
   [
    -0.4317928019538522,
    -1.2625457968329508,
    0.5732528246004212
   ],
   [
    -0.021162548475729015,
    1.3188634563082062,
    0.5922906989421608
   ],
   [
    -1.340288971811337,
    0.51892593637809,
    0.4833218885085124
   ],
   [
    0.9903185151505504,
    -0.8627045324135542,
    0.5213288265372384
   ],
   [
    -0.4644759402673401,
    -1.317295862304468,
    0.4689784432399884
   ]
  ]
 },
 "appearance_assets": {
  "floor_pbr": "Marble012",
  "background_hdr": "hotel_room_4k.hdr"
 },
 "environment_strength": 0.6255254027722367
}