{
 "objects": [
  {
   "obj_subpath": "giraffe/giraffe_007/giraffe_007.blend",
   "obj_location": [
    -0.1432502859920601,
    0.16516225189566786
   ],
   "obj_pose": [
    [
     -0.038009614400188727,
     0.9992773735120539,
     0.0
    ],
    [
     -0.9992773735120539,
     -0.038009614400188727,
     0.0
    ],
    [
     0.0,
     0.0,
     1.0
    ]
   ],
   "obj_scale": 0.6508935145523409,
   "obj_color": {
    "type": "random-mono",
    "color": [
     [
      0.7620315900283301,
      0.8839591229644699,
      0.8842248087472442
     ],
     [
      0.1836453638174813,
      0.3277735134930587,
      0.32808757545547396
     ],
     [
      0.7174710012612422,
      0.8407550738794155,
      0.8410237156254461
     ],
     [
      0.27137231265139705,
      0.6214349397974102,
      0.6221977425940685
     ]
    ],
    "randomness": 0.32333304759312287,
    "scale": 2.6292404847075765,
    "specular": 0.7804109048301677,
    "roughness": 0.16179099630488036,
    "clever": true
   }
  }
 ],
 "camera": {
  "track_to_point": [
   [
    -0.11898255093033994,
    0.22625172700801574,
    0.0
   ],
   [
    -0.05763789486907073,
    0.2062634093680783,
    0.0
   ],
   [
    -0.2530144505864303,
    0.16338491438194763,
    0.0
   ],
   [
    -0.04943976494498034,
    0.036279676227252394,
    0.0
   ],
   [
    -0.10389578667967744,
    0.27549384104519237,
    0.0
   ],
   [
    -0.07538827431385181,
    0.15488787740649898,
    0.0
   ],
   [
    -0.05470062320397137,
    0.27935106197084114,
    0.0
   ],
   [
    -0.09805319487609723,
    0.29051132010073866,
    0.0
   ],
   [
    -0.06361085891800777,
    0.13630840697527485,
    0.0
   ],
   [
    -0.07651640202666465,
    0.10904187607597625,
    0.0
   ],
   [
    -0.0490658525987345,
    0.22695916661926013,
    0.0
   ],
   [
    -0.10097788130840327,
    0.08939225903716311,
    0.0
   ],
   [
    0.0018815754311561905,
    0.2096886667539463,
    0.0
   ],
   [
    -0.17093176296751245,
    0.20722920156938548,
    0.0
   ],
   [
    -0.03659371694163399,
    0.06994552050649472,
    0.0
   ],
   [
    -0.04665799058326553,
    0.10192491423791156,
    0.0
   ],
   [
    -0.20711519235289366,
    0.10484284981566372,
    0.0
   ],
   [
    -0.18042034942825586,
    0.21014585303176705,
    0.0
   ],
   [
    -0.22521746087044198,
    0.027302418816918916,
    0.0
   ],
   [
    -0.2720648801860284,
    0.21867120825574018,
    0.0
   ],
   [
    -0.031717468649163805,
    0.15654518426151487,
    0.0
   ],
   [
    -0.015666454788006712,
    0.09048669227431443,
    0.0
   ],
   [
    -0.18245873637632193,
    0.07081042605788086,
    0.0
   ],
   [
    -0.254577647441618,
    0.19013320666609307,
    0.0
   ],
   [
    -0.25333895227715114,
    0.03216415180695273,
    0.0
   ]
  ],
  "positions": [
   [
    -1.100899099941347,
    -0.9509255171877758,
    0.6069937736784203
   ],
   [
    0.6643082069794433,
    -1.1425750160433863,
    0.6292266102540953
   ],
   [
    -1.3610270061778924,
    0.09117263348916417,
    0.6356981839740034
   ],
   [
    1.001719097259075,
    -0.9553749640877941,
    0.6420665526432071
   ],
   [
    -1.101885608820574,
    0.9878533615464868,
    0.635205512863585
   ],
   [
    1.3410227739474883,
    -0.256216701633431,
    0.5186877863751789
   ],
   [
    0.3244449500285302,
    1.3900394123980735,
    0.4977156920887331
   ],
   [
    1.0722929221655024,
    -1.0161523621262565,
    0.4692799271067464
   ],
   [
    -1.3229764364883443,
    0.3912989477737524,
    0.47380326041016363
   ],
   [
    1.0121493117210358,
    1.0991583586746563,
    0.6261653808479115
   ],
   [
    -1.3821362155238965,
    -0.10067008431430222,
    0.5258175727735811
   ],
   [
    -1.240978434584181,
    -0.6888348297603588,
    0.49107829038550027
   ],
   [
    1.1311518024739877,
    -0.8907607947111426,
    0.4588614343959232
   ],
   [
    -1.1837743099206317,
    -0.8280951521331515,
    0.5301988373651376
   ],
   [
    0.7394735482846119,
    -1.0947045283210624,
    0.6272634603073559
   ],
   [
    1.0457042709885838,
    -0.7825233430737851,
    0.6098104138804339
   ],
   [
    0.8074226781520728,
    -1.1737827638509981,
    0.535469092684134
   ],
   [
    -0.8683573755079864,
    1.0316691971583143,
    0.4676757299024018
   ],
   [
    0.8910948148615683,
    0.990524687315063,
    0.4706344769055923
   ],
   [
    -1.2891063354809864,
    -0.36210473093853707,
    0.5175996486095019
   ],
   [
    0.06720736783352162,
    1.3964843615842126,
    0.6137113137577838
   ],
   [
    -0.5673472835280423,
    -1.3307436450154722,
    0.4824327877984872
   ],
   [
    -0.15144719467545403,
    -1.4728543602446,
    0.529689166709715
   ],
   [
    -0.6335831727235749,
    1.2178261396603214,
    0.545016244048628
   ],
   [
    0.5457333402236992,
    1.188249464492141,
    0.5332650623871806
   ]
  ]
 },
 "appearance_assets": {
  "floor_pbr": "Tiles072",
  "background_hdr": "balcony_4k.hdr"
 },
 "environment_strength": 0.6125437859570484
}