{
 "objects": [
  {
   "obj_subpath": "cup/cup_013/cup_013.blend",
   "obj_location": [
    -0.11670759624784571,
    -0.16750319819775317
   ],
   "obj_pose": [
    [
     0.9602399336675698,
     0.27917605518758437,
     0.0
    ],
    [
     -0.27917605518758437,
     0.9602399336675698,
     0.0
    ],
    [
     0.0,
     0.0,
     1.0
    ]
   ],
   "obj_scale": 0.680638197694975,
   "obj_color": {
    "type": "random-multi",
    "color": [
     [
      0.03943007420212108,
      0.08812912899071745,
      0.9315602930588149
     ],
     [
      0.14065705431725556,
      0.8571394388659592,
      0.025375374069770418
     ]
    ],
    "randomness": 4.488035505518975,
    "scale": 1.4586000709410019,
    "specular": 0.7513526977653725,
    "roughness": 0.19787995655571006,
    "clever": false
   }
  }
 ],
 "camera": {
  "track_to_point": [
   [
    -0.086444118317485,
    -0.2831212286745681,
    0.0
   ],
   [
    -0.22468810902476383,
    -0.2152553279658475,
    0.0
   ],
   [
    -0.03457492083220831,
    -0.16079481655515876,
    0.0
   ],
   [
    -0.2617185269070519,
    -0.023424283898907078,
    0.0
   ],
   [
    -0.15748362300184515,
    -0.22143706501074772,
    0.0
   ],
   [
    -0.20592562204413337,
    -0.053045172672972735,
    0.0
   ],
   [
    -0.19718840038574242,
    -0.11990062551990163,
    0.0
   ],
   [
    -0.019224158164277777,
    -0.07208225410996486,
    0.0
   ],
   [
    -0.18931010033943024,
    -0.2897421197683999,
    0.0
   ],
   [
    -0.05265573198984261,
    -0.2807845543805407,
    0.0
   ],
   [
    0.0076312609012430255,
    -0.20170636513993676,
    0.0
   ],
   [
    -0.20072210876636803,
    -0.16788998967259666,
    0.0
   ],
   [
    0.014441277872511121,
    -0.052369808165705495,
    0.0
   ],
   [
    -0.16505132892447547,
    -0.10064659275164448,
    0.0
   ],
   [
    -0.11625741026483843,
    -0.18827591144369393,
    0.0
   ],
   [
    -0.045494995588552106,
    -0.24333943816102488,
    0.0
   ],
   [
    -0.22937915653907964,
    -0.1209244033903511,
    0.0
   ],
   [
    -0.08601132384772933,
    -0.26187284718485493,
    0.0
   ],
   [
    0.00724963522545638,
    -0.21767859974211978,
    0.0
   ],
   [
    -0.2663047583234969,
    -0.14088066318845927,
    0.0
   ],
   [
    -0.18666751947638477,
    -0.03512552334893779,
    0.0
   ],
   [
    -0.17230603246591975,
    -0.22472936617094313,
    0.0
   ],
   [
    -0.1082525796919761,
    -0.23784265710362462,
    0.0
   ],
   [
    -0.09331924712911982,
    -0.31685693723339114,
    0.0
   ],
   [
    -0.09801158544179497,
    -0.17783667132930442,
    0.0
   ]
  ],
  "positions": [
   [
    -1.0293967143280258,
    -0.8605794944286831,
    0.6484210010935604
   ],
   [
    1.32505739269617,
    -0.6255655716769656,
    0.5291648404394451
   ],
   [
    -1.4133964283029286,
    -0.3722419353134552,
    0.5136482042547983
   ],
   [
    -1.4430521931882405,
    -0.2960831297295748,
    0.5947625230952073
   ],
   [
    0.49448236810853885,
    -1.3152950312975775,
    0.5136700820862716
   ],
   [
    -1.2196186008705807,
    -0.6194020798042702,
    0.5175115863824398
   ],
   [
    -0.4224919613688021,
    -1.4152089240350836,
    0.6377201287357286
   ],
   [
    -0.8642135138832563,
    1.2175036514698205,
    0.5496243208054369
   ],
   [
    -0.8261372569781015,
    1.1341582120237348,
    0.6198073924645866
   ],
   [
    1.1484212902974287,
    -0.6581260067112967,
    0.5836620375915987
   ],
   [
    -0.4979407616831908,
    1.2029244603646265,
    0.5633926670088412
   ],
   [
    -0.17734212562166782,
    -1.4380691374761925,
    0.5026822711926091
   ],
   [
    -0.6756322415825408,
    -1.3150628152850512,
    0.45897869853455076
   ],
   [
    -1.136498272754593,
    0.9709740379860609,
    0.5923309256872333
   ],
   [
    -0.9527844075339288,
    -1.0708954071434553,
    0.5340364391902085
   ],
   [
    -0.7895938786181588,
    1.1303998864635136,
    0.4509564759669396
   ],
   [
    -0.47604465797411455,
    1.3045052246839315,
    0.5590846226150044
   ],
   [
    -0.3338980385504003,
    -1.3071429805624273,
    0.6408150910519144
   ],
   [
    1.2194348129455312,
    0.4621009369829631,
    0.618259414387959
   ],
   [
    1.4641947234536987,
    -0.0792234396645025,
    0.5602299541327649
   ],
   [
    -0.08355680576302801,
    -1.3238912913755339,
    0.5344835808113678
   ],
   [
    -0.9671248547846523,
    -0.8698678753238757,
    0.6258050931299629
   ],
   [
    -0.5289831420513652,
    1.319986918634094,
    0.5458760031895376
   ],
   [
    0.23866781850708096,
    -1.3834289471974193,
    0.6208452973442264
   ],
   [
    1.4141510526882237,
    0.06130845009126223,
    0.46981385820347793
   ]
  ]
 },
 "appearance_assets": {
  "floor_pbr": "WoodFloor028",
  "background_hdr": "photo_studio_01_4k.hdr"
 },
 "environment_strength": 0.6652385012529114
}