{
 "objects": [
  {
   "obj_subpath": "hat/hat_045/hat_045.blend",
   "obj_location": [
    -0.00706567269177838,
    -0.010141269665078723
   ],
   "obj_pose": [
    [
     -0.14214270638566365,
     0.9898461754340212,
     0.0
    ],
    [
     -0.9898461754340212,
     -0.14214270638566365,
     0.0
    ],
    [
     0.0,
     0.0,
     1.0
    ]
   ],
   "obj_scale": 0.6619470444274131,
   "obj_color": {
    "type": "random-mono",
    "color": [
     [
      0.4760406236753022,
      0.7310233134311049,
      0.6860252303717472
     ],
     [
      0.13247394329068674,
      0.29805243954765714,
      0.2688319660537495
     ],
     [
      0.19489808556831617,
      0.2990850733779638,
      0.2806986694395132
     ]
    ],
    "randomness": 0.10033288855160405,
    "scale": 2.957565516714475,
    "specular": 0.7992716525912313,
    "roughness": 0.24311274767934152,
    "clever": false
   }
  }
 ],
 "camera": {
  "track_to_point": [
   [
    -0.14864528005141517,
    0.13458473760202463,
    0.0
   ],
   [
    0.10544193855897063,
    -0.04040352620406776,
    0.0
   ],
   [
    0.04961575117897507,
    -0.10960920691953391,
    0.0
   ],
   [
    0.017205631058915122,
    0.017579960902515013,
    0.0
   ],
   [
    -0.09860676376268111,
    -0.10605861519507515,
    0.0
   ],
   [
    0.09353696979163476,
    0.032241446973849286,
    0.0
   ],
   [
    0.11897718885591826,
    -0.1196305474210502,
    0.0
   ],
   [
    0.11329079004758527,
    -0.07670386464701208,
    0.0
   ],
   [
    0.12169762064798581,
    0.12385893590592481,
    0.0
   ],
   [
    0.10099291860298779,
    -0.10282834390016696,
    0.0
   ],
   [
    -0.021568617018969394,
    -0.12955321043255122,
    0.0
   ],
   [
    -0.09960641529151149,
    0.08323989137257778,
    0.0
   ],
   [
    -0.10399380010664933,
    0.02161627847511355,
    0.0
   ],
   [
    -0.1325034018790065,
    -0.15249110965802945,
    0.0
   ],
   [
    -0.006963004211425816,
    -0.124981142364641,
    0.0
   ],
   [
    -0.09996886649652084,
    0.05896477971180625,
    0.0
   ],
   [
    0.053653310166145496,
    -0.04214839326496034,
    0.0
   ],
   [
    -0.11805735194555841,
    -0.05108217538855429,
    0.0
   ],
   [
    -0.11687071895187859,
    -0.10940099635649359,
    0.0
   ],
   [
    0.07222683393921273,
    0.10355644090327767,
    0.0
   ],
   [
    0.11946153350282043,
    -0.13881596442307892,
    0.0
   ],
   [
    -0.1315083251959243,
    0.1132526570152845,
    0.0
   ],
   [
    -0.06387195786702395,
    -0.08561029802124208,
    0.0
   ],
   [
    -0.12577120342308784,
    -0.15002237115674746,
    0.0
   ],
   [
    -0.14403655244403302,
    -0.026251029780941904,
    0.0
   ]
  ],
  "positions": [
   [
    0.6486200399044071,
    -1.2646377196021463,
    0.5896591038081467
   ],
   [
    -0.2889912577979949,
    1.433068763021084,
    0.47861205893972875
   ],
   [
    0.7511983127982317,
    1.0648733885223631,
    0.4975981460788286
   ],
   [
    1.3171043083086988,
    0.08977075712131251,
    0.5700961089298162
   ],
   [
    0.9197520814999939,
    -1.1725172660453822,
    0.6089790990752095
   ],
   [
    -0.9094526878746152,
    1.1614038856211548,
    0.46938992126622603
   ],
   [
    -1.35990566269417,
    -0.12742652764921392,
    0.5941155102921163
   ],
   [
    0.3929076085271591,
    -1.346235115064421,
    0.5841596562945444
   ],
   [
    -0.450762098467393,
    1.224721517340768,
    0.5211781684934096
   ],
   [
    -0.28061656855491285,
    -1.3728470401426878,
    0.46665138691560926
   ],
   [
    -1.0134212503331064,
    -0.8900147497964718,
    0.4991796862691439
   ],
   [
    0.6785364031898747,
    1.3271937843591324,
    0.48978859540828723
   ],
   [
    0.9629359381120447,
    0.9373820905096814,
    0.5464814245297926
   ],
   [
    0.0001700614482208401,
    -1.455402495562791,
    0.5036209250986823
   ],
   [
    -0.7470060387614799,
    1.249878446602452,
    0.47756571261763886
   ],
   [
    -0.5431796267302879,
    -1.3130621014420014,
    0.6472565069474562
   ],
   [
    0.7964928425628969,
    1.1033650733819735,
    0.48815335996959075
   ],
   [
    -1.4023730365967946,
    -0.5062249603119665,
    0.6103870891449154
   ],
   [
    -0.6899711949602945,
    1.2063807506840558,
    0.4961768628096706
   ],
   [
    0.3413081806686398,
    1.4026266238648484,
    0.6346660466252713
   ],
   [
    -0.9975582117997869,
    1.0721511771094505,
    0.5953942242490591
   ],
   [
    -0.5246336647049089,
    1.4012973702120866,
    0.6010158556745815
   ],
   [
    1.1296445993544544,
    0.8399035966455127,
    0.5045005970764903
   ],
   [
    -0.7764999180830325,
    -1.0703444742007593,
    0.5658567885108333
   ],
   [
    0.2113638349658199,
    -1.2999533651414714,
    0.5182573635680447
   ]
  ]
 },
 "appearance_assets": {
  "floor_pbr": "Fabric028",
  "background_hdr": "kiara_interior_4k.hdr"
 },
 "environment_strength": 0.6547783584631878
}