{
 "objects": [
  {
   "obj_subpath": "chicken/chicken_021/chicken_021.blend",
   "obj_location": [
    0.16945523552020159,
    -0.05371083922249009
   ],
   "obj_pose": [
    [
     -0.8696750928734,
     0.4936245869440086,
     0.0
    ],
    [
     -0.4936245869440086,
     -0.8696750928734,
     0.0
    ],
    [
     0.0,
     0.0,
     1.0
    ]
   ],
   "obj_scale": 0.6624352522716862,
   "obj_color": {
    "type": "random-mono",
    "color": [
     [
      0.5361447895467224,
      0.8626529364766506,
      0.7982071974281065
     ],
     [
      0.11488938109521751,
      0.36990411721463834,
      0.31956965146848176
     ]
    ],
    "randomness": 0.6047867899207527,
    "scale": 2.787039050451404,
    "specular": 0.8245766660396594,
    "roughness": 0.2357274726159231,
    "clever": false
   }
  }
 ],
 "camera": {
  "track_to_point": [
   [
    0.2123618892570786,
    -0.1536763122707634,
    0.0
   ],
   [
    0.22439474202717796,
    -0.14816925610543658,
    0.0
   ],
   [
    0.14468282641510521,
    -0.017716935736282358,
    0.0
   ],
   [
    0.29239649252677147,
    0.00934145896014052,
    0.0
   ],
   [
    0.10795948893820077,
    0.06481006470292436,
    0.0
   ],
   [
    0.19425684655413863,
    -0.1845604301786151,
    0.0
   ],
   [
    0.05308852972338958,
    -0.011573408281933456,
    0.0
   ],
   [
    0.30963838598481164,
    0.040671262077162734,
    0.0
   ],
   [
    0.1087713194403341,
    -0.09166263719188901,
    0.0
   ],
   [
    0.2943042579233077,
    -0.025754713285531444,
    0.0
   ],
   [
    0.09600937548035884,
    -0.10317529573798251,
    0.0
   ],
   [
    0.06273653517775674,
    0.02328692398349455,
    0.0
   ],
   [
    0.2862357621626679,
    -0.17312826424311828,
    0.0
   ],
   [
    0.17593083076157076,
    0.06918766286594288,
    0.0
   ],
   [
    0.1845325020975217,
    -0.1032905089159204,
    0.0
   ],
   [
    0.24556620218502898,
    0.01413342573965598,
    0.0
   ],
   [
    0.19115476691866623,
    0.06598428228087186,
    0.0
   ],
   [
    0.20722770958159842,
    -0.05069273884358305,
    0.0
   ],
   [
    0.05614029509778046,
    -0.011339378947421874,
    0.0
   ],
   [
    0.17338210183094294,
    -0.18326842480961422,
    0.0
   ],
   [
    0.04743304871521961,
    -0.016575275955172553,
    0.0
   ],
   [
    0.06486152528988068,
    -0.09166199604921349,
    0.0
   ],
   [
    0.24112507697388802,
    -0.1447966328493151,
    0.0
   ],
   [
    0.13400653932670864,
    -0.1258868577270014,
    0.0
   ],
   [
    0.21941748001753847,
    -0.15274590821214704,
    0.0
   ]
  ],
  "positions": [
   [
    -1.359981216264398,
    0.09240340032933146,
    0.5020813895652354
   ],
   [
    -0.4146651621766538,
    1.357264661618736,
    0.5617248078213467
   ],
   [
    0.018107195081846036,
    -1.328743518690701,
    0.5195868763411061
   ],
   [
    -1.0767861951592446,
    1.029260850192608,
    0.567528739636527
   ],
   [
    1.3765923141906584,
    -0.1596306333591612,
    0.5321707046619398
   ],
   [
    0.8670486744924457,
    -1.0443388286002298,
    0.5098199064120388
   ],
   [
    -0.4900111534363091,
    1.291807704355518,
    0.5050956176309737
   ],
   [
    1.4421570501945988,
    -0.18219507978276644,
    0.556790043666721
   ],
   [
    -0.828576440635155,
    -1.2441004492892191,
    0.6155186625096414
   ],
   [
    1.4632564157278598,
    -0.17592187152528865,
    0.5072747951955875
   ],
   [
    -0.21700710220660002,
    1.447323428655801,
    0.5683547402594313
   ],
   [
    -0.28308268835721123,
    -1.4457280982825162,
    0.4638497111647565
   ],
   [
    0.19008874240444498,
    -1.3455231045226745,
    0.4748527792966532
   ],
   [
    -0.5416891825643665,
    1.39169143163154,
    0.45500971420815584
   ],
   [
    1.1624620285467473,
    0.8614046461240461,
    0.45676645568727864
   ],
   [
    -0.5501549887504855,
    1.1945356867807582,
    0.5492167226813256
   ],
   [
    -0.5669645727819802,
    1.382924103771543,
    0.6158625932378197
   ],
   [
    1.4929044290699351,
    0.017537735566258095,
    0.5615838195007388
   ],
   [
    -1.1404284316176394,
    -0.7682059323616313,
    0.539264503353125
   ],
   [
    -0.5072071979026652,
    1.3408356291630628,
    0.4638032221346999
   ],
   [
    0.8844969238424727,
    -1.1339609986696673,
    0.6047066431920636
   ],
   [
    0.07513227130197456,
    1.4762590609278798,
    0.5456183264384661
   ],
   [
    1.0648520952542255,
    1.0095586992104073,
    0.5250018980364957
   ],
   [
    1.3430182921657177,
    -0.03524981432304765,
    0.5044423185011321
   ],
   [
    -1.252782331288301,
    -0.34819730566822077,
    0.6482747885677169
   ]
  ]
 },
 "appearance_assets": {
  "floor_pbr": "Fabric024",
  "background_hdr": "hotel_room_4k.hdr"
 },
 "environment_strength": 0.7050854582827126
}