{
 "objects": [
  {
   "obj_subpath": "dinosaur/dinosaur_031/dinosaur_031.blend",
   "obj_location": [
    0.03256553314937513,
    0.17301722468506314
   ],
   "obj_pose": [
    [
     -0.9886396148106635,
     0.1503053958679554,
     0.0
    ],
    [
     -0.1503053958679554,
     -0.9886396148106635,
     0.0
    ],
    [
     0.0,
     0.0,
     1.0
    ]
   ],
   "obj_scale": 0.6283674347995236,
   "obj_color": {
    "type": "random-mono",
    "color": [
     [
      0.11074923117558476,
      0.06521409004271063,
      0.07156464330695035
     ],
     [
      0.9390654215423875,
      0.810456965187546,
      0.828393328883659
     ]
    ],
    "randomness": 0.06115762340167907,
    "scale": 2.60538886564304,
    "specular": 0.7202056802729326,
    "roughness": 0.1794444676645649,
    "clever": false
   }
  }
 ],
 "camera": {
  "track_to_point": [
   [
    -0.019058868160009554,
    0.05576613060793037,
    0.0
   ],
   [
    0.10771194371492132,
    0.11792279908438369,
    0.0
   ],
   [
    0.021049187262799807,
    0.2792330851072047,
    0.0
   ],
   [
    0.16276730057511923,
    0.14062432124145946,
    0.0
   ],
   [
    0.04055268059978748,
    0.12094356587070826,
    0.0
   ],
   [
    0.12096871913765181,
    0.03239032279847062,
    0.0
   ],
   [
    0.1349389323164888,
    0.06599006648862868,
    0.0
   ],
   [
    0.06713851678155161,
    0.32159493157061103,
    0.0
   ],
   [
    0.1548819003141232,
    0.042506308252145186,
    0.0
   ],
   [
    -0.05715285804004146,
    0.027350084082022136,
    0.0
   ],
   [
    -0.03162941945018978,
    0.29177604545644864,
    0.0
   ],
   [
    0.14563392189382618,
    0.149193569044005,
    0.0
   ],
   [
    -0.0716123060318607,
    0.1028523852955755,
    0.0
   ],
   [
    0.08059048041759359,
    0.2515599567564405,
    0.0
   ],
   [
    -0.045584219296058034,
    0.22474623122463233,
    0.0
   ],
   [
    0.14781985706359652,
    0.14980995449130546,
    0.0
   ],
   [
    -0.08031724077241403,
    0.05176531695620662,
    0.0
   ],
   [
    0.008640254164689054,
    0.13595387134830508,
    0.0
   ],
   [
    -0.06662218102317788,
    0.2367150430182119,
    0.0
   ],
   [
    0.12485929266823043,
    0.0823611971115762,
    0.0
   ],
   [
    0.10800797758156083,
    0.30375215128377797,
    0.0
   ],
   [
    -0.022433971460219346,
    0.120199606897555,
    0.0
   ],
   [
    -0.03681201909879486,
    0.05526055011827542,
    0.0
   ],
   [
    -0.06264485979456869,
    0.17746005353087366,
    0.0
   ],
   [
    0.10035150012900362,
    0.19207186930163506,
    0.0
   ]
  ],
  "positions": [
   [
    1.1740461461747742,
    -0.5979363852036171,
    0.559650403219855
   ],
   [
    1.2192976640376585,
    0.8522233481303098,
    0.6164169198630208
   ],
   [
    0.2232601759394617,
    1.4328138088169056,
    0.6335284574241504
   ],
   [
    -0.7351574775471106,
    1.300891493798545,
    0.544045268887392
   ],
   [
    -0.2516965641699586,
    1.3558932074468406,
    0.6034696752422828
   ],
   [
    -0.5961684355069318,
    -1.3037861681857577,
    0.6258760418780238
   ],
   [
    1.2523528448144652,
    -0.6682994704575816,
    0.5228871606627997
   ],
   [
    -0.27131432503741737,
    1.3288247844671608,
    0.5635862288220758
   ],
   [
    0.5454526090525107,
    -1.185276739952626,
    0.4505455526616646
   ],
   [
    -1.2506476927336365,
    -0.3859366235693184,
    0.48234890276657905
   ],
   [
    -0.849173931613843,
    -1.2154743746708474,
    0.561696211349406
   ],
   [
    0.7067417879735288,
    1.1262081151151653,
    0.46961027593282373
   ],
   [
    -0.6118307580460275,
    -1.2121095283758416,
    0.5785720807986241
   ],
   [
    -1.2209657211745688,
    -0.8194199477023724,
    0.5970218030909354
   ],
   [
    -1.1388309674228223,
    0.7421255946349861,
    0.5526602187115164
   ],
   [
    -1.1342273084032803,
    -0.6921063387386717,
    0.5531292438326316
   ],
   [
    0.06563160906225536,
    -1.3350267591393696,
    0.46598233299186453
   ],
   [
    0.07926825862247112,
    1.3539154961699869,
    0.547416364895061
   ],
   [
    0.5376050602077825,
    -1.3996125234780405,
    0.4500497568393571
   ],
   [
    1.2263482371613537,
    -0.4394045682757035,
    0.6166076828406998
   ],
   [
    0.5488996446332091,
    -1.3692415340137079,
    0.5150633247488662
   ],
   [
    0.7634602197566488,
    1.252281860457585,
    0.47525084371454585
   ],
   [
    -0.48318250516972894,
    -1.2775985087877195,
    0.5081891998170515
   ],
   [
    1.3246696708751444,
    -0.5304325968766924,
    0.5158297526174429
   ],
   [
    -0.8620230026726419,
    -1.0735309515157314,
    0.5132529178806192
   ]
  ]
 },
 "appearance_assets": {
  "floor_pbr": "Carpet005",
  "background_hdr": "aft_lounge_4k.hdr"
 },
 "environment_strength": 0.7849396179738282
}