{
 "objects": [
  {
   "obj_subpath": "drum/drum_004/drum_004.blend",
   "obj_location": [
    0.09400224843392108,
    0.15656168568156031
   ],
   "obj_pose": [
    [
     0.9912564140204997,
     0.13194969368369056,
     0.0
    ],
    [
     -0.13194969368369056,
     0.9912564140204997,
     0.0
    ],
    [
     0.0,
     0.0,
     1.0
    ]
   ],
   "obj_scale": 0.6252825436073985,
   "obj_color": {
    "type": "random-multi",
    "color": [
     [
      0.8997570250813249,
      0.14050070082793997,
      0.5068386164479013
     ],
     [
      0.2454830285432651,
      0.8730462573873753,
      0.21063957328053362
     ],
     [
      0.7516591358343395,
      0.6010636890842417,
      0.08144524369208217
     ]
    ],
    "randomness": 4.99643584840501,
    "scale": 0.7257148809525993,
    "specular": 0.8350664809983546,
    "roughness": 0.2185476436952673,
    "clever": false
   }
  }
 ],
 "camera": {
  "track_to_point": [
   [
    0.14828745989463216,
    0.22934496112513325,
    0.0
   ],
   [
    -0.031631613255472785,
    0.22185489975715778,
    0.0
   ],
   [
    0.0507245261587502,
    0.07571217013628499,
    0.0
   ],
   [
    0.032351749577006636,
    0.08570691925854561,
    0.0
   ],
   [
    0.13752396139830037,
    0.26143844318454035,
    0.0
   ],
   [
    0.16719781385987936,
    0.14194828737643486,
    0.0
   ],
   [
    0.052630331308563774,
    0.15044954389960158,
    0.0
   ],
   [
    -0.045012618708895336,
    0.17679299156709155,
    0.0
   ],
   [
    0.0698467105505236,
    0.2654543345055651,
    0.0
   ],
   [
    0.22149589492435937,
    0.2705845659769617,
    0.0
   ],
   [
    0.21950661300686078,
    0.1577434439385018,
    0.0
   ],
   [
    0.007027358051374152,
    0.1246245949281039,
    0.0
   ],
   [
    0.09123881674832726,
    0.12182716562168389,
    0.0
   ],
   [
    0.07584604132479972,
    0.27225515171446724,
    0.0
   ],
   [
    -0.038644113157825455,
    0.09519649422618975,
    0.0
   ],
   [
    0.146336227797976,
    0.2949027725611727,
    0.0
   ],
   [
    0.22527215615803284,
    0.00797872580410186,
    0.0
   ],
   [
    0.16983966564798994,
    0.23263246247794517,
    0.0
   ],
   [
    0.004637271910839708,
    0.10760280659805936,
    0.0
   ],
   [
    0.038818591290430055,
    0.17086881561216166,
    0.0
   ],
   [
    0.17044737908226276,
    0.19030717273106426,
    0.0
   ],
   [
    0.013257329684486882,
    0.07456863075239378,
    0.0
   ],
   [
    0.13107623019649325,
    0.040713864151529805,
    0.0
   ],
   [
    0.23676975942062725,
    0.16894120233596657,
    0.0
   ],
   [
    -0.01542810529544729,
    0.0288841516219486,
    0.0
   ]
  ],
  "positions": [
   [
    0.9522830271660038,
    1.0603256188208616,
    0.6362058266376414
   ],
   [
    -0.3194496462014847,
    1.3699862436499564,
    0.5094141439201492
   ],
   [
    1.112675539290114,
    -0.7583518660432272,
    0.5528231680042579
   ],
   [
    1.3413980939893333,
    0.6199807567491841,
    0.5665971825758185
   ],
   [
    1.303907347387005,
    0.06296607825484714,
    0.4508811432007345
   ],
   [
    -0.3187627896893323,
    1.3378164006755926,
    0.6241558090889543
   ],
   [
    0.17612354867017888,
    -1.3658980658360271,
    0.48212753339290876
   ],
   [
    -0.33335218594429095,
    1.2810254151178164,
    0.5206280297453277
   ],
   [
    -0.8427483493678106,
    1.1269754515769488,
    0.5012234625288028
   ],
   [
    -0.5899426639473729,
    1.348365819453591,
    0.5545906900424689
   ],
   [
    1.391422990308251,
    -0.2863833291335007,
    0.4600151545493234
   ],
   [
    -0.07378928207297424,
    -1.2979710628250185,
    0.5674190767619121
   ],
   [
    -0.8149258963368844,
    -1.2352930479945226,
    0.5929219060946347
   ],
   [
    1.4058742243757352,
    -0.2763285919311559,
    0.46749021547702724
   ],
   [
    -0.6365785263319897,
    1.326911804613758,
    0.6128333163871535
   ],
   [
    -0.321715890095891,
    1.266229194111884,
    0.505733806609272
   ],
   [
    -0.5004052202650896,
    1.3230749532539987,
    0.501196481035758
   ],
   [
    0.019593665886027005,
    -1.343136312757363,
    0.5899190429239556
   ],
   [
    -1.158259977519438,
    -0.9459825062549111,
    0.6475567900207336
   ],
   [
    1.1222076556572622,
    -0.8139483791044674,
    0.6109890524790067
   ],
   [
    0.5314194931683551,
    1.3314010159150484,
    0.6087059769510826
   ],
   [
    -0.0929126478812131,
    -1.4337457372468345,
    0.5411702963027083
   ],
   [
    -1.2485180016993003,
    -0.42478587577290006,
    0.5180555577647676
   ],
   [
    0.9013301367526244,
    -1.0027889018976186,
    0.5559863686867204
   ],
   [
    1.1833163977176266,
    0.7427651964024417,
    0.48374809062658525
   ]
  ]
 },
 "appearance_assets": {
  "floor_pbr": "Planks009",
  "background_hdr": "umhlanga_sunrise_4k.hdr"
 },
 "environment_strength": 0.6698124616525645
}