{
 "objects": [
  {
   "obj_subpath": "hat/hat_007/hat_007.blend",
   "obj_location": [
    -0.1820964545901879,
    0.014762385133088252
   ],
   "obj_pose": [
    [
     -0.6675975602471994,
     -0.7445223284442092,
     0.0
    ],
    [
     0.7445223284442092,
     -0.6675975602471994,
     0.0
    ],
    [
     0.0,
     0.0,
     1.0
    ]
   ],
   "obj_scale": 0.6185283798311711,
   "obj_color": {
    "type": "random-mono",
    "color": [
     [
      0.7954738005698311,
      0.5300237462642103,
      0.2144048732590743
     ],
     [
      0.8108867214292839,
      0.7191245750790487,
      0.6100198122589633
     ]
    ],
    "randomness": 0.37970513549698004,
    "scale": 4.685694769294606,
    "specular": 0.7741799013739921,
    "roughness": 0.20172421901164295,
    "clever": false
   }
  }
 ],
 "camera": {
  "track_to_point": [
   [
    -0.18063495281283082,
    0.09893354506274046,
    0.0
   ],
   [
    -0.05551407859240781,
    0.03957496294473717,
    0.0
   ],
   [
    -0.12401112233075406,
    0.10550339103849657,
    0.0
   ],
   [
    -0.19547841806821795,
    -0.07962269841679975,
    0.0
   ],
   [
    -0.12340744972377499,
    -0.03437145180821807,
    0.0
   ],
   [
    -0.21926525820340115,
    0.11549931303840918,
    0.0
   ],
   [
    -0.2214270394682858,
    -0.0862027336297737,
    0.0
   ],
   [
    -0.2765372112496755,
    0.05092104386276958,
    0.0
   ],
   [
    -0.2830478952770624,
    -0.06451465483761487,
    0.0
   ],
   [
    -0.2987762415589206,
    0.08136172633834854,
    0.0
   ],
   [
    -0.1930242371285473,
    -0.10177699613964722,
    0.0
   ],
   [
    -0.26532864021823455,
    -0.04041685930344467,
    0.0
   ],
   [
    -0.11069210936649801,
    0.0017262312795242873,
    0.0
   ],
   [
    -0.08484096991886816,
    0.15998350233575773,
    0.0
   ],
   [
    -0.045521484355217356,
    -0.13243209498168929,
    0.0
   ],
   [
    -0.08444733354655151,
    0.05569956129267223,
    0.0
   ],
   [
    -0.1319541674642002,
    -0.11261515720945195,
    0.0
   ],
   [
    -0.29130633532771233,
    0.05944764378029205,
    0.0
   ],
   [
    -0.2980492818210534,
    -0.02453435247908127,
    0.0
   ],
   [
    -0.09912344533892317,
    -0.05961844456402263,
    0.0
   ],
   [
    -0.25430035701203524,
    -0.024776950024398448,
    0.0
   ],
   [
    -0.13717706551914624,
    0.0809163978440684,
    0.0
   ],
   [
    -0.050517208134667646,
    -0.06465517660584011,
    0.0
   ],
   [
    -0.13328208014645726,
    0.11325004080186252,
    0.0
   ],
   [
    -0.042694974915502504,
    0.10770697810295177,
    0.0
   ]
  ],
  "positions": [
   [
    -0.7898309699310913,
    1.0392452150456688,
    0.6030183803739406
   ],
   [
    -0.001069245419583231,
    -1.3193911164447722,
    0.4588409638033408
   ],
   [
    1.367167756681474,
    -0.27607639027076325,
    0.4940039611533709
   ],
   [
    1.3956130347888833,
    0.4710205899719294,
    0.57599599282808
   ],
   [
    0.5876455820064955,
    1.1807728194843514,
    0.5553705145897706
   ],
   [
    1.3669106316074109,
    0.05313788688756808,
    0.5826661398949767
   ],
   [
    0.4129372444563718,
    1.4281328561488769,
    0.6296535349529899
   ],
   [
    -0.73318188422416,
    1.242883914570245,
    0.6474389208690994
   ],
   [
    0.8372820847374682,
    1.2007548342729537,
    0.6482181732803118
   ],
   [
    0.6491339412732086,
    1.3237656594400697,
    0.6065331817636919
   ],
   [
    1.36457710624447,
    0.04046706677586536,
    0.626587988232461
   ],
   [
    1.433965291840525,
    0.10611760830131144,
    0.5340961431227658
   ],
   [
    -0.6489158267202286,
    1.2548329037388364,
    0.49099715384852627
   ],
   [
    -1.3489390405906496,
    0.27901879218886644,
    0.5057735638917134
   ],
   [
    1.4471987882722845,
    -0.07442393137538379,
    0.6269814944312747
   ],
   [
    1.1223606444881395,
    -0.8137815308480625,
    0.517275273186403
   ],
   [
    -1.281550597507126,
    -0.41934801843962244,
    0.5394896635138542
   ],
   [
    -1.3896936220646923,
    0.14308757509782052,
    0.6163974188627024
   ],
   [
    0.2903265106872824,
    -1.454309328673872,
    0.5903213179508302
   ],
   [
    -1.4214990879454907,
    -0.2842071823459743,
    0.5575828944877165
   ],
   [
    0.35061362524448375,
    -1.303208854372956,
    0.4737684836949608
   ],
   [
    -1.041384324713268,
    -0.7831521861731224,
    0.5214487596059503
   ],
   [
    1.2945779603602496,
    0.2629775176220271,
    0.5280669477651017
   ],
   [
    0.4444954599504781,
    1.3149285125679058,
    0.4539109856082849
   ],
   [
    1.3476260324763794,
    0.3558421171349405,
    0.6002603081108502
   ]
  ]
 },
 "appearance_assets": {
  "floor_pbr": "Tiles001",
  "background_hdr": "spiaggia_di_mondello_4k.hdr"
 },
 "environment_strength": 0.4116292301871943
}