{
 "objects": [
  {
   "obj_subpath": "ladder/ladder_022/ladder_022.blend",
   "obj_location": [
    -0.07454885397915101,
    0.0894072736359065
   ],
   "obj_pose": [
    [
     -0.12654999135808265,
     0.9919602309000443,
     0.0
    ],
    [
     -0.9919602309000443,
     -0.12654999135808265,
     0.0
    ],
    [
     0.0,
     0.0,
     1.0
    ]
   ],
   "obj_scale": 0.6910265536405545,
   "obj_color": {
    "type": "random-mono",
    "color": [
     [
      0.6570586056082908,
      0.8851062468273747,
      0.8269439878856821
     ],
     [
      0.6262657771694442,
      0.8591844097483032,
      0.7997798320557763
     ]
    ],
    "randomness": 0.8848598407773658,
    "scale": 4.708637231585506,
    "specular": 0.6603530473820061,
    "roughness": 0.1534714429430867,
    "clever": false
   }
  }
 ],
 "camera": {
  "track_to_point": [
   [
    -0.19399783013888744,
    0.20467202417603478,
    0.0
   ],
   [
    -0.1516657103308166,
    0.08976281215490337,
    0.0
   ],
   [
    -0.0786074218745351,
    0.10597158512072455,
    0.0
   ],
   [
    -0.0739015337331321,
    0.18072739775449934,
    0.0
   ],
   [
    -0.15147502859346956,
    0.05520825907597375,
    0.0
   ],
   [
    -0.1457507797934124,
    0.07073087328234356,
    0.0
   ],
   [
    -0.053188558515611634,
    0.09474127790384132,
    0.0
   ],
   [
    0.033639026462643634,
    0.20943928331407294,
    0.0
   ],
   [
    -0.12174639263717281,
    -0.04335161566280557,
    0.0
   ],
   [
    -0.20760397582764084,
    0.05054809452577144,
    0.0
   ],
   [
    0.0014871610658039047,
    0.1904711850016129,
    0.0
   ],
   [
    -0.18433744158588902,
    0.23344857965081048,
    0.0
   ],
   [
    -0.0021868230919043774,
    -0.01939442022081761,
    0.0
   ],
   [
    -0.018801400657592837,
    0.03226749279438437,
    0.0
   ],
   [
    -0.0956292400250458,
    0.20215261253781028,
    0.0
   ],
   [
    0.02959710299604576,
    0.16860482465234172,
    0.0
   ],
   [
    0.03941683947899602,
    0.12002948145036985,
    0.0
   ],
   [
    -0.03425593632617299,
    0.1466303175600744,
    0.0
   ],
   [
    -0.1188185925993059,
    0.12856482260315819,
    0.0
   ],
   [
    -0.03913758479903395,
    0.1067274250923416,
    0.0
   ],
   [
    -0.029234857291566607,
    0.0810650985406999,
    0.0
   ],
   [
    -0.019602280754331042,
    0.07941598332927993,
    0.0
   ],
   [
    -0.057183810150146036,
    0.18685300446752634,
    0.0
   ],
   [
    -0.05952853452293222,
    0.14552570758049427,
    0.0
   ],
   [
    -0.05947056287873581,
    -0.020308707602863435,
    0.0
   ]
  ],
  "positions": [
   [
    1.0012487821115932,
    0.9602545292784446,
    0.5430083904425342
   ],
   [
    -0.4345310364204395,
    -1.3503852844366435,
    0.4924173227906848
   ],
   [
    -0.2865461730225465,
    1.3918486703328588,
    0.5566539255338332
   ],
   [
    -0.7991801312428155,
    1.0986105542783733,
    0.5407875556552021
   ],
   [
    -1.3895416704466175,
    0.05527666091516761,
    0.5679184396684489
   ],
   [
    -0.6800057228900107,
    1.2894176288991914,
    0.5172642940831658
   ],
   [
    0.21854704506263462,
    1.39165814179025,
    0.5679462238316295
   ],
   [
    0.009040563373388195,
    1.4642496205197626,
    0.4803455672495606
   ],
   [
    0.5567621466840501,
    -1.3264695803738762,
    0.5718833158372169
   ],
   [
    -0.02946780354819207,
    1.4642375244931918,
    0.5461499794690121
   ],
   [
    -0.49350376305072546,
    -1.3028038365374879,
    0.5059175007622752
   ],
   [
    -1.3494965899935891,
    -0.610489335327873,
    0.45702818442773835
   ],
   [
    1.038142328897415,
    0.8566360626329784,
    0.5518776678379802
   ],
   [
    -1.2823559182430788,
    0.41440590720668197,
    0.49785414313626797
   ],
   [
    -0.21417513836532226,
    -1.335064390854305,
    0.4735804719190781
   ],
   [
    1.279090499663305,
    0.3579592520085144,
    0.4978327956639697
   ],
   [
    -0.21016126519522454,
    1.4087932841050115,
    0.6316555384785882
   ],
   [
    -1.4676933328461665,
    0.14659868718478572,
    0.6123668757563819
   ],
   [
    -1.0514920441811504,
    1.0561563807288343,
    0.6489770488414274
   ],
   [
    -0.878717662973311,
    1.1525793423897237,
    0.603221664844894
   ],
   [
    -0.5008249822662273,
    -1.2900090493885783,
    0.6194860195467409
   ],
   [
    -0.13443609400458992,
    -1.3142127409311424,
    0.5263834405334196
   ],
   [
    -1.2900950525048367,
    0.18280457386461746,
    0.6192535693248075
   ],
   [
    1.265782979178591,
    0.7488379263820039,
    0.6370514990468716
   ],
   [
    -0.2659975655015969,
    -1.366555780975375,
    0.5263438012528221
   ]
  ]
 },
 "appearance_assets": {
  "floor_pbr": "Planks011",
  "background_hdr": "moonlit_golf_4k.hdr"
 },
 "environment_strength": 0.7272392426791894
}